#                 weight             minuslogpost                 omegabh2                 omegach2                       H0                     logA                       ns                      tau                      mnu                       As            minuslogprior         minuslogprior__0                     chi2 chi2__sbt_spt_audit.likelihoods.candl_cobaya.CandlCobayaLikelihood chi2__sbt_spt_audit.likelihoods.desi_dr2_bao.DESIDR2BAOGaussian
                       1       701.33222218745675     0.022278686014559585      0.11618193208858105       68.573424043093368       3.0325180403525827      0.96246305131055698     0.046955246059664571     0.077052255987921717   2.0749414727028652e-09       2.1045919762829826       2.1045919762829826       1398.4552604223475                                                  1388.160463202393                                              10.294797219954559
                       1       702.70432025129901     0.022278686014559585      0.11618193208858105       68.573424043093368        3.016485662872427      0.97591274892494806     0.046955246059664571     0.077052255987921717   2.0419404768450733e-09       2.1045919762829826       2.1045919762829826        1401.199456550032                                                 1390.9046593300775                                              10.294797219954559
                       1       701.92572292232273     0.022202856149820413      0.11671477493571936       68.475819755098769       3.0175222962377504      0.97762997798182083     0.047503120115042152     0.065602545276616672   2.0440583179961211e-09       2.1045919762829826       2.1045919762829826       1399.6422618920794                                                 1389.3252686611356                                              10.316993230943742
                       5       702.21329789109336     0.022368582373970065      0.11726006490352954       68.487108830304052       3.0171385455044666      0.97073309459714774     0.044750416401265009     0.060336742101882966   2.0432740596072054e-09       2.1045919762829826       2.1045919762829826       1400.2174118296207                                                 1389.5627262143687                                              10.654685615252035
                       2       702.21176119295558     0.022263110130827924      0.11738892411159216       68.109158725268728       3.0254161795075682      0.97389969987947511     0.049839549815006476     0.087635809057360431   2.0602577297679267e-09       2.1045919762829826       2.1045919762829826       1400.2143384333451                                                 1387.8943203623219                                              12.320018071023132
                       7        700.3436326588552     0.022263110130827924      0.11738892411159216       68.109158725268728       3.0405346768295081      0.96246238342922719     0.049839549815006476     0.087635809057360431   2.0916423772986712e-09       2.1045919762829826       2.1045919762829826       1396.4780813651444                                                 1384.1580632941211                                              12.320018071023132
                       4       700.71376075351486     0.022263110130827924      0.11738892411159216       68.109158725268728        3.029290950550116       0.9747406527428415     0.049839549815006476     0.087635809057360431   2.0682562429556874e-09       2.1045919762829826       2.1045919762829826       1397.2183375544637                                                 1384.8983194834404                                              12.320018071023132
                       3       700.42619659937225     0.022263298571637811      0.11772091160560208       68.013693093953336       3.0338597032233765      0.97254803098525666     0.051494197422654583     0.074202055496936273   2.0777272129801351e-09       2.1045919762829826       2.1045919762829826       1396.6432092461785                                                 1383.0235757645137                                              13.619633481664682
                       1       700.13739872343046     0.022263298571637811      0.11772091160560208       68.013693093953336       3.0400612952384525      0.96752064845441532     0.051494197422654583     0.074202055496936273   2.0906524666234169e-09       2.1045919762829826       2.1045919762829826       1396.0656134942949                                                 1382.4459800126301                                              13.619633481664682
                       3        700.4503940808637     0.022230212171744548      0.11749602172414501       67.979733348384556       3.0391525905170376      0.96920892011119142     0.051729667370403236     0.082951703577723176   2.0887535437669101e-09       2.1045919762829826       2.1045919762829826       1396.6916042091614                                                 1383.2164109899531                                              13.475193219208265
                       1       700.68362863307038     0.022230212171744548      0.11749602172414501       67.979733348384556       3.0350395507703873      0.97290469930446388     0.051729667370403236     0.082951703577723176   2.0801800610445744e-09       2.1045919762829826       2.1045919762829826       1397.1580733135747                                                 1383.6828800943665                                              13.475193219208265
                       1       699.02404002235005     0.022378611350418152      0.11810451896705797       68.505928063226321       3.0584375644156583      0.96536431474412132     0.060912861527516474     0.013006420962798873   2.1294260246706259e-09       2.1045919762829826       2.1045919762829826       1393.8388960921341                                                   1382.68992879091                                              11.148967301224019
                       6        698.7004021846999     0.022381102694528962      0.11813122466824529        68.54030713702835        3.056436145904609      0.96532137049486477      0.05984552017801565    0.0091204132303190806   2.1251684140585031e-09       2.1045919762829826       2.1045919762829826       1393.1916204168338                                                  1382.175773398417                                              11.015847018416656
                       9       700.06325407741235     0.022381102694528962      0.11813122466824529        68.54030713702835        3.071747511842231      0.94784004428529478      0.05984552017801565    0.0091204132303190806   2.1579580316505206e-09       2.1045919762829826       2.1045919762829826       1395.9173242022587                                                  1384.901477183842                                              11.015847018416656
                       2       700.82687206251728     0.022311320658867997      0.11826366817256503       68.502858823056073       3.0771875561373441      0.95002953120244482     0.063131025630236037    0.0043812593168583887   2.1697294083046579e-09       2.1045919762829826       2.1045919762829826       1397.4445601724685                                                 1386.4191554694589                                              11.025404703009624
                       9       700.79580867531183     0.022311320658867997      0.11826366817256503       68.502858823056073         3.07460359286583      0.95743643469375939     0.063131025630236037    0.0043812593168583887   2.1641301444659889e-09       2.1045919762829826       2.1045919762829826       1397.3824333980576                                                  1386.357028695048                                              11.025404703009624
                       9       700.10235132965749     0.022311320658867997      0.11826366817256503       68.502858823056073       3.0565885137445492       0.9692764061709942     0.063131025630236037    0.0043812593168583887   2.1254922460494265e-09       2.1045919762829826       2.1045919762829826        1395.995518706749                                                 1384.9701140037394                                              11.025404703009624
                       3       700.09492696951213     0.022311320658867997      0.11826366817256503       68.502858823056073        3.074988866548539      0.95238684574905308     0.063131025630236037    0.0043812593168583887   2.1649640874944444e-09       2.1045919762829826       2.1045919762829826       1395.9806699864582                                                 1384.9552652834486                                              11.025404703009624
                       5       699.55200706129915     0.022334295439577413      0.11837642186242575       68.238958859184052       3.0635681276703219      0.95098640624218667     0.056937313291108557     0.025452087294128942   2.1403792536769379e-09       2.1045919762829826       2.1045919762829826       1394.8948301700323                                                 1381.9895873767002                                              12.905242793332077
                       1       701.42194029698135     0.022236320968080411      0.11862606280011585        68.09657935470176       3.0768173417564482      0.95324933793521383     0.064219516277884803     0.021315703440456392   2.1689262919468363e-09       2.1045919762829826       2.1045919762829826       1398.6346966413967                                                 1384.7274077073805                                              13.907288934016176
                       1       701.72873527009767     0.022024545004159062      0.11778495209780279       68.121061977280789       3.0671938058640049      0.96338319888458757     0.062956141976136526     0.035919293302678922   2.1481536653039884e-09       2.1045919762829826       2.1045919762829826       1399.2482865876293                                                 1387.5362993249364                                              11.711987262692928
                       6       701.36335945480869     0.021982261441305863      0.11819391818462256       68.185429064990501       3.0649443055898145      0.96353987030761867     0.061601471598946494    0.0071777341067179382   2.1433268240706424e-09       2.1045919762829826       2.1045919762829826       1398.5175349570513                                                 1387.0015553574665                                              11.515979599584933
                       3       702.58773030987311     0.021982261441305863      0.11819391818462256       68.185429064990501       3.0571437262399774      0.96741608209435648     0.061601471598946494    0.0071777341067179382   2.1266726735670995e-09       2.1045919762829826       2.1045919762829826       1400.9662766671802                                                 1389.4502970675953                                              11.515979599584933
                       1        703.1274494942769     0.021980038005405326      0.11734460969305333        68.01189165072239       3.0349672046929226      0.97035117525340442     0.051834920159744925     0.059273744814184806   2.0800295736203907e-09       2.1045919762829826       2.1045919762829826       1402.0457150359878                                                 1390.1803663498865                                              11.865348686101216
                       2        702.6903677432648     0.022015864579326808      0.11711530121104304       68.118791627173096        3.036644205622673      0.97125978796976342     0.052816686976306614     0.074083494212506845   2.0835207116519363e-09       2.1045919762829826       2.1045919762829826       1401.1715515339636                                                 1390.0577581637697                                              11.113793370193804
                       3       700.98781822477952     0.022015864579326808      0.11711530121104304       68.118791627173096       3.0409875038260448      0.97306014028006727     0.052816686976306614     0.074083494212506845   2.0925897439146134e-09       2.1045919762829826       2.1045919762829826        1397.766452496993                                                 1386.6526591267991                                              11.113793370193804
                       2       700.50573162426554     0.022015864579326808      0.11711530121104304       68.118791627173096       3.0375313972416347      0.97555038912763381     0.052816686976306614     0.074083494212506845   2.0853700139867128e-09       2.1045919762829826       2.1045919762829826        1396.802279295965                                                 1385.6884859257711                                              11.113793370193804
                       2       700.83865296945669     0.022089881108261121       0.1166899563857895        68.01970042702284       3.0442613603649953      0.97347931400833254     0.056035865269068723      0.10293624310463732   2.0994518091105304e-09       2.1045919762829826       2.1045919762829826       1397.4681219863473                                                 1385.8312959856617                                              11.636826000685769
                       2       700.24041313412658     0.022143620369328869      0.11745845265680724       67.972747248205138       3.0529015234092611      0.96878961000666253     0.058553417787191774     0.077740450823043136   2.1176700058038311e-09       2.1045919762829826       2.1045919762829826       1396.2716423156871                                                 1383.2741425353793                                              12.997499780307834
                       2       700.15830866177816     0.022153779137957855      0.11745333926914736       67.984480259716719        3.053105889738764      0.96851327084511118     0.058563604148293397     0.078149704580577059   2.1181028304759038e-09       2.1045919762829826       2.1045919762829826       1396.1074333709903                                                 1383.1663088653181                                              12.941124505672184
                       8       698.57728350982006     0.022239144040000144      0.11779485570878888       68.207732099583993       3.0485207592044046      0.96519402780359032       0.0548665966174346     0.052317833598586799   2.1084132834076527e-09       2.1045919762829826       2.1045919762829826       1392.9453830670741                                                 1380.9659080960428                                              11.979474971031348
                       1        698.7453177616328      0.02243023793963873      0.11780816995764805       68.550541096352831       3.0430001771693354      0.95940776331262556     0.050125673072652484     0.037955259602565711   2.0968056847433151e-09       2.1045919762829826       2.1045919762829826       1393.2814515706996                                                 1382.4551029023517                                               10.82634866834802
                       3       699.45893048877156      0.02243023793963873      0.11780816995764805       68.550541096352831       3.0392883740849435      0.96463675078433164     0.050125673072652484     0.037955259602565711     2.08903718143179e-09       2.1045919762829826       2.1045919762829826       1394.7086770249771                                                 1383.8823283566292                                               10.82634866834802
                       3       699.45879007132203     0.022429979192886914      0.11780792847234742       68.550602751413663       3.0392743880221915      0.96464810937501932     0.050121890902595709      0.03794894584067332   2.0890079642309966e-09       2.1045919762829826       2.1045919762829826        1394.708396190078                                                 1383.8831300938889                                              10.825266096189155
                       3       699.80970448858625     0.022514735717799814      0.11771932836382706       68.506099226394483       3.0423941191319734      0.96075270165533511     0.050821261312880707     0.043051712982726614   2.0955352838125235e-09       2.1045919762829826       2.1045919762829826       1395.4102250246065                                                 1384.1020479600131                                              11.308177064593327
                       3       700.02761890845852     0.022443988080063385      0.11783258036980138       68.459016079535417       3.0322412459494803      0.96250922698305263     0.046228121128213999      0.03204893718069108     2.07436721999509e-09       2.1045919762829826       2.1045919762829826        1395.846053864351                                                 1384.4049871459645                                              11.441066718386564
                       1       699.85212851465917     0.022443988080063385      0.11783258036980138       68.459016079535417       3.0307081804934999      0.96338263014618386     0.046228121128213999      0.03204893718069108   2.0711895157038138e-09       2.1045919762829826       2.1045919762829826       1395.4950730767523                                                 1384.0540063583658                                              11.441066718386564
                       4       699.85566180342266     0.022478939811354407      0.11805841111801048       68.380156922107233       3.0393777585263324      0.96071655384518895     0.049797580315400686     0.028832776656501254    2.089223917198805e-09       2.1045919762829826       2.1045919762829826       1395.5021396542793                                                 1383.1617560038053                                              12.340383650474051
                       3       699.86948998963476     0.022480025711365571      0.11805801346788705       68.380125873346799       3.0393616462520008      0.96067946016753392     0.049778618293916013     0.028936207058331588   2.0891902553210961e-09       2.1045919762829826       2.1045919762829826       1395.5297960267035                                                 1383.1842327870536                                              12.345563239649943
                       1       700.75115968676391     0.022550488689507996      0.11841234715523044       68.237660684895388       3.0456590877375973      0.95838211563757136     0.051785462282664833     0.048120779511939882   2.1023883221158124e-09       2.1045919762829826       2.1045919762829826       1397.2931354209618                                                 1383.1308410547829                                              14.162294366178836
                       4       701.22157541317324     0.022550488689507996      0.11841234715523044       68.237660684895388        3.057537465701333      0.94688535710466626     0.051785462282664833     0.048120779511939882   2.1275101933915514e-09       2.1045919762829826       2.1045919762829826       1398.2339668737804                                                 1384.0716725076015                                              14.162294366178836
                       2       701.11446815519719     0.022545428407305761      0.11830027629231069       68.245929846515125       3.0584696922616983      0.94724719873260388      0.05247121575594077     0.050246860486421283   2.1294944396411068e-09       2.1045919762829826       2.1045919762829826       1398.0197523578283                                                 1384.0983091080843                                              13.921443249744089
                       6       702.72505547907338     0.022545428407305761      0.11830027629231069       68.245929846515125       3.0545055776187016      0.95420365407837526      0.05247121575594077     0.050246860486421283   2.1210695891198865e-09       2.1045919762829826       2.1045919762829826       1401.2409270055807                                                 1387.3194837558367                                              13.921443249744089
                       5       702.57578131864432     0.022545428407305761      0.11830027629231069       68.245929846515125       3.0523667755484509      0.95615869512431062      0.05247121575594077     0.050246860486421283   2.1165378890238166e-09       2.1045919762829826       2.1045919762829826       1400.9423786847226                                                 1387.0209354349786                                              13.921443249744089
                       2       701.11874308142967     0.022545428407305761      0.11830027629231069       68.245929846515125       3.0513199892538143      0.94946982159692006      0.05247121575594077     0.050246860486421283   2.1143234853754076e-09       2.1045919762829826       2.1045919762829826       1398.0283022102933                                                 1384.1068589605493                                              13.921443249744089
                       1       701.15411059937628     0.022544959549229707      0.11831051548429661       68.237965955450917       3.0512564574479533      0.94943740372827368     0.052426372656998232     0.050466183097828313   2.1141891628531284e-09       2.1045919762829826       2.1045919762829826       1398.0990372461865                                                 1384.0871384921911                                              14.011898753995329
                       6       700.87399283146033     0.022390885092680151      0.11807586823469389       68.138043457505319       3.0386119353029635      0.95638024479109274     0.048140156426038007     0.063516015925829922   2.0876245534972957e-09       2.1045919762829826       2.1045919762829826       1397.5388017103546                                                 1383.9516283813603                                              13.587173328994366
                       2       700.92236585290664      0.02238434290775481      0.11798122708487163       68.128976506061491       3.0379850247518334       0.9567577627223891     0.048030033772003752     0.066503545829107766   2.0863162097879983e-09       2.1045919762829826       2.1045919762829826       1397.6355477532472                                                  1384.100774892594                                              13.534772860653323
                       7       699.94800203953287      0.02238434290775481      0.11798122708487163       68.128976506061491        3.036363656283803       0.9619487815893456     0.048030033772003752     0.066503545829107766   2.0829362632808958e-09       2.1045919762829826       2.1045919762829826       1395.6868201264997                                                 1382.1520472658465                                              13.534772860653323
                       7       699.58689032538621     0.022205734456863416      0.11675777009343533       68.280207097233273       3.0410768430502482      0.97196364938846835     0.054239351221020998     0.087926242532277488    2.092776702610159e-09       2.1045919762829826       2.1045919762829826       1394.9645966982064                                                 1384.2037775848412                                              10.760819113365114
                       1       699.75266753317601       0.0220402754555039      0.11688623984021859        68.63461352030069       3.0330337145121891      0.97523015268046687     0.051476069822865088    0.0092569264090170689    2.076011742334513e-09       2.1045919762829826       2.1045919762829826        1395.296151113786                                                 1384.8913254486718                                              10.404825665114176
                       2       699.25987280610514     0.022053187391420665      0.11736756082784636       68.554162082883309       3.0270486352267305      0.97365616834051372     0.047592703488405448   0.00082929867381683828   2.0636237559786906e-09       2.1045919762829826       2.1045919762829826       1394.3105616596442                                                  1384.018525572242                                              10.292036087402302
                       3       699.48231652596883     0.022051638682020116      0.11732690608012858        68.54256547839438       3.0264359203364828      0.97375496037095677     0.047357332377021846    0.0028028423234848572   2.0623597302587687e-09       2.1045919762829826       2.1045919762829826       1394.7554490993716                                                 1384.4606423722696                                               10.29480672710198
                       1       699.49849428417838     0.022057034187409893      0.11729381375923519       68.553960358666927       3.0263901210757043      0.97363809145075042     0.047326577555300411    0.0031240853864980328   2.0622652778706049e-09       2.1045919762829826       2.1045919762829826       1394.7878046157907                                                 1384.4949193698837                                              10.292885245906911
                       1       701.12956106051013     0.022080556944035545      0.11607106425524356       68.246619779412953        3.044544223503646      0.97760027798187399     0.058319099356604398      0.10299213755509382   2.1000457506368231e-09       2.1045919762829826       2.1045919762829826       1398.0499381684542                                                 1387.6388651168843                                              10.411073051569968
                       1       701.08840113468273     0.022080556944035545      0.11607106425524356       68.246619779412953       3.0454245228697907      0.97633297328499635     0.058319099356604398      0.10299213755509382   2.1018952335098498e-09       2.1045919762829826       2.1045919762829826       1397.9676183167994                                                 1387.5565452652295                                              10.411073051569968
                       1        701.1248445800029     0.022119074301572516      0.11607932218877465       68.276652491649344       3.0386273226940008      0.97610563643390524     0.054589712320210461      0.11173559540606617   2.0876566768397861e-09       2.1045919762829826       2.1045919762829826       1398.0405052074398                                                 1387.6580504259045                                              10.382454781535175
                       8       701.88326874037318     0.022119074301572516      0.11607932218877465       68.276652491649344       3.0445112976388522      0.97195887847828677     0.054589712320210461      0.11173559540606617   2.0999766059527074e-09       2.1045919762829826       2.1045919762829826       1399.5573535281803                                                 1389.1748987466451                                              10.382454781535175
                       1       702.43903592000402     0.022093614976932657      0.11656837653816221       68.112231855852542       3.0432840424264866      0.97218736060543831     0.053553655286867827       0.1143350945352108   2.0974009795159658e-09       2.1045919762829826       2.1045919762829826        1400.668887887442                                                 1389.6915049936576                                               10.97738289378445
                       1       702.79831565950963     0.022090957634563924      0.11643979755240498       68.113220374707836       3.0431529611685337      0.97277953459068167     0.053732216941969349      0.12035405229029064   2.0971260675754342e-09       2.1045919762829826       2.1045919762829826       1401.3874473664532                                                 1390.4954702971822                                              10.891977069271089
                       4       703.76139515240584     0.021977221417190336      0.11640817112341038       68.156408629440335        3.041873112838942      0.97710612421024479      0.05435908056419464      0.10966814178935819   2.0944437811069674e-09       2.1045919762829826       2.1045919762829826       1403.3136063522456                                                  1392.800454604612                                              10.513151747633533
                       2       704.08448204617935     0.021977221417190336      0.11640817112341038       68.156408629440335       3.0428019171023326      0.97672126994374298      0.05435908056419464      0.10966814178935819   2.0963900131146703e-09       2.1045919762829826       2.1045919762829826       1403.9597801397927                                                  1393.446628392159                                              10.513151747633533
                       3       702.92836996077222     0.022064677667526282       0.1169107922493629       68.165288200018637       3.0379788779104064      0.97227004488174529     0.050215831002658466     0.095187094921602211   2.0863033855725043e-09       2.1045919762829826       2.1045919762829826       1401.6475559689784                                                 1390.7933541873056                                              10.854201781672909
                       2       702.59257655247836     0.022112681484202278      0.11625868610128083       68.322302584199491       3.0337981936502745      0.97157434811881582     0.048529308756429239     0.099353411283800236   2.0775994167966267e-09       2.1045919762829826       2.1045919762829826       1400.9759691523907                                                 1390.6322167566002                                              10.343752395790597
                       2       702.64010610189189     0.022093850641849603      0.11625749567137815        68.38815212358945       3.0329308396617667      0.97229329821689547     0.048294099633806112     0.091064902302676276   2.0757981839221285e-09       2.1045919762829826       2.1045919762829826       1401.0710282512177                                                 1390.7865784459475                                              10.284449805270164
                       4       702.46819435928865     0.022464716326709752      0.11629930476417603       68.363544877641189       3.0519147995695395      0.95913628311713384     0.053891664392206849      0.12596726952049858   2.1155814808925542e-09       2.1045919762829826       2.1045919762829826       1400.7272047660113                                                 1389.9073870923703                                               10.81981767364088
                       1       702.47349089969555     0.022472657477773845       0.1162294091041027       68.388342733201696       3.0515386596483451      0.95897321690117054     0.053718243625568533      0.12588267208213308   2.1147858758798346e-09       2.1045919762829826       2.1045919762829826       1400.7377978468251                                                 1390.0139176685063                                              10.723880178318804
                       2       701.68086481268631     0.022495746067923005      0.11690072092465155       68.287053793334934       3.0509707053388606      0.95542399972111558     0.052048785728133762      0.10412183799162751   2.1135851151488853e-09       2.1045919762829826       2.1045919762829826       1399.1525456728066                                                  1387.384379946438                                              11.768165726368659
                       1       703.20688699207324     0.022495746067923005      0.11690072092465155       68.287053793334934       3.0424448788832232      0.96607322367098469     0.052048785728133762      0.10412183799162751   2.0956416553619383e-09       2.1045919762829826       2.1045919762829826       1402.2045900315804                                                 1390.4364243052119                                              11.768165726368659
                       2       703.20890367441905      0.02249513858341546      0.11689748826856369        68.28886167089189       3.0421504057777549      0.96610611226531862     0.051911898792145625      0.10396752367424504   2.0950246361079817e-09       2.1045919762829826       2.1045919762829826       1402.2086233962721                                                 1390.4562398239852                                              11.752383572286812
                       1       703.36039858434015     0.022502415343558419      0.11693695834939015       68.267769543063707       3.0419110913824663      0.96579565190796779     0.051659437655341992       0.1057429875205675   2.0945233265417676e-09       2.1045919762829826       2.1045919762829826       1402.5116132161143                                                  1390.567786357346                                              11.943826858768363
                       3       702.65271249188834     0.022401881350321756      0.11798319119281962       68.101129597754664       3.0417009760756466      0.96642783976079238     0.050981969147373789     0.074433470147372421    2.094083281362103e-09       2.1045919762829826       2.1045919762829826       1401.0962410312106                                                 1387.2486297806565                                              13.847611250554097
                       1       702.93709595765461     0.022380754734921373      0.11800501252550578       68.017556764687072       3.0414983339458868      0.96703103107238675     0.051065127673813521     0.080140884442724727   2.0936589748587122e-09       2.1045919762829826       2.1045919762829826       1401.6650079627432                                                 1387.0773585654538                                              14.587649397289285
                       7       702.84152731458403      0.02238268366686845      0.11773500575305854       68.055097427060772       3.0431352561259706      0.96784353767278375      0.05230577968743455      0.08840217951031798   2.0970889381978366e-09       2.1045919762829826       2.1045919762829826        1401.473870676602                                                 1387.6329278057347                                              13.840942870867472
                       1        702.9634185215167     0.022125107885056901      0.11670064342356784        68.15936608540936       3.0328807712605563      0.97945172403912628      0.05143574075691381     0.091946431368566811    2.075694254627633e-09       2.1045919762829826       2.1045919762829826       1401.7176530904674                                                 1390.6891163042105                                              11.028536786256815
                       2       703.12317525340291     0.022125107885056901      0.11670064342356784        68.15936608540936       3.0473317412306131      0.95953576082271186      0.05143574075691381     0.091946431368566811    2.105907831926099e-09       2.1045919762829826       2.1045919762829826       1402.0371665542398                                                 1391.0086297679829                                              11.028536786256815
                       5       702.60839299755833     0.022189026130127146      0.11625922263070135       68.480747411956827       3.0613265083700187      0.95831919154933753     0.058473762961437484     0.080781048435675393   2.1355867117659691e-09       2.1045919762829826       2.1045919762829826       1401.0076020425506                                                 1390.7278771705396                                              10.279724872010902
                       1       703.55641138722729     0.022189026130127146      0.11625922263070135       68.480747411956827       3.0545877437106572       0.9715913541558332     0.058473762961437484     0.080781048435675393   2.1212438762789399e-09       2.1045919762829826       2.1045919762829826       1402.9036388218885                                                 1392.6239139498775                                              10.279724872010902
                       2       702.14136160658165     0.022189026130127146      0.11625922263070135       68.480747411956827        3.046696695884084      0.97791430188140671     0.058473762961437484     0.080781048435675393   2.1045709095053258e-09       2.1045919762829826       2.1045919762829826       1400.0735392605973                                                 1389.7938143885863                                              10.279724872010902
                       2        704.0072314171307     0.022197810884718422      0.11544747176220407       68.518233140116109       3.0520344706251383      0.97991864172114929      0.06235183218659128      0.11103164380580215   2.1158346699109743e-09       2.1045919762829826       2.1045919762829826       1403.8052788816954                                                 1393.4040714490036                                              10.401207432691782
                       2       704.13636300535791     0.022228633798258617      0.11544549848527785       68.642251419836313       3.0534028803755882      0.97921798890828993     0.062752054539358199       0.1039390349877793   2.1187319806056103e-09       2.1045919762829826       2.1045919762829826       1404.0635420581498                                                 1393.3907126584163                                              10.672829399733383
                       2        703.1497488058269     0.022124241921383288       0.1164696497338026        68.39075649275253       3.0514972107892246      0.98064692338971637     0.061362530077024864     0.087549901774639088   2.1146982222345797e-09       2.1045919762829826       2.1045919762829826       1402.0903136590878                                                 1391.7849981827412                                              10.305315476346518
                       3       701.26848254460015     0.022124241921383288       0.1164696497338026        68.39075649275253       3.0509565101017238      0.97524293431280895     0.061362530077024864     0.087549901774639088   2.1135551125199146e-09       2.1045919762829826       2.1045919762829826       1398.3277811366343                                                 1388.0224656602877                                              10.305315476346518
                       3       700.78529183240914     0.022256632444567732      0.11578382204013121       68.664857534758468       3.0482582788819399      0.97069801812341205     0.059477115049154615     0.078512858850401102    2.107859939033317e-09       2.1045919762829826       2.1045919762829826       1397.3613997122523                                                 1386.8465598629864                                               10.51483984926592
                       4        699.6863615177142     0.022258945368362343      0.11628970983178233       68.685118112009505       3.0470357423003747      0.96905450563313034     0.058024150298116646     0.054888898918786969   2.1052845777065099e-09       2.1045919762829826       2.1045919762829826       1395.1635390828624                                                 1384.7506086275475                                              10.412930455314916
                       3       702.00020857629283     0.022113332683968583       0.1155088156164311       68.602596638965309       3.0343028640902152      0.97620140040549164     0.054354376528041974     0.078875121574778786   2.0786481844270738e-09       2.1045919762829826       2.1045919762829826       1399.7912332000196                                                 1389.1142531352707                                              10.676980064748905
                       3       702.32333814221249     0.022044391830493199      0.11720083341021437       67.966740473507997       3.0194196855152331      0.97523571947726273     0.045093063299015974     0.084513844517041331   2.0479403740523595e-09       2.1045919762829826       2.1045919762829826       1400.4374923318589                                                 1388.2123919948181                                              12.225100337040791
                       3        701.8846669208765     0.022442978320533213       0.1172520607001962       68.202895068224109       3.0396696693602814      0.95821655714740539     0.050706966487227341     0.066962625135630713   2.0898338733168488e-09       2.1045919762829826       2.1045919762829826        1399.560149889187                                                 1386.7439436678517                                              12.816206221335213
                       2       701.90046039159529     0.022400597690771684      0.11745837779717044       68.097385577675254       3.0430372842067865      0.95892749315982262     0.052513589161419322     0.065619123085003797   2.0968834924339843e-09       2.1045919762829826       2.1045919762829826       1399.5917368306245                                                 1385.8575718045333                                              13.734165026091176
                       3        701.9302289211505     0.022400597690771684      0.11745837779717044       68.097385577675254       3.0428867695710076      0.95899599097964228     0.052513589161419322     0.065619123085003797   2.0965679045297445e-09       2.1045919762829826       2.1045919762829826        1399.651273889735                                                 1385.9171088636438                                              13.734165026091176
                       1       702.08963286003109     0.022400597690771684      0.11745837779717044       68.097385577675254       3.0458991844995751      0.95576775889650434     0.052513589161419322     0.065619123085003797   2.1028931593468391e-09       2.1045919762829826       2.1045919762829826       1399.9700817674961                                                 1386.2359167414049                                              13.734165026091176
                       6       700.56438519046537     0.022351591305590585      0.11745558601427213       68.362731312625939       3.0362500711900497      0.95790654607034509     0.048195056482207434     0.034826669791165193   2.0826996862062183e-09       2.1045919762829826       2.1045919762829826       1396.9195864283647                                                 1385.4119815970621                                              11.507604831302661
                       3       700.62801010269777     0.021975502639934075      0.11779121126042866        68.32461860333315       3.0501647788456694         0.97322883666186     0.058974993579570326      0.02607558460031565   2.1118824071298848e-09       2.1045919762829826       2.1045919762829826       1397.0468362528295                                                 1386.4773326682878                                              10.569503584541781
                       5        700.7537240125273     0.021975502639934075      0.11779121126042866        68.32461860333315       3.0436739419571102      0.97950458875463475     0.058974993579570326      0.02607558460031565   2.0982189146193026e-09       2.1045919762829826       2.1045919762829826       1397.2982640724886                                                 1386.7287604879468                                              10.569503584541781
                       1       700.27848008177307     0.021975502639934075      0.11779121126042866        68.32461860333315       3.0503842510098917      0.97395972211791693     0.058974993579570326      0.02607558460031565   2.1123459573986905e-09       2.1045919762829826       2.1045919762829826       1396.3477762109801                                                 1385.7782726264384                                              10.569503584541781
                       2       698.00828817591866     0.022172643999412243      0.11801604847432551         68.3378622879696        3.047862326733731      0.96455865099859572     0.055075648074712477     0.014227010079736514   2.1070254925736694e-09       2.1045919762829826       2.1045919762829826       1391.8073923992713                                                 1380.5549008318239                                              11.252491567447343
                       2       697.81285359185301     0.022172643999412243      0.11801604847432551         68.3378622879696        3.046925841489541       0.9667452262571038     0.055075648074712477     0.014227010079736514   2.1050532179379303e-09       2.1045919762829826       2.1045919762829826         1391.41652323114                                                 1380.1640316636926                                              11.252491567447343
                       6       697.88789163532113     0.022172643999412243      0.11801604847432551         68.3378622879696       3.0475926072140691      0.96529223857562707     0.055075648074712477     0.014227010079736514   2.1064572633046047e-09       2.1045919762829826       2.1045919762829826       1391.5665993180762                                                 1380.3141077506289                                              11.252491567447343
                      13       697.93572908297404     0.022189524672059854       0.1178587849140758       68.354137459615814       3.0485437358609642      0.96526370672431394     0.055636622664197034      0.02139983495743145   2.1084617282520996e-09       2.1045919762829826       2.1045919762829826        1391.662274213382                                                 1380.5460892800902                                               11.11618493329186
                       1       698.12855141549369     0.022189524672059854       0.1178587849140758       68.354137459615814       3.0487967542857568       0.9670856992785738     0.055636622664197034      0.02139983495743145   2.1089952754131025e-09       2.1045919762829826       2.1045919762829826       1392.0479188784213                                                 1380.9317339451295                                               11.11618493329186
                       2       698.11233060791517     0.022173139734347237      0.11736510086023642       68.637082858785334       3.0488616749536823      0.96838511917912629     0.056532792251207303    0.0029333015967257861   2.1091321972395138e-09       2.1045919762829826       2.1045919762829826       1392.0154772632643                                                 1381.7124701714667                                              10.303007091797584
                       4        699.0645561419775     0.022132391351690948      0.11736149308636215       68.530465991411347       3.0336002051626441      0.96945199751104016     0.049237541719345301    0.0047315967410003004   2.0771881167478743e-09       2.1045919762829826       2.1045919762829826        1393.919928331389                                                 1383.5503731119509                                              10.369555219438002
                       7       700.77619597815396     0.022124706118772351      0.11639243665973084       68.896528216302841        3.029991322882267      0.97252365711158717     0.049009565625375597    0.0029211659329112872   2.0697052997844748e-09       2.1045919762829826       2.1045919762829826       1397.3432080037419                                                 1386.0240439424917                                              11.319164061250152
                       2       703.13605789064832     0.022124706118772351      0.11639243665973084       68.896528216302841       3.0204417751519719      0.98379984863453629     0.049009565625375597    0.0029211659329112872   2.0500346227579704e-09       2.1045919762829826       2.1045919762829826       1402.0629318287306                                                 1390.7437677674804                                              11.319164061250152
                       1       702.89607369141004     0.022296799609124549      0.11632225606062763       69.149086613936092       3.0203687340269063      0.97898536159707705     0.047360857240633901    0.0018539356375644007   2.0498848913910411e-09       2.1045919762829826       2.1045919762829826        1401.582963430254                                                 1389.2583774352934                                              12.324585994960575
                       3       701.84758072603677     0.022296799609124549      0.11632225606062763       69.149086613936092       3.0184621733962431      0.97816244595115642     0.047360857240633901    0.0018539356375644007   2.0459803848316993e-09       2.1045919762829826       2.1045919762829826       1399.4859774995075                                                 1387.1613915045468                                              12.324585994960575
                       1       701.27345066380281     0.022296799609124549      0.11632225606062763       69.149086613936092       3.0207918024973961      0.97588244648986955     0.047360857240633901    0.0018539356375644007   2.0507523165338983e-09       2.1045919762829826       2.1045919762829826       1398.3377173750396                                                 1386.0131313800789                                              12.324585994960575
                       2       700.94572839247178     0.022409910578065646      0.11623845839214714       68.969670582232879       3.0337505469257611      0.97186378296888176     0.052817120537532097     0.033850437989961131   2.0775004283478217e-09       2.1045919762829826       2.1045919762829826       1397.6822728323775                                                 1386.7005289048677                                              10.981743927509745
                       3       700.27158282683274     0.022440011615327424      0.11653723111377415       69.050538020737619       3.0394920068335667        0.970510733390195     0.054977598001554336     0.021873686950523753   2.0894626211302786e-09       2.1045919762829826       2.1045919762829826       1396.3339817010994                                                 1385.2260310178069                                              11.107950683292616
                       6       699.75148695087989     0.022440011615327424      0.11653723111377415       69.050538020737619       3.0427992046730252      0.96758340357954142     0.054977598001554336     0.021873686950523753   2.0963843268126707e-09       2.1045919762829826       2.1045919762829826       1395.2937899491938                                                 1384.1858392659012                                              11.107950683292616
                       7       698.88588006615385     0.022232556068296473      0.11683905180049087       68.787386889763312       3.0394930596395335       0.9744092703968098     0.055079668644541252     0.024416029499214356   2.0894648209301517e-09       2.1045919762829826       2.1045919762829826       1393.5625761797417                                                 1383.0425691612065                                               10.52000701853517
                       1       698.39884441646734     0.022233117781911574      0.11718746435642685       68.708751179770104       3.0398480418731135      0.97345887928731401     0.054714316204549876     0.019667306671011273   2.0902066754840753e-09       2.1045919762829826       2.1045919762829826       1392.5885048803686                                                 1382.2705288104228                                              10.317976069945926
                       1       699.11310635165353     0.022233117781911574      0.11718746435642685       68.708751179770104       3.0536782963640752      0.96035532934906487     0.054714316204549876     0.019667306671011273   2.1193155936328785e-09       2.1045919762829826       2.1045919762829826        1394.017028750741                                                 1383.6990526807951                                              10.317976069945926
                       2       699.29749245343282     0.022305138627167331      0.11716503699869034       68.830928328885875        3.053965212735223      0.95843590863732175     0.054184601615943642     0.018285176346132481   2.1199237472127577e-09       2.1045919762829826       2.1045919762829826       1394.3858009542996                                                 1383.9479062311825                                              10.437894723116983
                       2       699.36993838617616      0.02242930739094463      0.11715070355439181       68.858446412570729       3.0592172204944816      0.95321405060591535     0.055450506933863941     0.018740359941622101   2.1310868919836816e-09       2.1045919762829826       2.1045919762829826       1394.5306928197863                                                 1384.1610500577858                                               10.36964276200055
                      12       698.64242304937932     0.022360167263369167      0.11765307566054813       68.708582975130142       3.0572233705291172      0.95415288000997867     0.054384438065469755    0.0082840135532772675   2.1268420576455666e-09       2.1045919762829826       2.1045919762829826       1393.0756621461926                                                 1382.7144650131665                                              10.361197133025968
                       2       697.74033857358347     0.022360167263369167      0.11765307566054813       68.708582975130142       3.0516578025617505      0.95949629655371893     0.054384438065469755    0.0082840135532772675     2.11503785264064e-09       2.1045919762829826       2.1045919762829826       1391.2714931946009                                                 1380.9102960615749                                              10.361197133025968
                       1       697.71669990902785     0.022365334514711885      0.11770837139598921       68.713004317095795        3.050402035933224      0.95922073285597731     0.053615667754870422    0.0063391783639427787   2.1123835256436677e-09       2.1045919762829826       2.1045919762829826       1391.2242158654897                                                 1380.8556530651122                                              10.368562800377461
                       6       699.25342499064971     0.022365334514711885      0.11770837139598921       68.713004317095795       3.0569813998886928      0.95433663090829446     0.053615667754870422    0.0063391783639427787   2.1263274865688534e-09       2.1045919762829826       2.1045919762829826       1394.2976660287334                                                 1383.9291032283559                                              10.368562800377461
                       1       698.48698088838739     0.022365334514711885      0.11770837139598921       68.713004317095795       3.0527495826162259      0.95846735532270411     0.053615667754870422    0.0063391783639427787   2.1173482697867941e-09       2.1045919762829826       2.1045919762829826       1392.7647778242087                                                 1382.3962150238312                                              10.368562800377461
                       2       698.46994426048752     0.022339884159473543      0.11765226656772006       68.687513046535841       3.0519218875151788      0.95935420304049812     0.053539202821508945    0.0075694337512292624   2.1155964760722285e-09       2.1045919762829826       2.1045919762829826        1392.730704568409                                                 1382.3590118869151                                              10.371692681493965
                       9       697.69407919071227     0.022339884159473543      0.11765226656772006       68.687513046535841       3.0497103756165798      0.95830013112235357     0.053539202821508945    0.0075694337512292624    2.110922978944769e-09       2.1045919762829826       2.1045919762829826       1391.1789744288585                                                 1380.8072817473646                                              10.371692681493965
                       7       698.63178667174657     0.022309933494689658       0.1172605145870585       68.590389246185723       3.0376480201474299      0.96107546540014621     0.048458193307453198     0.034458287311875585   2.0856132300794101e-09       2.1045919762829826       2.1045919762829826       1393.0543893909271                                                 1382.6728899809559                                              10.381499409971221
                       1       698.99743153526515     0.022309933494689658       0.1172605145870585       68.590389246185723       3.0306936237159769      0.96578794003496926     0.048458193307453198     0.034458287311875585   2.0711593660782672e-09       2.1045919762829826       2.1045919762829826       1393.7856791179643                                                 1383.4041797079931                                              10.381499409971221
                      10       698.93744763083419     0.022309933494689658       0.1172605145870585       68.590389246185723       3.0389486073421734      0.96165384423260825     0.048458193307453198     0.034458287311875585   2.0883275166402042e-09       2.1045919762829826       2.1045919762829826       1393.6657113091023                                                 1383.2842118991312                                              10.381499409971221
                       4        699.3009059156858     0.022428605153934553      0.11687420329695818        68.78795114255189       3.0453167265703573      0.95801545880369354     0.050956378165663709     0.034228850021781748   2.1016686691934976e-09       2.1045919762829826       2.1045919762829826       1394.3926278788056                                                  1384.054193109592                                              10.338434769213519
                       3       702.16204337824865     0.022706336386428876      0.11787586523371653       68.457275059056798       3.0636068177291778      0.94476077007074899     0.055624005560868793     0.050276804374344619   2.1404620666782459e-09       2.1045919762829826       2.1045919762829826       1400.1149028039313                                                  1387.433935865537                                              12.680966938394306
                       1       702.14240254334084     0.022707726817741011      0.11791975736426777       68.453463919874011       3.0630518130883226      0.94463809846940194     0.055265737749766897     0.049403241605430824   2.1392744299001129e-09       2.1045919762829826       2.1045919762829826       1400.0756211341156                                                 1387.3179307764301                                              12.757690357685471
                       6       702.27574370889909     0.022707726817741011      0.11791975736426777       68.453463919874011       3.0646003023506312      0.94246882610990301     0.055265737749766897     0.049403241605430824   2.1425896395047423e-09       2.1045919762829826       2.1045919762829826       1400.3423034652321                                                 1387.5846131075466                                              12.757690357685471
                       7       700.96735675589139     0.022439289553910124      0.11806027794682118       68.087143337829431       3.0679038718956679      0.95183613018876601     0.059599347578961584     0.065415019298426025   2.1496795379235599e-09       2.1045919762829826       2.1045919762829826       1397.7255295592167                                                 1383.2007222359282                                              14.524807323288481
                       5       701.33356854354986      0.02216227046101368      0.11758447950099284        68.14063588532197       3.0699511479663415      0.96423327300774164     0.064438952393548868     0.068667782033620769   2.1540850334952558e-09       2.1045919762829826       2.1045919762829826       1398.4579531345337                                                  1386.631952519331                                               11.82600061520275
                      10       701.44632730502667      0.02216227046101368      0.11758447950099284        68.14063588532197       3.0702249436957363      0.96277659270062332     0.064438952393548868     0.068667782033620769   2.1546748935250732e-09       2.1045919762829826       2.1045919762829826       1398.6834706574873                                                 1386.8574700422846                                               11.82600061520275
                       4       700.55059187996198     0.022145230908951395      0.11675577682359212       68.660871302355432       3.0599124867982637      0.96616080089890766     0.060737978856583663     0.045955071047402096   2.1325690800881248e-09       2.1045919762829826       2.1045919762829826       1396.8919998073579                                                 1386.4655485989688                                              10.426451208389221
                       2       701.15949600942781     0.022145230908951395      0.11675577682359212       68.660871302355432       3.0452127747384017      0.98227723888138396     0.060737978856583663     0.045955071047402096   2.1014502082400756e-09       2.1045919762829826       2.1045919762829826       1398.1098080662896                                                 1387.6833568579004                                              10.426451208389221
                       2       701.09337903282733     0.022148034907860402      0.11677820831063324       68.655102096308383       3.0450757032076448      0.98212042284416823     0.060604800156411981     0.045932616578119478   2.1011621789839794e-09       2.1045919762829826       2.1045919762829826       1397.9775741130886                                                 1387.5709027884761                                              10.406671324612532
                       2       701.09334215225795     0.022147816062156152      0.11678166013331005       68.655288842825101       3.0450910246741789      0.98212129078092603     0.060609696110792054     0.045787339111852621   2.1011943721166097e-09       2.1045919762829826       2.1045919762829826       1397.9775003519499                                                 1387.5709788887164                                              10.406521463233478
                       1       700.15731461503003     0.022200121867663063      0.11727928681105432       68.262931097919548       3.0392901821861629      0.97839756392355715     0.056321155723680634     0.067075734142319529   2.0890409586258799e-09       2.1045919762829826       2.1045919762829826        1396.105445277494                                                 1384.9981323117254                                              11.107312965768639
                       1       699.35050770703242     0.022200121867663063      0.11727928681105432       68.262931097919548       3.0421342680646104      0.97256296713709978     0.056321155723680634     0.067075734142319529   2.0949908274741715e-09       2.1045919762829826       2.1045919762829826       1394.4918314614988                                                 1383.3845184957302                                              11.107312965768639
                       2       699.44715474181032     0.022179262921432741      0.11731434518583991       68.240881128893548       3.0411026331806466      0.97332018436068424     0.055979865511948661     0.067299255147346734   2.0928306762902052e-09       2.1045919762829826       2.1045919762829826       1394.6851255310546                                                 1383.5250384843773                                              11.160087046677178
                       2        699.4184414788599     0.022179262921432741      0.11731434518583991       68.240881128893548        3.051669902662336      0.96477886884608366     0.055979865511948661     0.067299255147346734   2.1150634449662335e-09       2.1045919762829826       2.1045919762829826       1394.6276990051538                                                 1383.4676119584765                                              11.160087046677178
                       5       700.21210557965514     0.022262896444472245      0.11786084731223305       68.199287412216947       3.0589053051224533      0.96129683101761054      0.05799347525310386     0.067525551890415911   2.1304222768801659e-09       2.1045919762829826       2.1045919762829826       1396.2150272067443                                                  1384.186524732012                                              12.028502474732186
                       5       700.16982158667611     0.022262896444472245      0.11786084731223305       68.199287412216947       3.0581288279499512      0.96147734776211213      0.05799347525310386     0.067525551890415911   2.1287686946818746e-09       2.1045919762829826       2.1045919762829826       1396.1304592207862                                                 1384.1019567460539                                              12.028502474732186
                       3       700.46155282084601     0.022262896444472245      0.11786084731223305       68.199287412216947       3.0507441279558978      0.97119468012047216      0.05799347525310386     0.067525551890415911   2.1131062788136161e-09       2.1045919762829826       2.1045919762829826        1396.713921689126                                                 1384.6854192143937                                              12.028502474732186
                       4       700.30789593259567     0.022223962364114089      0.11787015247792265       68.328803612012123       3.0557223054828677      0.97228830388272325      0.06086694017371691     0.048710698832092655   2.1236519242717911e-09       2.1045919762829826       2.1045919762829826       1396.4066079126253                                                 1385.2454951400657                                              11.161112772559589
                       2       700.29024851159943     0.022224627618403221       0.1179026917607512       68.326601600085112       3.0559715401561269       0.9721447551453517     0.060931560034211039     0.047498195340817159   2.1241812779291561e-09       2.1045919762829826       2.1045919762829826       1396.3713130706328                                                 1385.1750378537117                                              11.196275216921077
                      11       698.61900951978032     0.022252909310054445       0.1178119958795326       68.549610200513655       3.0447835271515928      0.97097673041626731     0.055074489803484464     0.023010013406225605   2.1005483593814603e-09       2.1045919762829826       2.1045919762829826       1393.0288350869946                                                 1382.5517429369015                                              10.477092150093084
                       2       698.85207370064484     0.022252909310054445       0.1178119958795326       68.549610200513655       3.0398889661949804      0.97452798519914863     0.055074489803484464     0.023010013406225605   2.0902922175251941e-09       2.1045919762829826       2.1045919762829826       1393.4949634487236                                                 1383.0178712986306                                              10.477092150093084
                       4       698.18237062003379     0.022252909310054445       0.1178119958795326       68.549610200513655       3.0438860233094038      0.96851587608524337     0.055074489803484464     0.023010013406225605   2.0986639549148291e-09       2.1045919762829826       2.1045919762829826       1392.1555572875016                                                 1381.6784651374085                                              10.477092150093084
                       1       699.19447797117186     0.022401949512238405      0.11800910365589108       68.717762757628876       3.0504452813186673      0.96336435178515245     0.056557344956898681     0.016312305228156625   2.1124748784587177e-09       2.1045919762829826       2.1045919762829826       1394.1797719897777                                                 1383.7982726110049                                              10.381499378772896
                      12       699.02287739019107     0.022423395681168259      0.11822190476484533       68.691484967130833        3.049266097238422      0.96174553429385568     0.055375051123860812    0.0097493530572736534   2.1099853498068664e-09       2.1045919762829826       2.1045919762829826       1393.8365708278161                                                 1383.3036035476139                                              10.532967280202277
                       3       699.81347952706096     0.022423395681168259      0.11822190476484533       68.691484967130833       3.0462847210588411         0.96794963091121     0.055375051123860812    0.0097493530572736534   2.1037040578454621e-09       2.1045919762829826       2.1045919762829826       1395.4177751015559                                                 1384.8848078213537                                              10.532967280202277
                       1       703.57916902201032     0.022479227274697804      0.11723907445048523       68.383745571867607       3.0358645929177355      0.97053312875646691     0.051281416444017805      0.10088249671711538   2.0818970054473651e-09       2.1045919762829826       2.1045919762829826       1402.9491540914546                                                 1391.7405818145555                                               11.20857227689917
                       1       703.73602021442844     0.022437501986723399      0.11742704753136109       68.320995587584235       3.0339663781291479      0.97168712535908408     0.050494744200268511     0.098433166341920245   2.0779488661570045e-09       2.1045919762829826       2.1045919762829826       1403.2628564762908                                                 1391.7547345083692                                              11.508121967921566
                       5        702.7696601585377     0.022400580247358935      0.11739604414453554       68.192655666537888       3.0243632060772754       0.9717830237316204     0.045961963804945688     0.096722278463986497   2.0580894748766592e-09       2.1045919762829826       2.1045919762829826       1401.3301363645094                                                 1389.0361664639654                                              12.293969900543971
                       6       700.07743586418803     0.022366586789330976      0.11728960887340659       68.427596837622986       3.0397994947716396      0.97218945096721499     0.054146459650563861     0.065902082013925847   2.0901052044715809e-09       2.1045919762829826       2.1045919762829826         1395.94568777581                                                 1385.0810467049303                                              10.864641070879667
                       2       700.15349780368592     0.022349380300530963      0.11701165914831541       68.450630991746081       3.0342186352937279      0.97322737552289795     0.051912582286721139     0.068695641001601887   2.0784731097654461e-09       2.1045919762829826       2.1045919762829826       1396.0978116548058                                                 1385.4512477089488                                              10.646563945857077
                       4       700.08342177304075     0.022349380300530963      0.11701165914831541       68.450630991746081       3.0344169537419425      0.97298557186516665     0.051912582286721139     0.068695641001601887   2.0788853502033216e-09       2.1045919762829826       2.1045919762829826       1395.9576595935155                                                 1385.3110956476585                                              10.646563945857077
                       2       700.06221377462771     0.022349380300530963      0.11701165914831541       68.450630991746081       3.0322436740408274      0.97406897732207409     0.051912582286721139     0.068695641001601887   2.0743722567543028e-09       2.1045919762829826       2.1045919762829826       1395.9152435966894                                                 1385.2686796508324                                              10.646563945857077
                       1       702.20994420726629     0.022502989144946868      0.11769393998001036       68.829083666236315       3.0229236272487015      0.96860668486395785      0.04468878403110689      0.02828200033541925   2.0551288243974917e-09       2.1045919762829826       2.1045919762829826       1400.2107044619665                                                 1389.9099916920211                                              10.300712769945561
                       3       701.56674405580611     0.022502989144946868      0.11769393998001036       68.829083666236315        3.025474237174921      0.96564288444628699      0.04468878403110689      0.02828200033541925    2.060377346998178e-09       2.1045919762829826       2.1045919762829826       1398.9243041590462                                                 1388.6235913891007                                              10.300712769945561
                       3       701.16344515302296     0.022387664410261233      0.11780187848430734        68.94213671368415       3.0283184060388906      0.96924149510181368      0.04714784077621674     0.001603831228497582   2.0662457495044463e-09       2.1045919762829826       2.1045919762829826       1398.1177063534799                                                 1387.6906500178352                                              10.427056335644776
                       1       700.63549829324097     0.022427562591599264      0.11670973022631186       68.273667316361369       3.0427359323882652      0.96879788630189834     0.055536309563142192      0.10403357384739838   2.0962516879828034e-09       2.1045919762829826       2.1045919762829826       1397.0618126339159                                                 1385.5930574706347                                              11.468755163281203
                       6       701.09764449494196     0.022462658517640333      0.11637515335935218       68.365109972049609        3.036496008733959       0.9681705502770771     0.052504630647136154      0.10590136921653774   2.0832119632432403e-09       2.1045919762829826       2.1045919762829826       1397.9861050373179                                                 1387.0147520679118                                              10.971352969406164
                       9       702.06438259055994     0.022462658517640333      0.11637515335935218       68.365109972049609       3.0517281200306692      0.95195877866090561     0.052504630647136154      0.10590136921653774   2.1151865819781789e-09       2.1045919762829826       2.1045919762829826       1399.9195812285539                                                 1388.9482282591478                                              10.971352969406164
                       5        701.0904984198196     0.022462658517640333      0.11637515335935218       68.365109972049609       3.0365502817128212      0.96649711789046877     0.052504630647136154      0.10590136921653774   2.0833250284302512e-09       2.1045919762829826       2.1045919762829826       1397.9718128870732                                                 1387.0004599176671                                              10.971352969406164
                       4       702.15272928927197     0.022462658517640333      0.11637515335935218       68.365109972049609       3.0328723897063243      0.96870982838810138     0.052504630647136154      0.10590136921653774   2.0756768571565775e-09       2.1045919762829826       2.1045919762829826       1400.0962746259779                                                 1389.1249216565718                                              10.971352969406164
                       1        702.0847126436903     0.022462658517640333      0.11637515335935218       68.365109972049609       3.0346129281259842      0.96652933709665134     0.052504630647136154      0.10590136921653774   2.0792927984027215e-09       2.1045919762829826       2.1045919762829826       1399.9602413348146                                                 1388.9888883654085                                              10.971352969406164
                      17       701.89401176232843     0.022458995957788986      0.11677319521937642       68.468076760944371       3.0311665985699463      0.96422404468594713     0.050034857354334654     0.065841456311010724   2.0721392040780864e-09       2.1045919762829826       2.1045919762829826       1399.5788395720908                                                 1388.6995773784258                                              10.879262193664925
                       1       702.24859445872164     0.022458995957788986      0.11677319521937642       68.468076760944371       3.0303046907593076      0.96469027577132238     0.050034857354334654     0.065841456311010724   2.0703539805729205e-09       2.1045919762829826       2.1045919762829826       1400.2880049648772                                                 1389.4087427712122                                              10.879262193664925
                       6       704.47105831759336     0.022668864857468541      0.11652626759370968       68.712583444867931       3.0446558025442241       0.9573322916847723     0.055362486852093461     0.062895503197182484   2.1002800847999968e-09       2.1045919762829826       2.1045919762829826       1404.7329326826207                                                 1394.1687000333791                                              10.564232649241607
                       1       704.12368409271585     0.022653468472336725      0.11665633124022125       68.700274112348737       3.0473590931908001      0.95744291873514797      0.05667776094782373     0.057773672719382364   2.1059654334210288e-09       2.1045919762829826       2.1045919762829826       1404.0381842328657                                                 1393.4345917694086                                              10.603592463457053
                       1       702.96035417204359     0.022573226065516653      0.11668431014902779       68.673976452216394       3.0431874508184218      0.96031117787922404     0.055391034816405282     0.053319443325956679   2.0971983979665937e-09       2.1045919762829826       2.1045919762829826       1401.7115243915212                                                 1391.1798463067246                                              10.531678084796638
                       2       704.65842645608654     0.022573226065516653      0.11668431014902779       68.673976452216394       3.0386031312716311      0.97023199921501846     0.055391034816405282     0.053319443325956679   2.0876061740662231e-09       2.1045919762829826       2.1045919762829826       1405.1076689596071                                                 1394.5759908748105                                              10.531678084796638
                       1       703.79364023686003     0.022573226065516653      0.11668431014902779       68.673976452216394        3.044309904441131      0.96592383358119638     0.055391034816405282     0.053319443325956679   2.0995537275327429e-09       2.1045919762829826       2.1045919762829826        1403.378096521154                                                 1392.8464184363575                                              10.531678084796638
                       2       706.20365019336964     0.022687291988319785       0.1159475962485986       68.835455015953329       3.0456650372052985      0.96395502816335477     0.056017480857844588     0.074318270683165016   2.1024008302444384e-09       2.1045919762829826       2.1045919762829826       1408.1981164341732                                                 1397.7850633801693                                               10.41305305400401
                       1       705.60440862034545     0.022643695673269987      0.11580012097704419       68.793540137979434       3.0460087884027658      0.96624386420503816     0.056921211391015608     0.084395820275974351   2.1031236572766024e-09       2.1045919762829826       2.1045919762829826       1406.9996332881249                                                 1396.6089183207996                                               10.39071496732528
                       3       705.50454362192147     0.022660376057621622      0.11593750189705331       68.700708580716451       3.0449206533318085      0.96539355538335359     0.055998465375124873     0.091245822385058697   2.1008364193041675e-09       2.1045919762829826       2.1045919762829826       1406.7999032912769                                                  1396.382767274082                                              10.417136017194991
                       1       704.27183054275929     0.022549807613393414      0.11643188576558333       68.566553763802105        3.059679263826824      0.96861792849356543     0.063915590887476531      0.08691232336323701   2.1320717739843242e-09       2.1045919762829826       2.1045919762829826       1404.3344771329525                                                 1393.7777698092589                                              10.556707323693695
                       1        704.7341482315403     0.022540251577524109       0.1161698721203335       68.322356722387056       3.0545728400445893      0.97112310887797004     0.062017460744560424      0.13512247612215783   2.1212122622041424e-09       2.1045919762829826       2.1045919762829826       1405.2591125105146                                                 1394.0671251622216                                              11.191987348293027
                       1       704.37860076646484     0.022540251577524109       0.1161698721203335       68.322356722387056        3.051780189682582      0.97205888091042469     0.062017460744560424      0.13512247612215783   2.1152967218746814e-09       2.1045919762829826       2.1045919762829826       1404.5480175803636                                                 1393.3560302320707                                              11.191987348293027
                       2       702.90239699434505     0.022540251577524109       0.1161698721203335       68.322356722387056       3.0576334888131775      0.96570189402418405     0.062017460744560424      0.13512247612215783   2.1277144933494038e-09       2.1045919762829826       2.1045919762829826       1401.5956100361241                                                 1390.4036226878311                                              11.191987348293027
                       1       702.60198859600382     0.022538260194367103       0.1162499049373822       68.365302349327479       3.0559141527884095      0.96585740783222351     0.061075249947035247      0.12964519115530937   2.1240593802547877e-09       2.1045919762829826       2.1045919762829826       1400.9947932394416                                                 1389.9780495783666                                              11.016743661074944
                       3       704.25901895323841      0.02212420431243426       0.1146331472556099       68.483325012345645       3.0407196932686444      0.98500202932662739     0.060321990435556132      0.14480203124758631   2.0920294013250653e-09       2.1045919762829826       2.1045919762829826       1404.3088539539108                                                 1393.5769631442743                                              10.731890809636552
                       1       702.11208048423191     0.022074512876281767       0.1155769016090476       68.501026088728054       3.0286589133375181      0.98382674011110305     0.053248592097059684     0.096458961269180493   2.0669494410621671e-09       2.1045919762829826       2.1045919762829826       1400.0149770158978                                                 1389.5190976329845                                                10.4958793829132
                       1       702.18374490186545     0.022074512876281767       0.1155769016090476       68.501026088728054       3.0339631900890347      0.97584424435119232     0.053248592097059684     0.096458961269180493   2.0779422415832249e-09       2.1045919762829826       2.1045919762829826       1400.1583058511649                                                 1389.6624264682516                                                10.4958793829132
                       3       703.49668319430475     0.022402545202762785      0.11543136811985148       68.781656181744523       3.0287573671466559      0.96623591147124399     0.047532156481896161       0.1113081319021148   2.0671529501258919e-09       2.1045919762829826       2.1045919762829826       1402.7841824360435                                                 1391.9774544022659                                              10.806728033777585
                       1       700.98326286013014     0.022588533234482299      0.11675490682321041       68.717889506059791       3.0608756203833623      0.95353169438895391     0.059435267879307065     0.064787857907686097   2.1346240184229123e-09       2.1045919762829826       2.1045919762829826       1397.7573417676942                                                 1387.3586131975969                                              10.398728570097305
                       1       701.68095717093649     0.022588533234482299      0.11675490682321041       68.717889506059791       3.0542307642515993      0.95901194247650701     0.059435267879307065     0.064787857907686097   2.1204867709310247e-09       2.1045919762829826       2.1045919762829826        1399.152730389307                                                 1388.7540018192096                                              10.398728570097305
                       3       703.78514001056431     0.022588533234482299      0.11675490682321041       68.717889506059791       3.0561190193202648      0.95466045350905571     0.059435267879307065     0.064787857907686097   2.1244945735102198e-09       2.1045919762829826       2.1045919762829826       1403.3610960685626                                                 1392.9623674984653                                              10.398728570097305
                       6       703.16435897482415     0.022528658311694358      0.11691173812311026       68.699850883969376        3.057421683554471      0.95662596260450372     0.060509987564412622     0.058712150466100226    2.127263879953514e-09       2.1045919762829826       2.1045919762829826       1402.1195339970823                                                  1391.743647845168                                              10.375886151914237
                       1       703.14739566811659     0.022528658311694358      0.11691173812311026       68.699850883969376        3.057347999238333      0.95671311156018501     0.060509987564412622     0.058712150466100226   2.1271071397439932e-09       2.1045919762829826       2.1045919762829826       1402.0856073836671                                                 1391.7097212317528                                              10.375886151914237
                       1       702.64104939401489     0.022449412118961176      0.11800077930396005       68.258333330480852       3.0559127941365314      0.95611693264263686     0.058901248342423398     0.053615183952968874   2.1240564943994822e-09       2.1045919762829826       2.1045919762829826       1401.0729148354637                                                 1388.1973524251055                                              12.875562410358279
                       3       702.57147467914785     0.022388814925269934      0.11773350064368612       68.221990397084113       3.0547386425705358      0.95839357685896664     0.059307857490147553     0.057435910959176321   2.1215639937134653e-09       2.1045919762829826       2.1045919762829826       1400.9337654057297                                                 1388.2918644415904                                              12.641900964139296
                       6       701.84111131008967     0.022334445006380398      0.11847669042205733       68.160460509090285       3.0385838823697986      0.95844552581980147     0.050591337024815171     0.029008573277158868   2.0875659903266613e-09       2.1045919762829826       2.1045919762829826       1399.4730386676133                                                 1385.7511502672926                                              13.721888400320795
                      15       701.76170488327182     0.022393721410957631      0.11837148720046949        68.38384601686549       3.0331976427482088      0.95685792928024627     0.047422290592751729     0.014549712815536733   2.0763520871726927e-09       2.1045919762829826       2.1045919762829826       1399.3142258139776                                                 1387.1847341124064                                              12.129491701571151
                       1       699.52486252414792     0.022393721410957631      0.11837148720046949        68.38384601686549       3.0325652030011852       0.9653324551011061     0.047422290592751729     0.014549712815536733   2.0750393347461113e-09       2.1045919762829826       2.1045919762829826       1394.8405410957298                                                 1382.7110493941586                                              12.129491701571151
                       6       699.26101336492968     0.022438677636533403      0.11845091184625503       68.445372971723955       3.0364028464311814      0.96348748549446916     0.048750667738442971    0.0087833846952875445   2.0830178954596117e-09       2.1045919762829826       2.1045919762829826       1394.3128427772933                                                 1382.3200083950881                                              11.992834382205345
                       1       701.30150645355275     0.022551324802670261      0.11918909536729248       68.259093406712751       3.0418824447187514       0.9583057964836047     0.049264706944733359     0.017755068820065771   2.0944633262957967e-09       2.1045919762829826       2.1045919762829826       1398.3938289545395                                                 1383.4164344685776                                              14.977394485961783
                       3       702.34461641999076     0.022372529846126685      0.11812170341893444       67.952652618645146       3.0417081752639481      0.96903898724051685     0.052912726334589155     0.092104888525429446    2.094098357116231e-09       2.1045919762829826       2.1045919762829826       1400.4800488874155                                                 1385.2634759154942                                              15.216572971921298
                       5        702.5440753481289     0.022340578523322295      0.11821742752360945       67.969756833977286        3.038184716774516      0.97035510352206866     0.051369352203121499     0.087402273896232729   2.0867328720925706e-09       2.1045919762829826       2.1045919762829826       1400.8789667436918                                                 1386.0112624343781                                              14.867704309313602
                      14          702.49041164604     0.022340578523322295      0.11821742752360945       67.969756833977286       3.0445026780082278      0.95905817233757951     0.051369352203121499     0.087402273896232729   2.0999585050080564e-09       2.1045919762829826       2.1045919762829826        1400.771639339514                                                 1385.9039350302003                                              14.867704309313602
                       4       702.36875360716613     0.022380194672737778      0.11841057971414265       67.983232118728239       3.0480725565156641      0.95694876218116875     0.052429046837213854     0.080615770895392166   2.1074684986484046e-09       2.1045919762829826       2.1045919762829826       1400.5283232617662                                                 1385.2221571650418                                              15.306166096724288
                       8        701.9673577611876     0.022454119092870845      0.11793047429645802       68.195058932496792       3.0552618729116827      0.95557477317567341     0.056005129975537554     0.083049523384309973   2.1226743508265944e-09       2.1045919762829826       2.1045919762829826       1399.7255315698092                                                 1386.6663259187007                                              13.059205651108394
                       2       702.96049672911545     0.022350140785031343      0.11791857391981167        68.42706932344133       3.0626654355125269      0.96036879330622105     0.060957339123842928     0.061688016574456037   2.1384480218949679e-09       2.1045919762829826       2.1045919762829826       1401.7118095056649                                                 1390.7035371005488                                              11.008272405115957
                       1       704.83645525391989      0.02239332179224934       0.1182368561440595       68.330129322208549       3.0658171465829835       0.9584915331822329      0.06165236789619194     0.068623527136292814   2.1451984242703149e-09       2.1045919762829826       2.1045919762829826       1405.4637265552738                                                 1393.6120232293108                                              11.851703325963058
                       2        704.8862026163398     0.022387695974151883      0.11822060239312818        68.32009718663538       3.0658403153077942      0.95874208208185052     0.061750331771132629     0.069968923206703851   2.1452481263580362e-09       2.1045919762829826       2.1045919762829826       1405.5632212801136                                                 1393.6853481240603                                              11.877873156053184
                       2       702.48650239465655     0.022224728233081897      0.11795520992584539       68.117039624102873       3.0534266261338057      0.96439163146217877     0.057551768701877955     0.079137743917788814   2.1187822921002894e-09       2.1045919762829826       2.1045919762829826       1400.7638208367471                                                  1388.349939036807                                              12.413881799940178
                       3       700.57343169028661     0.022277243283713569      0.11743390160221866       68.377681625983456        3.058289824080116      0.96275323650782874     0.060123845660866808     0.065276522168503243   2.1291114457937952e-09       2.1045919762829826       2.1045919762829826       1396.9376794280072                                                 1386.0855413818431                                              10.852138046164063
                       6       701.50115272621156     0.022302636662626725      0.11710018619178496       68.321183345199728       3.0608539621869562      0.96279685219672972     0.061677528650597162     0.087200428581402256   2.1345777868173161e-09       2.1045919762829826       2.1045919762829826       1398.7931214998571                                                 1387.8282199126691                                              10.964901587188063
                       3       700.50191814485913     0.022471361343225801      0.11816855575385037       68.240788985303823       3.0565391019449746      0.95283917524544659     0.055937254610146273     0.056856142986308998   2.1253872242472464e-09       2.1045919762829826       2.1045919762829826       1396.7946523371522                                                 1383.5577136854595                                              13.236938651692697
                       1       700.65971803061041     0.022245707610651203      0.11802289791875972       68.278080171895638       3.0306776264445094      0.96242116078984286     0.045630570059443432     0.046457560664875865   2.0711262334446522e-09       2.1045919762829826       2.1045919762829826       1397.1102521086548                                                 1385.4633372088292                                              11.646914899825461
                       2       700.50812502531471     0.022242433975643475      0.11737328992043607       68.359152803529525        3.028655172556693      0.96368020824680722     0.045590980549319433      0.05650016133498173   2.0669417090717936e-09       2.1045919762829826       2.1045919762829826       1396.8070660980634                                                 1385.9348126365592                                              10.872253461504149
                       3       700.44168268403905     0.022242433975643475      0.11737328992043607       68.359152803529525       3.0292252704434368      0.96333308054816902     0.045590980549319433      0.05650016133498173   2.0681204041260135e-09       2.1045919762829826       2.1045919762829826       1396.6741814155121                                                 1385.8019279540079                                              10.872253461504149
                       3       699.30346976619535     0.022192356716258708      0.11737492410028724       68.598340849915076       3.0343339074813684      0.96476835828542706     0.048645902490097828      0.02458352205864809   2.0787127137173315e-09       2.1045919762829826       2.1045919762829826       1394.3977555798247                                                  1384.105584157026                                               10.29217142279875
                       2       699.56598935285695     0.022192356716258708      0.11737492410028724       68.598340849915076       3.0409820875616074      0.96110030543534375     0.048645902490097828      0.02458352205864809   2.0925784099258953e-09       2.1045919762829826       2.1045919762829826       1394.9227947531479                                                 1384.6306233303492                                               10.29217142279875
                       7        699.7887174660151     0.022335073800937785      0.11761232780344043       68.705271871730943       3.0407374046093585      0.95582739888199719     0.046679671979343453      0.01888591121117552   2.0920664542987037e-09       2.1045919762829826       2.1045919762829826       1395.3682509794642                                                 1385.0592196534606                                              10.309031326003652
                       6       700.30041189087024     0.022328157069628339      0.11762041122945711       68.727000961856703       3.0392301563366555      0.95655652460446006     0.046031630858576061     0.020031161217757266   2.0889155659311219e-09       2.1045919762829826       2.1045919762829826       1396.3916398291744                                                 1386.1015422656037                                              10.290097563570773
                       1       701.53868645792102     0.021985046241389413      0.11737726749300903       68.091356362808369       3.0418724788331164      0.96805591392578272     0.051274893894979252     0.059760217888633158   2.0944424532178298e-09       2.1045919762829826       2.1045919762829826        1398.868188963276                                                 1387.5141690435505                                              11.354019919725379
                      10       702.19049792118108     0.021964906152554427      0.11728472695221999       68.091699857709386       3.0360662037435402      0.96897547533663253     0.048699233262269166     0.060128866250213506   2.0823167807360733e-09       2.1045919762829826       2.1045919762829826       1400.1718118897961                                                 1388.9363031198193                                              11.235508769976846
                       4       701.34195753252482     0.022001664113246933      0.11723259490544144       68.110688927822665       3.0456186618019228      0.96723500391381012     0.053148286039634438     0.059594123685346785   2.1023033328186368e-09       2.1045919762829826       2.1045919762829826       1398.4747311124836                                                 1387.2203335974673                                              11.254397515016279
                       1       701.58488328917088     0.021972942626878177      0.11741238306914821       68.060469457776648        3.045547304713069      0.96760043225585934     0.053120906801405299     0.054274875907468365   2.1021533239250817e-09       2.1045919762829826       2.1045919762829826       1398.9605826257757                                                  1387.398328138584                                              11.562254487191586
                       4       701.59850456252263     0.021959440181777524      0.11761160959020701        68.02742234086196       3.0485041388304071      0.96818812866254234      0.05451372712464396      0.05565775376629694   2.1083782410815508e-09       2.1045919762829826       2.1045919762829826       1398.9878251724792                                                 1387.1875303727036                                              11.800294799775607
                       5       702.96034660954456     0.021987018623063195      0.11793001316047326       67.984324568940238       3.0709692259838075      0.96587352921012204     0.065008570955987804      0.05037093522947924   2.1562791768306418e-09       2.1045919762829826       2.1045919762829826       1401.7115092665231                                                 1389.2015429976602                                              12.509966268862934
                       5       702.13776073307758     0.021987018623063195      0.11793001316047326       67.984324568940238        3.063848846710139      0.97390694415205414     0.065008570955987804      0.05037093522947924   2.1409801832281114e-09       2.1045919762829826       2.1045919762829826       1400.0663375135891                                                 1387.5563712447263                                              12.509966268862934
                       2        701.0059218778697     0.022218755204822208      0.11604330439073818       68.918049131179274       3.0512452211779482      0.96959886213056634     0.058966070269786133     0.026871506636425967   2.1141654073863144e-09       2.1045919762829826       2.1045919762829826       1397.8026598031734                                                 1386.4116135960774                                              11.391046207096091
                       8        699.3169123888357     0.022203050082528999      0.11655586988166527       68.811143713961471       3.0470965721080838       0.9694707493628365     0.056318605850155523      0.02298728861720889   2.1054126456576795e-09       2.1045919762829826       2.1045919762829826       1394.4246408251054                                                 1383.7040906280013                                              10.720550197104121
                       5       700.38684513641806     0.022203050082528999      0.11655586988166527       68.811143713961471       3.0377577634063355      0.97878618222838343     0.056318605850155523      0.02298728861720889   2.0858421246316835e-09       2.1045919762829826       2.1045919762829826       1396.5645063202701                                                  1385.843956123166                                              10.720550197104121
                       1       700.89858980717315     0.022185007730541339       0.1164978049045651       68.924289537538044       3.0437580672983056      0.98018311732371499      0.05968294972401416      0.01833477706656917   2.0983954354262298e-09       2.1045919762829826       2.1045919762829826       1397.5879956617803                                                 1386.2751770703865                                              11.312818591393913
                       8       700.75441393723656     0.022167363687765198      0.11650672450595949       68.874658090518679       3.0413665847547002      0.98053309335852057      0.05862610953631376     0.019175455936908104   2.0933831551520645e-09       2.1045919762829826       2.1045919762829826       1397.2996439219071                                                 1386.1953254187713                                              11.104318503135799
                       1       700.74551543533289     0.022165578595730769        0.116515277605393       68.870884977112965       3.0413962751983497      0.98058001599534172     0.058647546551740773     0.019181588021851177   2.0934453095493607e-09       2.1045919762829826       2.1045919762829826       1397.2818469180997                                                 1386.1938307573889                                              11.088016160710758
                       7       700.74361044981208     0.022175017424882711      0.11647934163022677       68.864836476931075       3.0409338959518659       0.9805173555867619     0.058389224392650242      0.02348114330396724   2.0924775676337063e-09       2.1045919762829826       2.1045919762829826       1397.2780369470581                                                 1386.2134271664406                                              11.064609780617456
                       8       700.85115262399518     0.022300391039489911       0.1163963952893218       68.953965935710528       3.0416555643647176      0.97739562777591404     0.057665660372169858     0.037122481348885572   2.0939881876166699e-09       2.1045919762829826       2.1045919762829826       1397.4931212954243                                                   1386.27278809938                                              11.220333196044372
                       2       700.52020266250884     0.022300391039489911       0.1163963952893218       68.953965935710528       3.0421549746433012       0.9764714514737719     0.057665660372169858     0.037122481348885572   2.0950342080157268e-09       2.1045919762829826       2.1045919762829826       1396.8312213724516                                                 1385.6108881764073                                              11.220333196044372
                       1        701.1666307678455     0.022250650227336851       0.1163890082500405         69.0474096446288       3.0465376217634708      0.97811863963759038     0.060394443188383905     0.023045141622231629    2.104236153364853e-09       2.1045919762829826       2.1045919762829826        1398.124077583125                                                 1386.1923553449828                                              11.931722238142024
                       5       701.15209185224205     0.022250650227336851       0.1163890082500405         69.0474096446288       3.0466499436358223       0.9780300207879461     0.060394443188383905     0.023045141622231629   2.1044725183837014e-09       2.1045919762829826       2.1045919762829826       1398.0949997519181                                                 1386.1632775137759                                              11.931722238142024
                       1       701.81609670517003     0.022324578774139674      0.11598893026762658       69.100953152705031       3.0465485246269464       0.9765847322355069     0.060192581432084821     0.039360169333394195   2.1042590956894221e-09       2.1045919762829826       2.1045919762829826        1399.423009457774                                                 1387.0848967286804                                              12.338112729093643
                       2       700.56195111614375      0.02227041749791803      0.11655357169317467       68.682444429822553       3.0234707545791766      0.97590584944099978     0.048155761000070491     0.043967844328047734   2.0562535492007492e-09       2.1045919762829826       2.1045919762829826       1396.9147182797215                                                 1386.5662296515382                                               10.34848862818332
                       2       700.96005660107983      0.02227041749791803      0.11655357169317467       68.682444429822553       3.0269613790259795      0.97414291984397716     0.048155761000070491     0.043967844328047734   2.0634436998655848e-09       2.1045919762829826       2.1045919762829826       1397.7109292495936                                                 1387.3624406214103                                               10.34848862818332
                      10       701.33115896286654     0.022253951726287205      0.11634689868947848       68.742368609050445       3.0262347102260572      0.97532684192220165     0.048287158217800261       0.0444241039579703   2.0619448043747472e-09       2.1045919762829826       2.1045919762829826        1398.453133973167                                                 1387.9337761295371                                              10.519357843629839
                       1       700.77303136239391     0.022253951726287205      0.11634689868947848       68.742368609050445        3.024523215202449      0.97126375867408465     0.048287158217800261       0.0444241039579703   2.0584188143210189e-09       2.1045919762829826       2.1045919762829826       1397.3368787722218                                                 1386.8175209285919                                              10.519357843629839
                       2       701.02051298847618     0.022048895142907001      0.11687891634970211        68.51235956897554       3.0287716475279183      0.97571307482599423      0.05163808701168203     0.020827654652400315   2.0671824700689248e-09       2.1045919762829826       2.1045919762829826       1397.8318420243863                                                 1387.5418139000587                                              10.290028124327486
                      20       700.22156755257424     0.022048895142907001      0.11687891634970211        68.51235956897554       3.0361142040232187      0.97228537608219789      0.05163808701168203     0.020827654652400315   2.0824167349228232e-09       2.1045919762829826       2.1045919762829826       1396.2339511525824                                                 1385.9439230282549                                              10.290028124327486
                       2       699.97397461638104     0.022044397319852433      0.11698274825962697       68.531028454137001        3.036317784200429      0.97211788463682758     0.051620212246094206     0.014052900122941768   2.0828407168464377e-09       2.1045919762829826       2.1045919762829826        1395.738765280196                                                 1385.4469444809563                                              10.291820799239707
                       2        700.9730977099523     0.022044397319852433      0.11698274825962697       68.531028454137001       3.0431678300622957      0.96520646175114677     0.051620212246094206     0.014052900122941768   2.0971572497519601e-09       2.1045919762829826       2.1045919762829826       1397.7370114673386                                                 1387.4451906680988                                              10.291820799239707
                       3       701.07265758424307     0.022037837432029465      0.11691386639459275       68.553036657712425       3.0431891454081166      0.96568302757986924     0.051812745330629212     0.014359752633584575   2.0972019518603978e-09       2.1045919762829826       2.1045919762829826       1397.9361312159201                                                 1387.6318382418335                                              10.304292974086627
                       2       701.87707588123885     0.021971015112091111      0.11714734069464865        68.36696110408846       3.0397937036626295      0.96732184340637761     0.050443203692976391     0.018631135094565539   2.0900931004795467e-09       2.1045919762829826       2.1045919762829826       1399.5449678099117                                                 1389.1573198985764                                              10.387647911335259
                       3       702.07557691167881     0.021971015112091111      0.11714734069464865        68.36696110408846       3.0385576141928969      0.96642137674583706     0.050443203692976391     0.018631135094565539   2.0875111544941553e-09       2.1045919762829826       2.1045919762829826       1399.9419698707916                                                 1389.5543219594563                                              10.387647911335259
                       4       701.71519567197743     0.021938326695851395      0.11722686381813857       68.343889896260649       3.0390339426481883      0.96855941545902169     0.051031525455252497     0.026592854347393946   2.0885057323118317e-09       2.1045919762829826       2.1045919762829826       1399.2212073913888                                                 1388.8496771673088                                              10.371530224080125
                       2       703.38212215316594     0.021938274095576974      0.11620763299924963       68.819075327461022       3.0376472441234146      0.97213650268253105     0.051982579384316802     0.021864340961384659   2.0856116115940851e-09       2.1045919762829826       2.1045919762829826       1402.5550603537658                                                 1390.6848281410068                                              11.870232212758896
                       1       701.71602194709578     0.022138890654071982      0.11630207480456997       68.898332132608061       3.0414946180973077      0.96601347508156277     0.051778014814114696     0.037579286156136399   2.0936511951534393e-09       2.1045919762829826       2.1045919762829826       1399.2228599416255                                                 1387.6385148321581                                              11.584345109467524
                       4       703.10441196754289     0.022138890654071982      0.11630207480456997       68.898332132608061        3.042827952894116      0.97028880531746353     0.051778014814114696     0.037579286156136399   2.0964445949990865e-09       2.1045919762829826       2.1045919762829826       1401.9996399825197                                                 1390.4152948730523                                              11.584345109467524
                       5       704.28769469094118       0.0220961715273644      0.11575617674480282       68.967395766962383       3.0428911332674846      0.97273759185071151     0.053054077717178155     0.042910027490692788   2.0965770533356845e-09       2.1045919762829826       2.1045919762829826       1404.3662054293163                                                 1391.6861664778442                                               12.68003895147219
                       1       702.67145704953532      0.02234711180878109      0.11602470577302078       68.818259961061798       3.0440377551594247      0.96283080101036034     0.050536199510654918     0.065906498246041945   2.0989824132388045e-09       2.1045919762829826       2.1045919762829826       1401.1337301465046                                                 1390.4113650705781                                              10.722365075926621
                       9       701.74556831665382     0.022267415797885892      0.11644588042519542       68.519661939741908        3.050552079988464      0.96367651020185741     0.053937174549138066     0.069278398971636637   2.1127005000135423e-09       2.1045919762829826       2.1045919762829826       1399.2819526807416                                                 1388.9761567813746                                              10.305795899366995
                       4        703.2822672680694     0.022267415797885892      0.11644588042519542       68.519661939741908       3.0401261320393953      0.97543179028966609     0.053937174549138066     0.069278398971636637    2.090788022235685e-09       2.1045919762829826       2.1045919762829826       1402.3553505835728                                                 1392.0495546842058                                              10.305795899366995
                       3         701.907213749476     0.022267415797885892      0.11644588042519542       68.519661939741908       3.0400513924573076       0.9743999893548807     0.053937174549138066     0.069278398971636637      2.0906317634521e-09       2.1045919762829826       2.1045919762829826        1399.605243546386                                                  1389.299447647019                                              10.305795899366995
                       5       701.88940982591396     0.022301142177519349      0.11697873419225222       68.301682084896044       3.0521889944426395      0.97162914398888389     0.058868827898152433     0.076135208085386374    2.116161642023209e-09       2.1045919762829826       2.1045919762829826       1399.5696356992619                                                 1388.4563214652085                                              11.113314234053352
                       4         702.127945421297      0.02230281258445518      0.11696168349303743       68.231654107483621       3.0521696192259418      0.97165766912562912     0.058876527028463917     0.084885058086755463   2.1161206413300273e-09       2.1045919762829826       2.1045919762829826        1400.046706890028                                                 1388.5907246910001                                              11.455982199027789
                       4       702.12305930496586      0.02230281258445518      0.11696168349303743       68.231654107483621       3.0669869577344571      0.95227475351138491     0.058876527028463917     0.084885058086755463   2.1477093696887817e-09       2.1045919762829826       2.1045919762829826       1400.0369346573657                                                 1388.5809524583378                                              11.455982199027789
                       1       702.77658371005055     0.022278581002370474      0.11745392913994704       68.508680626092996       3.0842565102278474      0.95103675307907376     0.066978106857796219     0.030431776326469914   2.1851214646554514e-09       2.1045919762829826       2.1045919762829826       1401.3439834675351                                                 1390.7763824548226                                              10.567601012712451
                       4       701.69609392671828     0.022161861817112612      0.11755365205531383       68.548191052222435       3.0749669925886352      0.95517908503725579     0.063398273686610801     0.013788239931936331   2.1649167316747327e-09       2.1045919762829826       2.1045919762829826       1399.1830039008705                                                 1388.8296061252699                                              10.353397775600662
                       4       701.39112807252366     0.022219862485188258         0.11677392718471       68.684572963041262       3.0661259364136755      0.95560014523028658     0.059573715185787551     0.035329354090950962   2.1458609420126524e-09       2.1045919762829826       2.1045919762829826       1398.5730721924813                                                 1388.2176597093608                                              10.355412483120576
                       1       699.37731541842891     0.022219862485188258         0.11677392718471       68.684572963041262       3.0540463143899776      0.96557355711843595     0.059573715185787551     0.035329354090950962   2.1200956835086751e-09       2.1045919762829826       2.1045919762829826       1394.5454468842918                                                 1384.1900344011713                                              10.355412483120576
                       6       699.35329887803357     0.022245100010039036      0.11685218825589776       68.662796923255911       3.0533942752333294      0.96355892943721866     0.058761688640492617     0.028130612814088594   2.1187137486939533e-09       2.1045919762829826       2.1045919762829826       1394.4974138035011                                                 1384.1840240559811                                              10.313389747519892
                       5       700.33159580122162     0.022497941818142134       0.1170459190899871       69.154788283861791       3.0461508922909015      0.95595148418809772     0.052297122285807213    0.0030006722928409245   2.1034225405612672e-09       2.1045919762829826       2.1045919762829826       1396.4540076498772                                                 1385.2976592433654                                              11.156348406511858
                       2       703.21146797177323     0.022497941818142134       0.1170459190899871       69.154788283861791       3.0324141465455789      0.97496300614618159     0.052297122285807213    0.0030006722928409245   2.0747259103319481e-09       2.1045919762829826       2.1045919762829826       1402.2137519909804                                                 1391.0574035844686                                              11.156348406511858
                       5       703.97009666123688     0.022497941818142134       0.1170459190899871       69.154788283861791       3.0282597176517867      0.97779784913110546     0.052297122285807213    0.0030006722928409245   2.0661244884323908e-09       2.1045919762829826       2.1045919762829826       1403.7310093699077                                                 1392.5746609633959                                              11.156348406511858
                       4       704.35784161757567     0.022514916594964914      0.11690176766689107       69.143805560501804       3.0290670177008132      0.97775244911735248     0.052767978951416543     0.012796272419054807   2.0677931442955505e-09       2.1045919762829826       2.1045919762829826       1404.5064992825853                                                 1393.3564523618613                                              11.150046920724042
                       1       706.30728783384461     0.022514916594964914      0.11690176766689107       69.143805560501804       3.0247853039222221      0.98150799320757964     0.052767978951416543     0.012796272419054807   2.0589583733759036e-09       2.1045919762829826       2.1045919762829826       1408.4053917151232                                                 1397.2553447943992                                              11.150046920724042
                       1        705.9421194785225     0.022461990466920403      0.11697850818178594        69.13976856621619       3.0263791545752765      0.98320841124355207     0.054015704578254345    0.0067399982343617571   2.0622426621615606e-09       2.1045919762829826       2.1045919762829826        1407.675055004479                                                 1396.4310556461905                                              11.243999358288518
                       2       705.88077279657386     0.022461990466920403      0.11697850818178594        69.13976856621619       3.0256554049920052       0.9831994628138494     0.054015704578254345    0.0067399982343617571   2.0607506548791692e-09       2.1045919762829826       2.1045919762829826       1407.5523616405817                                                 1396.3083622822933                                              11.243999358288518
                       6       700.06576863585758     0.022461990466920403      0.11697850818178594        69.13976856621619       3.0540056081440334      0.95442296481375444     0.054015704578254345    0.0067399982343617571   2.1200093841288308e-09       2.1045919762829826       2.1045919762829826       1395.9223533191491                                                 1384.6783539608607                                              11.243999358288518
                       9        700.5646873855253      0.02248869175936942      0.11704945660644835       69.169975927987977       3.0549168569487337      0.95368486195554958     0.054122013935064328     0.006688502363528563   2.1219421206142359e-09       2.1045919762829826       2.1045919762829826       1396.9201908184846                                                 1385.6326155595304                                              11.287575258954213
                       2        699.0205369778173     0.022424177994636123      0.11725725123132064       68.864453498252502       3.0534319963125038      0.95498066980904606     0.053704345135164012     0.022408178006203126   2.1187936703703725e-09       2.1045919762829826       2.1045919762829826       1393.8318900030686                                                 1383.4678245612561                                              10.364065441812439
                       1       698.96552085810515     0.022469799086385751      0.11781591647785557       68.818797843840585       3.0593647226691001      0.95145440845932994     0.055302193417194674    0.0068432035088534567    2.131401255118603e-09       2.1045919762829826       2.1045919762829826       1393.7218577636443                                                 1383.3822182632925                                               10.33963950035162
                       1       698.74497949345482     0.022363231395019584      0.11739462889139829       68.657183435877059       3.0446951519930274      0.95609431273939793     0.049669442402961221     0.026745905183493353   2.1003627312897023e-09       2.1045919762829826       2.1045919762829826       1393.2807750343436                                                 1382.9106034341689                                              10.370171600174704
                       8       698.82190723795986     0.022363231395019584      0.11739462889139829       68.657183435877059       3.0449502516960925       0.9556468799686878     0.049669442402961221     0.026745905183493353    2.100898601546049e-09       2.1045919762829826       2.1045919762829826       1393.4346305233537                                                  1383.064458923179                                              10.370171600174704
                       5       700.55134170334077     0.022330165711223655      0.11737041948675279       68.650636726917526        3.031393066132563      0.95801948844366336     0.043338109718041806     0.033485531968789617   2.0726085295345267e-09       2.1045919762829826       2.1045919762829826       1396.8934994541155                                                 1386.5723778565377                                              10.321121597577777
                       3       701.30198562548571     0.022310544788938687      0.11741424113463765        68.73948582121254       3.0300730236263913      0.95946036394143031     0.042896599026517684     0.028325393687480625   2.0698744031554266e-09       2.1045919762829826       2.1045919762829826       1398.3947872984054                                                 1388.1013827097315                                              10.293404588673763
                       5       702.02742952209178     0.022310544788938687      0.11741424113463765        68.73948582121254       3.0331973317786454      0.95798825198461979     0.042896599026517684     0.028325393687480625   2.0763514414904909e-09       2.1045919762829826       2.1045919762829826       1399.8456750916175                                                 1389.5522705029437                                              10.293404588673763
                       1       702.40093563713197     0.022310544788938687      0.11741424113463765        68.73948582121254        3.030422646188303      0.96290285423147082     0.042896599026517684     0.028325393687480625   2.0705982044683553e-09       2.1045919762829826       2.1045919762829826       1400.5926873216979                                                  1390.299282733024                                              10.293404588673763
                       3       701.59131447418326     0.022310544788938687      0.11741424113463765        68.73948582121254       3.0257637440936285      0.96687849752079069     0.042896599026517684     0.028325393687480625   2.0609739268481123e-09       2.1045919762829826       2.1045919762829826       1398.9734449958005                                                 1388.6800404071266                                              10.293404588673763
                       1       700.68031401634414     0.022325936560231338      0.11783002754686708        68.73026479521522       3.0277358633202671      0.96451944873789475     0.043106590895203196     0.011568987855628009   2.0650424236165827e-09       2.1045919762829826       2.1045919762829826       1397.1514440801222                                                 1386.8520580528159                                              10.299386027306285
                       3       700.73194222710242     0.022330118294071007      0.11787348368363752       68.674872236554194       3.0276521361353885      0.96400976787528647     0.042820979215134294     0.016072882416661965   2.0648695306658191e-09       2.1045919762829826       2.1045919762829826       1397.2547005016388                                                 1386.8972501801693                                              10.357450321469598
                       4       701.15931944153351     0.022353317603123861      0.11790025113037696       68.665735102403445        3.029967804846351      0.96400936619305688     0.043859947132963498     0.023670183979666477   2.0696566249532695e-09       2.1045919762829826       2.1045919762829826        1398.109454930501                                                 1387.7297233305414                                              10.379731599959511
                       1       701.50507807162955     0.022353317603123861      0.11790025113037696       68.665735102403445       3.0256694127925092      0.96856028991472642     0.043859947132963498     0.023670183979666477   2.0607795216654106e-09       2.1045919762829826       2.1045919762829826       1398.8009721906931                                                 1388.4212405907335                                              10.379731599959511
                       3       701.09305453483876     0.022409268359980493      0.11809850193801312       68.822566947973826       3.0349245594443675      0.96740287996059537     0.048524248527839056    0.0062380567137880899   2.0799408721335839e-09       2.1045919762829826       2.1045919762829826       1397.9769251171115                                                 1387.6829750284394                                              10.293950088672126
                       3       700.34307086767387     0.022409268359980493      0.11809850193801312       68.822566947973826       3.0351268780221199      0.96445611940257048     0.048524248527839056    0.0062380567137880899   2.0803617253844233e-09       2.1045919762829826       2.1045919762829826       1396.4769577827817                                                 1386.1830076941096                                              10.293950088672126
                       2       701.42460173651625      0.02249096000857621      0.11745353264109093       68.932569830545191       3.0352794366972868      0.96603551538350962     0.049595238225917632     0.031297704774864293   2.0806791268236715e-09       2.1045919762829826       2.1045919762829826       1398.6400195204665                                                 1388.2521042198894                                              10.387915300577122
                       1       701.31407663429854     0.022471016470290501      0.11723422774859255       68.953721756839244       3.0353136628099637      0.96737777417016813      0.05015396207068102     0.035305785767349898   2.0807503416006062e-09       2.1045919762829826       2.1045919762829826       1398.4189693160311                                                 1387.9093413608275                                              10.509627955203459
                       1       700.72896690908124     0.022551582975946491      0.11720452805373022       68.786487014539716       3.0391783476937539      0.96397389747270124     0.051387462689975544       0.0538322138732098   2.0888073448539327e-09       2.1045919762829826       2.1045919762829826       1397.2487498655964                                                 1386.9385891178126                                               10.31016074778371
                      19        698.9178549381819     0.022489678840267511      0.11752091350785035       68.924050185070541       3.0356310123516308      0.96277524665224401     0.049621704218584806    0.0048962064210851183    2.081410771555866e-09       2.1045919762829826       2.1045919762829826       1393.6265259237978                                                 1383.2657997158904                                              10.360726207907472
                       5       698.60913048601071     0.022475057639756262      0.11755799814286411       68.895206677527241       3.0378789002383324      0.96270324472135327     0.050745078468754819    0.0039824876345024426   2.0860948122432864e-09       2.1045919762829826       2.1045919762829826       1393.0090770194554                                                 1382.6666112854055                                               10.34246573404995
                       9       698.98850859038532     0.022475057639756262      0.11755799814286411       68.895206677527241       3.0432074165968745      0.96086863377873533     0.050745078468754819    0.0039824876345024426   2.0972402705831874e-09       2.1045919762829826       2.1045919762829826       1393.7678332282046                                                 1383.4253674941547                                               10.34246573404995
                       1       698.98357900613041      0.02234383454985639      0.11745806916643581        68.77003297795487       3.0361183170613582      0.96318182230793259     0.047524623439165352    0.0045348958109643232   2.0824252999998904e-09       2.1045919762829826       2.1045919762829826       1393.7579740596948                                                 1383.4389640738721                                               10.31900998582279
                      10       699.05156759968941     0.022327847956240383      0.11737103127599555       68.802234398605506       3.0359169033295657      0.96414299871461551     0.047737697367367431    0.0040111281032907181    2.082005913185588e-09       2.1045919762829826       2.1045919762829826       1393.8939512468128                                                 1383.5545835185997                                              10.339367728213022
                       1         698.606562026559     0.022327847956240383      0.11737103127599555       68.802234398605506       3.0340259288619928      0.96516137865866092     0.047737697367367431    0.0040111281032907181   2.0780726132193757e-09       2.1045919762829826       2.1045919762829826        1393.003940100552                                                 1382.6645723723389                                              10.339367728213022
                       1       699.74012524790146     0.022154145946896207      0.11765706579449944       68.596809261918693       3.0288279193256913       0.9681204163738768     0.044869304642720209    0.0064459341742595672   2.0672987974157841e-09       2.1045919762829826       2.1045919762829826       1395.2710665432369                                                 1384.9632689682483                                               10.30779757498874
                       3       698.73879954202357     0.022296957637753693      0.11800916346957707       68.617510128843094       3.0326245314723916      0.96326069916665635     0.045570653359106233    0.0012122833234887893   2.0751624473095393e-09       2.1045919762829826       2.1045919762829826       1393.2684151314811                                                 1382.7671167249434                                              10.501298406537725
                       1       698.93744978675295     0.022191191294224089      0.11846272712586124       68.260232137565552       3.0382322782002049      0.96226676495081154     0.047364850621399529     0.010459260442875689   2.0868321224432246e-09       2.1045919762829826       2.1045919762829826       1393.6657156209399                                                 1381.5798601324484                                              12.085855488491491
                       1       701.48534118438226     0.022304301042125042      0.11691371226871239       68.441049043645336       3.0461897463175656      0.96337867024561374     0.054127619836768004     0.036998954802532791   2.1035042685844647e-09       2.1045919762829826       2.1045919762829826       1398.7614984161985                                                 1387.9921254853066                                              10.769372930892013
                       8       701.35025900299706     0.022304301042125042      0.11691371226871239       68.441049043645336       3.0481501779413969      0.96093003876806071     0.054127619836768004     0.036998954802532791   2.1076320897069598e-09       2.1045919762829826       2.1045919762829826       1398.4913340534281                                                 1387.7219611225362                                              10.769372930892013
                       1       700.88039844792365     0.022315948379854986      0.11726235041617455       68.490499556181447       3.0469134644204883      0.95894705723108831     0.052928418690089352      0.01449999633451397   2.1050271637101299e-09       2.1045919762829826       2.1045919762829826       1397.5516129432813                                                 1386.7182557967669                                              10.833357146514444
                       2       700.72916588287853     0.022315948379854986      0.11726235041617455       68.490499556181447       3.0454181304917287      0.95986722446271122     0.052928418690089352      0.01449999633451397   2.1018817974438146e-09       2.1045919762829826       2.1045919762829826        1397.249147813191                                                 1386.4157906666767                                              10.833357146514444
                       9       701.47214773501912     0.022313699467444388      0.11704200663193802       68.528941765924287       3.0444525419280217      0.96067696088499077     0.052911588259904295      0.01668602011576285   2.0998532239592312e-09       2.1045919762829826       2.1045919762829826       1398.7351115174722                                                 1388.0952818919632                                              10.639829625508945
                       1       701.47670092952887     0.022331552423961835      0.11700463205543689       68.558354796319179       3.0455945885568365      0.96050615423843522     0.053563705560814183     0.016410306404536779   2.1022527241644201e-09       2.1045919762829826       2.1045919762829826       1398.7442179064917                                                 1388.1547282389192                                              10.589489667572415
                       1       701.70794260393029     0.022331552423961835      0.11700463205543689       68.558354796319179       3.0463265987868784      0.96076845250586951     0.053563705560814183     0.016410306404536779   2.1037921580365726e-09       2.1045919762829826       2.1045919762829826       1399.2067012552945                                                 1388.6172115877221                                              10.589489667572415
                       5        698.5845791306956      0.02229836589059285      0.11774267414767363       68.464682660943566        3.052739871544266      0.95988464232048287     0.055609650069783086    0.0076618065428886283     2.11732770816522e-09       2.1045919762829826       2.1045919762829826       1392.9599743088252                                                 1381.9249562863286                                              11.035018022496631
                       7       701.38036823545394      0.02229836589059285      0.11774267414767363       68.464682660943566       3.0444988876882944      0.96174306647082142     0.055609650069783086    0.0076618065428886283     2.09995054550856e-09       2.1045919762829826       2.1045919762829826       1398.5515525183419                                                 1387.5165344958452                                              11.035018022496631
                       1       703.88736118422185      0.02229836589059285      0.11774267414767363       68.464682660943566       3.0467804119713291      0.95763349398973685     0.055609650069783086    0.0076618065428886283    2.104747103322225e-09       2.1045919762829826       2.1045919762829826       1403.5655384158777                                                  1392.530520393381                                              11.035018022496631
                       1       704.50470519761473     0.022279691718969586      0.11773831476418292       68.476428542153087       3.0463110965997542       0.9576531125546891     0.055492522261954558   0.00094876951826434498   2.1037595449096563e-09       2.1045919762829826       2.1045919762829826       1404.8002264426634                                                 1393.8429774329597                                              10.957249009703634
                       1       704.64020835227052     0.022270703493124325      0.11763248483964625       68.436890685639881        3.048816393398341      0.95815182535735921      0.05694594464103165    0.0088459681818374488   2.1090366946154725e-09       2.1045919762829826       2.1045919762829826        1405.071232751975                                                  1394.027859226125                                              11.043373525849947
                       3       705.28300374211517     0.022269969659726087      0.11742258440677804       68.346886004165711       3.0493965455075021      0.95837639307175193     0.057387096851462711     0.024712543351666082   2.1102606116968615e-09       2.1045919762829826       2.1045919762829826       1406.3568235316643                                                 1395.0133076358632                                              11.343515895801142
                       7       705.92029578535357     0.022206645067729406      0.11753463843044264       68.302320919632976       3.0379000062183361      0.95868758360877593     0.051323773106201669     0.015038579031347777    2.086138841783321e-09       2.1045919762829826       2.1045919762829826       1407.6314076181411                                                 1396.1508150488028                                              11.480592569338254
                       2       704.54810782910215     0.022206645067729406      0.11753463843044264       68.302320919632976       3.0374099840901585      0.96012062437415824     0.051323773106201669     0.015038579031347777   2.0851168380110785e-09       2.1045919762829826       2.1045919762829826       1404.8870317056383                                                 1393.4064391362999                                              11.480592569338254
                       1        704.0077156260586     0.022158659153871146      0.11595555877070224       68.940660456221636       3.0465092027461993      0.97213631349011698     0.060812157984273175     0.021342415874669111   2.1041763538909928e-09       2.1045919762829826       2.1045919762829826       1403.8062472995512                                                 1392.0152386397049                                              11.791008659846327
                       5       703.67365016246436     0.022150297952155278       0.1159645717852672       68.763023907393048       3.0517371670315345      0.97231474523265449     0.063149174163570368     0.045441864706538104   2.1152057181595787e-09       2.1045919762829826       2.1045919762829826       1403.1381163723627                                                  1392.190257919121                                               10.94785845324162
                       3       703.87378036876441     0.022135149499880269      0.11594161795215127       68.773592826308487       3.0497623725799703      0.97242194436298568      0.06224825006230688      0.04075178230595719   2.1110327433833094e-09       2.1045919762829826       2.1045919762829826       1403.5383767849628                                                 1392.5112058480918                                              11.027170936871052
                       3       703.92947792988946     0.022037265604620857      0.11579620422190663       68.618559069546791       3.0503279609158085      0.97646275584682307     0.062923983117366994     0.069340434448422833   2.1122270565925126e-09       2.1045919762829826       2.1045919762829826       1403.6497719072129                                                 1392.8245450586685                                              10.825226848544355
                       3       703.81044966719537     0.022037265604620857      0.11579620422190663       68.618559069546791       3.0632145428761408      0.96797042246366971     0.062923983117366994     0.069340434448422833   2.1396225819007577e-09       2.1045919762829826       2.1045919762829826       1403.4117153818247                                                 1392.5864885332803                                              10.825226848544355
                       1       703.54766158405641     0.022032072903448992      0.11571597010850505       68.567635010869779       3.0543098312791388      0.96780689785199314     0.058248717349501981     0.074384861276476102   2.1206544381453255e-09       2.1045919762829826       2.1045919762829826       1402.8861392155468                                                 1392.2061963051663                                              10.679942910380523
                       2       701.75366625774825     0.022032072903448992      0.11571597010850505       68.567635010869779       3.0416747712164058      0.97993020202153891     0.058248717349501981     0.074384861276476102   2.0940284069234678e-09       2.1045919762829826       2.1045919762829826       1399.2981485629305                                                 1388.6182056525499                                              10.679942910380523
                       1       701.79133542840987     0.022018712644639206      0.11575862113856666       68.549554960428381        3.041950036422207      0.98002359674396822     0.058342583547024415     0.073637930379725394   2.0946048994243763e-09       2.1045919762829826       2.1045919762829826       1399.3734869042537                                                 1388.7392334196322                                              10.634253484621446
                       2       701.43939702393754     0.022032119703839115      0.11585145654230766       68.547920983950988       3.0421682584370582      0.97956007316604143     0.058223914478915791     0.073160105575991452   2.0950620382029046e-09       2.1045919762829826       2.1045919762829826       1398.6696100953091                                                 1388.0922895385227                                              10.577320556786315
                       4       701.17282449161303     0.022069802636450187       0.1159409741951191       68.305186303925012       3.0419957665122666      0.97716692115246218     0.057149601127933942     0.097758038495574393    2.094700688085262e-09       2.1045919762829826       2.1045919762829826         1398.13646503066                                                 1387.8301627564674                                              10.306302274192573
                       1        702.0983660612701     0.022009433887469419      0.11579775447527757       68.237934806833024       3.0418990283214864       0.9790971229739005     0.057489993750480813      0.10716332497395209   2.0944980603315499e-09       2.1045919762829826       2.1045919762829826       1399.9875481699742                                                 1389.6732219585044                                              10.314326211469663
                       2       702.13173130176563     0.022001526946417795      0.11616241514997637       68.105927275408831       3.0468645290162866      0.97796874754361784     0.059182872708698778      0.11164689346590477   2.1049241558754038e-09       2.1045919762829826       2.1045919762829826       1400.0542786509652                                                 1389.4036726691909                                              10.650605981774353
                       7       702.09980266813216      0.02199612367166871      0.11620076600047492         68.1018253967992       3.0461193680998848      0.97795188048926851     0.058739756598595018      0.11029697038721741   2.1033562329124624e-09       2.1045919762829826       2.1045919762829826       1399.9904213836983                                                 1389.3229779177302                                              10.667443465968018
                       1       703.04674545162175     0.022247018370204569      0.11653789350288862        67.69330467707448       3.0528193681939699      0.96828117870828401     0.059321508195901013      0.15668864340706246    2.117496035314978e-09       2.1045919762829826       2.1045919762829826       1401.8843069506775                                                 1386.6887001650859                                              15.195606785591572
                       3       702.83936394616126     0.022259659039071629      0.11658834142470667       67.713654582580361        3.052473674631961      0.96779476101761008     0.059037113214713284      0.15301360014854978   2.1167641570780758e-09       2.1045919762829826       2.1045919762829826       1401.4695439397565                                                 1386.3287016840964                                              15.140842255660019
                       1       702.36859049304542     0.022112587159870856      0.11661733072076026       68.100097354186587       3.0209721217632262      0.97288577202011883     0.044104387358171626     0.098895381232328772   2.0511221400281633e-09       2.1045919762829826       2.1045919762829826       1400.5279970335248                                                 1389.2989815657374                                              11.229015467787441
                       3       702.67646966854636     0.022113673278491456      0.11661878178981924       68.066258885559449        3.020292912077621      0.97262790980854064      0.04364866599035306      0.10185970593992955   2.0497294710149779e-09       2.1045919762829826       2.1045919762829826       1401.1437553845267                                                 1389.7282930717577                                               11.41546231276897
                       4       703.38676615252746     0.022076597476872725      0.11607602679789272       68.130281315671525       3.0192384226418536      0.97554204900004471     0.044394211289587024      0.11024598641686423   2.0475691921374154e-09       2.1045919762829826       2.1045919762829826       1402.5643483524889                                                 1391.8325151784304                                              10.731833174058441
                       4       701.72337581192278      0.02223102954971359      0.11571572101990207       68.445617196486111       3.0255416928924519      0.97557702859165385     0.048377543452697916      0.11196560436330212     2.06051633591825e-09       2.1045919762829826       2.1045919762829826       1399.2375676712795                                                 1388.9579149572519                                              10.279652714027584
                       2       701.58090394341718      0.02223102954971359      0.11571572101990207       68.445617196486111       3.0271536548512152      0.97320334750082182     0.048377543452697916      0.11196560436330212   2.0638404883509982e-09       2.1045919762829826       2.1045919762829826       1398.9526239342683                                                 1388.6729712202407                                              10.279652714027584
                       2       701.56337237741468     0.022250392454252324      0.11571973669804622       68.442226795946681       3.0268600077409751      0.97252442632325797     0.048104096024833815       0.1122903201475845   2.0632345365279525e-09       2.1045919762829826       2.1045919762829826       1398.9175608022633                                                  1388.637151184897                                              10.280409617366312
                       3       701.65511489429934     0.022215864145476237      0.11566638266623351       68.314384903234057        3.030594733425104        0.973063762307667     0.050019716581402793      0.12542435367188745   2.0709545586530115e-09       2.1045919762829826       2.1045919762829826       1399.1010458360327                                                 1388.7479913706377                                              10.353054465394935
                       4       701.42426162122285     0.022388203433889229      0.11545119609984383       68.588717246450756       3.0453092348951092      0.96998712300846579     0.057979050428496048      0.11131794379037203   2.1016529242333266e-09       2.1045919762829826       2.1045919762829826       1398.6393392898797                                                 1388.3116566492449                                              10.327682640634816
                       2       700.35387884483441     0.022314686143146738      0.11626209740962563       68.970791326627534       3.0355314445860659      0.96850580114320883     0.052755005621430123     0.018725033748053024   2.0812035404530595e-09       2.1045919762829826       2.1045919762829826       1396.4985737371028                                                  1385.299587538824                                              11.198986198278783
                       3       699.15477107174797     0.022182384594482657      0.11692226823826793       68.860601658443812       3.0461853792691862       0.9708488086125272     0.057656884362470982     0.011453693069207739   2.1034950824996158e-09       2.1045919762829826       2.1045919762829826       1394.1003581909299                                                 1383.2853096945294                                              10.815048496400614
                       2       699.30591988551873     0.022182298192088418      0.11686704147774418       68.916028452876631       3.0441949368651038      0.97091465870946958     0.056842004216797151    0.0045561500643495328    2.099312360804889e-09       2.1045919762829826       2.1045919762829826       1394.4026558184714                                                 1383.3504038739652                                              11.052251944506217
                       1       699.81450460306519     0.022182298192088418      0.11686704147774418       68.916028452876631        3.048796265705469      0.96588267463940891     0.056842004216797151    0.0045561500643495328   2.1089942449998354e-09       2.1045919762829826       2.1045919762829826       1395.4198252535643                                                 1384.3675733090581                                              11.052251944506217
                       2       699.30719649430898     0.022182298192088418      0.11686704147774418       68.916028452876631       3.0499376984668172      0.96596722285255121     0.056842004216797151    0.0045561500643495328   2.1114028945187957e-09       2.1045919762829826       2.1045919762829826       1394.4052090360519                                                 1383.3529570915457                                              11.052251944506217
                       4       698.79135424839683     0.022182298192088418      0.11686704147774418       68.916028452876631        3.046584306967302      0.97058070900965598     0.056842004216797151    0.0045561500643495328   2.1043343923517177e-09       2.1045919762829826       2.1045919762829826       1393.3735245442276                                                 1382.3212725997214                                              11.052251944506217
                       2       699.88711026856822     0.022182298192088418      0.11686704147774418       68.916028452876631       3.0389671178578634      0.97576931741453032     0.056842004216797151    0.0045561500643495328   2.0883661730172401e-09       2.1045919762829826       2.1045919762829826       1395.5650365845704                                                 1384.5127846400642                                              11.052251944506217
                      10       699.82031498151309     0.022205114353381378      0.11662293010810648       68.923931549079867       3.0322511917459964      0.97585521438364098     0.053616697975162386      0.01238149198684602   2.0743878513319573e-09       2.1045919762829826       2.1045919762829826       1395.4314460104601                                                 1384.2829654861671                                              11.148480524293142
                      11        699.9015477689486     0.022205114353381378      0.11662293010810648       68.923931549079867       3.0313514188971484      0.97708604145141686     0.053616697975162386      0.01238149198684602   2.0725222129166119e-09       2.1045919762829826       2.1045919762829826       1395.5939115853312                                                 1384.4454310610381                                              11.148480524293142
                       1       700.25034348243662     0.022205114353381378      0.11662293010810648       68.923931549079867       3.0455632472104188      0.96230943146019221     0.053616697975162386      0.01238149198684602    2.102186837766024e-09       2.1045919762829826       2.1045919762829826       1396.2915030123072                                                 1385.1430224880141                                              11.148480524293142
                       5       701.29072034269325     0.022205114353381378      0.11662293010810648       68.923931549079867       3.0499012863138861      0.95818173190861144     0.053616697975162386      0.01238149198684602   2.1113260151933809e-09       2.1045919762829826       2.1045919762829826       1398.3722567328205                                                 1387.2237762085274                                              11.148480524293142
                       2       701.52729772880036      0.02220142166942296      0.11635322495798273       68.898730946509374       3.0476156981757585      0.95932618338820708     0.052833995963945599     0.026266712160292208     2.10650590399015e-09       2.1045919762829826       2.1045919762829826       1398.8454115050347                                                 1387.6289152252853                                              11.216496279749544
                       1       701.64672756025288     0.022250036505053049      0.11608227532662617       68.990028006898015       3.0472755932305242      0.95928933321519483     0.053107983178405975     0.028700916534520671   2.1057895927324427e-09       2.1045919762829826       2.1045919762829826       1399.0842711679397                                                 1387.3639781612098                                              11.720293006729952
                      10       701.60592433450302     0.022249263249934675      0.11610776186506279       68.995674290748767       3.0482721977369627      0.95919415833178845     0.053608629012099347     0.026712292171515717   2.1078892782344003e-09       2.1045919762829826       2.1045919762829826         1399.00266471644                                                 1387.2688387859032                                              11.733825930536721
                       1       701.66115377997801      0.02227059711546709      0.11603397627413077       69.038277507954916       3.0496525856749561      0.95899905968932031      0.05446513406132001     0.025614473108685767   2.1108009923538767e-09       2.1045919762829826       2.1045919762829826         1399.11312360739                                                 1387.1472904398695                                              11.965833167520525
                       2       700.77594971127189      0.02227059711546709      0.11603397627413077       69.038277507954916       3.0485920379168605       0.9621869272796838      0.05446513406132001     0.025614473108685767   2.1085635737480066e-09       2.1045919762829826       2.1045919762829826       1397.3427154699777                                                 1385.3768823024573                                              11.965833167520525
                       2       700.78957223047712     0.022266259708441028      0.11604538946415476       69.048491501687494       3.0488375975609543      0.96222078675399458     0.054623490349796917     0.023145399693888423   2.1090814154466346e-09       2.1045919762829826       2.1045919762829826       1397.3699605083882                                                 1385.3346020228262                                              12.035358485562091
                       1       700.79712481350396     0.022186669379605447      0.11689536533110194       68.956270200870961       3.0569064903320902      0.96279089452743249     0.057601392234431018     0.012252544138321704   2.1261682102853752e-09       2.1045919762829826       2.1045919762829826       1397.3850656744419                                                 1386.0863147213865                                              11.298750953055398
                       2       700.58682772418172     0.022415016963091679      0.11708956359891846          69.145139498153       3.0601639490927544       0.9571393442105699     0.058283665265329333    0.0019615219879830156   2.1331054082324903e-09       2.1045919762829826       2.1045919762829826       1396.9644714957974                                                 1385.5868898952504                                              11.377581600547101
                       2       702.75916857058212     0.022397628819754638       0.1182483118416368       68.228109747104128       3.0838985049541341       0.9481377462924111     0.066509619977803025     0.044161720676175797    2.184339319661771e-09       2.1045919762829826       2.1045919762829826       1401.3091531885982                                                 1388.2193103468035                                              13.089842841794653
                       1       702.66565634973767     0.022320458252086225      0.11830594212377529       68.463110856959844       3.0849374271388021      0.95163547864199727     0.067977407905403769     0.017545822150468904   2.1866098574916442e-09       2.1045919762829826       2.1045919762829826       1401.1221287469093                                                 1389.9506967859111                                              11.171431960998184
                       3       703.28971502234072      0.02242373773484636      0.11799791314564388       68.534489501623838       3.0863643179369138       0.9514643661558575     0.068923643794724473     0.037315054693658332   2.1897321380232878e-09       2.1045919762829826       2.1045919762829826       1402.3702460921154                                                 1391.4444066661506                                              10.925839425964831
                       4       702.71609207973188     0.022423221410014953      0.11752593948473254       68.660355057746713       3.0850349969104629      0.95322545628210253     0.069368234609376869     0.037271281053733514   2.1868232149245996e-09       2.1045919762829826       2.1045919762829826       1401.2230002068977                                                 1390.8097122205418                                              10.413287986355908
                       1       701.82940796702223     0.022341787802645664       0.1159466517501468       68.887819148155657       3.0629582101799744      0.95918062224567358     0.061441211547934471     0.042730837433371159   2.1390741969630579e-09       2.1045919762829826       2.1045919762829826       1399.4496319814784                                                 1388.5003625831414                                              10.949269398337064
                       4       701.59824024703664     0.022341787802645664       0.1159466517501468       68.887819148155657       3.0581804831982971      0.96244304459569596     0.061441211547934471     0.042730837433371159   2.1288786595975771e-09       2.1045919762829826       2.1045919762829826       1398.9872965415072                                                 1388.0380271431702                                              10.949269398337064
                       1       701.95116886171013     0.022339460979679291      0.11599718133545557       68.901498138332059       3.0596099820894929      0.96204637438370999     0.062153482883584361     0.036511760026117578   2.1319240654645186e-09       2.1045919762829826       2.1045919762829826       1399.6931537708542                                                 1388.7204401985075                                              10.972713572346626
                       5       701.92540066309357     0.022271541074782318      0.11594455970850547       69.007888676422397       3.0598570623866981      0.96487835141834177     0.063010348012043291     0.026006136766811815   2.1324508869771603e-09       2.1045919762829826       2.1045919762829826       1399.6416173736211                                                 1387.8519695962075                                              11.789647777413562
                       3       701.89005630898941     0.022271541074782318      0.11594455970850547       69.007888676422397       3.0632066313576445      0.96318208613215672     0.063010348012043291     0.026006136766811815   2.1396056543040872e-09       2.1045919762829826       2.1045919762829826       1399.5709286654128                                                 1387.7812808879992                                              11.789647777413562
                       1       702.92386043830254     0.022315079019997474      0.11533070615447483       69.312240912548333       3.0530215374647094      0.96648730279457251     0.059266701329979458     0.026904685276778209   2.1179241712207352e-09       2.1045919762829826       2.1045919762829826        1401.638536924039                                                 1386.7673840712105                                              14.871152852828679
                       3        702.8198860750125     0.022315079019997474      0.11533070615447483       69.312240912548333       3.0493911291065441      0.96851471981456205     0.059266701329979458     0.026904685276778209   2.1102491817102173e-09       2.1045919762829826       2.1045919762829826        1401.430588197459                                                 1386.5594353446304                                              14.871152852828679
                       4       702.84132065080928     0.022315079019997474      0.11533070615447483       69.312240912548333       3.0497481597120237      0.96806437870604822     0.059266701329979458     0.026904685276778209   2.1110027397669163e-09       2.1045919762829826       2.1045919762829826       1401.4734573490525                                                  1386.602304496224                                              14.871152852828679
                       2       703.45662125646584     0.022196203869443751      0.11552447784053128       69.261229794185752       3.0519960114721232      0.96885822133211807     0.060593722538531312    0.0057820701115670406   2.1157532982664016e-09       2.1045919762829826       2.1045919762829826       1402.7040585603656                                                 1387.9771061295028                                              14.726952430862797
                       8       703.34098697716627     0.022196203869443751      0.11552447784053128       69.261229794185752       3.0491248424043089      0.97474023096427931     0.060593722538531312    0.0057820701115670406   2.1096873252255006e-09       2.1045919762829826       2.1045919762829826       1402.4727900017665                                                 1387.7458375709036                                              14.726952430862797
                       3       703.20324504705354     0.022256955619370238      0.11550979000160012       69.301706299105732       3.0473947996444672       0.9734846430490367     0.059493396621821952    0.0069611925174371319   2.1060406313207188e-09       2.1045919762829826       2.1045919762829826        1402.197306141541                                                 1387.4388142886755                                              14.758491852865619
                       1       703.28550428662879     0.022256955619370238      0.11550979000160012       69.301706299105732       3.0443898180376419       0.9754772742636697     0.059493396621821952    0.0069611925174371319   2.0997215171264234e-09       2.1045919762829826       2.1045919762829826       1402.3618246206916                                                  1387.603332767826                                              14.758491852865619
                       1       703.81976413088159     0.022256955619370238      0.11550979000160012       69.301706299105732       3.0525989074058364      0.96436717042623377     0.059493396621821952    0.0069611925174371319   2.1170292619246682e-09       2.1045919762829826       2.1045919762829826       1403.4303443091972                                                 1388.6718524563316                                              14.758491852865619
                       3       703.86925091991293     0.022257255294360005      0.11533596290057806       69.282902030726859       3.0518175966304346      0.96533718758297415     0.059336699521537632     0.018927252391609417    2.115375850148814e-09       2.1045919762829826       2.1045919762829826       1403.5293178872598                                                 1388.6771396861247                                              14.852178201135185
                       5       700.90482426456344     0.022349654695527053      0.11684902562200059       68.649464643235177       3.0671918394151407      0.95642608202702795     0.062715250262087879     0.050175868425292598   2.1481494410738068e-09       2.1045919762829826       2.1045919762829826       1397.6004645765609                                                 1387.3008641866145                                              10.299600389946287
                       1       700.74206790942605     0.022349654695527053      0.11684902562200059       68.649464643235177       3.0598357353229195      0.96938415519055676     0.062715250262087879     0.050175868425292598   2.1324054085460515e-09       2.1045919762829826       2.1045919762829826       1397.2749518662861                                                 1386.9753514763397                                              10.299600389946287
                       8       699.63681924908883     0.022322380770295067      0.11697023425817403       68.896651428616536       3.0431844612316628      0.97083632376005013     0.054487683805625929     0.018762043880599905    2.097192128219404e-09       2.1045919762829826       2.1045919762829826       1395.0644545456116                                                 1384.4355076792679                                              10.628946866343686
                       3       698.99436883840281     0.022344135439073289      0.11723569534228329        68.67230745703587       3.0472295981084181      0.96646299622489806     0.055450887093353676      0.01872618252949344   2.1056927389104143e-09       2.1045919762829826       2.1045919762829826       1393.7795537242396                                                 1383.4237012041078                                              10.355852520131839
                       4       699.80159478890664     0.022353282679927727      0.11699235791505341       68.834264138003604       3.0335915433716267      0.96731913210031339     0.049034427501043129    0.0073172936414952778   2.0771701246564254e-09       2.1045919762829826       2.1045919762829826       1395.3940056252472                                                 1384.9766491984108                                              10.417356426836548
                      11       700.15445186417537     0.022353282679927727      0.11699235791505341       68.834264138003604       3.0349374198359205      0.96664493775827198     0.049034427501043129    0.0073172936414952778   2.0799676211596075e-09       2.1045919762829826       2.1045919762829826       1396.0997197757847                                                 1385.6823633489482                                              10.417356426836548
                       4       700.89626856526877     0.022353282679927727      0.11699235791505341       68.834264138003604       3.0308746887789688      0.97086959950987473     0.049034427501043129    0.0073172936414952778    2.071534414632423e-09       2.1045919762829826       2.1045919762829826       1397.5833531779715                                                  1387.165996751135                                              10.417356426836548
                       1       700.83844754787151     0.022353983165393436      0.11705709030153809       68.794161213674897       3.0312203157453301      0.97038707137108271     0.048996094661057858    0.0087478685386713807   2.0722505165328001e-09       2.1045919762829826       2.1045919762829826        1397.467711143177                                                 1387.1040558849343                                              10.363655258242774
                       3       699.66254807429789      0.02223816789229914      0.11742814671227073       68.659129880698913        3.033151074033638      0.97261575276650458       0.0496347837484113     0.010846889613438333    2.076255396376397e-09       2.1045919762829826       2.1045919762829826       1395.1159121960297                                                 1384.8122675750894                                              10.303644620940245
                       2       698.79680821270813      0.02223816789229914      0.11742814671227073       68.659129880698913       3.0358148388644017      0.96915670804624654       0.0496347837484113     0.010846889613438333   2.0817934252095107e-09       2.1045919762829826       2.1045919762829826       1393.3844324728502                                                 1383.0807878519099                                              10.303644620940245
                       2       700.24118931823705     0.022158645506728001      0.11689250949344862        68.53877007079619        3.037054096619884      0.97284208699753894     0.051327866987911544     0.039604469856167182   2.0843749030848748e-09       2.1045919762829826       2.1045919762829826       1396.2731946839081                                                 1385.9851574658676                                              10.288037218040424
                       1       700.21826868318703     0.022165510631064676      0.11689571361734929       68.547964789134781        3.036689952917496      0.97265216438118407     0.051117460346953428     0.038656900415268251   2.0836160292684474e-09       2.1045919762829826       2.1045919762829826        1396.227353413808                                                 1385.9393116928527                                              10.288041720955382
                       6       702.30028541802005     0.022041141993897697      0.11661496588752193       68.484671148120526       3.0302343748150307        0.975777571543746     0.048672301876288245     0.040365053999264169   2.0702084067959277e-09       2.1045919762829826       2.1045919762829826       1400.3913868834741                                                 1390.1042591971279                                              10.287127686346135
                       2       701.69402662519781     0.022104680315578197      0.11663593251077495       68.519836704457276       3.0319591297768516      0.97399718296635629     0.049304973609408546     0.038485320325856401   2.0737820899955575e-09       2.1045919762829826       2.1045919762829826       1399.1788692978296                                                 1388.8892412803441                                              10.289628017485512
                       1        701.7145319952416     0.022102769219648044      0.11663305995868259       68.519726103805183       3.0319842821241565      0.97403350635591956     0.049332764369856494     0.038282329048405464   2.0738342511389046e-09       2.1045919762829826       2.1045919762829826       1399.2198800379172                                                 1388.9299894782894                                              10.289890559627763
                       1       700.65613484604444     0.022102769219648044      0.11663305995868259       68.519726103805183       3.0343524690991153      0.96943366056577951     0.049332764369856494     0.038282329048405464   2.0787512983462245e-09       2.1045919762829826       2.1045919762829826       1397.1030857395228                                                  1386.813195179895                                              10.289890559627763
                       2       701.23152510616103     0.022036799900231979      0.11731291909821102       68.051670903441391       3.0439604097569446      0.96687250728552743     0.052358422646707675     0.059834469863078388   2.0988200728774752e-09       2.1045919762829826       2.1045919762829826        1398.253866259756                                                 1386.4182428352326                                              11.835623424523369
                       7       701.51475786067385     0.022036799900231979      0.11731291909821102       68.051670903441391       3.0445575562408425      0.96470257962316874     0.052358422646707675     0.059834469863078388   2.1000737501815716e-09       2.1045919762829826       2.1045919762829826       1398.8203317687817                                                 1386.9847083442583                                              11.835623424523369
                       3         701.705834248619     0.022033625781198118      0.11726984282326279       68.055607797025502       3.0437154323299245      0.96474871672095441      0.05201330659255185     0.059083362809479296   2.0983059723103316e-09       2.1045919762829826       2.1045919762829826        1399.202484544672                                                 1387.4217297646337                                              11.780754780038274
                       5       701.54098658972964     0.022033625781198118      0.11726984282326279       68.055607797025502       3.0330716354871612      0.97275005275061399      0.05201330659255185     0.059083362809479296   2.0760904682165079e-09       2.1045919762829826       2.1045919762829826       1398.8727892268932                                                  1387.092034446855                                              11.780754780038274
                       1       701.89184066278926     0.022039957289106148      0.11756902037782305       67.901327576182879       3.0410073902552943      0.97110585017352991     0.055255559775537477     0.066933923338221291    2.092631358466285e-09       2.1045919762829826       2.1045919762829826       1399.5744973730125                                                 1386.3468951117754                                              13.227602261236939
                       2       701.83263473380725      0.02194968576291767       0.1180259948435428       68.036677490888138       3.0424692467523586      0.97226948941401892     0.056053894502745068     0.028661640770683755   2.0956927223057448e-09       2.1045919762829826       2.1045919762829826       1399.4560855150485                                                 1387.3009602958919                                              12.155125219156686
                       4       701.53414702275074     0.021969215311164306      0.11806905642825337         68.0488055803675       3.0422647146327595       0.9717809859453499     0.055801295590041128       0.0281200492892562   2.0952641296631982e-09       2.1045919762829826       2.1045919762829826       1398.8591100929355                                                 1386.6688537897021                                              12.190256303233244
                       1       701.42094013376413     0.021980003476748645      0.11808713924181526       68.044901376808241       3.0425512461823154      0.97152676526182213     0.055855710466485707     0.029485155622805417   2.0958645749601519e-09       2.1045919762829826       2.1045919762829826       1398.6326963149622                                                 1386.3567762116184                                              12.275920103343953
                      10       700.55980728791792     0.021980003476748645      0.11808713924181526       68.044901376808241        3.042239513797846      0.97304531333919653     0.055855710466485707     0.029485155622805417   2.0952113279230928e-09       2.1045919762829826       2.1045919762829826       1396.9104306232698                                                 1384.6345105199259                                              12.275920103343953
                       1       700.43812055043566     0.022177932694945588      0.11707199807732735       68.457231448722155       3.0203673048120838      0.97290424237712825     0.046095567623249623     0.033257211871132661   2.0498819616672636e-09       2.1045919762829826       2.1045919762829826       1396.6670571483053                                                 1386.2152340998657                                              10.451823048439524
                       1       700.46029963376088      0.02218172064350522      0.11728034348328799       68.537597678587829       3.0193580893728633      0.97176235512038234     0.045382299129699988      0.01209797594573923   2.0478142327104643e-09       2.1045919762829826       2.1045919762829826       1396.7114153149557                                                 1386.3197058906408                                              10.391709424314945
                       1       699.84924490353774     0.022131021539627489      0.11721407923065419       68.409503418284316       3.0235318321578322      0.97590763746204501     0.047663953353665474     0.050401839756711031    2.056379144024111e-09       2.1045919762829826       2.1045919762829826       1395.4893058545094                                                 1385.0555588862699                                               10.43374696823955
                       2       700.33985463418242     0.022071410215304184      0.11752865553424471        68.37198555352272       3.0202603852611261      0.97601299494230642     0.045599437882017396     0.037554211591161783   2.0496628009248986e-09       2.1045919762829826       2.1045919762829826       1396.4705253157988                                                 1385.9478257942583                                              10.522699521540416
                       1       699.64085742684586     0.022088620015973469      0.11795097532697704       68.498755062656599       3.0283445375297191       0.9746521648806401      0.04937636871795658     0.010193840482906114   2.0662997442917777e-09       2.1045919762829826       2.1045919762829826       1395.0725309011257                                                  1384.677108166868                                              10.395422734257611
                       1       699.89651461969868     0.022088620015973469      0.11795097532697704       68.498755062656599       3.0385686668192937      0.96549920663231337      0.04937636871795658     0.010193840482906114   2.0875342271025515e-09       2.1045919762829826       2.1045919762829826       1395.5838452868313                                                 1385.1884225525737                                              10.395422734257611
                       3       700.06202517849647     0.022060279007666751      0.11796564988051272       68.444441325344499       3.0398182535242957      0.96588427363131046     0.050017822861319734     0.012941899415103717   2.0901444126058836e-09       2.1045919762829826       2.1045919762829826       1395.9148664044269                                                 1385.4458095178695                                              10.469056886557398
                       7       700.05964754596789     0.022169280696199268      0.11773362909980016       68.747830114150176       3.0417748601956669      0.96622805023068992     0.051683298395985143    0.0052162085182671002   2.0942380065783935e-09       2.1045919762829826       2.1045919762829826       1395.9101111393697                                                 1385.5636794988977                                              10.346431640472098
                       1       699.40286339307625     0.022066462512600318      0.11753438797239658       68.481013426889291       3.0399964146982885      0.96657815387975088     0.050918381301887534     0.018330872452051977   2.0905168283622768e-09       2.1045919762829826       2.1045919762829826       1394.5965428335865                                                 1384.2579910437214                                              10.338551789865098
                       1       699.32610699775728     0.022066462512600318      0.11753438797239658       68.481013426889291       3.0395003642000744       0.9670348613513684     0.050918381301887534     0.018330872452051977   2.0894800836081776e-09       2.1045919762829826       2.1045919762829826       1394.4430300429485                                                 1384.1044782530835                                              10.338551789865098
                       3       699.02748436060165     0.022089594936831578      0.11779165824019151       68.397963671817564       3.0451250427546186      0.96518398542265726     0.053107158482782586     0.019468962019530685    2.101265851931576e-09       2.1045919762829826       2.1045919762829826       1393.8457847686373                                                 1383.2359043787603                                              10.609880389877036
                       2       698.22356803180094     0.022198262991899767       0.1175703905865204       68.482899731992518       3.0449963973742808      0.96343188698282489     0.053076607950043861     0.025248359459324958   2.1009955511737084e-09       2.1045919762829826       2.1045919762829826       1392.2379521110358                                                 1381.7231792095329                                              10.514772901502949
                      13       698.19759223411825     0.022264718032336938      0.11783076593847494       68.398707663266734       3.0483056747192108      0.96074710886212422     0.053809565073739719     0.031880755925614727   2.1079598451875262e-09       2.1045919762829826       2.1045919762829826       1392.1860005156705                                                 1381.1276110769948                                               11.05838943867561
                       2       698.07464191202655     0.022258829508795978      0.11769674271009561       68.503157704504474       3.0443721701205031      0.96200482021418787     0.052267258629961393     0.026793746017512884   2.0996844617420506e-09       2.1045919762829826       2.1045919762829826       1391.9400998714871                                                 1381.3452478242432                                              10.594852047243867
                       1       698.30338096078401      0.02233150717018571      0.11764146544662334       68.474741653404905       3.0419608422175086      0.96031753712410484     0.050636706680257722     0.037814606671284695   2.0946275334184469e-09       2.1045919762829826       2.1045919762829826        1392.397577969002                                                 1381.5746772231703                                              10.822900745831699
                       2       698.36158710575853      0.02233150717018571      0.11764146544662334       68.474741653404905       3.0419652277926996      0.96012109711381444     0.050636706680257722     0.037814606671284695    2.094636719585135e-09       2.1045919762829826       2.1045919762829826        1392.513990258951                                                 1381.6910895131193                                              10.822900745831699
                       5       699.50076859402532     0.022282075079208378      0.11751529459593221        68.33771769220624       3.0454016865889257      0.96278936621154665     0.052588939820116566      0.06605557796156869    2.101847234588009e-09       2.1045919762829826       2.1045919762829826       1394.7923532354846                                                 1383.7098387573285                                              11.082514478156043
                       2       699.59646205552031     0.022275613153261587      0.11751907314590819       68.320728376723281       3.0448438306123524      0.96287870639435702     0.052277228427572021      0.06734900294477926   2.1006750335364306e-09       2.1045919762829826       2.1045919762829826       1394.9837401584746                                                 1383.8413788395501                                               11.14236131892457
                       3       699.60038294694664     0.022317372662285586      0.11739245731987404        68.39125709626876        3.042728506387069      0.96270389153027114     0.051345932070561234     0.068626133923231164   2.0962361212730602e-09       2.1045919762829826       2.1045919762829826       1394.9915819413272                                                 1384.1100043070003                                              10.881577634326874
                       9       700.16703882381091     0.022485930317492707      0.11739866942135538       68.421857299365598       3.0453636596620455      0.95855848012728573      0.05192798905069524     0.077609018317064696   2.1017673093165715e-09       2.1045919762829826       2.1045919762829826       1396.1248936950558                                                 1384.8619168975229                                              11.262976797532829
                      10       699.82174527005009     0.022345339906448932      0.11688139735283318       68.609971516452617       3.0423061979079087      0.96522838594396898      0.05243868909766445     0.070014809605110848   2.0953510498844546e-09       2.1045919762829826       2.1045919762829826       1395.4343065875341                                                 1385.1462286417477                                              10.288077945786361
                       2       702.40135397226379     0.022352531638883979      0.11792308208229473       68.779180968779556       3.0469132874386604      0.96378278992134625     0.053476194222696852     0.028688264317538438   2.1050267911586076e-09       2.1045919762829826       2.1045919762829826       1400.5935239919615                                                 1390.3119512892806                                              10.281572702680826
                       6       700.65959185375414     0.022531741344805557      0.11869282655106674       68.550995480093476        3.062271228416761       0.9526427646802611     0.058700581800880211     0.014191066813617542   2.1376051966455718e-09       2.1045919762829826       2.1045919762829826       1397.1099997549422                                                 1385.4070188025887                                              11.702980952353556
                       5       701.75349226540402     0.022531741344805557      0.11869282655106674       68.550995480093476       3.0744467524637784      0.94533949486765689     0.058700581800880211     0.014191066813617542   2.1637907480402708e-09       2.1045919762829826       2.1045919762829826        1399.297800578242                                                 1387.5948196258885                                              11.702980952353556
                       1       702.51151869062585     0.022755868597012084       0.1177060940405765        68.90078715808724       3.0537010236106794      0.94273973007734457     0.049174830623070057     0.013771848942791995   2.1193637603883537e-09       2.1045919762829826       2.1045919762829826       1400.8138534286857                                                 1390.2149043019276                                              10.598949126758125
                       1        703.0181340476596     0.022558441856133454      0.11734823448816721       68.672761142583468       3.0442979929876666      0.94917953561892898     0.045276488280470373     0.045990720006875346   2.0995287189451658e-09       2.1045919762829826       2.1045919762829826       1401.8270841427532                                                 1391.2405126628544                                              10.586571479898716
                       1       703.30632570589728     0.022583853389858938      0.11711532345621063       68.633881214343361       3.0499316641230054      0.95006895456905871     0.048434146660506203     0.067567940681333497    2.111390153626247e-09       2.1045919762829826       2.1045919762829826       1402.4034674592285                                                 1391.7917241179437                                              10.611743341284971
                       2       701.69041263984502     0.022583853389858938      0.11711532345621063       68.633881214343361       3.0451828270283565      0.95344377084428444     0.048434146660506203     0.067567940681333497   2.1013872755609148e-09       2.1045919762829826       2.1045919762829826        1399.171641327124                                                 1388.5598979858391                                              10.611743341284971
                       4       701.12330151275557     0.022565531156056716      0.11844148516782463       68.300453870857439        3.059187070270895      0.94723836203532819     0.052752289326796133     0.048876022535043098   2.1310226402060132e-09       2.1045919762829826       2.1045919762829826       1398.0374190729451                                                 1384.4705369127764                                              13.566882160168664
                       2       700.85628897163258     0.022513526898099875      0.11847175807813444       68.282832093803208       3.0586355053168028      0.94849731928586278     0.052634749135216659     0.046860759807562012   2.1298475668957175e-09       2.1045919762829826       2.1045919762829826       1397.5033939906991                                                 1384.0831703177289                                              13.420223672970225
                       1       702.06015582358179     0.022497253801502338      0.11786411704496705        68.53377273896686       3.0796336981033638      0.95308221617616462     0.065536488536573151     0.048694863062309808   2.1750433711692805e-09       2.1045919762829826       2.1045919762829826       1399.9111276945976                                                 1388.8485110255183                                              11.062616669079301
                       1       701.48240715259101     0.022414359227361305       0.1172122285797268       68.490797679611703       3.0771809643480763      0.95641124423743318     0.065688521376842918     0.063520438025537931   2.1697151059527696e-09       2.1045919762829826       2.1045919762829826        1398.755630352616                                                 1388.0197045382763                                              10.735925814339589
                       1       700.21869949349343     0.022470307479301573      0.11687525926110419       68.962464883681463       3.0678196265367483      0.95760953277543359     0.062254006523808136     0.024971040218758796   2.1494984450275506e-09       2.1045919762829826       2.1045919762829826       1396.2282150344208                                                 1385.6376596046189                                              10.590555429802011
                       1       700.48833535990059     0.022478582034629123      0.11676127626111089       68.969662725936246       3.0672845180733037      0.95813014535803298     0.062147786475480291     0.031382778350036382   2.1483485379074105e-09       2.1045919762829826       2.1045919762829826       1396.7674867672351                                                 1386.1252513700165                                              10.642235397218592
                       2       700.34453819981161     0.022478582034629123      0.11676127626111089       68.969662725936246       3.0645479429860507      0.96072437277169165     0.062147786475480291     0.031382778350036382   2.1424774578095679e-09       2.1045919762829826       2.1045919762829826       1396.4798924470572                                                 1385.8376570498385                                              10.642235397218592
                       2       700.22111565746536      0.02234930275050263      0.11655955476641978       68.778589335944588       3.0635625596552849      0.96259283099797177     0.062145538890459484     0.038829747121951752   2.1403673360462473e-09       2.1045919762829826       2.1045919762829826       1396.2330473623647                                                 1385.8126285425637                                              10.420418819800853
                       1       700.36688691475956     0.022263480948244051      0.11634538123812614        68.94893038740247       3.0583882138833358      0.96617160099922517     0.060672647069649213      0.02159937487258454   2.1293209389558064e-09       2.1045919762829826       2.1045919762829826       1396.5245898769531                                                 1385.2822806239808                                              11.242309252972316
                       4       700.20270256767731     0.022263480948244051      0.11634538123812614        68.94893038740247       3.0570955365913299      0.96717745532660726     0.060672647069649213      0.02159937487258454   2.1265701924274569e-09       2.1045919762829826       2.1045919762829826       1396.1962211827886                                                 1384.9539119298163                                              11.242309252972316
                       2       700.06690445654601     0.022268254728799858      0.11638602609830417        68.95614409546161        3.056839977743492      0.96691407278341646     0.060460328665980813     0.019468762069072037   2.1260267980368135e-09       2.1045919762829826       2.1045919762829826        1395.924624960526                                                 1384.6891828119813                                              11.235442148544623
                       1       700.06092190404559     0.022307068893170256      0.11657473734396974       68.877082391991706       3.0594356122340893      0.96675414785070846     0.061112078422233457     0.038849257489178342   2.1315523545820203e-09       2.1045919762829826       2.1045919762829826       1395.9126598555251                                                 1385.1317945841611                                              10.780865271364082
                       1       700.61291036341163     0.022307068893170256      0.11657473734396974       68.877082391991706        3.054331584352763       0.9723877814861539     0.061112078422233457     0.038849257489178342   2.1207005693991966e-09       2.1045919762829826       2.1045919762829826       1397.0166367742572                                                 1386.2357715028932                                              10.780865271364082
                       3        700.9705352852601       0.0225003792384256       0.1168633584586749       68.560738092708107       3.0579826846292013      0.96446675243968261     0.060703987828712516     0.070764180622158529   2.1284576120876006e-09       2.1045919762829826       2.1045919762829826       1397.7318866179542                                                 1387.1276763857932                                              10.604210232160924
                       4       700.87488166334288     0.022470056548156113      0.11652008787376329       69.104915762858312       3.0447276999602249      0.96881064765387137     0.055866227803581234     0.023607104331857101    2.100431094939526e-09       2.1045919762829826       2.1045919762829826       1397.5405793741197                                                 1386.2284217629183                                              11.312157611201441
                       1       703.60865033264997      0.02256514354896651      0.11679212744082346       68.846792953509876       3.0240019280957049      0.96533112260149978     0.043280217915902745     0.056445332082610884   2.0573460667618619e-09       2.1045919762829826       2.1045919762829826       1403.0081167127339                                                 1392.6755124072549                                              10.332604305479018
                       4       703.55319554096457      0.02256514354896651      0.11679212744082346       68.846792953509876       3.0226266988691664      0.96633714100066936     0.043280217915902745     0.056445332082610884   2.0545186889136805e-09       2.1045919762829826       2.1045919762829826       1402.8972071293631                                                 1392.5646028238841                                              10.332604305479018
                       3       704.61062881665055      0.02256514354896651      0.11679212744082346       68.846792953509876       3.0127353147853402      0.97258135452581751     0.043280217915902745     0.056445332082610884    2.034296831408371e-09       2.1045919762829826       2.1045919762829826       1405.0120736807351                                                 1394.6794693752561                                              10.332604305479018
                       3       703.25471121310363      0.02256514354896651      0.11679212744082346       68.846792953509876       3.0217280590777147      0.96071476169511616     0.043280217915902745     0.056445332082610884   2.0526732459859563e-09       2.1045919762829826       2.1045919762829826       1402.3002384736412                                                 1391.9676341681622                                              10.332604305479018
                       2       705.43096107256486     0.022289985697584485       0.1164379897412743       68.488409824035315       3.0088041275983928      0.96814500652042912      0.03757809029024807     0.093353788235573665   2.0263153284403884e-09       2.1045919762829826       2.1045919762829826       1406.6527381925637                                                 1396.3460820511536                                              10.306656141410096
                       1       704.50677621865532     0.022222570174185257      0.11605136104635588       68.420886529414474       3.0163661281792256      0.97137102773605333     0.042428920129159928      0.11315175279541501    2.041696408704234e-09       2.1045919762829826       2.1045919762829826       1404.8043684847446                                                 1394.5164041080322                                              10.287964376712299
                       4        704.3081813264323      0.02221551220336309      0.11610281273124305       68.382259338953446       3.0167038848841652      0.97094245263191026     0.042452143534874295       0.1127316310603461   2.0423861218267838e-09       2.1045919762829826       2.1045919762829826       1404.4071787002986                                                 1394.0883394977038                                              10.318839202594825
                       1       704.69378628341337      0.02221551220336309      0.11610281273124305       68.382259338953446       3.0244327383627567      0.96600792727988738     0.042452143534874295       0.1127316310603461   2.0582325835168503e-09       2.1045919762829826       2.1045919762829826       1405.1783886142607                                                  1394.859549411666                                              10.318839202594825
                       1       704.51216452810911     0.022204654452036888        0.116095615500066       68.407970034940874       3.0244206249209875      0.96631757620545433     0.042580758816416014      0.10864033946140995   2.0582076513873098e-09       2.1045919762829826       2.1045919762829826       1404.8151451036522                                                 1394.5221311162557                                              10.293013987396444
                       6       704.69432991659698     0.022196824299848601      0.11668421249434559       68.404990590205415       3.0293571444260139      0.96555756394879177     0.044208108782694669     0.096319628352400669   2.0683931533840247e-09       2.1045919762829826       2.1045919762829826       1405.1794758806279                                                 1394.8263066209213                                              10.353169259706647
                       6       704.74718969426976     0.022200663982142765      0.11680664599603537       68.501403726210455       3.0230942236789744      0.96491013478636078     0.040909963375165115     0.077630153951252334   2.0554794519457387e-09       2.1045919762829826       2.1045919762829826       1405.2851954359735                                                 1394.9973439483035                                              10.287851487670011
                       8       703.86800998279159     0.022218515545798512      0.11757505369767512       68.365774064723325       3.0316171208717373      0.96135447078320591     0.043633294854770792      0.06699548605421006   2.0730729593249268e-09       2.1045919762829826       2.1045919762829826       1403.5268360130171                                                 1392.7656253724647                                               10.76121064055252
                       2       705.13414306776474     0.022229150190172572      0.11797948445233984       68.210934654739034       3.0426012130153386      0.96001530540938096     0.048286549063056391     0.077851067596813192   2.0959693012918083e-09       2.1045919762829826       2.1045919762829826       1406.0591021829634                                                 1394.3328829697225                                               11.72621921324105
                       3       704.25514711711492     0.022349395127083324       0.1181455349063508       67.730606658959246       3.0515922513806273      0.95129686448952766     0.050849218292315097      0.10669013769144103   2.1148992139552933e-09       2.1045919762829826       2.1045919762829826       1404.3011102816638                                                 1386.2649155205554                                              18.036194761108312
                       3       703.65655459672689     0.022371495670593301      0.11819243795875874       67.789975644658739        3.053644312694082      0.95077025776688107     0.051890445672471655      0.09983946844948649    2.119243572734907e-09       2.1045919762829826       2.1045919762829826       1403.1039252408877                                                 1385.6012422217252                                              17.502683019162518
                       1       703.90525939441841     0.022371495670593301      0.11819243795875874       67.789975644658739       3.0553601774703529      0.94960116127762839     0.051890445672471655      0.09983946844948649   2.1228830296487246e-09       2.1045919762829826       2.1045919762829826       1403.6013348362708                                                 1386.0986518171082                                              17.502683019162518
                       1       703.84512608315242     0.022438619253127033       0.1184824732825719       67.873476359883099        3.050239476853855      0.94699852921978467     0.048543039583521304     0.083498160388403658   2.1120401664312995e-09       2.1045919762829826       2.1045919762829826       1403.4810682137388                                                  1385.970190241107                                              17.510877972631839
                       1       702.97331155787663     0.022440522213129331      0.11819638170698377       67.986296891389685        3.047929135008252       0.9485707762801493     0.048104049646571875     0.083088949962146275   2.1071662640134966e-09       2.1045919762829826       2.1045919762829826       1401.7374391631872                                                 1386.1244487030401                                              15.612990460147063
                       1       702.98120011889159     0.022442959914376823      0.11819250676325725        67.98956721803161       3.0479122866551607      0.94857361726354572     0.048097984052945998     0.083363844581889224   2.1071307620313339e-09       2.1045919762829826       2.1045919762829826       1401.7532162852171                                                 1386.1710849444878                                              15.582131340729269
                       5       702.64873415507714      0.02241954051867074      0.11812156214283853       67.996712042693403       3.0497201871819248      0.94958032732259767     0.049319048429162772     0.084530870007642936   2.1109436905051214e-09       2.1045919762829826       2.1045919762829826       1401.0882843575882                                                 1385.8933838390903                                              15.194900518497926
                       1       700.73602932939548     0.022579089785037258      0.11772665299157141       68.461477572928914       3.0486882823365673      0.94772751441820602     0.049824333213787091     0.051398755720020638     2.10876652099169e-09       2.1045919762829826       2.1045919762829826       1397.2628747062249                                                 1385.4394111707722                                              11.823463535452785
                       1       700.75543907008716     0.022583313383908378      0.11783164736352961       68.453901599023595       3.0493148056867794      0.94734672393513064     0.049932086787800305     0.049765982679113065    2.110088126422337e-09       2.1045919762829826       2.1045919762829826       1397.3016941876083                                                 1385.3411039809357                                              11.960590206672565
                       2       700.77908511496321     0.022577446688423885      0.11789752587830915       68.433777080905571       3.0494532636768468      0.94700730338388961     0.049867441415109827     0.047695763915726289   2.1103803052099632e-09       2.1045919762829826       2.1045919762829826       1397.3489862773604                                                 1385.2083765748259                                              12.140609702534556
                       1       701.16946699785149     0.022577446688423885      0.11789752587830915       68.433777080905571       3.0537278056056065      0.94444424361053014     0.049867441415109827     0.047695763915726289   2.1194205219379236e-09       2.1045919762829826       2.1045919762829826       1398.1297500431369                                                 1385.9891403406025                                              12.140609702534556
                       2       700.66074482802139     0.022577446688423885      0.11789752587830915       68.433777080905571       3.0454530560580779      0.95513130382120648     0.049867441415109827     0.047695763915726289    2.101955208137937e-09       2.1045919762829826       2.1045919762829826       1397.1123057034767                                                 1384.9716960009423                                              12.140609702534556
                       1       699.84683431877465     0.022445858368444115      0.11785448784193803       68.324671821671586        3.047146430503779       0.9584838955621805     0.051243913518972901     0.053922477823543848    2.105517620771392e-09       2.1045919762829826       2.1045919762829826       1395.4844846849833                                                 1383.2987664146301                                              12.185718270353229
                       6       699.69010833608149     0.022448328037171738      0.11767079462159963       68.378265123503212       3.0470740711110156      0.95875199536610456     0.051646933647211631     0.050577490968968429    2.105365272306888e-09       2.1045919762829826       2.1045919762829826        1395.171032719597                                                 1383.4173786273279                                              11.753654092269082
                       5       699.07932074325493     0.022448328037171738      0.11767079462159963       68.378265123503212       3.0430425839156241      0.96114957709106119     0.051646933647211631     0.050577490968968429    2.096894605335408e-09       2.1045919762829826       2.1045919762829826       1393.9494575339438                                                 1382.1958034416748                                              11.753654092269082
                       1       698.88855730195485     0.022448328037171738      0.11767079462159963       68.378265123503212       3.0430450339977013      0.96007613972596906     0.051646933647211631     0.050577490968968429   2.0968997429055924e-09       2.1045919762829826       2.1045919762829826       1393.5679306513437                                                 1381.8142765590746                                              11.753654092269082
                       3        699.1183280904113     0.022256716575674965      0.11732612100180458       68.496231718975281        3.029476380928477      0.96748023541684991      0.04638843503400629     0.043406852288947369   2.0686397960534654e-09       2.1045919762829826       2.1045919762829826       1394.0274722282566                                                 1383.5520369911333                                              10.475435237123227
                       4       699.83103340044636     0.022256716575674965      0.11732612100180458       68.496231718975281       3.0295262777303638      0.96924054705727658      0.04638843503400629     0.043406852288947369   2.0687430171387234e-09       2.1045919762829826       2.1045919762829826       1395.4528828483267                                                 1384.9774476112034                                              10.475435237123227
                       3       699.93303392225721     0.022256716575674965      0.11732612100180458       68.496231718975281        3.027553925436977      0.97118268589051571      0.04638843503400629     0.043406852288947369   2.0646667483449434e-09       2.1045919762829826       2.1045919762829826       1395.6568838919484                                                 1385.1814486548251                                              10.475435237123227
                       4       699.87282331494225     0.022285666138158806      0.11737134125684492       68.451708396750121       3.0289237269724962       0.9700377977777378      0.04676658703791093     0.048101714672186387   2.0674968699370868e-09       2.1045919762829826       2.1045919762829826       1395.5364626773185                                                 1384.8715276055241                                              10.664935071794392
                       2       699.97364189003929     0.022285666138158806      0.11737134125684492       68.451708396750121       3.0284634993990172      0.97058163026711908      0.04676658703791093     0.048101714672186387   2.0665455697935299e-09       2.1045919762829826       2.1045919762829826       1395.7380998275125                                                 1385.0731647557182                                              10.664935071794392
                       4       699.88807382980701      0.02235009626659136      0.11729302249208803       68.404391892740108       3.0352945139052809      0.96926972949549584     0.050056848950443558     0.062646950888105013   2.0807104978921292e-09       2.1045919762829826       2.1045919762829826        1395.566963707048                                                 1384.6210799560288                                              10.945883751019275
                       1        700.0249835425675      0.02235009626659136      0.11729302249208803       68.404391892740108       3.0419823613767472      0.96323381047923151     0.050056848950443558     0.062646950888105013   2.0946726085268712e-09       2.1045919762829826       2.1045919762829826        1395.840783132569                                                 1384.8948993815497                                              10.945883751019275
                       2       700.16842583488653     0.022365377546340041      0.11747873415730074        68.43101946487586       3.0431217828964625      0.96303740582225961     0.050331505468302548     0.060215577401899055   2.0970606838276132e-09       2.1045919762829826       2.1045919762829826        1396.127667717207                                                 1385.1964819268667                                              10.931185790340251
                       4       699.39822474192192     0.022471211822132724      0.11770331945251533       68.465958912155529       3.0512264818306121      0.95880223015620081     0.053754689824316512     0.048588782766282458   2.1141257896776255e-09       2.1045919762829826       2.1045919762829826       1394.5872655312778                                                 1383.2827314987301                                              11.304534032547762
                       1       701.28496593199748     0.022471211822132724      0.11770331945251533       68.465958912155529        3.051549818198565      0.95149783365056328     0.053754689824316512     0.048588782766282458   2.1148094739558945e-09       2.1045919762829826       2.1045919762829826       1398.3607479114289                                                 1387.0562138788812                                              11.304534032547762
                       2       702.19259988925921     0.022514624524856076      0.11762965375133588         68.9838572208361        3.050518680324255       0.9533365056175751     0.054459395744171725     0.003265221913179725   2.1126299377046529e-09       2.1045919762829826       2.1045919762829826       1400.1760158259524                                                  1389.778745231094                                              10.397270594858451
                       1       699.84979523535776     0.022514624524856076      0.11762965375133588         68.9838572208361       3.0547282468479069      0.95251237947241518     0.054459395744171725     0.003265221913179725   2.1215419386372862e-09       2.1045919762829826       2.1045919762829826       1395.4904065181495                                                 1385.0931359232911                                              10.397270594858451
                       4       700.70444372036161     0.022680970977708614      0.11737510156184219       69.028123833953131       3.0504923923854905      0.94826687540588706     0.051900762642070261     0.010818664003913667   2.1125744017481846e-09       2.1045919762829826       2.1045919762829826       1397.1997034881572                                                 1386.7901972269431                                              10.409506261214196
                       2       700.81174723430661     0.022693859268173907      0.11743540484241032       68.998222432140537        3.054186192009245      0.94753402275155962     0.053602758406522004     0.012185763760752876   2.1203922581870994e-09       2.1045919762829826       2.1045919762829826       1397.4143105160472                                                 1387.0210973355443                                              10.393213180502858
                       2       700.86322359641747     0.022697287838829024      0.11741051607418379       69.002559010127143       3.0541440617927829      0.94755904725430684     0.053617244827666839     0.012923085882895305   2.1203029274840518e-09       2.1045919762829826       2.1045919762829826       1397.5172632402689                                                  1387.122142525559                                               10.39512071471002
                       1       700.03437707054729     0.022545409003988246      0.11704656210345514       69.060327383258226        3.043553481381295      0.95196673554730771     0.049587047600544713   0.00095390232352913357   2.0979661771834152e-09       2.1045919762829826       2.1045919762829826       1395.8595701885286                                                 1385.2008681513382                                              10.658702037190213
                       3       699.57354126524717     0.022498783672350201      0.11694721703069862       68.981043476759694       3.0444073794426605      0.95365565360269156     0.050253334648188361     0.013617341128870876   2.0997583915101943e-09       2.1045919762829826       2.1045919762829826       1394.9378985779283                                                 1384.3787532076835                                              10.559145370244815
                       8       699.60956554562267     0.022502756755267406        0.116942203172966       69.011851274326574       3.0438435800183838      0.95383807244517249     0.050024447095126469     0.011920181484836553   2.0985748826001119e-09       2.1045919762829826       2.1045919762829826       1395.0099471386793                                                 1384.3759128443889                                              10.634034294290245
                       3       698.95232652653067     0.022335560570362002      0.11695820756634522       68.799704712191073       3.0545186234306891      0.95725664747221462      0.05596231784907478     0.022733423175793611   2.1210972603754555e-09       2.1045919762829826       2.1045919762829826       1393.6954691004953                                                 1383.3069351350337                                              10.388533965461711
                      13       699.21899514016116     0.022335560570362002      0.11695820756634522       68.799704712191073       3.0546843854920827      0.95655800681032777      0.05596231784907478     0.022733423175793611   2.1214488869721208e-09       2.1045919762829826       2.1045919762829826       1394.2288063277563                                                 1383.8402723622946                                              10.388533965461711
                       6        698.7968575779762     0.022335560570362002      0.11695820756634522       68.799704712191073       3.0477009116508085      0.96269615174236411      0.05596231784907478     0.022733423175793611   2.1066854143266835e-09       2.1045919762829826       2.1045919762829826       1393.3845312033864                                                 1382.9959972379247                                              10.388533965461711
                       2       700.55618806838879     0.022481251091323082      0.11795260602281403       68.491316540733948       3.0534590905102403      0.95693892573276662      0.05573805962596505     0.052762945180384005   2.1188510781627457e-09       2.1045919762829826       2.1045919762829826       1396.9031921842115                                                 1385.6774381054101                                              11.225754078801314
                       5       702.49584037906982     0.022536079387037503      0.11705069427723057       68.412286854907464       3.0343999264696828      0.95871824901629199     0.046746312847878238      0.10062904978724352   2.0788499527578289e-09       2.1045919762829826       2.1045919762829826       1400.7824968055736                                                 1389.5709616069682                                              11.211535198605453
                       1       702.26911821264559     0.022486653710047013      0.11699636739866831       68.416529689533434        3.033456159137125      0.96029773029287158     0.046612023796609697     0.099496354122074998   2.0768889276044219e-09       2.1045919762829826       2.1045919762829826       1400.3290524727252                                                 1389.3319142084501                                              10.997138264274952
                       1       701.39815289948615     0.022398663643743301      0.11578464669014818       68.353861574055273       3.0402637504335974      0.96509240186910339     0.052604346490393084      0.13167965245153351    2.091075772925362e-09       2.1045919762829826       2.1045919762829826       1398.5871218464063                                                 1388.0335755045005                                              10.553546341905774
                       3        702.0804394706995     0.022227194121775127       0.1168362961450977       67.891057326497588        3.053478616171124      0.96343251987031808     0.057448922752528837      0.12750288190837764   2.1188924505342713e-09       2.1045919762829826       2.1045919762829826        1399.951694988833                                                 1386.6037127862505                                               13.34798220258241
                       4       702.19322393965808     0.022227194121775127       0.1168362961450977       67.891057326497588        3.053802203881125      0.96724469382787992     0.057448922752528837      0.12750288190837764   2.1195782090356053e-09       2.1045919762829826       2.1045919762829826       1400.1772639267501                                                 1386.8292817241677                                               13.34798220258241
                       4        702.3482673127188     0.022247657193568627      0.11673135363055846       67.886861772811358       3.0551538114563876      0.96700020499381623     0.058227746889304495      0.13259173287131826   2.1224449839402093e-09       2.1045919762829826       2.1045919762829826       1400.4873506728716                                                 1387.0852395632071                                              13.402111109664443
                       1       702.19961129958938     0.022247657193568627      0.11673135363055846       67.886861772811358       3.0435438105256605      0.97401540652573138     0.058227746889304495      0.13259173287131826   2.0979458881534962e-09       2.1045919762829826       2.1045919762829826       1400.1900386466127                                                 1386.7879275369482                                              13.402111109664443
                       2       702.12862308049898     0.022246220832274163      0.11674612918480329       67.881083025088742       3.0427092443555215      0.97381390175850058     0.057751968344488314      0.13125031989252928   2.0961957438956376e-09       2.1045919762829826       2.1045919762829826       1400.0480622084319                                                 1386.5664275700522                                              13.481634638379717
                       3       703.08910845956245     0.022382731551475053      0.11786864044656924       67.774634942117032       3.0454239620594254      0.96616142059707322     0.056245449891376642      0.11371651121106156   2.1018940547455465e-09       2.1045919762829826       2.1045919762829826       1401.9690329665589                                                  1384.693212008727                                              17.275820957832003
                       1       700.52596586229936      0.02243333464717797      0.11784659129504066       68.398877221093414       3.0325310669750429      0.96763673144337214     0.050824917008418263     0.052131637458219075   2.0749685023581094e-09       2.1045919762829826       2.1045919762829826       1396.8427477720327                                                 1385.2671940854652                                              11.575553686567465
                       3       701.26144455249403     0.022058721391276834       0.1182670984537129       68.008889813051724       3.0219298036264322      0.97168509503935863     0.045411656341230545     0.032161105388445688   2.0530874033992276e-09       2.1045919762829826       2.1045919762829826        1398.313705152422                                                 1385.1489774421104                                              13.164727710311491
                       1       701.22804086978499     0.022057288690857057      0.11820785000668767       68.044274334670163       3.0207435229029524      0.97208619208143598     0.044987138007399154     0.030489985986666149   2.0506533094337823e-09       2.1045919762829826       2.1045919762829826       1398.2468977870039                                                 1385.4483648643122                                              12.798532922691786
                       2       700.97115794337947     0.022057288690857057      0.11820785000668767       68.044274334670163       3.0222395954694092      0.97103896661162004     0.044987138007399154     0.030489985986666149   2.0537235316583057e-09       2.1045919762829826       2.1045919762829826       1397.7331319341929                                                 1384.9345990115012                                              12.798532922691786
                       1       700.82822069682959     0.022057288690857057      0.11820785000668767       68.044274334670163        3.018682722147211      0.97602615530552395     0.044987138007399154     0.030489985986666149   2.0464316730137719e-09       2.1045919762829826       2.1045919762829826       1397.4472574410931                                                 1384.6487245184014                                              12.798532922691786
                       5       700.89623566388275     0.022030733648130584      0.11816110444045567       68.033708408850273       3.0193718434693593      0.97673931799578173     0.045543242916156322     0.030702090662990841   2.0478423987387255e-09       2.1045919762829826       2.1045919762829826       1397.5832873751995                                                  1384.881964872209                                              12.701322502990418
                       1       701.02963414624662     0.022078686894398191      0.11736695208573743       68.196401649440304       3.0167408690166613      0.97955305865166775      0.04571223465357846     0.050065384566132548   2.0424616591025532e-09       2.1045919762829826       2.1045919762829826       1397.8500843399272                                                 1386.6672887661277                                              11.182795573799449
                       5       701.54859865639423     0.022008919655419585      0.11748283102876199       68.084400901246823       3.0230097765013655      0.98255369612418186     0.048916099969162144     0.070005693787610346   2.0553058798363293e-09       2.1045919762829826       2.1045919762829826       1398.8880133602224                                                 1387.4332101442346                                              11.454803215987708
                       1       700.27755101705043     0.022083601594176838       0.1175074670335558        68.24987258857611       3.0228316695752286      0.98059232282164577     0.048812662461132035     0.051355238559568583   2.0549398482211509e-09       2.1045919762829826       2.1045919762829826       1396.3459180815348                                                 1385.3954615709019                                              10.950456510632836
                       4       700.21522999948149     0.022098111535736382      0.11748805203076976        68.23620105819964       3.0241461740263276      0.98028091537968509     0.049430500352372335     0.054940569534576496    2.057642851964389e-09       2.1045919762829826       2.1045919762829826        1396.221276046397                                                 1385.1838655238748                                              11.037410522522075
                       4       700.42324199107475     0.022121737669002647      0.11738372178120651       68.469293277783137       3.0304772103248503      0.98211270998370315     0.053449548663073665     0.044392844683566204   2.0707111879539136e-09       2.1045919762829826       2.1045919762829826       1396.6373000295835                                                 1386.2937114165566                                              10.343588613026819
                       1         700.818900645913     0.022081209037828349      0.11728890285410214       68.422002306364021       3.0312181562599561      0.98343960469583502     0.054096561516964285     0.051248319997670877   2.0722460415429502e-09       2.1045919762829826       2.1045919762829826         1397.42861733926                                                 1387.0747927603566                                               10.35382457890333
                       1       700.63412739169644     0.022059346495945677      0.11706053789720708       68.369106651695063       3.0378604161868816      0.98354844516958551     0.057972957529417411     0.055068120858284553   2.0860562531158109e-09       2.1045919762829826       2.1045919762829826       1397.0590708308268                                                 1386.6741837004463                                              10.384887130380505
                       3       701.03986705610419     0.022005496142684697      0.11705697134553039       68.352146520719799         3.03803220458708      0.98492930288218539      0.05830762728754689     0.053680034919760235   2.0864146441650889e-09       2.1045919762829826       2.1045919762829826       1397.8705501596423                                                 1387.5141497579282                                              10.356400401714081
                       4       701.36984243649852     0.021951118797310775      0.11677207961946449       68.323749819809734        3.027715811287695      0.98619984693773854     0.053552146030776085     0.054976160102722646   2.0650010157337988e-09       2.1045919762829826       2.1045919762829826        1398.530500920431                                                 1388.2125369095497                                              10.317964010881303
                       3       701.38317676449549     0.021951819863363937      0.11676405734918313       68.325532888570606       3.0277384853964606       0.9863064098151888     0.053579849368290737     0.055853773840632934   2.0650478383222588e-09       2.1045919762829826       2.1045919762829826       1398.5571695764249                                                 1388.2422054716474                                              10.314964104777667
                       1       701.11792823581823     0.021951819863363937      0.11676405734918313       68.325532888570606        3.030794110486327      0.98163509192892318     0.053579849368290737     0.055853773840632934   2.0713675006510549e-09       2.1045919762829826       2.1045919762829826       1398.0266725190704                                                 1387.7117084142928                                              10.314964104777667
                       1       701.09799253479537     0.022006584387792398       0.1167315416374123       68.182587260076815        3.039081697543879        0.980015736027948     0.057362696160767356     0.078323789812802941   2.0886054710667162e-09       2.1045919762829826       2.1045919762829826       1397.9868011170247                                                 1387.3218270562513                                              10.664974060773273
                       2       700.99392926850453     0.022019013346831311       0.1167386897002954       68.165381013395645       3.0381324162968193      0.97959864384334439     0.056738952686753899     0.080781850170313252    2.086623737820447e-09       2.1045919762829826       2.1045919762829826        1397.778674584443                                                 1387.0260774899193                                              10.752597094523621
                       3       701.11311470681494     0.022010097195449458      0.11668084076409319       68.167045047888863       3.0373965483488554      0.98009888712508186     0.056502137352114651     0.082570044174423901   2.0850888231088574e-09       2.1045919762829826       2.1045919762829826       1398.0170454610638                                                 1387.3173052762661                                              10.699740184797809
                       1       700.79863996960705     0.022010097195449458      0.11668084076409319       68.167045047888863       3.0437382999289002        0.975494050345178     0.056502137352114651     0.082570044174423901   2.0983539560784696e-09       2.1045919762829826       2.1045919762829826       1397.3880959866481                                                 1386.6883558018503                                              10.699740184797809
                       3       702.76944622701581     0.022010097195449458      0.11668084076409319       68.167045047888863       3.0364191047283802      0.98607166917839151     0.056502137352114651     0.082570044174423901   2.0830517620589325e-09       2.1045919762829826       2.1045919762829826       1401.3297085014656                                                 1390.6299683166678                                              10.699740184797809
                       1       702.44956711693192     0.022025116829621823      0.11675154389984736       68.169715187162893       3.0380764330485874      0.98479801041320236     0.057177806291344759     0.075438382580474722    2.086506925115574e-09       2.1045919762829826       2.1045919762829826       1400.6899502812978                                                 1389.9059713429608                                              10.783978938337029
                       1       700.54821632965184     0.022151589238309299      0.11764542128333591       68.164220987155602       3.0364290378842616      0.97846146437806991     0.054076554661725978     0.053311350297122966   2.0830724534395591e-09       2.1045919762829826       2.1045919762829826       1396.8872487067376                                                 1385.1023549700903                                              11.784893736647357
                       1       700.45801426547837     0.022133133031782597      0.11758970857230776       68.241957823809514       3.0310735360653069      0.97902073039683901     0.051636985136235929     0.042177185490650082   2.0719463745865306e-09       2.1045919762829826       2.1045919762829826       1396.7068445783907                                                 1385.4344757821432                                              11.272368796247576
                       1       700.63980422258692     0.022105328124466625      0.11766197206815183        68.16682545834405       3.0307251361398144      0.97907550694643997     0.051276463495445214     0.044902079346125251   2.0712246343584216e-09       2.1045919762829826       2.1045919762829826       1397.0704244926078                                                 1385.4349202803551                                              11.635504212252775
                       3       700.58167273176161     0.022105328124466625      0.11766197206815183        68.16682545834405       3.0375361853085989      0.97334093149262879     0.051276463495445214     0.044902079346125251   2.0853799989018893e-09       2.1045919762829826       2.1045919762829826       1396.9541615109572                                                 1385.3186572987045                                              11.635504212252775
                       1       700.60527322512269     0.022112744706707734       0.1178946274583787       68.055150777010894       3.0454822844922202      0.97243764367123287     0.054748025115686869     0.053600982220813664   2.1020166458951686e-09       2.1045919762829826       2.1045919762829826       1397.0013624976793                                                 1384.4269393738591                                              12.574423123820226
                       2       700.63699326712504     0.022289359048043002      0.11782715927616684       68.109304449235452       3.0447287973954498       0.9686505285104573     0.053688116264556066     0.065022879342010204   2.1004334000278621e-09       2.1045919762829826       2.1045919762829826        1397.064802581684                                                 1384.0597596772677                                              13.005042904416232
                       1       700.33362630459874     0.022305605399213491      0.11776517163263599        68.23118032139574        3.044801385451029      0.96932880454018289     0.054069000263945483     0.058388545684738065   2.1005858719379966e-09       2.1045919762829826       2.1045919762829826       1396.4580686566314                                                 1384.3891922161529                                              12.068876440478551
                       1          700.46864683099     0.022303015112371559      0.11766276336456633       68.232784322429765       3.0450849658613164      0.96981589581171723     0.054415384983697246     0.062170399321834026   2.1011816414116878e-09       2.1045919762829826       2.1045919762829826        1396.728109709414                                                 1384.7734364128951                                              11.954673296518802
                       1       701.08437072198979     0.022303015112371559      0.11766276336456633       68.232784322429765       3.0414171186160446      0.97342137426102959     0.054415384983697246     0.062170399321834026   2.0934889445591187e-09       2.1045919762829826       2.1045919762829826       1397.9595574914135                                                 1386.0048841948947                                              11.954673296518802
                       1       700.16176599258188      0.02222540097666105      0.11779428601448401       68.278195873276402       3.0416884781581461      0.97444686394713464     0.054846686310809349      0.04139499528417314   2.0940571098455586e-09       2.1045919762829826       2.1045919762829826       1396.1143480325977                                                 1384.5953713400652                                              11.518976692532537
                       6       700.89832369151179     0.022140883367847062      0.11745379565885615       68.300723446007012       3.0329615442019282      0.97798238213131283     0.051327169781586468     0.046000211415239009   2.0758619213293431e-09       2.1045919762829826       2.1045919762829826       1397.5874634304575                                                 1386.6728187968847                                              10.914644633572829
                       6       700.88392334744412     0.022120653469914039      0.11742794026105698         68.3302298749458       3.0367845230536386       0.9791579481053817      0.05357896508731045     0.045947965225732711   2.0838130864377185e-09       2.1045919762829826       2.1045919762829826       1397.5586627423222                                                 1386.8390129961031                                              10.719649746219112
                       1       699.68774106536819     0.022120653469914039      0.11742794026105698         68.3302298749458       3.0488754618779272      0.96319376304461246      0.05357896508731045     0.045947965225732711   2.1091612758857919e-09       2.1045919762829826       2.1045919762829826       1395.1662981781703                                                 1384.4466484319512                                              10.719649746219112
                       2       699.31273876312775     0.022120653469914039      0.11742794026105698         68.3302298749458       3.0447629170062176      0.96962925795938226      0.05357896508731045     0.045947965225732711   2.1005050672205362e-09       2.1045919762829826       2.1045919762829826       1394.4162935736895                                                 1383.6966438274703                                              10.719649746219112
                      13        698.9162320210819     0.022120653469914039      0.11742794026105698         68.3302298749458       3.0364122696949849      0.97613002409152427      0.05357896508731045     0.045947965225732711   2.0830375243792323e-09       2.1045919762829826       2.1045919762829826       1393.6232800895978                                                 1382.9036303433786                                              10.719649746219112
                       2       699.03961319825032     0.022120653469914039      0.11742794026105698         68.3302298749458       3.0390932287660983      0.97466437319823729      0.05357896508731045     0.045947965225732711    2.088629555379392e-09       2.1045919762829826       2.1045919762829826       1393.8700424439346                                                 1383.1503926977155                                              10.719649746219112
                       2        699.0664946068963     0.022119977142044524      0.11739210374277709       68.332863746790053       3.0390354060958193      0.97478462178282643     0.053620870031069662     0.046632590765531466   2.0885087887328346e-09       2.1045919762829826       2.1045919762829826       1393.9238052612266                                                 1383.2279627950675                                              10.695842466159162
                       4       699.77530424961788     0.022134926454995846      0.11737935812771449       68.201629267490191       3.0340934018163654      0.97402656194173198     0.050613529523010674     0.063285123835270976    2.078212831648413e-09       2.1045919762829826       2.1045919762829826       1395.3414245466697                                                    1384.0739173978                                              11.267507148869797
                       8        699.7251541162791     0.022134152090989109      0.11739326348765999       68.201422746105777       3.0345809636684744      0.97399162761641278     0.050850488416254773      0.06270527497848763   2.0792263359986398e-09       2.1045919762829826       2.1045919762829826       1395.2411242799922                                                 1383.9657357962483                                              11.275388483743946
                       7       699.61810342130309     0.022134152090989109      0.11739326348765999       68.201422746105777       3.0348448102019714      0.96993699092476426     0.050850488416254773      0.06270527497848763   2.0797750050387782e-09       2.1045919762829826       2.1045919762829826       1395.0270228900401                                                 1383.7516344062963                                              11.275388483743946
                       1       699.06361042380104     0.022200281087301928      0.11721066103521025       68.317327210510015       3.0421498838200924      0.96923731986081008     0.054983990667332616     0.060446988565264224   2.0950235425941051e-09       2.1045919762829826       2.1045919762829826        1393.918036895036                                                 1383.0531023969324                                              10.864934498103633
                       7       699.73751775682672     0.022146720422927084      0.11708868211409829       68.281100174835885       3.0447649798814389      0.97176383166244606     0.056772035319957566     0.072101500968549503   2.1005094003048608e-09       2.1045919762829826       2.1045919762829826       1395.2658515610874                                                 1384.5038063877796                                              10.762045173307783
                       1       698.78223079227405     0.022325436182424937      0.11785729894635076       68.447910108299666       3.0465140321016113      0.96469252014881168     0.055853492833314297     0.035173184554711065    2.104186515730993e-09       2.1045919762829826       2.1045919762829826       1393.3552776319821                                                 1382.3548284775084                                              11.000449154473813
                       4       698.90990332278625     0.022325436182424937      0.11785729894635076       68.447910108299666        3.048139551340785       0.9681953386415153     0.055853492833314297     0.035173184554711065   2.1076096928615068e-09       2.1045919762829826       2.1045919762829826       1393.6106226930065                                                 1382.6101735385325                                              11.000449154473813
                       5       698.97709859316126     0.022346328133621925      0.11801777421039999       68.495699315512738       3.0485996627905956      0.96763117125989617     0.055835100286445186     0.028500294639550974   2.1085796513403135e-09       2.1045919762829826       2.1045919762829826       1393.7450132337565                                                 1382.8177739351115                                              10.927239298644917
                       2       700.37425142770951     0.022346328133621925      0.11801777421039999       68.495699315512738       3.0494214882561028      0.95987936302265875     0.055835100286445186     0.028500294639550974    2.110313248053226e-09       2.1045919762829826       2.1045919762829826        1396.539318902853                                                  1385.612079604208                                              10.927239298644917
                       3       700.45539933013458     0.022346328133621925      0.11801777421039999       68.495699315512738       3.0512012177639214      0.95815764238553036     0.055835100286445186     0.028500294639550974   2.1140723789373717e-09       2.1045919762829826       2.1045919762829826       1396.7016147077031                                                 1385.7743754090582                                              10.927239298644917
                       5       700.91992841888054     0.022375394791844215       0.1182684874341207       68.593365788292061       3.0474872532948458      0.95610311087567323     0.053529650564273952    0.0042297441409896649   2.1062353514660851e-09       2.1045919762829826       2.1045919762829826       1397.6306728851951                                                 1386.8199029679868                                              10.810769917208336
                       9       701.48825814725296     0.022183513228500637        0.118523257834296       68.292153380587138       3.0507264170238768      0.95875597055032002     0.055017533734197425     0.012730832615098791   2.1130688540633735e-09       2.1045919762829826       2.1045919762829826       1398.7673323419399                                                 1386.9707596098626                                              11.796572732077209
                       4       701.75141173431837     0.022239673760982775       0.1187837896871244       68.211292807700858        3.051083515621356      0.95618828661097166     0.054250757058562728     0.016981789268476436   2.1138235627322199e-09       2.1045919762829826       2.1045919762829826       1399.2936395160707                                                    1386.4173992632                                              12.876240252870701
                       6       702.34283343773313     0.022333480031552735      0.11891832147255155       68.123947295606996       3.0545577179118384      0.95335513424084073     0.055140149064444491     0.031442036853370527   2.1211801851932573e-09       2.1045919762829826       2.1045919762829826       1400.4764829229002                                                  1386.110694089773                                              14.365788833127134
                       1       701.19998672377085     0.022333480031552735      0.11891832147255155       68.123947295606996       3.0441473066024773      0.96471412690560576     0.055140149064444491     0.031442036853370527   2.0992123723870652e-09       2.1045919762829826       2.1045919762829826       1398.1907894949757                                                 1383.8250006618484                                              14.365788833127134
                       2       701.31365751671012     0.022315273605468384      0.11898065626834682       68.131334184819551       3.0475394229341939      0.96358427640768884     0.056926374647931995     0.015529579241518612   2.1063452358710438e-09       2.1045919762829826       2.1045919762829826       1398.4181310808542                                                 1383.9599482342915                                              14.458182846562785
                       6       701.27087420109956      0.02231667367211777      0.11902620360241593       68.120744051245168       3.0455413850081379      0.96316028260831099     0.055754554785112431     0.013625931264670736   2.1021408798345173e-09       2.1045919762829826       2.1045919762829826       1398.3325644496331                                                 1383.6651303291426                                              14.667434120490423
                       2       701.79285686080914     0.022367049440702405      0.11867861212106215       68.141194097716536       3.0490789551818116       0.9628391394086262     0.058016786789659339     0.024754348615139685   2.1095905197548921e-09       2.1045919762829826       2.1045919762829826       1399.3765297690522                                                 1384.9678378444657                                              14.408691924586583
                       4       701.05966743234865     0.022202249805261642      0.11740185886778991       68.349051612392586       3.0477935311343924      0.97438969749208015     0.061414224365332809      0.04760185115277981   2.1068805434780732e-09       2.1045919762829826       2.1045919762829826       1397.9101509121313                                                 1387.0488840000239                                              10.861266912107235
                       4       702.21892020484745     0.022094196223836664      0.11706317648615985       68.505644544528749       3.0109964383779642      0.98000751985832946     0.044827970477870377     0.020368991508528639   2.0307625144034202e-09       2.1045919762829826       2.1045919762829826       1400.2286564571289                                                 1389.9187006178422                                              10.309955839286738
                       1        701.4733628333845     0.022094196223836664      0.11706317648615985       68.505644544528749       3.0128998694951594      0.97954730353362185     0.044827970477870377     0.020368991508528639   2.0346316120772622e-09       2.1045919762829826       2.1045919762829826        1398.737541714203                                                 1388.4275858749163                                              10.309955839286738
                       1       702.05738442187919     0.021920419936198105      0.11709052649902571       68.443760136649928       3.0207563801130517      0.98418849228008376     0.050321804293008483    0.0091836026489504896   2.0506796752837177e-09       2.1045919762829826       2.1045919762829826       1399.9055848911923                                                 1389.6219806191225                                              10.283604272069864
                       5        701.1769983013736     0.022021749714307929      0.11677424520873679        68.32697592162036       3.0345176566201228      0.98211848616150854     0.056719459511919618     0.051533631666610992   2.0790947104829082e-09       2.1045919762829826       2.1045919762829826       1398.1448126501812                                                 1387.7503875000696                                              10.394425150111619
                       6       699.75943438129264     0.022063769018803227      0.11730554795158307       68.389707609242137       3.0363635565542295      0.97972669279100377     0.056212950916888056     0.037510178185419352   2.0829360555505612e-09       2.1045919762829826       2.1045919762829826       1395.3096848100192                                                 1384.8807478294061                                              10.428936980613084
                       7       699.53264773620424     0.022073304299315241      0.11742876097464312       68.410588669406792       3.0361146490716076      0.97908366275601533     0.055774036486131447     0.032118295289423206   2.0824176616992422e-09       2.1045919762829826       2.1045919762829826       1394.8561115198424                                                 1384.4262125563087                                              10.429898963533679
                       3       698.94958026333438     0.022073304299315241      0.11742876097464312       68.410588669406792       3.0392400832531896      0.97749300600566913     0.055774036486131447     0.032118295289423206   2.0889363025245169e-09       2.1045919762829826       2.1045919762829826       1393.6899765741027                                                 1383.2600776105689                                              10.429898963533679
                       4       699.00205681497357     0.022075174607400268      0.11724527818908323        68.53081393327659       3.0375979324455775       0.9783730945732495     0.055376211299349117     0.025699375403017581   2.0855087691218893e-09       2.1045919762829826       2.1045919762829826       1393.7949296773811                                                 1383.5142362974368                                              10.280693379944269
                       4       699.72999822822533     0.022325220634149424      0.11691695141567524        68.56063224061306       3.0279658725407934      0.97109646241563108      0.04893744132085414     0.044236275253209827   2.0655174570437322e-09       2.1045919762829826       2.1045919762829826       1395.2508125038846                                                 1384.8460637608484                                              10.404748743036141
                       2          699.65763575065     0.022237576719808954      0.11724297890125975       68.327134998646031       3.0313567893922038      0.97154831760977478     0.050706280523032519     0.044720243628724794   2.0725333434167966e-09       2.1045919762829826       2.1045919762829826        1395.106087548734                                                 1384.0273706942846                                              11.078716854449359
                      15        699.2082496034343     0.022436647595868643      0.11773487545049482       68.609765491431631       3.0377234816533316      0.96233256001871403     0.051411705773158727   0.00037627573518542873   2.0857706195328289e-09       2.1045919762829826       2.1045919762829826       1394.2073152543026                                                 1383.3381308572557                                               10.86918439704697
                      12       700.07387952733575     0.022436647595868643      0.11773487545049482       68.609765491431631       3.0545084292600624      0.94921913827409399     0.051411705773158727   0.00037627573518542873   2.1210756376582801e-09       2.1045919762829826       2.1045919762829826       1395.9385751021055                                                 1385.0693907050586                                               10.86918439704697
                       3       701.99255210463969     0.022208917707796164      0.11681847721488871        68.38854040279297       3.0627144389655161      0.96259778492748349     0.058953805413762474     0.075342665541997395   2.1385528157996897e-09       2.1045919762829826       2.1045919762829826       1399.7759202567133                                                 1389.3028657499826                                              10.473054506730746
                       2       700.13951958680775     0.022208917707796164      0.11681847721488871        68.38854040279297       3.0582762054395607      0.96350793448364735     0.058953805413762474     0.075342665541997395   2.1290824503877519e-09       2.1045919762829826       2.1045919762829826       1396.0698552210495                                                 1385.5968007143188                                              10.473054506730746
                       1       700.34262086651188     0.022241277597608258      0.11666422790207519       68.542375962593908       3.0555336210814295      0.96413402984131824     0.057629960989793942     0.073781477443600779   2.1232512620801383e-09       2.1045919762829826       2.1045919762829826       1396.4760577804577                                                 1386.1964684060522                                              10.279589374405537
                       2       700.92998838719916     0.022251376389066737       0.1159951073831719       68.567797250880872       3.0535946227770063       0.9662050373988047     0.057876459928359041     0.094421003204646109   2.1191382703137704e-09       2.1045919762829826       2.1045919762829826       1397.6507928218323                                                 1387.3202473104716                                              10.330545511360789
                       3       700.95398618606089     0.022251376389066737       0.1159951073831719       68.567797250880872       3.0506258354351785      0.96672520095958581     0.057876459928359041     0.094421003204646109     2.11285632892924e-09       2.1045919762829826       2.1045919762829826       1397.6987884195557                                                  1387.368242908195                                              10.330545511360789
                       2       700.27578255110302     0.022303126993870753       0.1161100460101888       68.728118791413777       3.0455071836394674      0.96503928361332458     0.054738062049029958     0.075322276027841722   2.1020689849687469e-09       2.1045919762829826       2.1045919762829826         1396.34238114964                                                 1385.8094613313783                                              10.532919818261723
                       4       700.85027604424272     0.022457436105924555      0.11596052273563483       68.890102515251087       3.0523178565232754      0.96039805852044369     0.057135325962462527     0.074305809162707098   2.1164343525860098e-09       2.1045919762829826       2.1045919762829826       1397.4913681359194                                                 1386.7120978758348                                              10.779270260084616
                       1       701.80653198587095     0.022410015682339732      0.11530499976720926       68.991978490655129       3.0488545753484724      0.96431972974344282      0.05719930212101218     0.079919510367205668   2.1091172232867326e-09       2.1045919762829826       2.1045919762829826       1399.4038800191759                                                 1387.6005051812933                                               11.80337483788264
                       1       700.35730948476089     0.022138319124355873      0.11632781563534181       68.781476269842429       3.0437748549580959      0.96937731826362017     0.055060959804440687     0.044858326327461277   2.0984306628705978e-09       2.1045919762829826       2.1045919762829826       1396.5054350169557                                                 1385.5465745256765                                              10.958860491279287
                       4       700.42692032998582     0.022120352314301248      0.11630372419615904       68.722581810990746       3.0415573539478613      0.96992962213908618     0.054127732763060508     0.049339901048541086   2.0937825462620988e-09       2.1045919762829826       2.1045919762829826       1396.6446567074056                                                 1385.8628186525584                                              10.781838054847286
                       3       700.33083520993296     0.022174056122737096      0.11641577082840995       68.783115843292109       3.0372095278920113      0.96858707186371573     0.051238154749728322      0.04742117918671173   2.0846989053070383e-09       2.1045919762829826       2.1045919762829826       1396.4524864672999                                                 1385.6061841134676                                               10.84630235383233
                       1       699.80074928695797     0.022150646266297376      0.11702788431535993       68.636409918660888       3.0378318875315027       0.9665433093687692     0.050510438319586404      0.03622275541500973    2.085996741584761e-09       2.1045919762829826       2.1045919762829826       1395.3923146213499                                                 1385.0676117639396                                              10.324702857410367
                       5       700.10420465854213     0.022136597956611204      0.11701775547055229        68.68966518439062       3.0340340132904942      0.96734036066558093     0.048793982682428516     0.029759139204125672   2.0780894133167472e-09       2.1045919762829826       2.1045919762829826       1395.9992253645182                                                 1385.5804424718899                                              10.418782892628359
                       1       700.99688310228373     0.022159051241781115       0.1168128605640328       68.363348335016667       3.0380239825952455      0.96721297201702694     0.050680308415528959     0.080739616353965843   2.0863974897514429e-09       2.1045919762829826       2.1045919762829826       1397.7845822520014                                                 1387.3504382323983                                              10.434144019603135
                       5       700.75212262591731     0.022328107202159143      0.11706436835970298       68.515179081137248       3.0422911279161813      0.96135422421591321     0.050839707929304194     0.073239248995773817   2.0953194731993974e-09       2.1045919762829826       2.1045919762829826       1397.2950612992686                                                 1386.8909177732221                                              10.404143526046459
                       3       701.53977757846246     0.022328107202159143      0.11706436835970298       68.515179081137248       3.0378363585490535      0.97085748714776987     0.050839707929304194     0.073239248995773817    2.086006068133653e-09       2.1045919762829826       2.1045919762829826       1398.8703712043589                                                 1388.4662276783124                                              10.404143526046459
                       5       702.59317983449864     0.022301825963660746      0.11650502599946057       68.473225269801276       3.0283326904354442      0.97369633709551762     0.047391637313441121      0.09118899862672851   2.0662752647889129e-09       2.1045919762829826       2.1045919762829826       1400.9771757164312                                                 1390.6322199024457                                              10.344955813985495
                       1       702.16377427013026     0.022301825963660746      0.11650502599946057       68.473225269801276       3.0289625559746711      0.97263709528064901     0.047391637313441121      0.09118899862672851   2.0675771503361401e-09       2.1045919762829826       2.1045919762829826       1400.1183645876945                                                  1389.773408773709                                              10.344955813985495
                       1       700.64131137904451     0.022564924388445831      0.11712227543269255       69.002303619261184       3.0486360385305566      0.96131216824865684     0.054069042266833171     0.027869366130125306   2.1086563538804454e-09       2.1045919762829826       2.1045919762829826        1397.073438805523                                                 1386.5791089370828                                              10.494329868440134
                       2       701.73837709619033     0.022606627702441873      0.11701555180734097       69.097615783962425       3.0463955907345075      0.96101291947313761     0.052801136440608819     0.028420781083929984   2.1039373077619858e-09       2.1045919762829826       2.1045919762829826       1399.2675702398146                                                 1388.5412967465834                                              10.726273493231258
                       6       702.12741609374109     0.022600093513027469      0.11661135050556594       69.302113458664195       3.0384935699255822      0.96219354352486686     0.049927925002566723    0.0076160818368522197   2.0873774656528023e-09       2.1045919762829826       2.1045919762829826       1400.0456482349161                                                 1388.1610513359492                                              11.884596898966905
                       5       702.22264694463001     0.022600093513027469      0.11661135050556594       69.302113458664195       3.0477446655944633      0.94845026275044775     0.049927925002566723    0.0076160818368522197   2.1067775921381571e-09       2.1045919762829826       2.1045919762829826        1400.236109936694                                                  1388.351513037727                                              11.884596898966905
                       2       702.54752758655695     0.022649824793467915      0.11671624427858703       69.156486158689944       3.0452968511644025      0.94571692909290905     0.047975197343026653      0.01713943042605183   2.1016268980906249e-09       2.1045919762829826       2.1045919762829826       1400.8858712205479                                                 1389.9678467362405                                              10.918024484307253
                       1       703.02891726410621     0.022660959939347303      0.11646169879506985       68.871045952509149       3.0652866551826623      0.94501220937267094     0.058151851371919652     0.061577454322850923   2.1440607167529654e-09       2.1045919762829826       2.1045919762829826       1401.8486505756464                                                 1391.4766137236243                                              10.372036852022019
                       1       703.92722496965405     0.022660959939347303      0.11646169879506985       68.871045952509149       3.0691423271958089      0.94154298021038041     0.058151851371919652     0.061577454322850923   2.1523434691803099e-09       2.1045919762829826       2.1045919762829826       1403.6452659867421                                                 1393.2732291347199                                              10.372036852022019
                       1       703.26158991444163     0.022510250874228217      0.11703925595357012        68.42706306797696       3.0627181822532505      0.94497210405798471     0.054803501082742921     0.087454194962469617    2.138560821033197e-09       2.1045919762829826       2.1045919762829826       1402.3139958763172                                                 1391.1750390602374                                               11.13895681607973
                       4       703.23026643401613     0.022507531854938551      0.11740674399678054       68.393659588591689       3.0657370784391471      0.94324195328313254     0.055637450554306536     0.074852590314391204   2.1450266690904738e-09       2.1045919762829826       2.1045919762829826       1402.2513489154662                                                 1390.6817778845675                                               11.56957103089872
                       2       701.69733425623451     0.022215387600926288      0.11711026596341817       68.540597495750248       3.0472302282762196      0.95358015541549923     0.049867845343846862     0.032327265560334988   2.1056940658505962e-09       2.1045919762829826       2.1045919762829826        1399.185484559903                                                 1388.8380215452978                                              10.347463014605225
                       2       702.29023246820168     0.022215387600926288      0.11711026596341817       68.540597495750248       3.0501336711563316      0.95576816014113364     0.049867845343846862     0.032327265560334988   2.1118167123698574e-09       2.1045919762829826       2.1045919762829826       1400.3712809838373                                                 1390.0238179692321                                              10.347463014605225
                       2       703.61612591189544     0.022215387600926288      0.11711026596341817       68.540597495750248       3.0535317300561271      0.95202440831601953     0.049867845343846862     0.032327265560334988   2.1190049961330632e-09       2.1045919762829826       2.1045919762829826       1403.0230678712248                                                 1392.6756048566197                                              10.347463014605225
                       2       703.51117874400802     0.022212523918659157       0.1171564508268087        68.45947491697622       3.0589980751895589      0.95190722448822096     0.052456678845928126     0.043224052294101006   2.1306199254655499e-09       2.1045919762829826       2.1045919762829826         1402.81317353545                                                 1392.3419234683442                                              10.471250067105695
                       1        703.2326679726898     0.022250181825490052      0.11722049251292456       68.501780259064475       3.0600546260374908       0.9504993856860583     0.052543247057977326     0.039516946101415353   2.1328722233785355e-09       2.1045919762829826       2.1045919762829826       1402.2561519928136                                                 1391.8008793707934                                               10.45527262202007
                       6       703.15903453403769     0.022224372252917863      0.11728653097592701       68.544863986348872       3.0599944038044673      0.95133009459937812     0.052647164658930719     0.032009650166224139    2.132743780918075e-09       2.1045919762829826       2.1045919762829826       1402.1088851155093                                                 1391.7485373162335                                              10.360347799275864
                       4       702.95548237656817     0.022276167623946422      0.11741691745601825       68.622927111336637       3.0613657308611364      0.94956778189109314     0.052635706044090479      0.02610149922778425   2.1356704764395214e-09       2.1045919762829826       2.1045919762829826       1401.7017808005703                                                 1391.3757151365455                                              10.326065664024705
                       1       704.04786369624094     0.022378298576723205      0.11709390486133305       68.577616893185805       3.0539009896520928      0.94789995468297861     0.048508270344234085     0.052016129224230351   2.1197876035455404e-09       2.1045919762829826       2.1045919762829826       1403.8865434399158                                                 1393.4580710855114                                              10.428472354404418
                       1       706.20758712154804      0.02252073755719064      0.11799721268550079       68.597794100722552       3.0544247255820305      0.94127335361427578     0.045627715830301153     0.040466751823314523   2.1208981032562691e-09       2.1045919762829826       2.1045919762829826       1408.2059902905301                                                 1397.2845777484245                                              10.921412542105561
                       3       707.02522361799481      0.02252073755719064      0.11799721268550079       68.597794100722552        3.055370221860696      0.94116063977234887     0.045627715830301153     0.040466751823314523    2.122904352821616e-09       2.1045919762829826       2.1045919762829826       1409.8412632834236                                                  1398.919850741318                                              10.921412542105561
                       1       706.53504935768615     0.022621383973636989      0.11810191219642846       68.744929370883057       3.0577185489989973      0.93700424216075051      0.04583209374504349     0.022091256946175693   2.1278954848370555e-09       2.1045919762829826       2.1045919762829826       1408.8609147628063                                                 1398.1094261675419                                              10.751488595264371
                       1       706.98541831657337     0.022641272508054533      0.11811436504818366       68.747002914616161        3.056835466914273      0.93643043606939935      0.04517588104594996     0.023579760082526869   2.1260172079146419e-09       2.1045919762829826       2.1045919762829826       1409.7616526805807                                                  1398.969021860715                                              10.792630819865765
                       2       706.97782710907472     0.022652270101532992      0.11825267010232009       68.620232718561553       3.0597819331909561      0.93502428936751147     0.046205599887498672     0.031457935296697506   2.1322906836751101e-09       2.1045919762829826       2.1045919762829826       1409.7464702655834                                                 1398.2754219272695                                              11.471048338313848
                       1       708.09976868466845     0.022661434122598467      0.11795898966901169       68.615265253179814       3.0642818186428076       0.9366462374077742     0.048847057125304405     0.054549163125497652   2.1419073682639127e-09       2.1045919762829826       2.1045919762829826       1411.9903534167709                                                 1400.7726922539855                                               11.21766116278525
                       5       709.10150481805704     0.022661434122598467      0.11795898966901169       68.615265253179814       3.0661557711698855      0.93118926775106214     0.048847057125304405     0.054549163125497652   2.1459249642057565e-09       2.1045919762829826       2.1045919762829826        1413.993825683548                                                 1402.7761645207627                                               11.21766116278525
                       1       707.88330797632909     0.022426433572193687      0.11800794946479262       68.695110745708703       3.0595261144582739      0.93936781613386988     0.047656378409514512     0.028315179789886864   2.1317452735407417e-09       2.1045919762829826       2.1045919762829826       1411.5574320000921                                                 1401.1385877584514                                              10.418844241640732
                       2       707.68692879017351     0.022426433572193687      0.11800794946479262       68.695110745708703       3.0590903775000946      0.94308468527004252     0.047656378409514512     0.028315179789886864   2.1308165956839619e-09       2.1045919762829826       2.1045919762829826        1411.164673627781                                                 1400.7458293861403                                              10.418844241640732
                       1       707.24957090508406      0.02242095346827877      0.11808721660538739       68.677993436973367       3.0581558757058254      0.94267330784188352     0.047100001523722956     0.023613794580620389   2.1288262738765312e-09       2.1045919762829826       2.1045919762829826       1410.2899578576021                                                 1399.8098347848402                                              10.480123072761803
                       3       706.63336190341909     0.022171231594134217      0.11729189146593767       68.289080275182187       3.0607035179726569      0.95207742796120043     0.051995728193319886     0.067881148315380405   2.1342566760945488e-09       2.1045919762829826       2.1045919762829826       1409.0575398542721                                                  1398.181267511336                                              10.876272342936005
                      10       706.54431606186256     0.022495362812789715      0.11694222883615073       68.363055672537854       3.0810883807067144      0.94118722868600302      0.05998829287594086      0.09115939280198504    2.178209671345394e-09       2.1045919762829826       2.1045919762829826       1408.8794481711591                                                 1397.4814238634215                                              11.398024307737506
                       1       706.57977499172409      0.02248258068756041      0.11703097965804375       68.336216328635913       3.0821161705261817      0.94117033991241184     0.060433818360826681     0.089783769879921427   2.1804495639424958e-09       2.1045919762829826       2.1045919762829826       1408.9503660308822                                                 1397.3914388631729                                              11.558927167709333
                       1       706.10711847761786     0.022486418797677477      0.11732111213070723       68.310559191508574       3.0777717065189747      0.93984225470379912     0.057670442207032352     0.078784059668019199   2.1709972268288401e-09       2.1045919762829826       2.1045919762829826       1408.0050530026697                                                 1396.0066708320858                                              11.998382170583923
                       1       703.52468790212242     0.022486418797677477      0.11732111213070723       68.310559191508574       3.0723669154593591      0.94517420375379901     0.057670442207032352     0.078784059668019199   2.1592950927084152e-09       2.1045919762829826       2.1045919762829826       1402.8401918516788                                                 1390.8418096810949                                              11.998382170583923
                       3       703.21330270881265     0.022486418797677477      0.11732111213070723       68.310559191508574       3.0721119718879999       0.9440682322705729     0.057670442207032352     0.078784059668019199    2.158744664472913e-09       2.1045919762829826       2.1045919762829826       1402.2174214650593                                                 1390.2190392944754                                              11.998382170583923
                       7       703.31446961561005     0.022492411409899625      0.11736639435927722        68.29523352539816        3.072148112510023      0.94370364228365622     0.057532647061497133     0.079477486581107912   2.1588226842577093e-09       2.1045919762829826       2.1045919762829826       1402.4197552786541                                                  1390.254820303496                                              12.164934975158168
                       2       703.10361250787128     0.022470398074701151      0.11740021350612052       68.278392661472864       3.0710668123020115      0.94389593286768569      0.05715245083450568      0.07407202345074565   2.1564896104440826e-09       2.1045919762829826       2.1045919762829826       1401.9980410631765                                                 1389.7341965049243                                              12.263844558252252
                       3        703.5461469239483     0.022509084585491258      0.11738266505097181       68.350254336704381       3.0782202752917964      0.94218773395674205     0.060491812239805973     0.067469320341975683   2.1719712868407971e-09       2.1045919762829826       2.1045919762829826       1402.8831098953306                                                 1390.9066129309251                                              11.976496964405371
                       1       703.56785522837731     0.022462833991266182       0.1172996634819828       68.349544723167739       3.0807429705992906      0.94404258576463895     0.062331871284326677     0.068970066523530979    2.177457425632938e-09       2.1045919762829826       2.1045919762829826       1402.9265265041886                                                 1391.2345378302284                                              11.691988673960182
                       4       704.01044005520293     0.022616207357898047      0.11640174500604393       68.939417171481054       3.0770755101142959      0.94435671494939721     0.061160399552963741     0.057740724012830161   2.1694863123725873e-09       2.1045919762829826       2.1045919762829826       1403.8116961578398                                                  1393.326238112591                                              10.485458045248924
                       3       704.52484661862502     0.022725548634576272      0.11701798658301614       69.083111948649474       3.0629918252044397      0.94032699730856606     0.051940772063929302     0.035308298399672464   2.1391461032030803e-09       2.1045919762829826       2.1045919762829826        1404.840509284684                                                  1394.337208655518                                              10.503300629165995
                       6       704.33956624545169     0.022630339251589183      0.11705245306841339       69.060618316560323       3.0633273410383612      0.94401638974692359     0.052849521593604461     0.037004801276264911   2.1398639410080175e-09       2.1045919762829826       2.1045919762829826       1404.4699485383373                                                 1393.8947151571235                                              10.575233381213778
                       4       703.79019557703737     0.022553891112190388      0.11680246168536505       69.034290984688823       3.0671025420726705      0.94712500903167174     0.055917728842822326     0.042875842860766275   2.1479576256019238e-09       2.1045919762829826       2.1045919762829826       1403.3712072015087                                                 1392.6435325593282                                              10.727674642180524
                       3        703.4494173431392     0.022542727740073844      0.11660680581658694       68.947798055721478       3.0649677754113829      0.94784282477051895     0.055284977002749688     0.055291681140994704   2.1433771281590776e-09       2.1045919762829826       2.1045919762829826       1402.6896507337124                                                 1392.1310795205568                                              10.558571213155508
                       5       703.92488668753583     0.022511000392680839      0.11632592275537361       68.887742230577828       3.0728042222981511      0.94941909878229891     0.060001866376116562     0.070284722932556262    2.160239573718377e-09       2.1045919762829826       2.1045919762829826       1403.6405894225056                                                 1393.0929714160636                                              10.547618006442109
                       3       703.76175682154224     0.022511000392680839      0.11632592275537361       68.887742230577828       3.0724116926611873      0.94972627789160113     0.060001866376116562     0.070284722932556262   2.1593917820653112e-09       2.1045919762829826       2.1045919762829826       1403.3143296905184                                                 1392.7667116840764                                              10.547618006442109
                       4       703.70774759204301     0.022525802212106753      0.11619127531045448       68.742396683367247       3.0742364220019724      0.94865513822615821     0.060986895768014797     0.084807028053651756   2.1633356847914932e-09       2.1045919762829826       2.1045919762829826         1403.20631123152                                                  1392.883346289397                                              10.322964942123095
                       1       703.80918460175508     0.022490431532445187      0.11605099524893339         68.6966197044419        3.073873410780291       0.9502880768714892     0.061365001610268657     0.092521598005736769   2.1625505121835063e-09       2.1045919762829826       2.1045919762829826       1403.4091852509441                                                 1393.0952291151339                                               10.31395613581026
                       2       704.29306860832287     0.022546065921896973      0.11618363044523154       68.583768284921931       3.0735417212327469      0.94806487902769321     0.060321161209536199       0.1065723564916842   2.1618333357291207e-09       2.1045919762829826       2.1045919762829826       1404.3769532640797                                                 1393.9863992230585                                              10.390554041021209
                       4       705.61918708990459     0.022546065921896973      0.11618363044523154       68.583768284921931       3.0692779190492256      0.94625022322967267     0.060321161209536199       0.1065723564916842    2.152635329206959e-09       2.1045919762829826       2.1045919762829826       1407.0291902272431                                                 1396.6386361862219                                              10.390554041021209
                       1       705.86204486690951      0.02250674402906476      0.11617014779004058       68.594947198766633       3.0679583230132894      0.94854516765470498     0.059987626493955851      0.11161195821804547   2.1497965935638043e-09       2.1045919762829826       2.1045919762829826        1407.514905781253                                                 1397.2012457569151                                              10.313660024337944
                       3       702.38732203134657      0.02250674402906476      0.11617014779004058       68.594947198766633       3.0571454219876766      0.96072939255388212     0.059987626493955851      0.11161195821804547   2.1266762798704502e-09       2.1045919762829826       2.1045919762829826       1400.5654601101271                                                 1390.2518000857892                                              10.313660024337944
                       9        702.3830021923161     0.022506310457499564       0.1161685227328691       68.595634272203426       3.0571501768357949      0.96074834990517011     0.059997841544153739      0.11154427130650929   2.1266863919171988e-09       2.1045919762829826       2.1045919762829826       1400.5568204320662                                                 1390.2441137323401                                              10.312706699726094
                       1       701.65378008154562       0.0223580714567067      0.11617044010693413       68.361662068880221       3.0535721997038583       0.9648092395277561     0.059445222428935011      0.12006130656418709   2.1190907532540659e-09       2.1045919762829826       2.1045919762829826       1399.0983762105252                                                 1388.5417426890153                                              10.556633521509784
                       3       702.07851722424209     0.022496049898040386      0.11662719339124412       68.544915956817846       3.0527616729904259      0.95987947991606293     0.056948889670030582      0.10256706001454224   2.1173738694744423e-09       2.1045919762829826       2.1045919762829826       1399.9478504959181                                                 1389.4992010790997                                              10.448649416818469
                       2       701.86748868004042     0.022481463438412713      0.11645269402622038       68.636558610429532       3.0519517931678095      0.96121096117044713     0.057079722482074963      0.09810891071739529   2.1156597453115982e-09       2.1045919762829826       2.1045919762829826       1399.5257934075148                                                  1389.233850292248                                               10.29194311526674
                       1       702.39563737363301     0.022481463438412713      0.11645269402622038       68.636558610429532       3.0546717730870752      0.96359023083211848     0.057079722482074963      0.09810891071739529   2.1214221305682872e-09       2.1045919762829826       2.1045919762829826          1400.5820907947                                                 1390.2901476794332                                               10.29194311526674
                       3       702.12449868449301     0.022212569988306462      0.11751345694141654       68.413795079207091       3.0617414113911838      0.96784718142201154      0.06092369445309307     0.064452799242855852    2.136472956984837e-09       2.1045919762829826       2.1045919762829826         1400.03981341642                                                 1389.4682233588876                                              10.571590057532376
                       3        701.9414329588601     0.022195502968439335      0.11803835376826134       68.306034955250524       3.0596141091951274      0.96632547697550497     0.058936993837408684     0.054620491442268861   2.1319328641584983e-09       2.1045919762829826       2.1045919762829826       1399.6736819651542                                                 1388.4797387811211                                              11.193943184033136
                       2       701.93553129999964     0.022190250835814627      0.11803628489447902       68.301067794118495       3.0597307454320219      0.96646564651043432     0.059046541149631218     0.054603717358957811    2.132181539287069e-09       2.1045919762829826       2.1045919762829826       1399.6618786474332                                                 1388.4601592464724                                              11.201719400960812
                       6       701.65925165411079     0.022190250835814627      0.11803628489447902       68.301067794118495       3.0532485613481475      0.97263939167348323     0.059046541149631218     0.054603717358957811   2.1184050451737837e-09       2.1045919762829826       2.1045919762829826       1399.1093193556555                                                 1387.9075999546947                                              11.201719400960812
                       8       701.29858111438045     0.022190250835814627      0.11803628489447902       68.301067794118495       3.0533057379966024      0.96971826378476511     0.059046541149631218     0.054603717358957811   2.1185261719371149e-09       2.1045919762829826       2.1045919762829826       1398.3879782761949                                                  1387.186258875234                                              11.201719400960812
                       1       701.55935723389973     0.022423670675946167      0.11753591738021871       68.937738643228855       3.0499145289302501      0.96574252078022726     0.056568557290807495     0.026782614069121181   2.1113539748589485e-09       2.1045919762829826       2.1045919762829826       1398.9095305152334                                                 1388.4422263961399                                              10.467304119093566
                       6       701.37075305320673     0.022473671921558504      0.11758285462363248       68.984946303434896       3.0575349284442481       0.9630757067194784     0.059918457276270189     0.018474286596819829    2.127504795358088e-09       2.1045919762829826       2.1045919762829826       1398.5323221538474                                                  1388.059440747124                                              10.472881406723518
                       6       701.28285961479241     0.022473671921558504      0.11758285462363248       68.984946303434896       3.0587754945775663      0.96210788159528371     0.059918457276270189     0.018474286596819829   2.1301457435524237e-09       2.1045919762829826       2.1045919762829826       1398.3565352770188                                                 1387.8836538702953                                              10.472881406723518
                       3       702.08278143294308     0.022513958445540754      0.11572316610495501       68.533694322839224        3.054340024344163      0.96567029210581468     0.060641500885783968      0.12487329583555853   2.1207184681692968e-09       2.1045919762829826       2.1045919762829826       1399.9563789133201                                                 1389.6055090429923                                              10.350869870327783
                       3       700.54160163055144     0.022142051266991668      0.11609563914616132       68.397657351308055       3.0381513392943318      0.97538697041777145     0.055298116835766853     0.080802986598277032   2.0866632233698389e-09       2.1045919762829826       2.1045919762829826       1396.8740193085368                                                 1386.5739238790427                                              10.300095429494194
                       3       700.21250680616845     0.022147820168583923      0.11603734234371962       68.655558868410552       3.0354969956369513      0.97702101742416025     0.054135701192432259     0.065611724575032046   2.0811318464130963e-09       2.1045919762829826       2.1045919762829826       1396.2158296597709                                                 1385.6117442925572                                               10.60408536721372
                       2       701.43969932157552     0.022085050992131264      0.11578512154145719       68.791955915333119       3.0394233483209607      0.98056088326227731     0.057231515149921738     0.060935753742032708   2.0893191666593076e-09       2.1045919762829826       2.1045919762829826        1398.670214690585                                                 1387.1285708878015                                              11.541643802783526
                       3       701.44047542330088     0.022085124482330968       0.1157854485377251       68.792527212157054       3.0393490926175155      0.98056860634683518      0.05719284812432561     0.060929393548629245   2.0891640285548818e-09       2.1045919762829826       2.1045919762829826       1398.6717668940357                                                  1387.126841265218                                              11.544925628817646
                       1       701.35234891102232     0.022085124482330968       0.1157854485377251       68.792527212157054       3.0410619356701272      0.97885770598305533      0.05719284812432561     0.060929393548629245   2.0927455050248824e-09       2.1045919762829826       2.1045919762829826       1398.4955138694786                                                 1386.9505882406609                                              11.544925628817646
                      10       702.30001336860016     0.022050273885752161      0.11586176604045739       68.879764809408513       3.0303863585975632      0.98104124407380466     0.052029471111020464     0.051874954548700752   2.0705230688113789e-09       2.1045919762829826       2.1045919762829826       1400.3908427846343                                                 1388.1445807974383                                              12.246261987196029
                       1       702.86200397197797     0.022115842489072689      0.11552605765863344       69.123744850547581       3.0302936048553857      0.98022455058839875     0.052226485769753618      0.03940084716246875   2.0703310289548276e-09       2.1045919762829826       2.1045919762829826       1401.5148239913899                                                 1387.2502956342582                                              14.264528357131692
                       1       702.93931086618852     0.022111350463948552      0.11550647486014357       69.120842232118378       3.0300045251967207      0.98043929045867773     0.052159523663059322      0.03995385407397619    2.069732624865046e-09       2.1045919762829826       2.1045919762829826        1401.669437779811                                                 1387.3801992913561                                              14.289238488454902
                       4       700.67031720365105     0.022164218354954465      0.11605044988056727       68.907586565956066       3.0297643840485406       0.9745676932950641     0.050492974449985933     0.028971918570219961   2.0692356565697418e-09       2.1045919762829826       2.1045919762829826       1397.1314504547361                                                 1385.5693556980948                                              11.562094756641194
                      10       698.84594432717768     0.022176456045852961      0.11694662305349846       68.779323995253748       3.0348572128336917      0.97162592192556707     0.051025465393545306     0.023208985176064439    2.079800799882188e-09       2.1045919762829826       2.1045919762829826       1393.4827047017893                                                  1382.905270786099                                              10.577433915690333
                       5       698.50764933270898     0.022329405031072173      0.11677636524335437       68.666039400069764       3.0420121834405478      0.96618979284424145     0.053473453782354435     0.048460401155828302   2.0947350769185075e-09       2.1045919762829826       2.1045919762829826       1392.8061147128519                                                 1382.5088327128594                                              10.297281999992535
                       5       698.52170575434218     0.022335015153728755      0.11674410722653317       68.696109963712601       3.0433156936671066      0.96610780361787207     0.054159937866290267     0.046847272579641414   2.0974673659096451e-09       2.1045919762829826       2.1045919762829826       1392.8342275561183                                                 1382.5240289351673                                              10.310198620951079
                       1       700.40481439008954     0.022049800552089872      0.11662869699675199       68.631052244444263       3.0324132478696733      0.97447327970579212     0.051661580066762892     0.018184414157607388   2.0747240458265993e-09       2.1045919762829826       2.1045919762829826        1396.600444827613                                                 1386.1559509848282                                              10.444493842784857
                       7       700.39464571812402     0.022098359324070695      0.11741692161575686       68.319406513006101       3.0248449628734093      0.96970472829765197      0.04568208355350066     0.024736701049247599   2.0590812123371828e-09       2.1045919762829826       2.1045919762829826        1396.580107483682                                                 1385.7413047535454                                              10.838802730136656
                       2       700.59513236809869      0.02213907708891551      0.11740192356874332       68.294694778835904       3.0242635008958696      0.96840152990438233     0.045022800032129912     0.030826383988920777    2.057884282921738e-09       2.1045919762829826       2.1045919762829826       1396.9810807836313                                                 1385.9346979532124                                              11.046382830418914
                       3       700.97855564560666      0.02213907708891551      0.11740192356874332       68.294694778835904       3.0239784044801583      0.97110926102466699     0.045022800032129912     0.030826383988920777   2.0572976711131639e-09       2.1045919762829826       2.1045919762829826       1397.7479273386473                                                 1386.7015445082284                                              11.046382830418914
                       1       701.39527084874828      0.02213907708891551      0.11740192356874332       68.294694778835904       3.0316717643421458      0.96154859759283207     0.045022800032129912     0.030826383988920777    2.073186242320894e-09       2.1045919762829826       2.1045919762829826       1398.5813577449305                                                 1387.5349749145116                                              11.046382830418914
                       1       700.42852582962416     0.022292075814459841      0.11662724639266187       68.404108175185584       3.0390680077067507      0.96069871935563012     0.048751631392924807     0.074268954483554583   2.0885768785937053e-09       2.1045919762829826       2.1045919762829826       1396.6478677066823                                                 1386.0716223674951                                              10.576245339187116
                       1       700.48267136694858     0.022313271899238974      0.11673167649926129       68.324453081878431       3.0423257023893986      0.95902976191159495     0.049952838428823164     0.077874711279407746   2.0953919190187864e-09       2.1045919762829826       2.1045919762829826       1396.7561587813311                                                 1385.7947930649486                                              10.961365716382431
                       7       700.92625424244363     0.022480033238825688      0.11721735018007692       68.414288907525588       3.0404035460272496      0.95242163202115704      0.04654802058138921     0.066251296308897978    2.091368116538108e-09       2.1045919762829826       2.1045919762829826       1397.6433245323212                                                 1386.2988252895748                                              11.344499242746512
                       2        700.5533743516188      0.02239428901192074      0.11683425785863208       68.396349825473834       3.0407253510186529      0.95658779903331537     0.048224397519188819     0.076023950314811614   2.0920412375379117e-09       2.1045919762829826       2.1045919762829826       1396.8975647506716                                                 1385.9720002432462                                               10.92556450742538
                       1       701.59517012532081     0.022466658747201749      0.11645191073496988       68.624114015929223       3.0462496034572513      0.95425600704553226     0.051347078221009618      0.05629372797874127   2.1036301821016729e-09       2.1045919762829826       2.1045919762829826       1398.9811562980756                                                  1388.548191692473                                              10.432964605602486
                       1       702.34857939742335     0.022368561552479019      0.11653087903738005       68.560168776687689       3.0381126770892943      0.95687373445973534     0.048026437893287741     0.046595051096248785   2.0865825499279691e-09       2.1045919762829826       2.1045919762829826       1400.4879748422807                                                 1390.0332854894525                                              10.454689352828114
                       4       702.03042248713552     0.022015139841323823      0.11855013023624711       67.970983689851892       3.0400447928369179      0.96029342552505526     0.047946670646614446     0.013595641706254262    2.090617966121615e-09       2.1045919762829826       2.1045919762829826        1399.851661021705                                                  1386.143120628376                                              13.708540393329017
                       6       702.33392130989375     0.022031341407567438      0.11857982116148648       67.953468248510319       3.0350408817519967      0.96053218722107803      0.04516209207430659      0.02189734144422462    2.080182829727823e-09       2.1045919762829826       2.1045919762829826       1400.4586586672215                                                 1386.5474499834404                                              13.911208683780982
                       1       702.65641812898662     0.022031341407567438      0.11857982116148648       67.953468248510319       3.0352266139874922      0.96437378898293091      0.04516209207430659      0.02189734144422462   2.0805692226167241e-09       2.1045919762829826       2.1045919762829826       1401.1036523054072                                                 1387.1924436216261                                              13.911208683780982
                       1        702.9920227335117       0.0220018191848846      0.11844658323926147       67.951313326023936       3.0342302624998498      0.96594443827685317      0.04518382788420329     0.025504184263983796   2.0784972767412092e-09       2.1045919762829826       2.1045919762829826       1401.7748615144574                                                 1388.2031527027711                                              13.571708811686191
                       3       702.30923624311652       0.0220018191848846      0.11844658323926147       67.951313326023936        3.030250773863528      0.96977756665519876      0.04518382788420329     0.025504184263983796   2.0702423565223613e-09       2.1045919762829826       2.1045919762829826        1400.409288533667                                                 1386.8375797219808                                              13.571708811686191
                       2       702.53087607404564     0.022157854254626037      0.11855436923351634       67.868600118779483       3.0320554673502467      0.96437143557405014     0.044343413473148144     0.045421163911734674   2.0739818827534779e-09       2.1045919762829826       2.1045919762829826       1400.8525681955252                                                 1385.2351331761779                                              15.617435019347399
                       3       702.29948485734258     0.022165752532822363      0.11849382988973135       67.888309888598741        3.032848106885949       0.9640932448256877     0.044817489399889866     0.043786694760787011   2.0756264544802599e-09       2.1045919762829826       2.1045919762829826       1400.3897857621191                                                 1384.9820503556045                                              15.407735406514526
                      10       702.58284865131043     0.022125920975724106      0.11907051325823985       67.654040745829747       3.0444250006275402      0.96215102361395322     0.049728368726916231     0.044109584822086219   2.0997953920670094e-09       2.1045919762829826       2.1045919762829826       1400.9565133500548                                                 1381.7889755068602                                              19.167537843194562
                       2        702.7075965308934     0.021957741486127454      0.11908196766667149       67.674837277217804       3.0477997136293253      0.96677519008534873     0.053036000468959954     0.022127423723174645   2.1068935692966234e-09       2.1045919762829826       2.1045919762829826       1401.2060091092208                                                 1383.7718281548453                                              17.434180954375393
                       1       702.79983947029473     0.021957741486127454      0.11908196766667149       67.674837277217804       3.0337848815931325      0.97652906495432956     0.053036000468959954     0.022127423723174645   2.0775717598585582e-09       2.1045919762829826       2.1045919762829826       1401.3904949880234                                                 1383.9563140336481                                              17.434180954375393
                       2       702.30082086458947     0.021982236615083695      0.11915769784240791       67.708673573734742       3.0367043066791348      0.97560548075635301     0.054134059372961639     0.020078593020145152   2.0836459372109232e-09       2.1045919762829826       2.1045919762829826       1400.3924577766129                                                 1383.1208938386019                                              17.271563938010999
                       7       699.61372734482495     0.022159036803131815       0.1178154392109186       68.312539920846064       3.0385725880886878      0.97581966386242047     0.056439220044322475     0.018666671483948672   2.0875424129026746e-09       2.1045919762829826       2.1045919762829826       1395.0182707370839                                                 1383.7719809654984                                              11.246289771585472
                       2       699.12867512549337     0.022241531814105577       0.1175819086848687       68.508129503800461       3.0403780464432972      0.97507571024995121     0.057103040745143135      0.02082551099797552   2.0913147882011728e-09       2.1045919762829826       2.1045919762829826       1394.0481662984207                                                 1383.4914086590265                                              10.556757639394103
                       1       699.43905459103644     0.022241531814105577       0.1175819086848687       68.508129503800461       3.0393013183071105      0.97564081256117441     0.057103040745143135      0.02082551099797552   2.0890642225681944e-09       2.1045919762829826       2.1045919762829826       1394.6689252295068                                                 1384.1121675901127                                              10.556757639394103
                       1       699.67114821660948     0.022311692083252281      0.11842916547715915       68.359304453705406       3.0479487412225414      0.96997860388023682     0.059022751039061419     0.015666924470261179   2.1072075779718158e-09       2.1045919762829826       2.1045919762829826       1395.1331124806529                                                 1383.2523461157341                                              11.880766364918772
                       4       700.69947867161693     0.022311692083252281      0.11842916547715915       68.359304453705406       3.0560972164677001      0.95910279307568913     0.059022751039061419     0.015666924470261179   2.1244482539732098e-09       2.1045919762829826       2.1045919762829826       1397.1897733906678                                                  1385.309007025749                                              11.880766364918772
                       1       701.82849406729258     0.022311692083252281      0.11842916547715915       68.359304453705406       3.0641990292351085      0.95115727325709287     0.059022751039061419     0.015666924470261179   2.1417300483617537e-09       2.1045919762829826       2.1045919762829826       1399.4478041820191                                                 1387.5670378171003                                              11.880766364918772
                       2       702.24611665407099     0.022256194898335913      0.11828416634565186       68.258700601198242       3.0630141918119063       0.9523556182649503     0.059229330021417836     0.017385228724955726   2.1391939491793582e-09       2.1045919762829826       2.1045919762829826       1400.2830493555759                                                 1387.9771148210286                                              12.305934534547362
                       2        699.5811734774669     0.022256194898335913      0.11828416634565186       68.258700601198242       3.0642034456646376      0.95897679421358584     0.059229330021417836     0.017385228724955726     2.14173950718247e-09       2.1045919762829826       2.1045919762829826       1394.9531630023678                                                 1382.6472284678205                                              12.305934534547362
                       7       699.51080030053799     0.022266729720288446      0.11821961170897938       68.258993196717825       3.0610360233948373      0.95910779721369444     0.057659396295054725     0.021139194141728063   2.1349664460063077e-09       2.1045919762829826       2.1045919762829826         1394.81241664851                                                 1382.5251955509148                                              12.287221097595307
                       2       699.18604821217741     0.022266729720288446      0.11821961170897938       68.258993196717825       3.0628808779901959      0.95493452702357873     0.057659396295054725     0.021139194141728063   2.1389087840672615e-09       2.1045919762829826       2.1045919762829826       1394.1629124717888                                                 1381.8756913741934                                              12.287221097595307
                       1       698.57434836218863     0.022266729720288446      0.11821961170897938       68.258993196717825       3.0554226292458155      0.96337482550479037     0.057659396295054725     0.021139194141728063   2.1230156116029719e-09       2.1045919762829826       2.1045919762829826       1392.9395127718112                                                 1380.6522916742158                                              12.287221097595307
                       1       698.74648171245974     0.022346599456730121      0.11835891877328646       68.255040772017765       3.0487472643696405      0.96152148976184726     0.053222036625342438     0.031411472377713121   2.1088909039965198e-09       2.1045919762829826       2.1045919762829826       1393.2837794723534                                                 1380.5501637496332                                              12.733615722720364
                       1       698.69993359577802     0.022346599456730121      0.11835891877328646       68.255040772017765       3.0442514906537577      0.96164652789126182     0.053222036625342438     0.031411472377713121   2.0994310882296715e-09       2.1045919762829826       2.1045919762829826         1393.19068323899                                                 1380.4570675162697                                              12.733615722720364
                       4       698.51809408164036      0.02226985313299722      0.11828306680720849       68.338681849500901       3.0457876886847659       0.9653372098227434     0.054846378984304223     0.027893299106479225   2.1026587086309608e-09       2.1045919762829826       2.1045919762829826       1392.8270042107147                                                 1381.1976775746014                                              11.629326636113307
                       3        698.7368370976435     0.022280538775450019      0.11830834681394453       68.357794832296705       3.0446381066565311      0.96538750199875767     0.054103734611535399     0.029640333078968496   2.1002429188083359e-09       2.1045919762829826       2.1045919762829826        1393.264490242721                                                  1381.724878445684                                               11.53961179703691
                       1       699.41136569204389     0.022489789251734726      0.11840788090311861       68.637248000972775       3.0509964817015485      0.95833155570743744     0.055370972975566687     0.011464157620789419    2.113639596387546e-09       2.1045919762829826       2.1045919762829826       1394.6135474315217                                                 1383.6601441673349                                              10.953403264186793
                       1       699.46083866530898     0.022489789251734726      0.11840788090311861       68.637248000972775       3.0583091392494524      0.95539894749903786     0.055370972975566687     0.011464157620789419   2.1291525703390691e-09       2.1045919762829826       2.1045919762829826       1394.7124933780519                                                 1383.7590901138651                                              10.953403264186793
                       7       700.58643126000163     0.022489789251734726      0.11840788090311861       68.637248000972775       3.0528371129079583       0.9622395397495539     0.055370972975566687     0.011464157620789419   2.1175336100098711e-09       2.1045919762829826       2.1045919762829826       1396.9636785674372                                                 1386.0102753032504                                              10.953403264186793
                       3       699.34912742538904     0.022489789251734726      0.11840788090311861       68.637248000972775       3.0490441493299478      0.96102407535817802     0.055370972975566687     0.011464157620789419   2.1095170949375826e-09       2.1045919762829826       2.1045919762829826        1394.489070898212                                                 1383.5356676340252                                              10.953403264186793
                       8       699.18488644037086     0.022489789251734726      0.11840788090311861       68.637248000972775       3.0499530725477655      0.96050082442369134     0.055370972975566687     0.011464157620789419     2.11143535564734e-09       2.1045919762829826       2.1045919762829826       1394.1605889281757                                                 1383.2071856639889                                              10.953403264186793
                       1       699.03013720055515     0.022489789251734726      0.11840788090311861       68.637248000972775       3.0512459954752535      0.95958806838429156     0.055370972975566687     0.011464157620789419   2.1141670443795259e-09       2.1045919762829826       2.1045919762829826       1393.8510904485443                                                 1382.8976871843574                                              10.953403264186793
                       4       698.94306993785358     0.022546149869526196      0.11854163322684641       68.576916207926317       3.0476649906317874      0.95631819206496194     0.052831785831910796     0.006932887952622274   2.1066097413989764e-09       2.1045919762829826       2.1045919762829826       1393.6769559231411                                                 1382.0485731399597                                               11.62838278318134
                       1       699.58258300199907     0.022546149869526196      0.11854163322684641       68.576916207926317       3.0444208312326007      0.96132045705741387     0.052831785831910796     0.006932887952622274    2.099786637208979e-09       2.1045919762829826       2.1045919762829826       1394.9559820514321                                                 1383.3275992682507                                               11.62838278318134
                       3       700.17912780315885     0.022580282474464117      0.11864231153638961       68.509179250401914       3.0408710537249548      0.95970326241700565     0.050505661608106801     0.010966677322441696   2.0923460758152577e-09       2.1045919762829826       2.1045919762829826       1396.1490716537517                                                  1383.824835848576                                              12.324235805175677
                      15       700.14165265193037     0.022580939446422484      0.11869387415602339       68.467432210546278       3.0435602641954196       0.9590110157420727     0.051740948579894315     0.011033247254116422   2.0979804073462952e-09       2.1045919762829826       2.1045919762829826       1396.0741213512947                                                 1383.3508264800498                                              12.723294871244804
                       2       700.60653948980598     0.022597939001628022       0.1188616997736468       68.382512426328688       3.0470127366135462      0.95740573065061585     0.052939298652205632     0.014347818602091863    2.105236144745949e-09       2.1045919762829826       2.1045919762829826       1397.0038950270459                                                 1383.2582961184712                                              13.745598908574825
                       1       700.60237330580298     0.022596615804015469      0.11884029212318881       68.380938437708167       3.0471759046100484      0.95750157887758724      0.05307438136231702      0.01506843390846388   2.1055796799360638e-09       2.1045919762829826       2.1045919762829826       1396.9955626590399                                                 1383.2669873063601                                              13.728575352679764
                       8       701.26228433987274     0.022143419252168676      0.11918900650206965       67.770735168053619       3.0338515587999835      0.96926483706336808     0.049588014839339431     0.019990203214910161   2.0777102911589269e-09       2.1045919762829826       2.1045919762829826       1398.3153847271794                                                 1380.2458839973178                                              18.069500729861502
                      12       701.28669584112163     0.022143419252168676      0.11918900650206965       67.770735168053619       3.0353377753444426       0.9686092191770943     0.049588014839339431     0.019990203214910161   2.0808005143698538e-09       2.1045919762829826       2.1045919762829826       1398.3642077296772                                                 1380.2947069998156                                              18.069500729861502
                       3       700.10341043024778     0.022082631068620615      0.11839758781751408       68.055755237302535       3.0524289176389541      0.97385417859875478     0.060396550134327133     0.021935960717307728   2.1166694191996078e-09       2.1045919762829826       2.1045919762829826       1395.9976369079295                                                 1382.9187455814833                                              13.078891326446168
                       2       702.20627947638889     0.022223733452768225      0.11903893554884405       67.777954399638759       3.0613826294144824      0.96743913035137474     0.062020176617844765     0.054131475074401136   2.1357065664859309e-09       2.1045919762829826       2.1045919762829826       1400.2033750002117                                                 1382.3150311641571                                              17.888343836054617
                       1       702.23954163717553     0.022351899107010978      0.11990151652522445        68.08338945702657       3.0656144859186711      0.96057933561264086      0.06152105596224141   0.00076706374668171484   2.1447637209826868e-09       2.1045919762829826       2.1045919762829826        1400.269899321785                                                 1383.9004470056129                                               16.36945231617203
                       4       702.20096334161315     0.022194201114755268      0.11961310398251772       67.833796153712029       3.0664204472963927      0.96544160790986722     0.063825004467494229     0.017964862579740313   2.1464930144844154e-09       2.1045919762829826       2.1045919762829826       1400.1927427306603                                                 1382.1735931303144                                              18.019149600345933
                       1       702.16134048918138     0.022200365303010512      0.11958207673388639       67.830488178166391       3.0661012636826346      0.96538274624058629     0.063662801883234629       0.0200945756083305    2.145807998415913e-09       2.1045919762829826       2.1045919762829826       1400.1134970257967                                                 1382.0495537069562                                              18.063943318840536
                       7       701.80400104308933     0.022210109354536767       0.1192584689232338       67.956334252006215       3.0682891328704178      0.96634238921897486     0.065384681282337972     0.019085357998012979   2.1505078851124174e-09       2.1045919762829826       2.1045919762829826       1399.3988181336126                                                 1383.4380012025149                                              15.960816931097684
                       4       701.22032955251666     0.022423245163975761      0.11933547430018042       67.962546013647966       3.0572333422080216      0.95989447231745284     0.057694775400676912     0.033185553361012414   2.1268632659373865e-09       2.1045919762829826       2.1045919762829826       1398.2314751524673                                                 1380.3969570353413                                               17.83451811712608
                       4       701.23598348703683     0.022402309845825003      0.11925516070063977        67.92242401446093       3.0565731940372398      0.96063546028955615      0.05769768627317351     0.036883514767880911   2.1254596843797469e-09       2.1045919762829826       2.1045919762829826       1398.2627830215076                                                 1380.1578844194357                                              18.104898602071852
                       1       702.36256391272968     0.022306593146339575       0.1194828034032427       67.700892910434931       3.0528456042191645      0.96336795986614809     0.056063057516994461     0.051500212016918047   2.1175515907230831e-09       2.1045919762829826       2.1045919762829826       1400.5159438728933                                                 1379.7264369066429                                              20.789506966250443
                       7       702.32864333499765      0.02230345107636552      0.11947709066616506       67.698313709492126       3.0529681035292935      0.96341570029181656     0.056168014207509123      0.05110987881207342   2.1178110052208336e-09       2.1045919762829826       2.1045919762829826       1400.4481027174293                                                 1379.6446205786394                                              20.803482138789786
                       1       702.22014771554109     0.022272638839330599      0.11989162269082707        67.81743844817899        3.057943059716131      0.96332993031593805     0.058210476957308945     0.025604629564038309    2.128373273810707e-09       2.1045919762829826       2.1045919762829826       1400.2311114785161                                                 1380.9388533105796                                               19.29225816793647
                       4       700.79601605637617     0.022015662842168771      0.11866137675936547       68.152397672323417       3.0350027764289198      0.97831150186096127     0.051667210273335498     0.017761229445768835   2.0801035651992467e-09       2.1045919762829826       2.1045919762829826       1397.3828481601863                                                 1385.3790502268307                                              12.003797933355537
                       1       700.85777283798302     0.022015662842168771      0.11866137675936547       68.152397672323417       3.0453268182747788      0.96656051482752547     0.051667210273335498     0.017761229445768835   2.1016898787195189e-09       2.1045919762829826       2.1045919762829826          1397.5063617234                                                 1385.5025637900444                                              12.003797933355537
                       3       701.59425411329744     0.022015662842168771      0.11866137675936547       68.152397672323417       3.0473361661218741      0.96643780480796793     0.051667210273335498     0.017761229445768835   2.1059171503598774e-09       2.1045919762829826       2.1045919762829826       1398.9793242740288                                                 1386.9755263406732                                              12.003797933355537
                       4       700.49120392645409     0.022015662842168771      0.11866137675936547       68.152397672323417       3.0414506946307847      0.97155021452932988     0.051667210273335498     0.017761229445768835   2.0935592367548388e-09       2.1045919762829826       2.1045919762829826       1396.7732239003421                                                 1384.7694259669865                                              12.003797933355537
                       2       700.75949723441067     0.022004056561730687       0.1188002217490081       68.105328261867967       3.0383538799787178      0.97133208369262802     0.049933863981678511     0.015080560574636949   2.0870859003703825e-09       2.1045919762829826       2.1045919762829826       1397.3098105162553                                                  1384.884722980014                                              12.425087536241243
                       3       700.85765717116431     0.022004056561730687       0.1188002217490081       68.105328261867967       3.0287587166713124      0.97761560979988549     0.049933863981678511     0.015080560574636949   2.0671557398016489e-09       2.1045919762829826       2.1045919762829826       1397.5061303897626                                                 1385.0810428535212                                              12.425087536241243
                       4       700.86694325224175     0.022003323410551157      0.11880031691851238       68.104288366386569       3.0287137239382838      0.97763908605452943     0.049917187545997652     0.015126689559868643   2.0670627349076076e-09       2.1045919762829826       2.1045919762829826       1397.5247025519175                                                 1385.0953381337438                                              12.429364418173718
                       1       700.61552278369049     0.021974130930896014      0.11838322125678886       68.061945906299499       3.0419331072674449      0.97804233658332029     0.057694814365589951     0.020200711870029395   2.0945694398340201e-09       2.1045919762829826       2.1045919762829826        1397.021861614815                                                 1384.6682876702685                                              12.353573944546394
                       1        700.3871513267934     0.022005159783231025      0.11831603755646224       68.020812360140624       3.0378571725463366      0.97696248401122054     0.055494952931201637     0.024765473956434945   2.0860494867101429e-09       2.1045919762829826       2.1045919762829826       1396.5651187010208                                                 1383.7427928450074                                              12.822325856013226
                       3       699.41218971393721     0.022334703011595673      0.11696393081914942       68.814968849557786       3.0399885691117872      0.97328690745122248     0.056613677148474817     0.022000042287444972   2.0905004270960065e-09       2.1045919762829826       2.1045919762829826       1394.6151954753084                                                 1384.2025459253873                                              10.412649549920987
                       1       698.55389615660431     0.022334703011595673      0.11696393081914942       68.814968849557786        3.045125926414197      0.96946025033054994     0.056613677148474817     0.022000042287444972   2.1012677087360937e-09       2.1045919762829826       2.1045919762829826       1392.8986083606426                                                 1382.4859588107215                                              10.412649549920987
                       4       699.94174920482828      0.02222401746810895      0.11668324727580678       68.825845270272453       3.0537595602364602      0.97420003283647005      0.06247721766404938      0.02848270281561819   2.1194878244227986e-09       2.1045919762829826       2.1045919762829826       1395.6743144570905                                                 1384.9600372214998                                               10.71427723559067
                       4       701.61733610845943     0.022342864234780439      0.11688334723749316       68.415670080289019       3.0677477522276155      0.96793856408391676     0.067715519746029518     0.072798432983681355   2.1493439568637639e-09       2.1045919762829826       2.1045919762829826       1399.0254882643528                                                 1388.3112198723493                                              10.714268392003619
                       1       702.28786878507435     0.022322414223935695      0.11715539686766964       68.359471327765164       3.0708789060327293      0.96835094906175156     0.068833014539810139     0.077457973263904661   2.1560844305957474e-09       2.1045919762829826       2.1045919762829826       1400.3665536175827                                                 1389.4400590477042                                              10.926494569878605
                       7       700.63118123817401     0.022282308125579301      0.11747420270246288       68.348896876057282       3.0638874835162389      0.96881531123135345     0.065082307930132227     0.063378579236102323   2.1410629054623655e-09       2.1045919762829826       2.1045919762829826        1397.053178523782                                                 1386.0204066567285                                              11.032771867053397
                       2       701.17025671463716     0.022282308125579301      0.11747420270246288       68.348896876057282       3.0659261217057283       0.9645389231939312     0.065082307930132227     0.063378579236102323   2.1454322102701094e-09       2.1045919762829826       2.1045919762829826       1398.1313294767083                                                 1387.0985576096548                                              11.032771867053397
                       4       701.25979182265826     0.022282308125579301      0.11747420270246288       68.348896876057282       3.0719943219162364      0.95960743380829039     0.065082307930132227     0.063378579236102323   2.1584907031636568e-09       2.1045919762829826       2.1045919762829826       1398.3103996927505                                                  1387.277627825697                                              11.032771867053397
                       3       701.10255681044748      0.02234940897232195      0.11777018015652659        68.61135881043775       3.0765758955673261      0.95622687766714276     0.066417123822441929     0.026018623873922564   2.1684026761742194e-09       2.1045919762829826       2.1045919762829826       1397.9959296683289                                                 1387.5204899012977                                              10.475439767031331
                       2       701.74934861500617      0.02234940897232195      0.11777018015652659        68.61135881043775       3.0821042337146189      0.95253995250252288     0.066417123822441929     0.026018623873922564   2.1804235364822712e-09       2.1045919762829826       2.1045919762829826       1399.2895132774463                                                  1388.814073510415                                              10.475439767031331
                       6       701.18423141773633     0.022589040691639944      0.11687552905490324       69.195735063484733       3.0469354338938892      0.95003825212244064     0.048756417803184328    0.0044122025546274243   2.1050734105564189e-09       2.1045919762829826       2.1045919762829826       1398.1592788829066                                                 1387.0092157993943                                              11.150063083512432
                       4       699.66326443560661     0.022349994425625599       0.1170036585829497       68.646604033434912       3.0469911666272984      0.95634564496979202     0.050352878457620646     0.040528512778423557   2.1051907353210006e-09       2.1045919762829826       2.1045919762829826       1395.1173449186472                                                 1384.7960096263462                                              10.321335292301081
                       3       699.75495336849997     0.022245934268116576      0.11691404812620954       68.587113493707321       3.0580822054398609      0.95855460654565794     0.057081012339045278     0.034517390691933214   2.1286694484554988e-09       2.1045919762829826       2.1045919762829826       1395.3007227844339                                                 1384.9869923563056                                                10.3137304281284
                       2       700.49764189829773     0.022245934268116576      0.11691404812620954       68.587113493707321       3.0479509888497649      0.97160824280865066     0.057081012339045278     0.034517390691933214   2.1072123141942565e-09       2.1045919762829826       2.1045919762829826       1396.7860998440294                                                 1386.4723694159011                                                10.3137304281284
                       1       700.86803506167143      0.02232417930023364      0.11765068051667958       68.071453816447402       3.0503795452505527       0.9658437397009334     0.055732413232823387     0.074213995931545138   2.1123360172303621e-09       2.1045919762829826       2.1045919762829826       1397.5268861707768                                                 1384.1242877653349                                              13.402598405441992
                       1       700.46187808460627      0.02232417930023364      0.11765068051667958       68.071453816447402       3.0424801706993025      0.97100110551746699     0.055732413232823387     0.074213995931545138   2.0957156156668965e-09       2.1045919762829826       2.1045919762829826       1396.7145722166465                                                 1383.3119738112046                                              13.402598405441992
                       1       700.64072440071641     0.022328521758591135       0.1174325307886009       68.087508396154604        3.042207612377291      0.97198054962188307     0.055961307490244215      0.08363254984472171   2.0951444887715071e-09       2.1045919762829826       2.1045919762829826       1397.0722648488668                                                 1384.0659480957054                                              13.006316753161482
                       2       701.03558776950524     0.022202865177190573      0.11769542821352338       67.961256867750151       3.0485838805581533      0.97516787967657237      0.05968317067495188     0.084428514747156694   2.1085463735087329e-09       2.1045919762829826       2.1045919762829826       1397.8619915864444                                                 1384.2900406486428                                              13.571950937801715
                       2       700.63190091886395     0.022202865177190573      0.11769542821352338       67.961256867750151       3.0501657787980991      0.97280294822664914      0.05968317067495188     0.084428514747156694   2.1118845189128851e-09       2.1045919762829826       2.1045919762829826       1397.0546178851619                                                 1383.4826669473603                                              13.571950937801715
                       4       709.13406347399496     0.022535042087280733      0.11697206839891432       67.559788867984778       3.0506638057469879      0.96628461457348747     0.057725323069585138      0.20339612086913439   2.1129365562659764e-09       2.1045919762829826       2.1045919762829826       1414.0589429954239                                                 1394.2314060130632                                              19.827536982360588
                       1       709.56593898287031     0.022425689227632186      0.11684257132606291       67.461335893922524       3.0455371916521816      0.97075064210461282     0.056315974688988163      0.21372062659134353   2.1021320648280201e-09       2.1045919762829826       2.1045919762829826       1414.9226940131746                                                 1394.9948825193121                                              19.927811493862418
                       4       709.57007379073559     0.022433264394239802      0.11701220231238564       67.384961462876092       3.0403301696872851      0.96959781994950955     0.053284998274086538      0.21188892729046274   2.0912146652301145e-09       2.1045919762829826       2.1045919762829826       1414.9309636289051                                                 1393.1820920606749                                              21.748871568230264
                       8       709.47834249586504     0.022432601104386541      0.11696708910063933       67.397374408861225       3.0396671346584956      0.96984214830612536     0.053053910465284876      0.21214860637253849   2.0898285762179113e-09       2.1045919762829826       2.1045919762829826        1414.747501039164                                                 1393.3172901274047                                              21.430210911759435
                       2       707.80188603711622     0.022481964150765057       0.1159849591189331       67.630890957807821       3.0361802368754769      0.97186451528503004     0.052943012094985642      0.22113191203535534   2.0825542473795403e-09       2.1045919762829826       2.1045919762829826       1411.3945881216664                                                 1394.6949778828641                                              16.699610238802247
                       6        708.0578368934523     0.022441273415328051      0.11617666727478621       67.931819773548781       3.0148189111152002      0.97431750686536778     0.042447649462023625      0.17962501371641185   2.0385399037100137e-09       2.1045919762829826       2.1045919762829826       1411.9064898343386                                                 1398.5944648229265                                              13.312025011411963
                       1       708.76351613509655     0.022406272429956634      0.11615238286155194        67.98653374089416       3.0084759552476688      0.97593314928217934      0.03968128730809501      0.17134455676406296   2.0256504568779452e-09       2.1045919762829826       2.1045919762829826       1413.3178483176271                                                 1400.6807662116487                                              12.637082105978472
                       1       705.09985348210762     0.022519298866143463      0.11721780509077991       68.186082888065627       3.0164312090735255      0.96724604201505815     0.040821781575566457      0.10895048831021681    2.041829288456321e-09       2.1045919762829826       2.1045919762829826       1405.9905230116492                                                 1393.1496662037027                                               12.84085680794651
                       1       706.32382244503356     0.022519298866143463      0.11721780509077991       68.186082888065627       3.0285485668750192      0.95811485708516986     0.040821781575566457      0.10895048831021681   2.0667213730866602e-09       2.1045919762829826       2.1045919762829826       1408.4384609375011                                                 1395.5976041295546                                               12.84085680794651
                       1       706.12560793412536     0.022686774947050608      0.11706395900342444       68.416883337201597       3.0338572483506967      0.95241877516494367     0.042471630820624863     0.093189822587573246   2.0777221124306246e-09       2.1045919762829826       2.1045919762829826       1408.0420319156847                                                 1396.0588368744873                                              11.983195041197384
                       2       705.71372211262644     0.022754238731875865      0.11782240356224606       68.568651459769555       3.0378409723643296      0.94797447023430048     0.042470148659516559     0.058806713496839087   2.0860156926025193e-09       2.1045919762829826       2.1045919762829826       1407.2182602726868                                                 1395.3384218905783                                              11.879838382108629
                       1       704.44503836275169     0.022734854191275002      0.11697913628392306        68.87064934183384       3.0484914289437026      0.95252461549337131     0.049764969768778852     0.064716706073316033   2.1083514440032707e-09       2.1045919762829826       2.1045919762829826       1404.6808927729373                                                 1394.3276498029209                                              10.353242970016387
                       3       703.42927404703005     0.022734854191275002      0.11697913628392306        68.87064934183384       3.0474432435948482      0.95223028312099156     0.049764969768778852     0.064716706073316033    2.106142658719848e-09       2.1045919762829826       2.1045919762829826       1402.6493641414941                                                 1392.2961211714776                                              10.353242970016387
                       1       700.29476142337603     0.022503893304270571       0.1183099721670564       68.336028030197483       3.0572953257811912      0.95280868062036816     0.053962621153078344     0.050143395317289896   2.1269951006080024e-09       2.1045919762829826       2.1045919762829826        1396.380338894186                                                 1383.6897117382707                                              12.690627155915406
                       6       700.73260724576403     0.022557370267180299      0.11809858843549119       68.515999361564013        3.069982124995748      0.95148989917330873     0.060372020199202674     0.042913715932198074   2.1541517616841973e-09       2.1045919762829826       2.1045919762829826        1397.256030538962                                                 1385.7087054546826                                              11.547325084279379
                       5       700.37854449039344     0.022552788532629719      0.11782445464743996       68.578439526466553       3.0679715090538178      0.95274175205725453     0.059986028175020037     0.044695052156124133   2.1498249410557099e-09       2.1045919762829826       2.1045919762829826       1396.5479050282208                                                 1385.4897224065021                                              11.058182621718819
                       2       699.35947775669138     0.022420083864552905      0.11809151448964808       68.444877197477794       3.0544606425842922      0.95670886708755387     0.053817206165272635     0.040319117861366958    2.120974280926269e-09       2.1045919762829826       2.1045919762829826       1394.5097715608167                                                 1383.0955642028778                                               11.41420735793894
                       3       700.75754274563383     0.022671034768206793      0.11723085308981523       69.068816501545854        3.058335701486989      0.95175042270033405     0.055609804032309022     0.015419695728394356   2.1292091261465154e-09       2.1045919762829826       2.1045919762829826       1397.3059015387016                                                 1386.8246229661954                                              10.481278572506188
                       5       701.78725864530873     0.022730515577302515      0.11714585789672334       69.005210863395362       3.0548189585576089       0.9504366142161631     0.053385984131017271     0.032200813538711695   2.1217343960626836e-09       2.1045919762829826       2.1045919762829826       1399.3653333380514                                                 1388.9775396711073                                                10.3877936669442
                       4        702.0623323219022     0.022708878779011919      0.11683701268419083       68.909769947192387       3.0531258268408781      0.95233976100127526     0.053243606787780652     0.053663332309738548   2.1181450597292862e-09       2.1045919762829826       2.1045919762829826       1399.9154806912384                                                 1389.5561649594579                                              10.359315731780516
                      11       701.85149618013065     0.022708878779011919      0.11683701268419083       68.909769947192387       3.0463923829012858      0.95760903186854351     0.053243606787780652     0.053663332309738548   2.1039305586928183e-09       2.1045919762829826       2.1045919762829826       1399.4938084076953                                                 1389.1344926759148                                              10.359315731780516
                       3       700.97161208201044     0.022735126785068168      0.11815555285761202       68.731105594778086       3.0527582422441157      0.95026781591502563     0.053622426346594455     0.016463631788703831   2.1173666053143131e-09       2.1045919762829826       2.1045919762829826       1397.7340402114548                                                 1386.4354947875872                                              11.298545423867539
                       2       700.37208979985246     0.022669981801040084      0.11835157409621537       68.577413908573959       3.0503964953666358      0.95198663680462337     0.052515203246940249     0.025457297114838434   2.1123718218745067e-09       2.1045919762829826       2.1045919762829826       1396.5349956471389                                                 1384.5608768497843                                              11.974118797354638
                       1       700.24459534336302     0.022663645932367273      0.11834421924231898       68.600894908054713       3.0561114277442436      0.95186148716948571     0.055482278526898521     0.021893514038283213   2.1244784453093776e-09       2.1045919762829826       2.1045919762829826         1396.28000673416                                                 1384.4732476922381                                              11.806759041921762
                       1       701.37448441972413      0.02269939805341175      0.11724308262236857       68.845643600039651       3.0550480809566611      0.95612424091304182     0.056830386057486595     0.047787554290215986   2.1222205886343385e-09       2.1045919762829826       2.1045919762829826       1398.5397848868822                                                 1388.1287642935031                                              10.411020593379146
                       1         703.907935480128      0.02269939805341175      0.11724308262236857       68.845643600039651       3.0523886313073931      0.96194871755445632     0.056830386057486595     0.047787554290215986   2.1165841480712227e-09       2.1045919762829826       2.1045919762829826         1403.60668700769                                                 1393.1956664143108                                              10.411020593379146
                       5       702.12797981838628     0.022371348629733338      0.11657017646806921       68.607742250675003       3.0452211255304249      0.97386083153549963     0.057489876801615256     0.061311123931481221   2.1014677570869856e-09       2.1045919762829826       2.1045919762829826       1400.0467756842065                                                 1389.7242849295599                                              10.322490754646623
                       2       700.54902667853844     0.022553494246418299       0.1176857750381442       68.829869472669614       3.0534727549834417      0.96318345985401355     0.058022654711348168    0.0040689286583936377   2.1188800313443355e-09       2.1045919762829826       2.1045919762829826       1396.8888694045108                                                 1386.4495316480129                                              10.439337756497967
                       2        700.3891642043817     0.022444355015070552      0.11878331582524981       68.268619482495808       3.0573390796551547      0.96235009960638096     0.058390882129370034     0.024332792687614901   2.1270881669195462e-09       2.1045919762829826       2.1045919762829826       1396.5691444561974                                                 1382.9576547497575                                              13.611489706439887
                       8       699.75705934369444     0.022444355015070552      0.11878331582524981       68.268619482495808       3.0566281876069969      0.96164352056865254     0.058390882129370034     0.024332792687614901   2.1255765742092308e-09       2.1045919762829826       2.1045919762829826       1395.3049347348228                                                 1381.6934450283829                                              13.611489706439887
                       1       699.79670699016322     0.022444355015070552      0.11878331582524981       68.268619482495808       3.0562491370048996      0.96196929747043247     0.058390882129370034     0.024332792687614901   2.1247710258104205e-09       2.1045919762829826       2.1045919762829826       1395.3842300277604                                                 1381.7727403213205                                              13.611489706439887
                       2       699.25164040942582     0.022444355015070552      0.11878331582524981       68.268619482495808       3.0618495650851743        0.955852932221953     0.058390882129370034     0.024332792687614901   2.1367040369230946e-09       2.1045919762829826       2.1045919762829826       1394.2940968662856                                                 1380.6826071598457                                              13.611489706439887
                      12        698.9020133316094     0.022415749775651354      0.11911552196620472       68.326724320333028        3.058971768182055      0.95565305908951181     0.056635813263304802    0.0018848603242063305    2.130563875968433e-09       2.1045919762829826       2.1045919762829826       1393.5948427106528                                                 1380.2742497762131                                              13.320592934439619
                       2       699.13286710128477     0.022442278399114762      0.11913710307974677        68.27776277253642       3.0599436050608255      0.95458307159147726     0.056797562324281799    0.0085140193939273225   2.1326354429652338e-09       2.1045919762829826       2.1045919762829826       1394.0565502500035                                                 1380.0850267492624                                              13.971523500741128
                       2       699.24349123568607     0.022440037560291393      0.11878384131463708       68.340343986192181       3.0631593241023296      0.95638604516598991     0.059114101949644678     0.019653630591411259   2.1395044378272813e-09       2.1045919762829826       2.1045919762829826       1394.2777985188061                                                 1381.3642147482237                                              12.913583770582472
                       1       698.69025375546335     0.022518657032185616      0.11807256087765966       68.578774698762913       3.0559894708181163         0.95673124189531     0.056363424374675897     0.020880004992391545   2.1242193662471281e-09       2.1045919762829826       2.1045919762829826       1393.1713235583607                                                 1381.9586364019758                                              11.212687156384854
                       2       698.78953583826546     0.022319189219835528      0.11775698806915044       68.255106468671272       3.0446619513496822      0.96465828140886567     0.052872995247554996     0.054530819551750272   2.1002929990533494e-09       2.1045919762829826       2.1045919762829826       1393.3698877239649                                                 1381.3743390937059                                              11.995548630258941
                       2       698.91657609622223     0.022325603344840534      0.11772759797040021       68.225031972900112       3.0462659256248319      0.96436766889194392     0.053655967315339219     0.058873311477556957   2.1036645181862514e-09       2.1045919762829826       2.1045919762829826       1393.6239682398784                                                 1381.4145030638631                                              12.209465176015385
                       6       700.36711154846796     0.022325603344840534      0.11772759797040021       68.225031972900112       3.0572141377948325      0.95229362207866963     0.053655967315339219     0.058873311477556957    2.126822421168632e-09       2.1045919762829826       2.1045919762829826       1396.5250391443699                                                 1384.3155739683546                                              12.209465176015385
                       2        701.2862225731194     0.022583629092418039      0.11732335892910187        68.89097535756359       3.0494939689031439      0.94807674037400458     0.048563144790838696     0.032412122868999055   2.1104662104662444e-09       2.1045919762829826       2.1045919762829826       1398.3632611936728                                                 1388.0378520507504                                              10.325409142922386
                       2       701.30572712940432     0.022618364464566096      0.11733171120521459       68.921569276868482       3.0526124045519443      0.94668717450572115     0.049821665308158007     0.030343994409784605   2.1170578359707644e-09       2.1045919762829826       2.1045919762829826       1398.4022703062426                                                 1388.0656771533429                                              10.336593152899631
                       2       702.43624905486888     0.022456344127466044       0.1156559001272171       69.124585439721216       3.0562074217825419      0.95859223076074862     0.056462659367032708     0.061259089421904653   2.1246823923633144e-09       2.1045919762829826       2.1045919762829826       1400.6633141571717                                                 1388.4382870018435                                               12.22502715532813
                       2       702.05107891104876     0.022456344127466044       0.1156559001272171       69.124585439721216       3.0418924257981281      0.97173479008119412     0.056462659367032708     0.061259089421904653   2.0944842314048356e-09       2.1045919762829826       2.1045919762829826       1399.8929738695315                                                 1387.6679467142033                                               12.22502715532813
                       3       700.98260040342825     0.022307959392540676      0.11576879791978333        68.91157555011938       3.0334991513420277      0.97570610508217337     0.053296715817638611     0.063487638998315055    2.076978219558173e-09       2.1045919762829826       2.1045919762829826       1397.7560168542905                                                 1386.3769867611143                                              11.379030093176304
                       2       700.97414676441963     0.022313672868017182      0.11593565547966865       68.863494011086715       3.0315875901904241      0.97556030039804786     0.051877201204723847     0.069262601424096959   2.0730117409719405e-09       2.1045919762829826       2.1045919762829826       1397.7391095762732                                                   1386.67206566513                                              11.067043911143131
                       1       701.01245698871821       0.0223034046945218      0.11592127180738335       68.857707351124347       3.0322193165287432      0.97598608926241581     0.052306235084548111     0.070481678290818875   2.0743217308223375e-09       2.1045919762829826       2.1045919762829826       1397.8157300248704                                                 1386.7303635000249                                              11.085366524845467
                       2       700.75682306240549     0.022261979249899179      0.11576644834726722       68.779265102712998       3.0364257056488291       0.9767557653093174     0.055103667395986738     0.073777177513866948   2.0830655121632861e-09       2.1045919762829826       2.1045919762829826       1397.3044621722449                                                 1386.3998116772757                                              10.904650494969239
                       2       699.78051991044345     0.022055501496092367      0.11667369574546158       68.737043297885862       3.0331330913543249      0.97944673779940117     0.053673962947131802     0.021103219344340979   2.0762180600771364e-09       2.1045919762829826       2.1045919762829826       1395.3518558683209                                                 1384.5823205633269                                              10.769535304993944
                       2       700.03417804990545     0.022055501496092367      0.11667369574546158       68.737043297885862       3.0314904607635111       0.9797471536271668     0.053673962947131802     0.021103219344340979   2.0728104003077659e-09       2.1045919762829826       2.1045919762829826       1395.8591721472449                                                 1385.0896368422509                                              10.769535304993944
                       2       699.88907058373945      0.02209701238592502      0.11676576355000359       68.604798301712478       3.0374805361557082      0.97861500969159199      0.05592791564472898     0.046359551204291416   2.0852639525004672e-09       2.1045919762829826       2.1045919762829826       1395.5689572149129                                                 1385.1906695778141                                              10.378287637098765
                       4       699.99177417425801      0.02209701238592502      0.11676576355000359       68.604798301712478       3.0367636781616199      0.97921361381215699      0.05592791564472898     0.046359551204291416   2.0837696500316595e-09       2.1045919762829826       2.1045919762829826         1395.77436439595                                                 1385.3960767588512                                              10.378287637098765
                       3       700.02998272471268     0.022022255004834634      0.11777468515326248       68.276130058539408       3.0360035927563223      0.97724151670572612     0.054080555799668958      0.03726855092182528    2.082186408908128e-09       2.1045919762829826       2.1045919762829826       1395.8507814968593                                                 1385.0458357568807                                               10.80494573997859
                       4       699.61012203427026     0.022022255004834634      0.11777468515326248       68.276130058539408       3.0389529258001304       0.9754613349026684     0.054080555799668958      0.03726855092182528   2.0883365350142575e-09       2.1045919762829826       2.1045919762829826       1395.0110601159745                                                 1384.2061143759959                                               10.80494573997859
                       1       699.59226384804765     0.022022255004834634      0.11777468515326248       68.276130058539408       3.0385372521209884      0.97605137820401133     0.054080555799668958      0.03726855092182528   2.0874686488746704e-09       2.1045919762829826       2.1045919762829826       1394.9753437435293                                                 1384.1703980035506                                               10.80494573997859
                      11       700.00834038279947     0.022110814947363708      0.11885033999005479       67.938576633157581       3.0508753280003287      0.96614865577367592     0.057288231364243838      0.02278184215711811   2.1133835366390052e-09       2.1045919762829826       2.1045919762829826       1395.8074968130329                                                 1380.8953324994557                                              14.912164313577188
                       2       699.79529201221169     0.022226036899249145      0.11874921574593364       68.089110239097778       3.0593586270857438      0.96269418391320327     0.060771409094915102     0.020306623227803779    2.131388263024184e-09       2.1045919762829826       2.1045919762829826       1395.3814000718573                                                 1381.3770442471009                                              14.004355824756464
                       6       699.98248470229714     0.022236001808186953      0.11883926061673245       68.047860479441496       3.0595054610879164      0.96240115308031937     0.060513118089176685     0.026618150573748188   2.1317012462707567e-09       2.1045919762829826       2.1045919762829826       1395.7557854520282                                                 1381.2318882293789                                              14.523897222649406
                       1       699.30638893240894     0.022169172310867253      0.11733905705756074        68.49388784684426       3.0546646072273682      0.97053579383732924     0.061955735514981534     0.022775782193781416    2.121406928809387e-09       2.1045919762829826       2.1045919762829826       1394.4035939122518                                                 1383.9835449583168                                              10.420048953934959
                       2       698.42727526926649     0.022279210221420216      0.11743035151609114       68.644848522035801       3.0522694520506581      0.96694190651550249     0.059674592588950963     0.010680968766429716   2.1163319101766993e-09       2.1045919762829826       2.1045919762829826       1392.6453665859669                                                 1382.2952901089379                                              10.350076477028907
                       4       698.54489260412072     0.022259903974296336      0.11736815629306814        68.61078410910288       3.0518857029531814      0.96776711235945501     0.059754090729943414     0.015264452673976249   2.1155199255253612e-09       2.1045919762829826       2.1045919762829826       1392.8806012556754                                                 1382.5209750846154                                              10.359626171059885
                       3       697.80940482762298     0.022271387309630755      0.11772023215342763       68.535211073557008       3.0372337127908908        0.967953691203851     0.051464993963657495     0.023008102426846089    2.084749324148942e-09       2.1045919762829826       2.1045919762829826       1391.4096257026799                                                 1380.8654108318633                                              10.544214870816688
                       4       698.13509350442405     0.022300527092051776      0.11753712257385973       68.515270605005469       3.0417460845478588       0.9679166845902375     0.053751263176995842      0.03938600923146035   2.0941777443901355e-09       2.1045919762829826       2.1045919762829826       1392.0610030562821                                                 1381.5033307453591                                              10.557672310922985
                       4       698.84370276186189     0.022300527092051776      0.11753712257385973       68.515270605005469       3.0468933231607682      0.96085845276912063     0.053751263176995842      0.03938600923146035   2.1049847662382786e-09       2.1045919762829826       2.1045919762829826       1393.4782215711577                                                 1382.9205492602348                                              10.557672310922985
                       1       699.57528964900769     0.022311679110584764        0.116384892780052       68.645360299337099       3.0466647986341773      0.96450605229031194     0.055869084703135174     0.064127127167461023   2.1045037805516991e-09       2.1045919762829826       2.1045919762829826       1394.9413953454493                                                 1384.6282962346493                                              10.313099110799978
                       6       701.09896102457435     0.022599386378812612      0.11669210783204126       68.968328554294658       3.0548389874755206      0.95328586008138827     0.057021177462551753      0.03128615146880008   2.1217768925323106e-09       2.1045919762829826       2.1045919762829826       1397.9887380965827                                                 1387.4997901424931                                              10.488947954089452
                      11       700.85024633929368     0.022599386378812612      0.11669210783204126       68.968328554294658       3.0541232076884781      0.95815025864812531     0.057021177462551753      0.03128615146880008   2.1202587109266943e-09       2.1045919762829826       2.1045919762829826       1397.4913087260213                                                 1387.0023607719318                                              10.488947954089452
                       4       702.08430657963379     0.022312182775555172       0.1167675772267549       68.566059718215342        3.074991824195155      0.96592841050967282     0.069678522777982935      0.05592900471147623    2.164970490702621e-09       2.1045919762829826       2.1045919762829826       1399.9594292067015                                                 1389.6276589961692                                              10.331770210532452
                       2       703.17648098933068     0.022305277860759115      0.11689886666096032       68.272063425548652       3.0761488248293389      0.96653830024371834     0.069732650738665844     0.096796297908829182   2.1674768125617528e-09       2.1045919762829826       2.1045919762829826       1402.1437780260953                                                 1391.0436509408339                                              11.100127085261374
                       1       700.95311099646847     0.022442206551653614      0.11766088168973748       68.148872720384674        3.062296168288229      0.95961208934738029     0.059972173085397998     0.090076788498311897   2.1376585089092234e-09       2.1045919762829826       2.1045919762829826       1397.6970380403709                                                 1384.5017309379796                                              13.195307102391363
                       3       700.91023911078901     0.022442206551653614      0.11766088168973748       68.148872720384674       3.0608941499063369      0.96085170304879286     0.059972173085397998     0.090076788498311897   2.1346635723541603e-09       2.1045919762829826       2.1045919762829826        1397.611294269012                                                 1384.4159871666207                                              13.195307102391363
                       8       699.83208481730151     0.022556229341904262      0.11865902857594833       68.366427476476218       3.0534322328788797      0.95368520017881142     0.053470077209648643     0.032472027370977721    2.118794171605771e-09       2.1045919762829826       2.1045919762829826        1395.454985682037                                                 1382.2670437829972                                              13.187941899039744
                       2        699.8193364326828     0.022531362464854966      0.11884365967385703       68.281387550140821        3.052930303306256       0.9534713302431207     0.053050937121612012     0.030713744921009558   2.1177309530054902e-09       2.1045919762829826       2.1045919762829826       1395.4294889127996                                                 1381.3643401063925                                              14.065148806406974
                       1       700.15397221684589     0.022531362464854966      0.11884365967385703       68.281387550140821        3.047875781604517      0.95646481584754894     0.053050937121612012     0.030713744921009558   2.1070538425201367e-09       2.1045919762829826       2.1045919762829826       1396.0987604811257                                                 1382.0336116747187                                              14.065148806406974
                       2        701.4825736064671     0.022546003823327915      0.11907072285108911       68.223309426874749       3.0412870911150498      0.95621599440809357     0.049063712814584895     0.037683105357539173   2.0932167511199977e-09       2.1045919762829826       2.1045919762829826       1398.7559632603682                                                 1383.8412095660801                                              14.914753694288024
                       1       700.91176842040159     0.022442629998641227      0.11885876639309886       68.053806148213198        3.042110775034176      0.95978961083873893     0.050734728063718357     0.053729819903960252   2.0949416103690335e-09       2.1045919762829826       2.1045919762829826       1397.6143528882371                                                 1381.8323158824376                                              15.782037005799614
                       1       700.32840992727233     0.022397215043073772      0.11878735555669952        68.07951585748917       3.0365816965549217      0.96153899882256855     0.048565070150824743     0.046712439069131882    2.083390476785083e-09       2.1045919762829826       2.1045919762829826       1396.4476359019786                                                 1381.3467939634243                                              15.100841938554307
                       9       700.46856883212808     0.022219869051097081      0.11809062147833087       68.441770483650913       3.0357007958126276      0.97236216888650462     0.051230677659868273     0.037961430079329339   2.0815560246713346e-09       2.1045919762829826       2.1045919762829826       1396.7279537116901                                                  1385.987538512248                                               10.74041519944207
                       2       700.56568923358191     0.022224196165445499      0.11808362773662853       68.466274843678192       3.0353058988520529      0.97237431468123581     0.051018901759244999     0.036524145963516295   2.0807341868052436e-09       2.1045919762829826       2.1045919762829826       1396.9221945145978                                                  1386.258590274552                                              10.663604240045839
                       1       701.04518403465534     0.022224196165445499      0.11808362773662853       68.466274843678192       3.0374048179181674      0.97253003014298611     0.051018901759244999     0.036524145963516295   2.0851060659666972e-09       2.1045919762829826       2.1045919762829826       1397.8811841167446                                                 1387.2175798766989                                              10.663604240045839
                       3        698.9484736587749     0.022236096664113872      0.11801476929770945       68.451813834148865       3.0451871470499188      0.97077799354126237     0.055030994197781971     0.029933147796557161   2.1013963536188646e-09       2.1045919762829826       2.1045919762829826       1393.6877633649838                                                 1382.9155653490486                                              10.772198015935194
                       7        699.4383230878168     0.022236096664113872      0.11801476929770945       68.451813834148865       3.0425846943437995      0.97367775452842042     0.055030994197781971     0.029933147796557161   2.0959346789493226e-09       2.1045919762829826       2.1045919762829826       1394.6674622230676                                                 1383.8952642071324                                              10.772198015935194
                       6       699.56778361163788     0.022236096664113872      0.11801476929770945       68.451813834148865       3.0389522080641274      0.97334267341667302     0.055030994197781971     0.029933147796557161   2.0883350361404779e-09       2.1045919762829826       2.1045919762829826       1394.9263832707097                                                 1384.1541852547746                                              10.772198015935194
                      11       699.82005422528664     0.022236096664113872      0.11801476929770945       68.451813834148865       3.0415058166073474      0.96953783571013485     0.055030994197781971     0.029933147796557161   2.0936746410586475e-09       2.1045919762829826       2.1045919762829826       1395.4309244980072                                                 1384.6587264820721                                              10.772198015935194
                       1       699.92343647895007     0.022236096664113872      0.11801476929770945       68.451813834148865       3.0408465546490726      0.97012496557648376     0.055030994197781971     0.029933147796557161   2.0922948158978872e-09       2.1045919762829826       2.1045919762829826       1395.6376890053341                                                 1384.8654909893989                                              10.772198015935194
                       2       700.08015089555761     0.022193843716827612      0.11807291802293536       68.392077365677579       3.0389002512360803      0.97152649107580136     0.054458644151193641     0.030540325268593925   2.0882265356947944e-09       2.1045919762829826       2.1045919762829826       1395.9511178385492                                                 1385.0289894520336                                              10.922128386515599
                       1       700.24686712489301     0.022214687387715322      0.11823008565077962        68.42338306370408       3.0375136856501426      0.97055339543048036     0.053232978756294194     0.025164377427254574   2.0853330790920042e-09       2.1045919762829826       2.1045919762829826         1396.28455029722                                                  1385.365064342288                                              10.919485954931982
                       6       700.30057223038079     0.022224031985159924      0.11839909478843708       68.371484429948524       3.0385565033836497       0.9695099199859567     0.053360489127346811     0.024223570034607071   2.0875088356687493e-09       2.1045919762829826       2.1045919762829826       1396.3919605081956                                                 1385.1008298712175                                              11.291130636978119
                       1       700.25838050478103     0.022202777062817852      0.11836708742857846       68.391833005139887       3.0377035926823708      0.97041399393005656     0.053274071566235738     0.020738018904758546   2.0857291361140787e-09       2.1045919762829826       2.1045919762829826        1396.307577056996                                                 1385.1962004558829                                              11.111376601113136
                       9       700.58435788835936     0.022202777062817852      0.11836708742857846       68.391833005139887       3.0380145373207417      0.96962771865834907     0.053274071566235738     0.020738018904758546    2.086377783247495e-09       2.1045919762829826       2.1045919762829826       1396.9595318241527                                                 1385.8481552230396                                              11.111376601113136
                       4       699.02934682691182     0.022202777062817852      0.11836708742857846       68.391833005139887       3.0478586153467995      0.96350664372595218     0.053274071566235738     0.020738018904758546   2.1070176726013037e-09       2.1045919762829826       2.1045919762829826       1393.8495097012576                                                 1382.7381331001445                                              11.111376601113136
                       3       699.35338831081083     0.022372153671429043       0.1180744573772734       68.564924091587002       3.0434883161609725      0.95849093354118942      0.04932496222911413     0.028423858947754198   2.0978294672096662e-09       2.1045919762829826       2.1045919762829826       1394.4975926690556                                                 1383.7834297171871                                              10.714162951868431
                       6       699.36666916480078     0.022372153671429043       0.1180744573772734       68.564924091587002       3.0435895084197941      0.95834392541738822      0.04932496222911413     0.028423858947754198   2.0980417620531921e-09       2.1045919762829826       2.1045919762829826       1394.5241543770355                                                  1383.809991425167                                              10.714162951868431
                       1        701.4929072823428      0.02259422979981373      0.11774184708407076       68.785227239830249       3.0489435942877749      0.95142302069696538     0.049752922424662852     0.040390606434922545   2.1093049830217768e-09       2.1045919762829826       2.1045919762829826       1398.7766306121196                                                 1388.3603339326764                                              10.416296679443123
                       2       701.59247455624495     0.022581176034634859      0.11761895884695063       68.743503569909223       3.0479588641193858      0.95231164760300879     0.049566043365281989     0.049201045367891071   2.1072289091247237e-09       2.1045919762829826       2.1045919762829826       1398.9757651599239                                                  1388.535728779136                                              10.440036380787882
                      11       701.89262793690352     0.022536309511788512      0.11810474183014791       68.434037429344556       3.0472171037509184      0.95214274383464015     0.048814366886276404     0.060567005067443121    2.105666429796908e-09       2.1045919762829826       2.1045919762829826        1399.576071921241                                                 1387.7452600428205                                              11.830811878420532
                       3       701.45257036275598     0.022525646912966844      0.11820829898433013       68.524921214711966       3.0490019270903881      0.95238045383423964      0.04978165866726416     0.046830660525906849   2.1094280282817547e-09       2.1045919762829826       2.1045919762829826       1398.6959567729459                                                 1387.3553002398307                                              11.340656533115133
                       9       699.35988677024102     0.022388895228478846      0.11803803104203804       68.525530120735738       3.0552450224284158       0.9574092888295207     0.055125371505829149     0.036761405091769256   2.1226385830393179e-09       2.1045919762829826       2.1045919762829826        1394.510589587916                                                 1383.6427064371896                                              10.867883150726442
                       1       699.38244041523308     0.022388895228478846      0.11803803104203804       68.525530120735738       3.0555325893830165      0.95728090698180623     0.055125371505829149     0.036761405091769256   2.1232490715263106e-09       2.1045919762829826       2.1045919762829826       1394.5556968779001                                                 1383.6878137271738                                              10.867883150726442
                       5       699.14439795455098     0.022388895228478846      0.11803803104203804       68.525530120735738       3.0507050722466347      0.96282196353489735     0.055125371505829149     0.036761405091769256    2.113023751560739e-09       2.1045919762829826       2.1045919762829826       1394.0796119565359                                                 1383.2117288058096                                              10.867883150726442
                       2       700.89018549650939     0.022629435961107718      0.11802229268323221       68.682530747280936       3.0483598051766041      0.95391511170317378     0.050874626181472336     0.038068721781092128   2.1080739531064426e-09       2.1045919762829826       2.1045919762829826       1397.5711870404527                                                 1386.6632794856391                                              10.907907554813585
                       1       701.49488287355257     0.022508423968723438      0.11759638558908247       68.594506218513658       3.0339259100423135      0.96041738335645865     0.045591587794663616     0.056728498936324701   2.0778647772433212e-09       2.1045919762829826       2.1045919762829826       1398.7805817945391                                                 1388.0804905923339                                              10.700091202205229
                       1        703.2220703323909     0.022508423968723438      0.11759638558908247       68.594506218513658       3.0453750333802252      0.94915556793335421     0.045591587794663616     0.056728498936324701   2.1017912143615714e-09       2.1045919762829826       2.1045919762829826       1402.2349567122158                                                 1391.5348655100106                                              10.700091202205229
                       2       701.55410931869324     0.022445492081818903      0.11716428537552322       68.480535230873656       3.0456861617992996      0.95130349000171766     0.047303833913765192     0.063542915001673028   2.1024452430775046e-09       2.1045919762829826       2.1045919762829826       1398.8990346848204                                                 1388.0325163593991                                              10.866518325421259
                       2       699.80132342516322     0.022445492081818903      0.11716428537552322       68.480535230873656       3.0370975105703186      0.95777952097348473     0.047303833913765192     0.063542915001673028   2.0844653959979175e-09       2.1045919762829826       2.1045919762829826       1395.3934628977604                                                 1384.5269445723391                                              10.866518325421259
                       4       702.42211413066798     0.022021099430782228      0.11817280159257344       67.769295889575815       3.0286374940700092      0.97045800914749858     0.046498454114418518     0.071262300769389997    2.066905168993301e-09       2.1045919762829826       2.1045919762829826       1400.6350443087699                                                 1385.6916573982282                                              14.943386910541614
                      11       702.46582964714173     0.021967583047384307      0.11803435535345561       67.788645239259623       3.0281935592763189      0.97279262080865303     0.047222023712289292     0.068154452049429715   2.0659878015142641e-09       2.1045919762829826       2.1045919762829826       1400.7224753417174                                                 1386.5079390075878                                              14.214536334129701
                       1       702.70676944754018     0.021967583047384307      0.11803435535345561       67.788645239259623       3.0316889229282444      0.97010163141654071     0.047222023712289292     0.068154452049429715   2.0732218155707239e-09       2.1045919762829826       2.1045919762829826       1401.2043549425143                                                 1386.9898186083847                                              14.214536334129701
                       3        702.5225300478711     0.021967583047384307      0.11803435535345561       67.788645239259623       3.0309512978926274      0.97132001055088402     0.047222023712289292     0.068154452049429715   2.0716931191268684e-09       2.1045919762829826       2.1045919762829826       1400.8358761431762                                                 1386.6213398090465                                              14.214536334129701
                       2       703.74137770401228     0.021920210736682447      0.11743229294376796        67.81770359912484       3.0255165867078575      0.97532826213896384      0.04595862052696989     0.086261566514807306   2.0604646048641483e-09       2.1045919762829826       2.1045919762829826       1403.2735714554585                                                 1390.3497489735405                                              12.923822481918073
                       1       704.95972134922749     0.021920210736682447      0.11743229294376796        67.81770359912484       3.0209018221472568      0.98320160450985417      0.04595862052696989     0.086261566514807306   2.0509779519976541e-09       2.1045919762829826       2.1045919762829826        1405.710258745889                                                 1392.7864362639709                                              12.923822481918073
                       2       704.78797602623672     0.021920210736682447      0.11743229294376796        67.81770359912484       3.0188333061330521      0.98481516925821644      0.04595862052696989     0.086261566514807306   2.0467398560549785e-09       2.1045919762829826       2.1045919762829826       1405.3667680999074                                                 1392.4429456179894                                              12.923822481918073
                       1       702.83837717853464     0.022065613457473772      0.11701618066386554       68.123591938594373        3.022138984841459      0.98061094071092048     0.046614528307021133     0.077719247986296078   2.0535169156382072e-09       2.1045919762829826       2.1045919762829826       1401.4675704045032                                                 1390.2559183389556                                              11.211652065547652
                       1       703.33609072492402     0.022120524999768371      0.11606421969778213       68.300084217342487       3.0256712359771658      0.98131623644965338     0.049289305182597859     0.097372907526247054   2.0607832788504403e-09       2.1045919762829826       2.1045919762829826        1402.462997497282                                                  1392.090727803147                                              10.372269694134967
                       1       703.31581416460415     0.022121966326736599      0.11606708070286494       68.299859043927952       3.0257711569300012       0.9812523328965036     0.049316777228804148     0.097449773042167745   2.0609892045672257e-09       2.1045919762829826       2.1045919762829826       1402.4224443766423                                                 1392.0478608669878                                              10.374583509654514
                       3       703.26283157786531     0.022062411075538954      0.11613254884693643       68.205786361838548       3.0280354769683564      0.98296206437580846     0.051121395602933398     0.098676597126300475   2.0656612312075522e-09       2.1045919762829826       2.1045919762829826       1402.3164792031646                                                 1391.8109836081828                                              10.505495594981751
                       5       704.13956727157438     0.022062411075538954      0.11613254884693643       68.205786361838548        3.023505401855862      0.98741091714827867     0.051121395602933398     0.098676597126300475   2.0563247940206162e-09       2.1045919762829826       2.1045919762829826       1404.0699505905827                                                  1393.564454995601                                              10.505495594981751
                       1       703.45090703180142     0.022062411075538954      0.11613254884693643       68.205786361838548       3.0275979480945843      0.98352792846948134     0.051121395602933398     0.098676597126300475   2.0647576424629651e-09       2.1045919762829826       2.1045919762829826       1402.6926301110368                                                  1392.187134516055                                              10.505495594981751
                       3       701.98699440083453     0.022261243030156769      0.11716743728784096        67.96798749017826       3.0412916215252297      0.97144944827872637     0.053863650162169846     0.093901697324398056   2.0932262342719567e-09       2.1045919762829826       2.1045919762829826        1399.764804849103                                                 1386.2964675522596                                              13.468337296843362
                       1       703.28097155252624     0.022261243030156769      0.11716743728784096        67.96798749017826       3.0521370833195127      0.96211376464092124     0.053863650162169846     0.093901697324398056   2.1160517925468836e-09       2.1045919762829826       2.1045919762829826       1402.3527591524864                                                  1388.884421855643                                              13.468337296843362
                       1       703.65718363138672     0.022246235172121098      0.11723169969021985       67.896049403096512       3.0641864497152529      0.96164366150951264     0.060156090345469759      0.09457134785638513   2.1417031065955427e-09       2.1045919762829826       2.1045919762829826       1403.1051833102074                                                 1388.9085852509816                                              14.196598059225826
                       2       703.29653868766252     0.022202994747127766      0.11755940378752101       67.999186452997165        3.062192403585926      0.96181601210576328     0.059370949622963978     0.058188524978531581   2.1374367069182287e-09       2.1045919762829826       2.1045919762829826        1402.383893422759                                                 1388.8859148537711                                              13.497978568987918
                       2       702.85991518115168     0.022212948054270161      0.11759009517626416       68.038576513811577       3.0630786523206299      0.96151755849773823      0.05966282096099676     0.055401013623349649   2.1393318471540198e-09       2.1045919762829826       2.1045919762829826       1401.5106464097373                                                 1388.2957123235778                                              13.214934086159486
                       6       702.89158683127835     0.022271020054159169       0.1177540663464498       68.028797163474152        3.064594619673747      0.95873854601132991     0.059419279517314974     0.054745988378172093   2.1425774638947209e-09       2.1045919762829826       2.1045919762829826       1401.5739897099907                                                  1387.717394143009                                              13.856595566981692
                       2       702.61881971991932     0.022271020054159169       0.1177540663464498       68.028797163474152       3.0646104584447764      0.95834279854169302     0.059419279517314974     0.054745988378172093   2.1426113999573364e-09       2.1045919762829826       2.1045919762829826       1401.0284554872726                                                 1387.1718599202909                                              13.856595566981692
                       3       701.08914827531339     0.022271020054159169       0.1177540663464498       68.028797163474152       3.0588040533936445      0.96192591926958448     0.059419279517314974     0.054745988378172093   2.1302065788616219e-09       2.1045919762829826       2.1045919762829826       1397.9691125980607                                                 1384.1125170310791                                              13.856595566981692
                       1       700.56872023523897     0.022562840559897202      0.11724323778811707       68.619562780262953       3.0635797679047365      0.95388377332711194     0.059123090529151864     0.044374825623711957   2.1404041683381928e-09       2.1045919762829826       2.1045919762829826       1396.9282565179119                                                  1386.130734762063                                              10.797521755848978
                       4       700.46802641771365     0.022512103871099219      0.11702409794632929       68.626362473245422       3.0661404258781935      0.95676315499664177     0.061409236220654348     0.052820181920007862   2.1458920346138894e-09       2.1045919762829826       2.1045919762829826       1396.7268688828613                                                 1386.1745116247012                                              10.552357258160022
                       4       701.63893777103669     0.022596346774414425      0.11711425655386157       68.610320035129234       3.0703315691780118      0.95281293849084825     0.062335054201566688     0.054218021559653475   2.1549046490234201e-09       2.1045919762829826       2.1045919762829826       1399.0686915895074                                                 1388.2272320104041                                              10.841459579103324
                       2       702.00623432110785     0.022611178375573627      0.11700812076176287       68.659060458200074       3.0722011174212844      0.95265494530381889     0.063288264701542224     0.055330013332223649   2.1589371154951996e-09       2.1045919762829826       2.1045919762829826       1399.8032846896497                                                 1389.1331611993742                                              10.670123490275417
                       2       701.02144450534422     0.022036100319642361      0.11732702571288059       68.104380289559373       3.0568559213587458      0.97314832353979774      0.06214516796442783     0.054436600567105101   2.1260606948603189e-09       2.1045919762829826       2.1045919762829826       1397.8337050581224                                                 1386.3137859993408                                              11.519919058781733
                       3       702.79038728643707     0.022036100319642361      0.11732702571288059       68.104380289559373       3.0492730494523657      0.97539635947755932      0.06214516796442783     0.054436600567105101   2.1100000189274276e-09       2.1045919762829826       2.1045919762829826       1401.3715906203081                                                 1389.8516715615265                                              11.519919058781733
                       5       701.08435823720356     0.022060292329433066      0.11854429150520643        68.11218816170809       3.0411620988378707      0.97100954060587441     0.055836642727754029    0.0067847669911097613   2.0929551315421995e-09       2.1045919762829826       2.1045919762829826       1397.9595325218411                                                 1385.2799855712537                                              12.679546950587444
                       3        701.1234435734815     0.022079761796480312      0.11841370185254509       68.155110056978728       3.0461218851422065      0.97065052839111055     0.058350444827688072     0.010231623732413856   2.1033615271557813e-09       2.1045919762829826       2.1045919762829826        1398.037703194397                                                 1385.7303840681527                                              12.307319126244163
                       4        700.5827633127351     0.022079761796480312      0.11841370185254509       68.155110056978728       3.0501101676056157       0.9672059713052108     0.058350444827688072     0.010231623732413856   2.1117670777619527e-09       2.1045919762829826       2.1045919762829826       1396.9563426729042                                                 1384.6490235466599                                              12.307319126244163
                       2        699.4621245024473     0.022079761796480312      0.11841370185254509       68.155110056978728       3.0547664669638812      0.96466846317576715     0.058350444827688072     0.010231623732413856   2.1216230257657952e-09       2.1045919762829826       2.1045919762829826       1394.7150650523286                                                 1382.4077459260843                                              12.307319126244163
                       4       699.07393921981748     0.022079761796480312      0.11841370185254509       68.155110056978728       3.0476893514329979       0.9732223301062094     0.058350444827688072     0.010231623732413856   2.1066610607252021e-09       2.1045919762829826       2.1045919762829826       1393.9386944870689                                                 1381.6313753608247                                              12.307319126244163
                       4       699.07223497058601     0.022079761796480312      0.11841370185254509       68.155110056978728        3.047704174649859      0.97321251175957901     0.058350444827688072     0.010231623732413856   2.1066922884504053e-09       2.1045919762829826       2.1045919762829826        1393.935285988606                                                 1381.6279668623617                                              12.307319126244163
                       2       700.98701042178493      0.02209012974114781      0.11921971592947597        68.07525758145438       3.0575685460991338      0.97102503052393629     0.061902062246590624     0.002829756031597957   2.1275763182822759e-09       2.1045919762829826       2.1045919762829826       1397.7648368910038                                                 1384.0730361504513                                              13.691800740552528
                       1       701.64537932901055      0.02209012974114781      0.11921971592947597        68.07525758145438       3.0541723199144437      0.97347360069162658     0.061902062246590624     0.002829756031597957    2.120362844108696e-09       2.1045919762829826       2.1045919762829826       1399.0815747054551                                                 1385.3897739649026                                              13.691800740552528
                      16       699.70043850647914     0.022098984221092733      0.11837315569207969       68.142824080994856       3.0453563577815363      0.97593062793184082     0.058581172641582933     0.026500267702472234   2.1017519625188511e-09       2.1045919762829826       2.1045919762829826       1395.1916930603923                                                 1382.8914455524587                                              12.300247507933499
                       3       699.65248835970681     0.022199992700472525      0.11745460839347924       68.146481763322342       3.0336378301514051      0.97502481590538892     0.052607601955607722     0.066140267742245976   2.0772662723977149e-09       2.1045919762829826       2.1045919762829826       1395.0957927668476                                                 1383.1483497697225                                              11.947442997125176
                       2       699.33193155132869     0.022229712320941578      0.11789966670535067       68.138729428370397       3.0333105523944801      0.97252478045195712     0.051373968563038303     0.051750557979549208   2.0765865405881668e-09       2.1045919762829826       2.1045919762829826       1394.4546791500914                                                  1381.891790998473                                              12.562888151618406
                       1       699.77267067325715     0.022229712320941578      0.11789966670535067       68.138729428370397       3.0426794478949777      0.96064006904544219     0.051373968563038303     0.051750557979549208   2.0961332856123849e-09       2.1045919762829826       2.1045919762829826       1395.3361573939483                                                 1382.7732692423299                                              12.562888151618406
                       1       699.09663776135801      0.02226694291611285      0.11768827146533394       68.321718085206598       3.0426372888727586      0.96005675226867182     0.051321999262807096     0.042115759415606149   2.0960449165454127e-09       2.1045919762829826       2.1045919762829826         1393.98409157015                                                 1382.6047087223858                                              11.379382847764251
                      11       700.05269077974594     0.022399182299667534        0.117633377990642        68.36826790603115       3.0453273162943653      0.95622322793093451     0.050947921009842294     0.063277030023034073   2.1016909254025039e-09       2.1045919762829826       2.1045919762829826       1395.8961976069259                                                 1384.4602418853665                                              11.435955721559468
                      17       700.99447717344083     0.022336661790542407      0.11839318261267118       68.288710909699191       3.0673288418923828       0.9537392571251998     0.062105368053419457     0.017264432549745495   2.1484437630296783e-09       2.1045919762829826       2.1045919762829826       1397.7797703943156                                                 1385.1985726986918                                               12.58119769562377
                       2       701.28324098274652     0.022364612936125124      0.11838602015244921       68.266818566983659       3.0682708090251349      0.95254518589660875     0.062222812592602136     0.021113626312729849   2.1504684798996797e-09       2.1045919762829826       2.1045919762829826        1398.357298012927                                                 1385.4482071717382                                              12.909090841188823
                       1       700.70569553824339     0.022364612936125124      0.11838602015244921       68.266818566983659       3.0577139071932908      0.96419243167520741     0.062222812592602136     0.021113626312729849   2.1278856075825753e-09       2.1045919762829826       2.1045919762829826       1397.2022071239207                                                 1384.2931162827319                                              12.909090841188823
                       1       701.24122310174073     0.022429471844312956      0.11829741171905359       68.277391164611871       3.0573464961882793      0.96153888370737939     0.061366101074530527     0.022523398978876244   2.1271039425978951e-09       2.1045919762829826       2.1045919762829826       1398.2732622509154                                                 1385.0819838323973                                              13.191278418518065
                       6       701.84745912061362     0.022429471844312956      0.11829741171905359       68.277391164611871       3.0560796924113007      0.96657413640377043     0.061366101074530527     0.022523398978876244   2.1244110253483891e-09       2.1045919762829826       2.1045919762829826       1399.4857342886612                                                 1386.2944558701431                                              13.191278418518065
                       4        701.8510869382211     0.022429471844312956      0.11829741171905359       68.277391164611871       3.0582055193397566      0.96542076157029122     0.061366101074530527     0.022523398978876244   2.1289319591720539e-09       2.1045919762829826       2.1045919762829826       1399.4929899238762                                                 1386.3017115053581                                              13.191278418518065
                       4       701.95938107379288     0.022434142293201894      0.11827966897591143       68.284094111091491       3.0591249026731733      0.96528136815640775     0.061808572592890465       0.0229928313594756   2.1308901637656948e-09       2.1045919762829826       2.1045919762829826       1399.7095781950197                                                 1386.5701124436887                                              13.139465751330995
                       2       702.18007450453945     0.022425100157472816      0.11833879602890442       68.234869517306507       3.0585643567725813      0.96525282448956173     0.061529794451963472     0.023509702690838699   2.1296960367325583e-09       2.1045919762829826       2.1045919762829826       1400.1509650565129                                                 1386.5352857224862                                              13.615679334026597
                       1       702.31619091774803     0.022425100157472816      0.11833879602890442       68.234869517306507       3.0728139733269035      0.95284502054450348     0.061529794451963472     0.023509702690838699   2.1602606383792737e-09       2.1045919762829826       2.1045919762829826         1400.42319788293                                                 1386.8075185489033                                              13.615679334026597
                       9        702.0520099364004     0.022071964468066141      0.11770514882863373       68.151454153672347       3.0475998323539253      0.96910151970298952     0.054104238767752035     0.029449569281190916   2.1064724828079146e-09       2.1045919762829826       2.1045919762829826       1399.8948359202348                                                 1388.1287754331818                                              11.766060487052933
                       1        702.1766439904261     0.022071964468066141      0.11770514882863373       68.151454153672347       3.0539088482069476      0.96154601078560498     0.054104238767752035     0.029449569281190916   2.1198042620781594e-09       2.1045919762829826       2.1045919762829826       1400.1441040282862                                                 1388.3780435412332                                              11.766060487052933
                       2       701.82720542578204     0.022118000715598458      0.11771305076607676       68.208079216526272       3.0540533099833098      0.95984785232001524     0.053597937804846195     0.026684124192224969   2.1201105148877793e-09       2.1045919762829826       2.1045919762829826        1399.445226898998                                                 1387.8235703649927                                              11.621656534005318
                       4       699.25361346843101     0.022118000715598458      0.11771305076607676       68.208079216526272       3.0431470118857948      0.96707186513333243     0.053597937804846195     0.026684124192224969   2.0971135912166314e-09       2.1045919762829826       2.1045919762829826        1394.298042984296                                                 1382.6763864502907                                              11.621656534005318
                       2       699.25471310029627     0.022118000715598458      0.11771305076607676       68.208079216526272       3.0431626948721529       0.9670508099695847     0.053597937804846195     0.026684124192224969   2.0971464804783738e-09       2.1045919762829826       2.1045919762829826       1394.3002422480265                                                 1382.6785857140212                                              11.621656534005318
                       2       699.79290212351657     0.022118000715598458      0.11771305076607676       68.208079216526272       3.0382562107259172       0.9698372657751807     0.053597937804846195     0.026684124192224969   2.0868820662042899e-09       2.1045919762829826       2.1045919762829826       1395.3766202944671                                                 1383.7549637604618                                              11.621656534005318
                       2       699.95328518140639     0.022135512608214256      0.11770118561468286       68.249929302217026       3.0356177875333374      0.96903478194476667      0.05209214022636223     0.019768629665730571   2.0813832454586323e-09       2.1045919762829826       2.1045919762829826       1395.6973864102467                                                 1384.2058325323128                                              11.491553877934022
                       2       699.87993182887112     0.022097520819456581       0.1175692506645135        68.36396088712128       3.0352798864879911      0.97095047199003048     0.052720087682788484    0.0080794186161113075   2.0806800626940116e-09       2.1045919762829826       2.1045919762829826       1395.5506797051762                                                 1384.7557147109953                                              10.794964994180781
                       6       699.29383730532004     0.022097520819456581       0.1175692506645135        68.36396088712128        3.039763511310666      0.96979477648997237     0.052720087682788484    0.0080794186161113075   2.0900299966056528e-09       2.1045919762829826       2.1045919762829826        1394.378490658074                                                 1383.5835256638932                                              10.794964994180781
                       1       699.61699502716499     0.022220247677518172        0.117360816668513       68.502999203925015       3.0374631783316688      0.96574160630707739     0.050354793283914956    0.0070571926298979952    2.085227757169841e-09       2.1045919762829826       2.1045919762829826       1395.0248061017639                                                 1384.4393574554815                                               10.58544864628252
                       1       699.42150807011024      0.02241713201368065      0.11767175163684583       68.479286209526322       3.0444134210960683      0.95756713463140652     0.050773382446922491     0.020434459404347093   2.0997710775609582e-09       2.1045919762829826       2.1045919762829826       1394.6338321876544                                                 1383.3494111635152                                              11.284421024139268
                      10       699.20855836208875     0.022377438612533464      0.11774209844204657        68.37269467321731       3.0464971381423811       0.9588010748647845     0.052169393277923366     0.028284859404844643   2.1041509679900549e-09       2.1045919762829826       2.1045919762829826       1394.2079327716115                                                 1382.4778637789573                                              11.730068992654274
                       5       699.17087841257512     0.022377438612533464      0.11774209844204657        68.37269467321731       3.0468136060991267      0.95831528785812126     0.052169393277923366     0.028284859404844643   2.1048169697261252e-09       2.1045919762829826       2.1045919762829826       1394.1325728725842                                                   1382.40250387993                                              11.730068992654274
                       9       700.00404367032093     0.022482785930552574      0.11818326460232972       68.570843855539465       3.0454266934527663      0.95603215856112234     0.049237968241099592     0.032278586958658116   2.1018997958528116e-09       2.1045919762829826       2.1045919762829826       1395.7989033880758                                                 1384.7635974384468                                               11.03530594962908
                       2       699.96542122689846     0.022481042953494457      0.11820201978946913       68.565861040032615       3.0453202454882189      0.95601435027500414     0.049177096035116441      0.03164525828891597   2.1016760648059288e-09       2.1045919762829826       2.1045919762829826       1395.7216585012309                                                 1384.6562913483222                                              11.065367152908799
                       1       700.18309740006896      0.02245495561253167      0.11809452015574749       68.547523321578353       3.0412428500266939      0.95747535070026568      0.04756716592429322     0.035872824240786846    2.093124146981232e-09       2.1045919762829826       2.1045919762829826       1396.1570108475719                                                 1385.1533965376111                                              11.003614309960764
                       2       699.30161328771044     0.022436806503379134      0.11766865882610766       68.642583478130007       3.0417125690470512      0.95911767758951827     0.048812604247276507      0.03488135866876059   2.0941075581504227e-09       2.1045919762829826       2.1045919762829826       1394.3940426228548                                                 1383.8877359626508                                              10.506306660204041
                       2        699.3180401589334     0.022436806503379134      0.11766865882610766       68.642583478130007       3.0340277103048456      0.96593849650204167     0.048812604247276507      0.03488135866876059   2.0780763151902777e-09       2.1045919762829826       2.1045919762829826       1394.4268963653008                                                 1383.9205897050967                                              10.506306660204041
                       3       699.14897429365021     0.022436806503379134      0.11766865882610766       68.642583478130007       3.0347491059411369       0.9626723598432485     0.048812604247276507      0.03488135866876059    2.079575971233562e-09       2.1045919762829826       2.1045919762829826       1394.0887646347344                                                 1383.5824579745304                                              10.506306660204041
                       3       702.48511837570925     0.022436806503379134      0.11766865882610766       68.642583478130007        3.025530631377304      0.96833855241230971     0.048812604247276507      0.03488135866876059   2.0604935436116466e-09       2.1045919762829826       2.1045919762829826       1400.7610527988525                                                 1390.2547461386484                                              10.506306660204041
                       3       702.58994903889902     0.022436806503379134      0.11766865882610766       68.642583478130007       3.0272689908952453      0.96612106311124735     0.048812604247276507      0.03488135866876059   2.0640785372759804e-09       2.1045919762829826       2.1045919762829826        1400.970714125232                                                  1390.464407465028                                              10.506306660204041
                       2       702.63749850842362     0.022376302146659293      0.11794532665299133       68.580326396841102       3.0256080986429796      0.96762037117287847     0.048292065327512637     0.026794376033297151   2.0606531705952654e-09       2.1045919762829826       2.1045919762829826       1401.0658130642812                                                 1390.4123986567442                                              10.653414407536914
                       1       702.69145063589212     0.022344151985462045       0.1175860250500872       68.624846688302938       3.0151632693804724      0.96936488871981774     0.044022613149083387     0.020282010597040583   2.0392420126565147e-09       2.1045919762829826       2.1045919762829826       1401.1737173192182                                                 1390.7299982552252                                               10.44371906399317
                       1       703.09717046339938     0.022220707593074856      0.11766908457079496       68.298166243715201        3.021283144532795      0.97246193187846008     0.048517292157104999     0.034677042432496696   2.0517601849349822e-09       2.1045919762829826       2.1045919762829826       1401.9851569742327                                                 1390.5900899509068                                              11.395067023325895
                      14       703.14336270945671      0.02223462652492228      0.11763172831921104       68.273157206306223       3.0211979605157082      0.97208979981895971     0.048316342936861011     0.040946945412338009   2.0515854152042308e-09       2.1045919762829826       2.1045919762829826       1402.0775414663474                                                 1390.5326471488563                                              11.544894317491144
                       1       703.74218671524773     0.022156446930790042      0.11758743038563496       68.260319413282559       3.0174489702449865      0.97503725653043738     0.047511822865479496     0.034157039748504987   2.0439084408856973e-09       2.1045919762829826       2.1045919762829826       1403.2751894779294                                                 1391.9419438135226                                              11.333245664406851
                       1       702.45108123693103     0.022156446930790042      0.11758743038563496       68.260319413282559       3.0273016963063286      0.96568442317823511     0.047511822865479496     0.034157039748504987   2.0641460449169769e-09       2.1045919762829826       2.1045919762829826        1400.692978521296                                                 1389.3597328568892                                              11.333245664406851
                       4       700.69964801475226     0.022156446930790042      0.11758743038563496       68.260319413282559       3.0278246615336677      0.96699656358883146     0.047511822865479496     0.034157039748504987   2.0652258038361938e-09       2.1045919762829826       2.1045919762829826       1397.1901120769385                                                 1385.8568664125316                                              11.333245664406851
                       2       700.35878638085921     0.022166346033684271      0.11708981427943183       68.380779610600612       3.0304497252131792      0.96964233260269805     0.049408396600116471     0.059401795196958866   2.0706542750078067e-09       2.1045919762829826       2.1045919762829826       1396.5083888091524                                                 1385.9882814507446                                              10.520107358407714
                       5       699.69597048092646     0.022166346033684271      0.11708981427943183       68.380779610600612       3.0302099565493386      0.97493228817728672     0.049408396600116471     0.059401795196958866     2.07015785651419e-09       2.1045919762829826       2.1045919762829826       1395.1827570092869                                                 1384.6626496508791                                              10.520107358407714
                       3       699.79321295450745     0.022166346033684271      0.11708981427943183       68.380779610600612       3.0263696057047356      0.97510246118661548     0.049408396600116471     0.059401795196958866   2.0622229701673739e-09       2.1045919762829826       2.1045919762829826       1395.3772419564489                                                 1384.8571345980411                                              10.520107358407714
                       1       699.25645570200004     0.022193140926960193      0.11709035365207555       68.523320354055741       3.0268757125519223      0.97375410438389398     0.049479289856402174     0.039528939648617187    2.063266939490729e-09       2.1045919762829826       2.1045919762829826        1394.303727451434                                                 1383.9770377269822                                              10.326689724451789
                       1        699.1322394542093     0.022193140926960193      0.11709035365207555       68.523320354055741       3.0324688015179442      0.96792717834187458     0.049479289856402174     0.039528939648617187   2.0748393075180746e-09       2.1045919762829826       2.1045919762829826       1394.0552949558526                                                 1383.7286052314007                                              10.326689724451789
                       1       699.93383307682734      0.02207513206164384      0.11748038411430613        68.32610553484912       3.0286108950518544       0.9712068753900468     0.048312368104007158     0.037685573316709096   2.0668501920763561e-09       2.1045919762829826       2.1045919762829826       1395.6584822010886                                                 1384.9846607877262                                              10.673821413362425
                       1       700.66028035654688     0.022098905952845596      0.11756356914751484       68.152308305639806       3.0256327118306348      0.96969804868414911     0.046227298153302579     0.052555885189863726   2.0607038904626321e-09       2.1045919762829826       2.1045919762829826       1397.1113767605277                                                 1385.5201602907375                                              11.591216469790181
                       1       700.40561069153262     0.022106419239695547      0.11775428329278147       68.121989277797724       3.0284998493746067      0.96848280906886464     0.047319233795005473     0.046556904298470106   2.0666206900398474e-09       2.1045919762829826       2.1045919762829826       1396.6020374304992                                                 1384.6090911785966                                              11.992946251902566
                       8       700.39928989291798     0.022107174857422304      0.11775838015166398       68.123328440156101       3.0284557376709884      0.96844478116369792     0.047281390105276107     0.046305589836141657   2.0665295298911067e-09       2.1045919762829826       2.1045919762829826       1396.5893958332699                                                 1384.5982842907492                                               11.99111154252058
                       2       700.86535440640648     0.022124907445556757      0.11740695009736947       68.084428832096236       3.0335941808341773      0.96785264959781259     0.050273339304058057     0.056502280365614693   2.0771756031220649e-09       2.1045919762829826       2.1045919762829826       1397.5215248602469                                                 1385.3941100208708                                               12.12741483937616
                       5       700.87439652585306     0.022098410568974568      0.11743238933198552       68.093167131879568       3.0345836365756678      0.96871603681983265     0.051109248013164542     0.051903282224263464   2.0792318935850976e-09       2.1045919762829826       2.1045919762829826       1397.5396090991401                                                 1385.5613779838543                                              11.978231115285737
                       5       701.12568534473462     0.022098410568974568      0.11743238933198552       68.093167131879568       3.0389463677403326      0.97011730608762792     0.051109248013164542     0.051903282224263464   2.0883228396232907e-09       2.1045919762829826       2.1045919762829826       1398.0421867369032                                                 1386.0639556216174                                              11.978231115285737
                       3       700.04478972826007     0.022034386601001557      0.11763430414763146       68.275058841738598       3.0394039460547462      0.97216369193704355     0.052036263732283136     0.018789498540573303   2.0892786295258861e-09       2.1045919762829826       2.1045919762829826       1395.8803955039541                                                 1384.9474954434736                                              10.932900060480602
                       8       700.86503487317168     0.022034386601001557      0.11763430414763146       68.275058841738598       3.0405249859341419      0.97221326425898924     0.052036263732283136     0.018789498540573303   2.0916221075094654e-09       2.1045919762829826       2.1045919762829826       1397.5208857937773                                                 1386.5879857332968                                              10.932900060480602
                       3       699.93812321375049     0.022034386601001557      0.11763430414763146       68.275058841738598       3.0293968347849702      0.97810239298293233     0.052036263732283136     0.018789498540573303   2.0684752502799622e-09       2.1045919762829826       2.1045919762829826       1395.6670624749349                                                 1384.7341624144544                                              10.932900060480602
                       7       699.56293326200807     0.022034386601001557      0.11763430414763146       68.275058841738598        3.031706310256264      0.97629123826010189     0.052036263732283136     0.018789498540573303   2.0732578636718782e-09       2.1045919762829826       2.1045919762829826       1394.9166825714501                                                 1383.9837825109696                                              10.932900060480602
                       4        700.2970636041739     0.022069359247549988      0.11748088696938923       68.158014252809878        3.029870888071426      0.97516888144863756     0.050782639086642566     0.038326295389079078   2.0694560502276616e-09       2.1045919762829826       2.1045919762829826       1396.3849432557818                                                 1384.8556643921647                                              11.529278863617105
                       2        700.2155715583441     0.022069359247549988      0.11748088696938923       68.158014252809878       3.0308664648285859      0.97475885515522742     0.050782639086642566     0.038326295389079078   2.0715173785062328e-09       2.1045919762829826       2.1045919762829826       1396.2219591641222                                                 1384.6926803005051                                              11.529278863617105
                       1        700.4242642851633     0.022196442726982752      0.11759255067467714        68.00014119735205        3.034130908035467      0.96940451699710473     0.050468227234116647     0.063577793461822629   2.0782907790159628e-09       2.1045919762829826       2.1045919762829826       1396.6393446177606                                                 1383.2691498269046                                              13.370194790855866
                       6       700.38266983981077     0.022188131957460562      0.11765982706223939       67.970813793643643       3.0342236211846392      0.96960255286889141     0.050488545907051777     0.065144032624830553   2.0784834728314682e-09       2.1045919762829826       2.1045919762829826       1396.5561557270555                                                 1382.9168091146598                                              13.639346612395761
                       6       702.33417157598478     0.022009949498571754      0.11778696180722753       67.809348430550358       3.0276935759562567      0.97560509540035001     0.049223319164602902     0.058277735870315116   2.0649551002622683e-09       2.1045919762829826       2.1045919762829826       1400.4591591994035                                                 1386.1571933922778                                              14.301965807125733
                       2       702.73856954831604     0.022009949498571754      0.11778696180722753       67.809348430550358       3.0247643060958325      0.97726568480199572     0.049223319164602902     0.058277735870315116    2.058915140179339e-09       2.1045919762829826       2.1045919762829826        1401.267955144066                                                 1386.9659893369403                                              14.301965807125733
                       2       702.65266129403108     0.022009949498571754      0.11778696180722753       67.809348430550358       3.0266482854186281      0.97495429170675862     0.049223319164602902     0.058277735870315116    2.062797749960697e-09       2.1045919762829826       2.1045919762829826       1401.0961386354961                                                 1386.7941728283704                                              14.301965807125733
                       2       702.80256967747391     0.021999560062630694      0.11778854775626209       67.792369791426211       3.0263841363736819      0.97535419395859879     0.049207225298948755     0.059529963492564904   2.0622529358643573e-09       2.1045919762829826       2.1045919762829826       1401.3959554023818                                                 1386.9940260501955                                              14.401929352186205
                       4       700.98722682306914     0.022118419797202683      0.11733871284108985       68.072636179207677       3.0210783823868836      0.97419038754714149     0.045622712666388204     0.073520542876063508   2.0513401051263088e-09       2.1045919762829826       2.1045919762829826       1397.7652696935722                                                 1385.8055712025291                                              11.959698491043106
                       9       704.31128870247949     0.022095474251136071      0.11744164207558423       68.114710264466609       3.0083878088954878      0.97343471594296949     0.039472924174838865     0.039501509611733758   2.0254719110485752e-09       2.1045919762829826       2.1045919762829826       1404.4133934523929                                                 1392.4663525575747                                              11.947040894818137
                       1       705.59120641892036     0.022725998322815893      0.11609271722850896       69.160145531221872       3.0237197192223717      0.95694944733070231     0.041531870778979782     0.060344792971590719   2.0567655473640202e-09       2.1045919762829826       2.1045919762829826       1406.9732288852747                                                 1395.8504492593211                                              11.122779625953729
                       1       706.13150415386497     0.022740091962630736      0.11626632506038692        69.06495031475275       3.0220165186544325      0.95601250064439214     0.040111230776157997     0.067563741595235635   2.0532654446502153e-09       2.1045919762829826       2.1045919762829826       1408.0538243551639                                                 1397.3837286936016                                              10.670095661562284
                       1       702.79970928256353     0.022580613260767855      0.11734345057401296        68.47455073538913       3.0251174933901561      0.95781273317932702     0.041769853280345597     0.076730145988999313   2.0596424512779003e-09       2.1045919762829826       2.1045919762829826        1401.390234612561                                                 1390.0555371509026                                              11.334697461658271
                       2       702.93834067352805     0.022580613260767855      0.11734345057401296        68.47455073538913       3.0271610128132438      0.95493113111996197     0.041769853280345597     0.076730145988999313   2.0638556740668123e-09       2.1045919762829826       2.1045919762829826       1401.6674973944901                                                 1390.3327999328317                                              11.334697461658271
                       1       701.77691725525631     0.022588222506503997      0.11762589144861225       68.574982796630863        3.028837200793173      0.95322209756758713     0.042259665998849824     0.047279437311743736   2.0673179850713918e-09       2.1045919762829826       2.1045919762829826       1399.3446505579466                                                 1388.2003531936034                                              11.144297364343226
                       3       701.34291834271403     0.022688170246215982      0.11723041539559748       68.780609449982975       3.0532611198869324      0.95042843885834993      0.05422207041779005      0.05414276859114546   2.1184316494127603e-09       2.1045919762829826       2.1045919762829826        1398.476652732862                                                 1387.9790294723855                                              10.497623260476479
                       4       701.88535492007986     0.022474834625078374      0.11686318675943828       68.154066889617951       3.0518210677339783      0.95900712274846478      0.05636395775795594      0.12208086714101711   2.1153831928501672e-09       2.1045919762829826       2.1045919762829826       1399.5615258875937                                                 1387.0559580166473                                               12.50556787094637
                       1       702.39850108208702      0.02251991940534339      0.11687006579570623       68.148212655741887       3.0531745495763585      0.95721246110991254     0.056447249240488738      0.12610416282540196   2.1182482640649193e-09       2.1045919762829826       2.1045919762829826        1400.587818211608                                                  1387.793895771242                                              12.793922440366003
                       6       702.39947893580461     0.022510188428196944      0.11700595018975077        68.09077422721117        3.049620543145132      0.95718620514128139     0.054501119347340914      0.12578399178427818   2.1107333580337196e-09       2.1045919762829826       2.1045919762829826       1400.5897739190432                                                 1387.2078202765726                                              13.381953642470487
                      10       701.08596093884864     0.022547820139155905      0.11704082123251686       68.427888285285846       3.0437441931405789      0.95643832243233873     0.051168213556317871     0.091654258291873569   2.0983663221589474e-09       2.1045919762829826       2.1045919762829826       1397.9627379251313                                                 1386.7161308380432                                              11.246607087088092
                       4       701.62874594774382     0.022444494713070712      0.11705849602132709       68.108536954220739       3.0356460102847351      0.95921796282047389     0.048202576040125393      0.10546877315346234   2.0814419886494756e-09       2.1045919762829826       2.1045919762829826       1399.0483079429216                                                 1385.9775106777363                                              13.070797265185224
                       3       701.59039205633064     0.022438174343257729      0.11700375220434461       68.106767061452175       3.0359758060031448      0.95961806426494733     0.048536249498787813      0.10740194420259155   2.0821285525121385e-09       2.1045919762829826       2.1045919762829826       1398.9716001600952                                                  1385.983255183728                                              12.988344976367124
                       1       701.73815729035653     0.022438174343257729      0.11700375220434461       68.106767061452175       3.0296752191744054      0.96718122423850872     0.048536249498787813      0.10740194420259155   2.0690511616582223e-09       2.1045919762829826       2.1045919762829826        1399.267130628147                                                 1386.2787856517798                                              12.988344976367124
                       4       702.03456041001584     0.022451795182902374      0.11693967632594897       68.131726079420346       3.0281054323227026      0.96669107784680541     0.047690339609400431      0.10495633260446494   2.0658057403254749e-09       2.1045919762829826       2.1045919762829826       1399.8599368674656                                                 1387.0204876907649                                              12.839449176700819
                       4       703.56058777895987      0.02232807776975412      0.11590148868886242       68.880678095464901       3.0099025270164379      0.97680460507037059     0.042023949095266348     0.059814293317240766   2.0285422548213488e-09       2.1045919762829826       2.1045919762829826       1402.9119916053537                                                 1391.8525833848571                                              11.059408220496525
                       2       703.99679032547704      0.02232807776975412      0.11590148868886242       68.880678095464901       3.0170321066454662      0.96517475829537425     0.042023949095266348     0.059814293317240766   2.0430565874216268e-09       2.1045919762829826       2.1045919762829826        1403.784396698388                                                 1392.7249884778914                                              11.059408220496525
                       1       704.00210807680344      0.02232807776975412      0.11590148868886242       68.880678095464901       3.0241595556424121      0.95971784284883721     0.042023949095266348     0.059814293317240766   2.0576703867353029e-09       2.1045919762829826       2.1045919762829826       1403.7950322010408                                                 1392.7356239805442                                              11.059408220496525
                       2       703.53931690987679     0.022367582971345983      0.11639729921286184       68.413988697137199       3.0343396290680933      0.95623270166918717     0.045581767600908596      0.10195334443313978   2.0787246072864238e-09       2.1045919762829826       2.1045919762829826       1402.8694498671875                                                 1392.3340719950909                                              10.535377872096625
                       2       703.55896140781738     0.022357622426855954      0.11636306001039047       68.414817166790513       3.0342701642496084      0.95677239495119226     0.045724314442116373      0.10306629793543975   2.0785802140740812e-09       2.1045919762829826       2.1045919762829826       1402.9087388630687                                                 1392.4063097058545                                              10.502429157214282
                       3       703.35855358241895     0.022357622426855954      0.11636306001039047       68.414817166790513       3.0139000591106178      0.97927858549178037     0.045724314442116373      0.10306629793543975   2.0366676475279685e-09       2.1045919762829826       2.1045919762829826       1402.5079232122719                                                 1392.0054940550576                                              10.502429157214282
                       5       703.90927389190119     0.022357622426855954      0.11636306001039047       68.414817166790513       3.0120445541083734      0.97990646485857524     0.045724314442116373      0.10306629793543975   2.0328921043729104e-09       2.1045919762829826       2.1045919762829826       1403.6093638312364                                                 1393.1069346740221                                              10.502429157214282
                       3       703.89988173929805     0.022369061913275694      0.11633736819616011       68.437352120889912       3.0124975027699024      0.97958370591762978      0.04585925311475253      0.10277888795951816   2.0338131086987113e-09       2.1045919762829826       2.1045919762829826       1403.5905795260301                                                 1393.1296969680825                                              10.460882557947563
                       1       702.14599587042653     0.022389892452889845      0.11722394219053282       68.489367060555168       3.0173328654039864      0.97549711616786572     0.046844082175203375     0.058001032450163102   2.0436711469969007e-09       2.1045919762829826       2.1045919762829826        1400.082807788287                                                 1389.3707419165864                                              10.712065871700592
                       2       707.63063842732174     0.022389892452889845      0.11722394219053282       68.489367060555168       3.0064942339245198      0.98639159460114723     0.046844082175203375     0.058001032450163102   2.0216401571350036e-09       2.1045919762829826       2.1045919762829826       1411.0520929020774                                                 1400.3400270303769                                              10.712065871700592
                       7       707.59320937000859     0.022392109913373034      0.11723142822811194       68.490009954601106        3.006895388343509      0.98625547458228546     0.047012358901496021     0.057635700978655002   2.0224513097054857e-09       2.1045919762829826       2.1045919762829826       1410.9772347874512                                                 1400.2577166721608                                              10.719518115290359
                       1       708.38543635529641     0.022392109913373034      0.11723142822811194       68.490009954601106       3.0056298425348809      0.98697214523132026     0.047012358901496021     0.057635700978655002   2.0198934238296019e-09       2.1045919762829826       2.1045919762829826       1412.5616887580268                                                 1401.8421706427364                                              10.719518115290359
                       1       707.77877209301323     0.022262508951238314      0.11763187959603535        68.55772363049887       3.0114375019002257      0.99119398243029011     0.051111765288797933     0.032214058705097998    2.031658407229199e-09       2.1045919762829826       2.1045919762829826       1411.3483602334604                                                 1400.9329549697657                                                10.4154052636947
                       4       709.02914026593908     0.022095370127145218       0.1172461557630472       68.603502061492676       3.0024197996171504      0.99853813457215357     0.049364592922647124     0.021264396173120557    2.013419874993487e-09       2.1045919762829826       2.1045919762829826       1413.8490965793121                                                 1403.5532033087404                                              10.295893270571591
                       1       699.10148690283609     0.022095370127145218       0.1172461557630472       68.603502061492676       3.0311395297463628      0.97209967838318445     0.049364592922647124     0.021264396173120557   2.0720831144666745e-09       2.1045919762829826       2.1045919762829826       1393.9937898531061                                                 1383.6978965825344                                              10.295893270571591
                       6       698.40847849401075     0.022227726260184301      0.11711974345216401        68.77819200898503       3.0463790377657265      0.96582412197198575     0.055930339750458247    0.0016109844986758465    2.103902481641652e-09       2.1045919762829826       2.1045919762829826       1392.6077730354555                                                 1382.1942429272092                                               10.41353010824618
                       4       698.12791371732862     0.022312695026520186      0.11801084591897926       68.478410741637845        3.041917897607378      0.95920940830053669     0.050984012029189195    0.0010573348613344851    2.094537582387125e-09       2.1045919762829826       2.1045919762829826       1392.0466434820912                                                 1380.9223101003488                                              11.124333381742323
                      15        697.9644962559986     0.022312695026520186      0.11801084591897926       68.478410741637845       3.0416979495416294      0.95979240731961324     0.050984012029189195    0.0010573348613344851    2.094076943557408e-09       2.1045919762829826       2.1045919762829826       1391.7198085594312                                                 1380.5954751776887                                              11.124333381742323
                       2       698.17173493202745       0.0222834009217809      0.11796747756355795       68.399605502599954       3.0425798307167007      0.96101048262213273     0.051819324641876323     0.010495849436861238   2.0959244851294099e-09       2.1045919762829826       2.1045919762829826       1392.1342859114889                                                 1380.7618465401222                                              11.372439371366665
                       3         698.399738410091     0.022347769226363591      0.11762043016232694       68.575176087610444       3.0464985032639151       0.9593582941359946     0.053678110890057272    0.0055691274111777968    2.104153840413813e-09       2.1045919762829826       2.1045919762829826        1392.590292867616                                                 1381.8914115613341                                              10.698881306281917
                       3        698.6243158889157     0.022347769226363591      0.11762043016232694       68.575176087610444       3.0409478838466359      0.96508981412821959     0.053678110890057272    0.0055691274111777968   2.0925068371944406e-09       2.1045919762829826       2.1045919762829826       1393.0394478252654                                                 1382.3405665189835                                              10.698881306281917
                       6       699.23034840986122     0.022348958278470596       0.1173543735756732       68.552658401274869       3.0369303079112293      0.96605323069697302     0.051962759574639236      0.01947968775758694   2.0841168969767209e-09       2.1045919762829826       2.1045919762829826       1394.2515128671564                                                 1383.5976080887581                                              10.653904778398376
                       2       698.41542063895099     0.022402628343659605      0.11759761827704095       68.506499603146494       3.0391421382126635      0.96431684904851289     0.051855385925959833     0.034410095715696615   2.0887317115932066e-09       2.1045919762829826       2.1045919762829826       1392.6216573253359                                                 1381.6945710118218                                              10.927086313514078
                       1       698.61744218967328     0.022402628343659605      0.11759761827704095       68.506499603146494       3.0421307444168164       0.9597213928501126     0.051855385925959833     0.034410095715696615   2.0949834454773697e-09       2.1045919762829826       2.1045919762829826       1393.0257004267805                                                 1382.0986141132664                                              10.927086313514078
                       6       698.64169414972002     0.022402628343659605      0.11759761827704095       68.506499603146494       3.0492603145191914      0.95442635105805973     0.051855385925959833     0.034410095715696615   2.1099731483892867e-09       2.1045919762829826       2.1045919762829826        1393.074204346874                                                 1382.1471180333599                                              10.927086313514078
                       5       699.23764805299174     0.022502725572820896      0.11781467581928731       68.535627507539601       3.0588275365918487      0.94939795907535895     0.055181190173300823     0.027885355023699585   2.1302566035122964e-09       2.1045919762829826       2.1045919762829826       1394.2661121534175                                                 1383.0012716866361                                              11.264840466781328
                       7       699.15072388188469      0.02239318727024666      0.11878589162716013        68.31966829803045         3.06039514240272      0.95071103257960232     0.055774983429494884     0.010589138246039263   2.1335986249443305e-09       2.1045919762829826       2.1045919762829826       1394.0922638112033                                                 1381.1520520240699                                              12.940211787133309
                      10       699.72553350987562     0.022596060615143437      0.11790076408752583       68.689056623870499       3.0572412389549291      0.94632342421109938     0.053059487141545167     0.021036517677138426   2.1268800613046188e-09       2.1045919762829826       2.1045919762829826       1395.2418830671852                                                 1384.3478923868215                                              10.893990680363721
                       2       699.62411722721367     0.022554463610917768      0.11753234761424677       68.727201883924394       3.0627825372154915      0.94917071354253646     0.057015975200494659     0.031782937161843924   2.1386984524626701e-09       2.1045919762829826       2.1045919762829826       1395.0390505018613                                                 1384.5204587094474                                              10.518591792413867
                       3       700.16492648085216     0.022599107621002867      0.11744115584338308       68.766847461191702       3.0648259998264029      0.94761525722607609     0.057655381787378022     0.033201847427787479   2.1430732711531618e-09       2.1045919762829826       2.1045919762829826       1396.1206690091383                                                 1385.6296376899634                                              10.491031319174972
                       1       700.62794316680674     0.022506814261652512      0.11886242075543302       68.260178078661113       3.0667220174823893      0.94597027382141585     0.057349777243406432     0.025056342819397955   2.1471404303977954e-09       2.1045919762829826       2.1045919762829826       1397.0467023810475                                                 1382.8120073964344                                              14.234694984613137
                       6         702.254523335214     0.022567245237711853      0.11876579545352255       68.068203897385359        3.060736456815246      0.94342342079987007     0.053513121619677653     0.048343458255696817   2.1343269771970594e-09       2.1045919762829826       2.1045919762829826        1400.299862717862                                                 1383.4234566606672                                              16.876406057194888
                       2       704.35833966113182     0.022816454140957902      0.11840923146758772       68.651341021924694       3.0709311876379144      0.93693765573660237     0.056270816119790942     0.037237997021268426   2.1561971570974293e-09       2.1045919762829826       2.1045919762829826       1404.5074953696976                                                 1392.4455803915175                                              12.061914978180194
                       3       705.16961160196252      0.02291853477598561      0.11743812147525493       69.021067295630147       3.0669748095265903      0.93586670534295535     0.054702207026531523     0.032686719844423527   2.1476832790273993e-09       2.1045919762829826       2.1045919762829826        1406.130039251359                                                 1395.6220403205912                                              10.507998930767837
                       1       704.87781229122731     0.022598900654087189       0.1170003851397023       69.081397286247736       3.0275714983474042      0.95212859549203188     0.039205729162312637     0.032076000050458062   2.0647030308675683e-09       2.1045919762829826       2.1045919762829826       1405.5464406298886                                                 1394.8445154029159                                              10.701925226972675
                       6       704.22013251687883     0.022598900654087189       0.1170003851397023       69.081397286247736       3.0232484160098485       0.9552953881607168     0.039205729162312637     0.032076000050458062   2.0557964155495483e-09       2.1045919762829826       2.1045919762829826       1404.2310810811916                                                  1393.529155854219                                              10.701925226972675
                       3       703.48348805138789     0.022536234590650066      0.11679277660996437       69.030387786872609       3.0200427007694661      0.95778585437481767     0.038722418646688177     0.033457064715851116   2.0492166696796933e-09       2.1045919762829826       2.1045919762829826       1402.7577921502098                                                 1392.0339267757797                                              10.723865374429975
                       1       703.92322204209825     0.022536234590650066      0.11679277660996437       69.030387786872609       3.0222823720772927      0.95699079343922855     0.038722418646688177     0.033457064715851116   2.0538113848635378e-09       2.1045919762829826       2.1045919762829826       1403.6372601316305                                                 1392.9133947572004                                              10.723865374429975
                       3       703.89932041734585     0.022536234590650066      0.11679277660996437       69.030387786872609       3.0218107830619503      0.95751444091625493     0.038722418646688177     0.033457064715851116   2.0528430583188775e-09       2.1045919762829826       2.1045919762829826       1403.5894568821257                                                 1392.8655915076956                                              10.723865374429975
                       1       705.13145650773913     0.022606067569428862      0.11681160121443242       69.050835625081191       3.0218143996748985      0.95495793378293869     0.037768663080246082     0.037719234499774469   2.0528504826710887e-09       2.1045919762829826       2.1045919762829826       1406.0537290629122                                                 1395.3984786812075                                              10.655250381704796
                       4       703.28740344464472     0.022710011781948591      0.11705935480740283       69.069836829868024       3.0349304078642589      0.94922838785741437     0.042854382205875771     0.027511773271968055   2.0799530365367246e-09       2.1045919762829826       2.1045919762829826       1402.3656229367234                                                 1391.8810030219786                                              10.484619914744719
                       6       705.04391987663701     0.022710011781948591      0.11705935480740283       69.069836829868024       3.0292484886445536      0.95764562984777246     0.042854382205875771     0.027511773271968055   2.0681684227189409e-09       2.1045919762829826       2.1045919762829826        1405.878655800708                                                 1395.3940358859631                                              10.484619914744719
                       1       705.15625233728747     0.022706920760228778      0.11704958940150118       69.067143739017212       3.0285109814673197      0.95780977315775617     0.042528628619495641     0.027838957012675504    2.066643695981024e-09       2.1045919762829826       2.1045919762829826       1406.1033207220089                                                 1395.6185440067018                                               10.48477671530704
                       2       705.12128487052576     0.022706920760228778      0.11704958940150118       69.067143739017212       3.0174472839124302      0.96487234533939092     0.042528628619495641     0.027838957012675504   2.0439049941792581e-09       2.1045919762829826       2.1045919762829826       1406.0333857884855                                                 1395.5486090731783                                               10.48477671530704
                       3       704.63505319448609     0.022706920760228778      0.11704958940150118       69.067143739017212       3.0301514510581962       0.9482806434633867     0.042528628619495641     0.027838957012675504    2.070036744454947e-09       2.1045919762829826       2.1045919762829826       1405.0609224364061                                                  1394.576145721099                                               10.48477671530704
                       6       702.99037363364869     0.022706920760228778      0.11704958940150118       69.067143739017212       3.0296759878094983      0.95238096407811912     0.042528628619495641     0.027838957012675504   2.0690527520041656e-09       2.1045919762829826       2.1045919762829826       1401.7715633147313                                                 1391.2867865994242                                               10.48477671530704
                      18       699.63302727737755     0.022306694082593621      0.11727850263225623       68.814560894381501       3.0269997888171352      0.96733684291129307     0.045857941550786097     0.022903608519134974   2.0635229578292893e-09       2.1045919762829826       2.1045919762829826       1395.0568706021891                                                 1384.6628151101365                                              10.394055492052498
                       3       699.28147168950329     0.022325590755735796      0.11744296946969138       68.739040950695099       3.0315839535856774      0.96598387520926754     0.047649344307333863     0.028151559277335293   2.0730042022613111e-09       2.1045919762829826       2.1045919762829826       1394.3537594264405                                                 1384.0651283890265                                              10.288631037413978
                       5       699.91290959727621     0.022377363339112558      0.11729086953397354       68.925644476157544       3.0337720461854882       0.9649537392994898     0.048426605075294615      0.02161405837090271   2.0775450935492471e-09       2.1045919762829826       2.1045919762829826       1395.6166352419864                                                 1385.0709433101042                                              10.545691931882134
                       1       700.24496325229347        0.022576780187269      0.11767714278724886       68.979456054499352       3.0416573547110697      0.95558846026216282      0.04934642869843478     0.011939337085410404   2.0939919365841387e-09       2.1045919762829826       2.1045919762829826       1396.2807425520209                                                  1385.932120545973                                              10.348622006047819
                       4       700.33862246791523     0.022594666445686442      0.11736427255807524       68.927381391917052         3.04790988039418      0.95572778780948542     0.052739720379786081      0.03363476889418366   2.1071256917309002e-09       2.1045919762829826       2.1045919762829826       1396.4680609832644                                                 1386.1390415557996                                                10.3290194274648
                      11       700.30645201284347     0.022592603025419107      0.11736095589785266        68.92451634903999       3.0479110618689949      0.95580270419519275     0.052771605570943229     0.033791219611410198   2.1071281812483075e-09       2.1045919762829826       2.1045919762829826       1396.4037200731209                                                 1386.0756275007782                                              10.328092572342705
                       5       700.48720724831026     0.022592603025419107      0.11736095589785266        68.92451634903999       3.0531997620011126      0.95194394491014089     0.052771605570943229     0.033791219611410198   2.1183016709131427e-09       2.1045919762829826       2.1045919762829826       1396.7652305440545                                                 1386.4371379717118                                              10.328092572342705
                       1       701.88163753637843     0.022565313419773723       0.1178315732254666       69.039439590566502        3.068690480112497      0.95122488773804548      0.06049407924443409    0.0020573855351918788   2.1513711587458349e-09       2.1045919762829826       2.1045919762829826       1399.5540911201908                                                 1389.1494707252743                                              10.404620394916497
                       2       701.44015274120488     0.022565313419773723       0.1178315732254666       69.039439590566502       3.0647547366795291      0.95710712855980906      0.06049407924443409    0.0020573855351918788   2.1429205544494794e-09       2.1045919762829826       2.1045919762829826       1398.6711215298437                                                 1388.2665011349272                                              10.404620394916497
                       2       702.38434258022642     0.022565313419773723       0.1178315732254666       69.039439590566502        3.060058240732352      0.96309666341882483      0.06049407924443409    0.0020573855351918788   2.1328799330747355e-09       2.1045919762829826       2.1045919762829826       1400.5595012078868                                                 1390.1548808129703                                              10.404620394916497
                       1       701.18945647285955     0.022426975283435437      0.11785354059125561       68.848394640432531       3.0606907565345396      0.96782934735611248     0.062499123445685756    0.0088434785643696986    2.134229440083836e-09       2.1045919762829826       2.1045919762829826       1398.1697289931531                                                 1387.8715970845858                                              10.298131908567207
                       8       701.16674476188496     0.022425690218205452      0.11787665976791041       68.839025188447351       3.0605049570586274       0.9678216871510561      0.06237638758420494    0.0091101267699585722   2.1338329382084531e-09       2.1045919762829826       2.1045919762829826       1398.1243055712039                                                 1387.8276986057588                                              10.296606965445182
                       2        702.1208479777124     0.022493991093470517       0.1179583011570552       68.882182067456256       3.0648103016543344      0.96505813553038533     0.063577868358376685    0.0090751012936913424   2.1430396290842555e-09       2.1045919762829826       2.1045919762829826       1400.0325120028588                                                 1389.7300722816235                                              10.302439721235347
                       8       701.50313253886316     0.022493991093470517       0.1179583011570552       68.882182067456256       3.0662068888727712      0.96278553646557252     0.063577868358376685    0.0090751012936913424   2.1460346617642112e-09       2.1045919762829826       2.1045919762829826       1398.7970811251603                                                  1388.494641403925                                              10.302439721235347
                       6       701.74272375292321      0.02250699996993347      0.11791640142429176       68.896542400994321       3.0674170479774387      0.96240589586424108     0.064100960964082063     0.010372160224409087   2.1486332772010065e-09       2.1045919762829826       2.1045919762829826       1399.2762635532804                                                 1388.9728460687913                                              10.303417484489106
                      11       700.75938322481625     0.022045844718040032      0.11756758892846368       68.682093588872348       3.0440769093746387      0.98125747468755775     0.058595380888806226    0.0059031482760572582   2.0990645988568891e-09       2.1045919762829826       2.1045919762829826       1397.3095824970665                                                 1386.9120842507125                                              10.397498246354026
                       2       700.41720332490627     0.022251962164856524      0.11738826632391515       68.868608481145586       3.0577297228094662      0.97345027995150224     0.063333582153525192    0.0060042309068651196   2.1279192616707392e-09       2.1045919762829826       2.1045919762829826       1396.6252226972465                                                 1386.0797019001418                                              10.545520797104802
                       8       700.14381831279195     0.022253096277759545      0.11747972952648458        68.83388464775274       3.0574991611359836      0.97301351988958684     0.063044580398010017    0.0053660895322124574   2.1274287015990811e-09       2.1045919762829826       2.1045919762829826       1396.0784526730179                                                 1385.6422314218501                                              10.436221251167879
                       2       699.76878077388619     0.022253096277759545      0.11747972952648458        68.83388464775274       3.0649933308869088      0.96533076420956865     0.063044580398010017    0.0053660895322124574   2.1434319038807262e-09       2.1045919762829826       2.1045919762829826       1395.3283775952063                                                 1384.8921563440385                                              10.436221251167879
                       6       700.68085995197214     0.022462483974273004      0.11745659408259182       68.754724424397608       3.0465103875917117      0.95889033671607615     0.050607269958486384     0.042456107337103942   2.1041788470163799e-09       2.1045919762829826       2.1045919762829826       1397.1525359513782                                                 1386.8517032811005                                              10.300832670277801
                       1       700.69185252268812     0.022330119845494562      0.11659533624656251       68.585099802412145       3.0466145106474802      0.96605004774966907      0.05360719788385665     0.080876466982968465   2.1043979519545551e-09       2.1045919762829826       2.1045919762829826       1397.1745210928102                                                 1386.8932745394734                                              10.281246553336796
                       7       701.03091158694849     0.022330119845494562      0.11659533624656251       68.585099802412145       3.0435919818125998      0.96352514197045969      0.05360719788385665     0.080876466982968465     2.09804695134101e-09       2.1045919762829826       2.1045919762829826       1397.8526392213309                                                 1387.5713926679941                                              10.281246553336796
                       7       701.26308568845877     0.022181491522891138       0.1168355233097821       68.269934831062088       3.0273318098543944       0.9672996543876643     0.046747983539300597     0.077165346658248909   2.0642082046140355e-09       2.1045919762829826       2.1045919762829826       1398.3169874243515                                                 1387.4983826109226                                              10.818604813428824
                       4       701.16636212504113     0.022196116903845133      0.11652228535120022       68.410762582899522       3.0354833092226481      0.96850282904416629     0.051229475197970505     0.086845935580023001   2.0811033633753426e-09       2.1045919762829826       2.1045919762829826       1398.1235402975162                                                 1387.7819542208392                                              10.341586076676966
                       2       701.22897441320902     0.022438443895611233      0.11588872485190196       68.790439646518578       3.0444365138298277      0.96092431417598101     0.053916825832503727     0.083588014750619138   2.0998195675752894e-09       2.1045919762829826       2.1045919762829826        1398.248764873852                                                 1387.7137475315767                                              10.535017342275266
                       6       701.21570692068622     0.022315486332720107      0.11582239676508908       68.957650658515419       3.0392828773675244      0.96650060060359455      0.05309310736745685     0.061297542110208603   2.0890256986162849e-09       2.1045919762829826       2.1045919762829826       1398.2222298888064                                                 1386.6211888626819                                              11.601041026124413
                       1       701.21852675422429     0.022315486332720107      0.11582239676508908       68.957650658515419       3.0392931996543937      0.96648673378114602      0.05309310736745685     0.061297542110208603   2.0890472622501163e-09       2.1045919762829826       2.1045919762829826       1398.2278695558825                                                 1386.6268285297581                                              11.601041026124413
                       1       701.15693891406602     0.022439483838928905      0.11594231752541996       69.066802183719503       3.0404107904231714      0.96105072822981596     0.051977385305262164     0.048777422768044712   2.0913832672916413e-09       2.1045919762829826       2.1045919762829826        1398.104693875566                                                 1386.4748632148448                                              11.629830660721227
                       1       701.63018063420748     0.022459920308182245      0.11581010468452101       68.917575507396847        3.036746844796645      0.96075850555752507     0.049882101762937357     0.073820402839708046   2.0837345734718467e-09       2.1045919762829826       2.1045919762829826       1399.0511773158489                                                 1388.1166884577306                                              10.934488858118367
                       1       702.32339231703611      0.02250220472409048      0.11575196638765158       69.019762194937556       3.0355517689029248      0.95985950416993882     0.048830582250195181     0.072629291355586281   2.0812458399231157e-09       2.1045919762829826       2.1045919762829826       1400.4376006815062                                                 1389.0994970987879                                              11.338103582718302
                       2       702.62094903894399     0.022295370219455463      0.11636433703744174       68.871957726019986        3.015673786532032      0.96583165394917625     0.040368883807571504     0.040690718584362788   2.0402833464669252e-09       2.1045919762829826       2.1045919762829826       1401.0327141253219                                                  1390.170766096787                                              10.861948028534815
                       4       704.15329602186455     0.022295370219455463      0.11636433703744174       68.871957726019986       3.0263182565229916      0.95877571761406433     0.040368883807571504     0.040690718584362788    2.062117079424007e-09       2.1045919762829826       2.1045919762829826       1404.0974080911631                                                 1393.2354600626281                                              10.861948028534815
                       8       703.86071396869056     0.022295370219455463      0.11636433703744174       68.871957726019986       3.0219497805925344      0.95921470937798348     0.040368883807571504     0.040690718584362788   2.0531284182663654e-09       2.1045919762829826       2.1045919762829826       1403.5122439848151                                                 1392.6502959562802                                              10.861948028534815
                       1       702.44500879159966     0.022295370219455463      0.11636433703744174       68.871957726019986       3.0146247861280862      0.96994604832259113     0.040368883807571504     0.040690718584362788   2.0381442105856783e-09       2.1045919762829826       2.1045919762829826       1400.6808336306333                                                 1389.8188856020984                                              10.861948028534815
                       1       702.65955713247547     0.022295370219455463      0.11636433703744174       68.871957726019986       3.0085916408441085      0.97428677274028652     0.040368883807571504     0.040690718584362788   2.0258848090145497e-09       2.1045919762829826       2.1045919762829826       1401.1099303123849                                                   1390.24798228385                                              10.861948028534815
                      10       701.92380794540622     0.022014097767454194      0.11642853400531541        68.42949497385537       3.0167315249599396      0.98373954132944741     0.047882808020310218     0.062559063222579162   2.0424425743141236e-09       2.1045919762829826       2.1045919762829826       1399.6384319382464                                                 1389.3514239085998                                              10.287008029646488
                       2       703.38199901167332     0.022110083334841373      0.11544254505224144       68.814143939980127        3.037722721787071      0.98195077308508927     0.059298464760796504     0.055876856362691185   2.0857690346267098e-09       2.1045919762829826       2.1045919762829826       1402.5548140707806                                                  1390.881275754409                                               11.67353831637161
                       9       702.34849619227225     0.022111780004716707      0.11596664853088449       68.506530890310515       3.0452265965536971      0.97991785679733667     0.062085011552397644     0.073590827196883715   2.1014792542974409e-09       2.1045919762829826       2.1045919762829826       1400.4878084319785                                                  1390.146795107968                                              10.341013324010312
                       1       703.01878458108945     0.022087385078017753      0.11588632775083121       68.496828627807247       3.0443031076053337       0.9807293765994759     0.062089065758064721     0.071004022644921533   2.0995394572593058e-09       2.1045919762829826       2.1045919762829826       1401.8283852096129                                                 1391.4738690974471                                              10.354516112165802
                       1       702.63495108781296     0.022463339080214955      0.11624688485870849       68.451971726041847       3.0602514905254892      0.96525633147369616     0.064670636456598971     0.099701101650130602   2.1332921515098694e-09       2.1045919762829826       2.1045919762829826       1401.0607182230599                                                 1390.4350961171956                                              10.625622105864389
                       5       703.00191851385853     0.022420165812819994      0.11625643765680943       68.266209392743363        3.058712030312738      0.96637306065910555     0.064326853472962131      0.11246520713202046   2.1300105597085493e-09       2.1045919762829826       2.1045919762829826        1401.794653075151                                                 1390.5312574377024                                              11.263395637448621
                       1       701.51071931310082      0.02241201279028936       0.1173001911553806       68.042980145228725       3.0493827937761182      0.96379179903206225     0.057865192859654017     0.098379270303824748   2.1102315921593144e-09       2.1045919762829826       2.1045919762829826       1398.8122546736356                                                 1385.0329424831866                                              13.779312190448888
                       2       700.83067247978795      0.02241201279028936       0.1173001911553806       68.042980145228725       3.0520271232185872      0.96273495636415785     0.057865192859654017     0.098379270303824748   2.1158191240705703e-09       2.1045919762829826       2.1045919762829826       1397.4521610070099                                                 1383.6728488165609                                              13.779312190448888
                       3       701.91699919603263     0.022403628034666376      0.11823739164135544       67.971101132415427       3.0634816324199985      0.96054070418689363     0.062326585861999947     0.080055736487146339   2.1401941290439201e-09       2.1045919762829826       2.1045919762829826       1399.6248144394992                                                 1384.0560776417874                                              15.568736797711811
                       3       701.65969106316379     0.022608045932309629      0.11767602539226184       68.560747745771593       3.0681450549565419      0.95533986295727003     0.063281729533361891     0.056687469553958474   2.1501980667420848e-09       2.1045919762829826       2.1045919762829826       1399.1101981737615                                                 1387.8870042248898                                              11.223193948871762
                       2       703.40373431472926     0.022608045932309629      0.11767602539226184       68.560747745771593       3.0823258680174543      0.94216282549787189     0.063281729533361891     0.056687469553958474   2.1809068466897476e-09       2.1045919762829826       2.1045919762829826       1402.5982846768925                                                 1391.3750907280207                                              11.223193948871762
                       3       703.70011971934173     0.022608045932309629      0.11767602539226184       68.560747745771593       3.0826751600978168      0.94510691898894472     0.063281729533361891     0.056687469553958474   2.1816687532355199e-09       2.1045919762829826       2.1045919762829826       1403.1910554861174                                                 1391.9678615372457                                              11.223193948871762
                       4       703.68008925392587     0.022608009182629434      0.11767288736374264       68.567602927525314       3.0826413681403686      0.94513113185039577     0.063274506571794356     0.056086238195789541   2.1815950316234499e-09       2.1045919762829826       2.1045919762829826       1403.1509945552857                                                 1391.9624094405367                                               11.18858511474907
                       6       701.75613902108012     0.022256358876926122      0.11799870896834697       68.460676857109547       3.0798797349676472      0.95743359109884651      0.06596202506811194     0.026262861260586114    2.175578577857591e-09       2.1045919762829826       2.1045919762829826       1399.3030940895942                                                 1388.4891884259628                                              10.813905663631447
                       2       701.85836150794398     0.022247340583621177      0.11799807330981234       68.399705281804955       3.0805916057480305      0.95750603154434444     0.066420953024565174     0.030228792201945791   2.1771278600565335e-09       2.1045919762829826       2.1045919762829826       1399.5075390633219                                                  1388.459071680235                                              11.048467383086887
                       1       701.73568236094422     0.022240253443894024      0.11793211130431684       68.419529567707571       3.0799861113762157      0.95796684979461422     0.066323762496825714     0.029302531698221817   2.1758100204030572e-09       2.1045919762829826       2.1045919762829826       1399.2621807693224                                                 1388.3477930987779                                              10.914387670544603
                       8       702.22791158364237     0.022340274014782467      0.11771132580844228        68.54927776397372       3.0838739286366241      0.95487703222649312     0.067427120673929863     0.031931549657378835   2.1842856373047616e-09       2.1045919762829826       2.1045919762829826       1400.2466392147187                                                 1389.6412942406432                                              10.605344974075493
                       1       700.78766888917062     0.022017432886695647      0.11759052587932327       68.294436061543365       3.0556334097537117      0.96737677261800104     0.057242822807408306     0.027400780225725448    2.123463149076288e-09       2.1045919762829826       2.1045919762829826       1397.3661538257752                                                 1386.6392485423339                                              10.726905283441377
                       3       699.25892942220048     0.022017432886695647      0.11759052587932327       68.294436061543365       3.0433480598802256      0.97655090304027425     0.057242822807408306     0.027400780225725448   2.0975352540840557e-09       2.1045919762829826       2.1045919762829826       1394.3086748918349                                                 1383.5817696083936                                              10.726905283441377
                       8       698.71438259969636     0.022054995501680594      0.11761724919203546       68.385966216975859       3.0432886714860121      0.97498523424240779     0.056764206322159796     0.017007713682193969     2.09741068853242e-09       2.1045919762829826       2.1045919762829826       1393.2195812468267                                                 1382.6660241259858                                               10.55355712084091
                       5       698.63274322210361     0.022054995501680594      0.11761724919203546       68.385966216975859        3.045832892466199      0.97233889412063979     0.056764206322159796     0.017007713682193969   2.1027537589039541e-09       2.1045919762829826       2.1045919762829826       1393.0563024916412                                                 1382.5027453708003                                               10.55355712084091
                       1       699.24568033161574     0.022105928629923138      0.11721285337401391       68.238512764457113       3.0403039715651983      0.97151568485192852     0.053740959222270603     0.051503033980942463   2.0911598800506424e-09       2.1045919762829826       2.1045919762829826       1394.2821767106655                                                 1383.2825641042293                                              10.999612606436179
                       2       698.58111054838253     0.022203594378258917      0.11735927531572708       68.413953146609018       3.0379154033430096      0.96737045485984319     0.051163104155515796      0.03034336304405438   2.0861709625704371e-09       2.1045919762829826       2.1045919762829826        1392.953037144199                                                 1382.2514191010307                                              10.701618043168311
                       1        698.4153572961568     0.022357665430739204      0.11703856080505827       68.624022533180835       3.0428623187698629      0.96351227827236063     0.052202314243922535     0.043933185025301816   2.0965166423915277e-09       2.1045919762829826       2.1045919762829826       1392.6215306397476                                                 1382.2772152021248                                              10.344315437622669
                       8       699.16715709366235     0.022488809844813374      0.11793702812669904       68.339669342248826        3.054598360364194      0.95495268980859926     0.054945050173547443     0.050682641786429949   2.1212663969097874e-09       2.1045919762829826       2.1045919762829826       1394.1251302347587                                                  1381.735343621735                                              12.389786613023761
                       2       699.46686769942073     0.022446695593889985      0.11808045089830227       68.765213421022963       3.0668226342969156      0.95671123645022937     0.061869010299843583    0.0010317879410672581   2.1473564796971571e-09       2.1045919762829826       2.1045919762829826       1394.7245514462754                                                 1384.3086528407073                                              10.415898605568195
                       3       699.47002423472645     0.022447285806489897      0.11807587314245352       68.767661971361193       3.0667934775706276      0.95670713601677382     0.061854875823560578   0.00098844169220605946   2.1472938707247765e-09       2.1045919762829826       2.1045919762829826       1394.7308645168869                                                 1384.3192595853534                                              10.411604931533484
                       1       699.52757557644259     0.022447598985631506      0.11808497985204403       68.768835852605378       3.0667710338127279      0.95664967909398013     0.061828717007869877   0.00027224501855644941   2.1472456779218181e-09       2.1045919762829826       2.1045919762829826       1394.8459672003191                                                 1384.4358609398655                                              10.410106260453519
                       5       700.90248082733513     0.022447598985631506      0.11808497985204403       68.768835852605378       3.0566153807686782      0.96885121263284069     0.061828717007869877   0.00027224501855644941   2.1255493524680234e-09       2.1045919762829826       2.1045919762829826       1397.5957777021042                                                 1387.1856714416506                                              10.410106260453519
                       6       700.30398943828209     0.022447598985631506      0.11808497985204403       68.768835852605378       3.0579878184995102      0.96679855547652327     0.061828717007869877   0.00027224501855644941   2.1284685393409884e-09       2.1045919762829826       2.1045919762829826       1396.3987949239981                                                 1385.9886886635445                                              10.410106260453519
                       2       699.95401960702293     0.022444711135137716      0.11829648910355435       68.664834946263468       3.0552702203552222       0.9665197465365728     0.060036059846128614    0.0068730765567849112   2.1226920698048447e-09       2.1045919762829826       2.1045919762829826       1395.6988552614798                                                  1384.993445443494                                              10.705409817985792
                       6       699.91469114709957     0.022440076359133643      0.11834084690288919       68.651261533979763       3.0553003570529387      0.96650053231116728     0.060040986640228944    0.0057424705464840606   2.1227560416980433e-09       2.1045919762829826       2.1045919762829826       1395.6201983416331                                                 1384.8583415414898                                              10.761856800143322
                       1       700.96792061285817     0.022440076359133643      0.11834084690288919       68.651261533979763       3.0555513678040747      0.96147490217786302     0.060040986640228944    0.0057424705464840606   2.1232889431657495e-09       2.1045919762829826       2.1045919762829826       1397.7266572731503                                                  1386.964800473007                                              10.761856800143322
                       5       699.67582983238481     0.022392066129042241      0.11813922113599948       68.528241605081249       3.0476264914724256       0.9640002181320394     0.056805356829385457     0.022611137216881932    2.106528640256002e-09       2.1045919762829826       2.1045919762829826       1395.1424757122036                                                 1384.1418056508132                                              11.000670061390366
                       1       700.00782308585815     0.022139267295450404      0.11718108671756582       68.728640938021087        3.026971816162134      0.97751872352517299     0.051115088501753961     0.016608657878253309   2.0634652364208172e-09       2.1045919762829826       2.1045919762829826       1395.8064622191503                                                 1385.3655905862829                                               10.44087163286744
                       2       701.39872507424616     0.022139267295450404      0.11718108671756582       68.728640938021087        3.026620773882398      0.97590072174426656     0.051115088501753961     0.016608657878253309   2.0627410000063066e-09       2.1045919762829826       2.1045919762829826       1398.5882661959263                                                 1388.1473945630589                                               10.44087163286744
                       1       700.84607233967802     0.022139267295450404      0.11718108671756582       68.728640938021087       3.0317141296716592      0.97112704506402747     0.051115088501753961     0.016608657878253309   2.0732740753997184e-09       2.1045919762829826       2.1045919762829826         1397.48296072679                                                 1387.0420890939226                                               10.44087163286744
                       4        701.3378762370113     0.022129005623180285      0.11713294064127164       68.820731564228055       3.0337785456370123      0.97167897553172433     0.052462876340267833    0.0071575027915571771   2.0775585964967524e-09       2.1045919762829826       2.1045919762829826       1398.4665685214566                                                 1387.7461241776207                                              10.720444343835958
                       6       700.22751709448619     0.022129005623180285      0.11713294064127164       68.820731564228055       3.0469049549724208      0.96392949993182253     0.052462876340267833    0.0071575027915571771   2.1050092511670126e-09       2.1045919762829826       2.1045919762829826       1396.2458502364063                                                 1385.5254058925705                                              10.720444343835958
                       1       699.79350598712438     0.022129005623180285      0.11713294064127164       68.820731564228055       3.0450795757818812      0.96595145012834283     0.052462876340267833    0.0071575027915571771   2.1011703159062557e-09       2.1045919762829826       2.1045919762829826       1395.3778280216827                                                 1384.6573836778468                                              10.720444343835958
                       2       699.71835060896183     0.022180307695430092      0.11801654963500716       68.458163383027937       3.0409726598944133      0.96121244582638798     0.048033799665836555     0.019561552322980805    2.092558681886064e-09       2.1045919762829826       2.1045919762829826       1395.2275172653576                                                 1384.5685590296391                                              10.658958235718423
                      14       700.47695606763466     0.022080597705419935      0.11785981431434522       68.153297375361433       3.0443589953721308      0.96486131743694914     0.051112414896150607     0.050274187324575434   2.0996567991098308e-09       2.1045919762829826       2.1045919762829826       1396.7447281827033                                                 1385.1061212766883                                              11.638606906015056
                       3       701.25175128442004     0.022080597705419935      0.11785981431434522       68.153297375361433       3.0266351197822732      0.97834924774951204     0.051112414896150607     0.050274187324575434   2.0627705920944232e-09       2.1045919762829826       2.1045919762829826        1398.294318616274                                                 1386.6557117102591                                              11.638606906015056
                       6       702.22504726958687     0.021964901494538249      0.11754138859085933       68.246361701070313       3.0223904630769196      0.98402418585691009     0.051009197240901138     0.043360277509047786   2.0540333953876265e-09       2.1045919762829826       2.1045919762829826       1400.2409105866077                                                 1389.5581205585163                                              10.682790028091398
                       2       702.24709906106443     0.021963777176675085      0.11754655715572467        68.24505771339237       3.0223204703857141      0.98406087075343507     0.050978337292557505     0.043320765577120078   2.0538896330936704e-09       2.1045919762829826       2.1045919762829826       1400.2850141695628                                                 1389.5986818755246                                              10.686332294038335
                       2       701.37542302602287     0.022101017658826147      0.11734939516096241       68.448718771131723       3.0276803858366326      0.98017685456788639     0.052294508528427923      0.04808307908546329   2.0649278634371061e-09       2.1045919762829826       2.1045919762829826       1398.5416620994797                                                 1388.1971092887993                                              10.344552810680485
                       4       700.02612994184017     0.022101017658826147      0.11734939516096241       68.448718771131723       3.0392095941486952      0.97084938296562906     0.052294508528427923      0.04808307908546329   2.0888726136982194e-09       2.1045919762829826       2.1045919762829826       1395.8430759311143                                                 1385.4985231204339                                              10.344552810680485
                       2       700.09887566111627     0.022101017658826147      0.11734939516096241       68.448718771131723       3.0416324034124766      0.97016915499296719     0.052294508528427923      0.04808307908546329   2.0939396894178977e-09       2.1045919762829826       2.1045919762829826       1395.9885673696665                                                 1385.6440145589861                                              10.344552810680485
                       9         702.581582949976     0.022085267174750681      0.11697073225671475       68.526784548216042       3.0510924450936452      0.97264792764167418     0.057897443660092821     0.065507261850092424   2.1138424381454213e-09       2.1045919762829826       2.1045919762829826        1400.953981947386                                                 1390.6353701548207                                              10.318611792565095
                       8       702.34327282181221     0.022085267174750681      0.11697073225671475       68.526784548216042       3.0435785473855992      0.97968145565454468     0.057897443660092821     0.065507261850092424    2.098018765471729e-09       2.1045919762829826       2.1045919762829826       1400.4773616910584                                                 1390.1587498984932                                              10.318611792565095
                       4        702.0489185654385      0.02225836562488142      0.11568033892823629        68.79653514006533         3.03294531887106      0.97698549329219153     0.052343459867533533      0.08992519710084293   2.0758282400560782e-09       2.1045919762829826       2.1045919762829826        1399.888653178311                                                 1388.7506585766805                                              11.137994601630448
                       2       699.49736640377841     0.022265551287166199      0.11655220640651028       68.397685697332605       3.0378007559462348      0.97200960312713147     0.053286987865968721     0.083651295954456334   2.0859318022101697e-09       2.1045919762829826       2.1045919762829826       1394.7855488549908                                                 1384.3030589930347                                              10.482489861956038
                       3       703.69020382398776     0.022265551287166199      0.11655220640651028       68.397685697332605       3.0569904972700161      0.95141105107467205     0.053286987865968721     0.083651295954456334   2.1263468306688073e-09       2.1045919762829826       2.1045919762829826       1403.1712236954095                                                 1392.6887338334534                                              10.482489861956038
                       2        699.8116887480553     0.022265551287166199      0.11655220640651028       68.397685697332605       3.0358842759841411      0.97130714703311472     0.053286987865968721     0.083651295954456334   2.0819379839676633e-09       2.1045919762829826       2.1045919762829826       1395.4141935435446                                                 1384.9317036815885                                              10.482489861956038
                       3       699.28031141292649     0.022251818620380618      0.11712031268313644       68.896615173304355       3.0283381737087827      0.97070107798069338     0.049157710890915807   0.00074446024050850435   2.0662865947720449e-09       2.1045919762829826       2.1045919762829826        1394.351438873287                                                  1383.664700835993                                              10.686738037293964
                       8       698.56162520612565     0.022251818620380618      0.11712031268313644       68.896615173304355       3.0317146992029369       0.9694697643279282     0.049157710890915807   0.00074446024050850435   2.0732752561944878e-09       2.1045919762829826       2.1045919762829826       1392.9140664596853                                                 1382.2273284223913                                              10.686738037293964
                       9       699.29035147513355     0.022214751772789233      0.11692656409675171       68.714211908800735       3.0263055166693258      0.97187113421259241     0.046960161401280363     0.030955970704476771   2.0620908085215176e-09       2.1045919762829826       2.1045919762829826       1394.3715189977011                                                 1383.9901026242005                                              10.381416373500617
                       3       700.59138515648726     0.022062089467136385      0.11705106251075229       68.575105885864716       3.0547986340078523      0.97473944538333879     0.063531278161005483     0.013178695559588855   2.1216912732046085e-09       2.1045919762829826       2.1045919762829826       1396.9735863604085                                                 1386.6738523718411                                              10.299733988567347
                       4       700.64670898359554      0.02205110173694428      0.11706031991875292       68.572934431084917       3.0545650115850354      0.97517281164044645      0.06353719250162404     0.012643885011332368   2.1211956564447411e-09       2.1045919762829826       2.1045919762829826       1397.0842340146251                                                 1386.7829742943179                                              10.301259720307122
                       3       701.53383218452905      0.02205110173694428      0.11706031991875292       68.572934431084917       3.0538803145039193      0.97398967109442114      0.06353719250162404     0.012643885011332368   2.1197437770758014e-09       2.1045919762829826       2.1045919762829826       1398.8584804164921                                                 1388.5572206961849                                              10.301259720307122
                       2       701.84029322161609      0.02205110173694428      0.11706031991875292       68.572934431084917       3.0624192422920933      0.96592257520603697      0.06353719250162404     0.012643885011332368   2.1379216152912551e-09       2.1045919762829826       2.1045919762829826       1399.4714024906662                                                  1389.170142770359                                              10.301259720307122
                       3       703.39057285043259     0.021982397264091982      0.11695720989620344       68.567064252131175       3.0638979086547375      0.96866504268920095     0.065432595299830601    0.0087429471896198277   2.1410852264560391e-09       2.1045919762829826       2.1045919762829826       1402.5719617482991                                                 1392.2282864459278                                              10.343675302371308
                      14       703.43933514010666     0.021982397264091982      0.11695720989620344       68.567064252131175       3.0573415099419448      0.97439036669852019     0.065432595299830601    0.0087429471896198277   2.1270933363601012e-09       2.1045919762829826       2.1045919762829826       1402.6694863276473                                                 1392.3258110252759                                              10.343675302371308
                       5       703.35272242023223     0.021982397264091982      0.11695720989620344       68.567064252131175       3.0601940605926923      0.97913064641010705     0.065432595299830601    0.0087429471896198277   2.1331696402029141e-09       2.1045919762829826       2.1045919762829826       1402.4962608878984                                                  1392.152585585527                                              10.343675302371308
                       7       702.55432174679868     0.022023438849225755      0.11723680071309918        68.50969728050589       3.0622170443173276      0.97648640746999726     0.065385630587045593     0.007039177519713777    2.137489375570906e-09       2.1045919762829826       2.1045919762829826       1400.8994595410313                                                 1390.6066093590348                                              10.292850181996476
                       5       702.35662913972556     0.022029903929344979      0.11719299964237057       68.527701377382726       3.0609042279266965      0.97651657928962921     0.064712160815089848    0.0083631312627525899   2.1346850856455087e-09       2.1045919762829826       2.1045919762829826       1400.5040743268851                                                 1390.2160643041047                                              10.288010022780409
                       1       702.85419043347611     0.022023537265669108      0.11718689888367698       68.479090997622208       3.0624644526968767      0.97669600711874915     0.065546104560638155     0.013876560608855074   2.1380182737778459e-09       2.1045919762829826       2.1045919762829826       1401.4991969143862                                                 1391.1989162544528                                              10.300280659933318
                       2       701.51037516217332     0.022009542979777922       0.1180253757527546       68.252782380143699       3.0608841664923401      0.97480303756745534     0.063523728219321646    0.0071300056216066334   2.1346422612303527e-09       2.1045919762829826       2.1045919762829826       1398.8115663717806                                                 1387.6504899136435                                               11.16107645813708
                       2       701.58667921386984     0.022006133106306346      0.11807631594023565       68.237873783071606       3.0617025588046585      0.97453535607785635     0.063894208100227223    0.0042098393567063528   2.1363899510969237e-09       2.1045919762829826       2.1045919762829826       1398.9641744751736                                                 1387.6897755329451                                               11.27439894222857
                       3       701.97738534994846     0.022006133106306346      0.11807631594023565       68.237873783071606       3.0715611730699899      0.96319381817830363     0.063894208100227223    0.0042098393567063528   2.1575559578624862e-09       2.1045919762829826       2.1045919762829826       1399.7455867473309                                                 1388.4711878051023                                               11.27439894222857
                       3       702.07058477405758     0.022002775662659586      0.11809273542981728       68.207100586632407       3.0710970421215156      0.96317810782430346     0.063650259007107982    0.0059952205082438445   2.1565548017211245e-09       2.1045919762829826       2.1045919762829826       1399.9319855955491                                                 1388.4909208271538                                              11.441064768395247
                       5       702.62230970597489     0.022142429010521492      0.11777028006548605       68.356887003407564       3.0791063418204474       0.9578792265357754     0.066234770544619181    0.0077029594660278072   2.1738966507735568e-09       2.1045919762829826       2.1045919762829826       1401.0354354593837                                                 1390.0110961204628                                              11.024339338920928
                       2       703.63471313383093     0.022094862411717469      0.11807715307365818       68.043218123286664       3.0775596063669401      0.95861909067389561     0.065370484408830531     0.028320553635108027   2.1705368068162665e-09       2.1045919762829826       2.1045919762829826       1403.0602423150958                                                 1390.0387331347172                                              13.021509180378725
                       9       703.56871437419318     0.022094862411717469      0.11807715307365818       68.043218123286664       3.0767581409341669      0.95981915661643458     0.065370484408830531     0.028320553635108027   2.1687978935275693e-09       2.1045919762829826       2.1045919762829826       1402.9282447958203                                                 1389.9067356154417                                              13.021509180378725
                       3       703.14349042239564     0.022094862411717469      0.11807715307365818       68.043218123286664       3.0725240198503547      0.96465184703606688     0.065370484408830531     0.028320553635108027   2.1596343540979641e-09       2.1045919762829826       2.1045919762829826       1402.0777968922253                                                 1389.0562877118466                                              13.021509180378725
                       3       702.06942613085562     0.022351855659217445      0.11800172233372633       68.332137079412504       3.0786371338202239       0.9558218358886631     0.065105140399641534     0.031771888966526753   2.1728768803342883e-09       2.1045919762829826       2.1045919762829826       1399.9296683091452                                                 1387.9853976668699                                               11.94427064227531
                       1       702.01329435258447     0.022349564010006262      0.11800055948901794       68.333611648161948       3.0783830790034448      0.95594921244115605     0.065014719446668839      0.03168853123819567   2.1723249206135527e-09       2.1045919762829826       2.1045919762829826       1399.8174047526029                                                 1387.8963360530386                                              11.921068699564334
                       1       702.22655755035112     0.022379814127736975      0.11788820727243043       68.110241459392867       3.0661595743099888      0.95472678755673324     0.058300339328390044      0.06038358345796882   2.1459331254745655e-09       2.1045919762829826       2.1045919762829826       1400.2439311481362                                                 1386.4872054064035                                              13.756725741732604
                       1       701.37971038487262     0.022475808044680676      0.11849168345669744        68.31820230687525       3.0677574649023835      0.94946384588213462     0.057077465223545384     0.021279655474334379   2.1493648328439618e-09       2.1045919762829826       2.1045919762829826       1398.5502368171792                                                 1385.3335481269089                                               13.21668869027029
                       1       701.69484099696456     0.022475808044680676      0.11849168345669744        68.31820230687525       3.0691099622934388      0.94820129417335897     0.057077465223545384     0.021279655474334379   2.1522738099213263e-09       2.1045919762829826       2.1045919762829826       1399.1804980413631                                                 1385.9638093510928                                               13.21668869027029
                       6       700.43369713171876     0.022243773628287822      0.11875161788803464       68.136727147046315        3.063509653261034      0.95591108498307675      0.05710098566062994    0.0031462277594125898   2.1402540999236086e-09       2.1045919762829826       2.1045919762829826       1396.6582103108715                                                 1382.7637816394843                                              13.894428671387283
                       1       702.24662328553904     0.021909145819832016      0.11757989939004741       68.215519979862748       3.0427353889704536      0.97343862858946228     0.053316808705918206     0.012262801974300762   2.0962505488426079e-09       2.1045919762829826       2.1045919762829826       1400.2840626185121                                                 1389.4419879386921                                              10.842074679819932
                       3       702.74586326033887     0.021815866311800526      0.11796090750708731       68.083198738558721       3.0470379289207656      0.97713214272102422     0.056203989809257469     0.018493357890698722   2.1052891811697289e-09       2.1045919762829826       2.1045919762829826       1401.2825425681117                                                 1390.0115926902213                                              11.270949877890502
                      15       702.57475974694898     0.021815866311800526      0.11796090750708731       68.083198738558721       3.0442873361290217      0.97994253054690006     0.056203989809257469     0.018493357890698722   2.0995063446836072e-09       2.1045919762829826       2.1045919762829826       1400.9403355413319                                                 1389.6693856634415                                              11.270949877890502
                       3       701.83034559403018     0.021968478204877594       0.1178805761125124       68.097614613034565       3.0409236094555454      0.97276649008382177     0.052353854636058621     0.018347001934213465   2.0924560434816104e-09       2.1045919762829826       2.1045919762829826       1399.4515072354943                                                 1387.6181315028466                                              11.833375732647692
                       1       701.38888514810242     0.022058125405434566      0.11838548140295557       67.946124317497123       3.0432729118073958      0.96823431053723252     0.051343367824112279     0.031700080271369925   2.0973776342745055e-09       2.1045919762829826       2.1045919762829826       1398.5685863436388                                                 1384.6519438727762                                              13.916642470862547
                       2       700.64387104942784     0.022139981453417047      0.11830858872261686       68.076044406313756       3.0447494110145596      0.96538321635835622     0.051134596085255293     0.027821803204897046   2.1004766980081987e-09       2.1045919762829826       2.1045919762829826       1397.0785581462897                                                 1383.9473378617022                                               13.13122028458738
                       3       701.20694343906268     0.022139981453417047      0.11830858872261686       68.076044406313756       3.0521232519706887      0.95507199776529639     0.051134596085255293     0.027821803204897046   2.1160225248988171e-09       2.1045919762829826       2.1045919762829826       1398.2047029255593                                                 1385.0734826409719                                               13.13122028458738
                       4       701.35855601503226     0.022219434009799345       0.1184310959175849       68.128263049562207       3.0542386105634924      0.95067754183157149      0.05089719965268192     0.014544163703173412   2.1205034089968681e-09       2.1045919762829826       2.1045919762829826       1398.5079280774985                                                 1385.0740524774726                                              13.433875600025798
                       3       701.55137308020346     0.022219434009799345       0.1184310959175849       68.128263049562207       3.0547072418611227      0.95004570609048744      0.05089719965268192     0.014544163703173412   2.1214973761449224e-09       2.1045919762829826       2.1045919762829826       1398.8935622078409                                                  1385.459686607815                                              13.433875600025798
                       1       701.86299681914511     0.022297788420598309       0.1184355671629453       68.164762361290499       3.0551822337939574      0.94689472345037606     0.050012156806692375     0.016670031602020859   2.1225053096453111e-09       2.1045919762829826       2.1045919762829826       1399.5168096857242                                                 1385.9269863005979                                              13.589823385126341
                       2       700.66156134634161     0.022297788420598309       0.1184355671629453       68.164762361290499       3.0476082198557872      0.95700792438411797     0.050012156806692375     0.016670031602020859    2.106490150923882e-09       2.1045919762829826       2.1045919762829826       1397.1139387401172                                                  1383.524115354991                                              13.589823385126341
                       5       699.86302362812228      0.02233648012660551      0.11858481317291265       68.245386106918261       3.0500239528391493      0.95562215243025317     0.050550220510180564     0.010687952228383989   2.1115850201046539e-09       2.1045919762829826       2.1045919762829826       1395.5168633036785                                                 1382.3221197168139                                              13.194743586864705
                       5       700.75744171180838     0.022030256314463054      0.11881885653452187       68.093811152983491       3.0587960186217695       0.9686161799204871     0.059034816074271829     0.011824068130155333   2.1301894632064744e-09       2.1045919762829826       2.1045919762829826       1397.3056994710507                                                 1384.5689671916255                                              12.736732279425201
                       4       700.17650658384173     0.022030256314463054      0.11881885653452187       68.093811152983491       3.0576437160648156      0.96709549556307028     0.059034816074271829     0.011824068130155333   2.1277362541322175e-09       2.1045919762829826       2.1045919762829826       1396.1438292151174                                                 1383.4070969356922                                              12.736732279425201
                       1       700.26271890012038     0.022030256314463054      0.11881885653452187       68.093811152983491       3.0583213182710729      0.96645087970396304     0.059034816074271829     0.011824068130155333   2.1291785014921646e-09       2.1045919762829826       2.1045919762829826       1396.3162538476747                                                 1383.5795215682494                                              12.736732279425201
                       9       699.00276199326845     0.022111831762264507      0.11856541535098265        68.20599136286107       3.0565122230832849      0.96383276989279332     0.057395088210207793     0.013248012441670419   2.1253300970257697e-09       2.1045919762829826       2.1045919762829826       1393.7963400339709                                                 1381.6988153935879                                              12.097524640382987
                       6       699.58904385241408     0.022111831762264507      0.11856541535098265        68.20599136286107       3.0564538979668128      0.96189058883038137     0.057395088210207793     0.013248012441670419   2.1252061405152431e-09       2.1045919762829826       2.1045919762829826       1394.9689037522621                                                 1382.8713791118792                                              12.097524640382987
                       1       699.51288946847387     0.022131025692397346      0.11829879011151828       68.146641005483829       3.0570132742521459      0.96131842653648403     0.057690967778727398     0.027524733457503309   2.1263952629841401e-09       2.1045919762829826       2.1045919762829826       1394.8165949843817                                                 1382.4105529651008                                              12.406042019280985
                       2       699.05249811930878     0.022170819504020028      0.11833994357039856       68.199900100120345       3.0547049680882608      0.95975835025934864     0.055941980191598656     0.023317484264623895   2.1214925523472456e-09       2.1045919762829826       2.1045919762829826       1393.8958122860515                                                 1381.6416648758291                                              12.254147410222437
                      13       700.06688952850766     0.022086200756888066      0.11783538262808732       68.249952540970312       3.0502180435711077      0.96287345121787005     0.055663084411088519    0.0098741331587230835   2.1119948989623555e-09       2.1045919762829826       2.1045919762829826       1395.9245951044493                                                  1384.510698856431                                              11.413896248018348
                       1       702.20528565857671     0.022086200756888066      0.11783538262808732       68.249952540970312       3.0596859248764772      0.95478470977013508     0.055663084411088519    0.0098741331587230835   2.1320859758675745e-09       2.1045919762829826       2.1045919762829826       1400.2013873645874                                                 1388.7874911165691                                              11.413896248018348
                      18        701.9164995583161     0.022086200756888066      0.11783538262808732       68.249952540970312       3.0577304473701989      0.96059225479297849     0.055663084411088519    0.0098741331587230835   2.1279208034780373e-09       2.1045919762829826       2.1045919762829826       1399.6238151640662                                                 1388.2099189160479                                              11.413896248018348
                       2         701.326019779847     0.022086200756888066      0.11783538262808732       68.249952540970312       3.0381128496578458      0.97242398846786637     0.055663084411088519    0.0098741331587230835   2.0865829100065285e-09       2.1045919762829826       2.1045919762829826        1398.442855607128                                                 1387.0289593591096                                              11.413896248018348
                       3       699.37885934307553     0.022086200756888066      0.11783538262808732       68.249952540970312       3.0433202856474844      0.97069858361883021     0.055663084411088519    0.0098741331587230835   2.0974769974607461e-09       2.1045919762829826       2.1045919762829826        1394.548534733585                                                 1383.1346384855667                                              11.413896248018348
                       6       698.77386551448751     0.022287298855758902      0.11820372974321876       68.441150871904199       3.0606142679473427      0.96424368292115936     0.061159903044635776     0.021888844113808439   2.1340662021322097e-09       2.1045919762829826       2.1045919762829826        1393.338547076409                                                 1382.2388751805559                                              11.099671895853179
                       3       698.62676110284121     0.022270154573240351      0.11830974855018937       68.447538825854267       3.0597917319091592      0.96453888027404111     0.060855166952341541     0.014062081107149713   2.1323115774930129e-09       2.1045919762829826       2.1045919762829826       1393.0443382531164                                                 1381.9475055471028                                              11.096832706013604
                       4       698.90579236861117     0.022280109863540797      0.11809693628636846       68.523179704313733       3.0643414378099418      0.96428270311905617     0.063378837375805103     0.010177950379230589   2.1420350708040092e-09       2.1045919762829826       2.1045919762829826       1393.6024007846563                                                 1382.8528991903731                                              10.749501594283206
                       5        698.6988053796465     0.022345617670284649      0.11718055578278228        68.78840696400782       3.0596504917817011      0.96423290215263591     0.061625523764776195     0.016409582446025067   2.1320104308015264e-09       2.1045919762829826       2.1045919762829826        1393.188426806727                                                 1382.8503530117982                                              10.338073794928695
                       2       698.17076980600984     0.022233510784820561      0.11760292543077526       68.571386309576468       3.0557832437779964      0.96733652637096978      0.06049327151662607     0.014545139168193024   2.1237813399426479e-09       2.1045919762829826       2.1045919762829826       1392.1323556594537                                                 1381.7243418778635                                               10.40801378159011
                       8       698.22964615109572     0.022233510784820561      0.11760292543077526       68.571386309576468       3.0590429678057531      0.96522771590994727      0.06049327151662607     0.014545139168193024    2.130715576715121e-09       2.1045919762829826       2.1045919762829826       1392.2501083496254                                                 1381.8420945680352                                               10.40801378159011
                       3       699.26754270628146     0.022288557364996124      0.11798656114687484       68.612333335666619       3.0665849665415874      0.96300354626320184     0.063011474470162504     0.012583912652764963   2.1468461829456814e-09       2.1045919762829826       2.1045919762829826       1394.3259014599969                                                 1383.8792822920288                                              10.446619167967976
                       2       699.71063387823563     0.022288557364996124      0.11798656114687484       68.612333335666619       3.0596031249026363      0.97026875652342182     0.063011474470162504     0.012583912652764963   2.1319094465129599e-09       2.1045919762829826       2.1045919762829826       1395.2120838039052                                                 1384.7654646359372                                              10.446619167967976
                       3       699.45578332052537     0.022313183720463783      0.11776679133784219       68.678786873887432       3.0586795819334647        0.969796007236293     0.062562020931764453     0.013448116220342544   2.1299414454393805e-09       2.1045919762829826       2.1045919762829826       1394.7023826884847                                                 1384.3660044558833                                              10.336378232601524
                       1       699.16313287473679     0.022095145409068311      0.11764962317562451       68.566209452810071       3.0427327766977834       0.9789105762598409     0.057780282142925105    0.0089392098073068429   2.0962450728717418e-09       2.1045919762829826       2.1045919762829826       1394.1170817969075                                                 1383.8242628168696                                              10.292818980038028
                       1       699.24616795718521     0.022239568721867463       0.1177285559644729       68.476638213731263       3.0323154093281937      0.97376491052921577     0.050191103824539944     0.035978690255922909   2.0745210677816827e-09       2.1045919762829826       2.1045919762829826       1394.2831519618044                                                  1383.688622632475                                              10.594529329329331
                       1       699.93247639933031     0.022239568721867463       0.1177285559644729       68.476638213731263       3.0280868448902356       0.9775188750853705     0.050191103824539944     0.035978690255922909    2.065767342657645e-09       2.1045919762829826       2.1045919762829826       1395.6557688460946                                                 1385.0612395167652                                              10.594529329329331
                       5       699.85806415492982     0.022295203235561199      0.11771771963991605       68.361346125766275       3.0319946821717996      0.97471189808299141     0.051214851260800262     0.051033845023832014   2.0738558192260746e-09       2.1045919762829826       2.1045919762829826       1395.5069443572936                                                 1384.3227539993541                                               11.18419035793948
                       2       700.62489541784737     0.022584800973265574       0.1181949566704325       68.733570772854847       3.0456714850875803      0.96221537724792661     0.053586896117746266     0.018341347065155847   2.1024143863212051e-09       2.1045919762829826       2.1045919762829826       1397.0406068831287                                                 1386.3080232552268                                              10.732583627901898
                       2       700.62687315314633     0.022584956530003482      0.11819487775988359       68.733326991644603       3.0456583456800832      0.96220955612189085     0.053577805076318194     0.018387596727817868   2.1023867620233391e-09       2.1045919762829826       2.1045919762829826       1397.0445623537266                                                 1386.3109156568917                                              10.733646696835004
                       2       700.33211973861808     0.022584956530003482      0.11819487775988359       68.733326991644603       3.0448436021637106      0.96110705666819995     0.053577805076318194     0.018387596727817868   2.1006745536401271e-09       2.1045919762829826       2.1045919762829826       1396.4550555246701                                                 1385.7214088278351                                              10.733646696835004
                       8       700.45783166426168     0.022497960873397293      0.11820711753101042       68.681645449578042        3.039710508833763      0.96526871354468891     0.052212639034360971      0.02291594488398729   2.0899192227747008e-09       2.1045919762829826       2.1045919762829826       1396.7064793759573                                                 1386.0433305640379                                               10.66314881191942
                       2       701.09179119139424     0.022512210773863384      0.11837950871794529       68.617765268317825       3.0375208656896371      0.96441523143758201     0.050587038749143026      0.02705909984985317   2.0853480519196238e-09       2.1045919762829826       2.1045919762829826       1397.9743984302224                                                 1386.9832455924811                                              10.991152837741387
                       1       700.76461167088883     0.022512210773863384      0.11837950871794529       68.617765268317825       3.0397574537165468      0.96288579628299242     0.050587038749143026      0.02705909984985317   2.0900173360905826e-09       2.1045919762829826       2.1045919762829826       1397.3200393892116                                                 1386.3288865514703                                              10.991152837741387
                       5       702.90736214543062     0.022702892961892887      0.11836533618609914       68.932914780553887       3.0551493650274137      0.95537620175931914      0.05590733920456456    0.0093846526839881823   2.1224355466603184e-09       2.1045919762829826       2.1045919762829826       1401.6055403382952                                                 1391.1534669340606                                              10.452073404234689
                       3       703.29571481780329     0.022702892961892887      0.11836533618609914       68.932914780553887       3.0533458557330899      0.95775245747848381      0.05590733920456456    0.0093846526839881823   2.1186111641166581e-09       2.1045919762829826       2.1045919762829826       1402.3822456830405                                                 1391.9301722788059                                              10.452073404234689
                       1       707.27078360610392     0.022898249890854219      0.11872733185294577       69.021479295966103       3.0588553082486944      0.94906136733723234     0.055390956009271727    0.0040598485168527746    2.130315765089186e-09       2.1045919762829826       2.1045919762829826       1410.3323832596418                                                 1399.6512709144354                                              10.681112345206364
                       6       706.48059327831299     0.022785498883735857      0.11945583338735202       68.507429287520793        3.054190372599638      0.95112530746803337     0.053099595510674724     0.026098407487500825   2.1204011226971331e-09       2.1045919762829826       2.1045919762829826         1408.75200260406                                                  1394.849026616668                                               13.90297598739201
                       6       705.43731695349732     0.022876309598296733      0.11839722118653115       68.815044265031574       3.0695693936590862      0.94884652483779197     0.061317300764560947     0.023929191751217414   2.1532628591997987e-09       2.1045919762829826       2.1045919762829826       1406.6654499544286                                                 1395.2938561383478                                              11.371593816080813
                       1       705.77853487798177     0.022876309598296733      0.11839722118653115       68.815044265031574       3.0668430361212913       0.9507901409274564     0.061317300764560947     0.023929191751217414   2.1474002901338325e-09       2.1045919762829826       2.1045919762829826       1407.3478858033975                                                 1395.9762919873167                                              11.371593816080813
                       2       706.68865787200514     0.022910681696497018       0.1182190112363861       68.801123783059026       3.0677405989939195      0.95004331583265889      0.06149851198796797      0.03752848595403066    2.149328582159137e-09       2.1045919762829826       2.1045919762829826       1409.1681317914442                                                 1397.7555777348077                                              11.412554056636599
                       6        707.4709035202136     0.022943623153680152      0.11845105772279349       68.776126988237323       3.0670107491566729       0.9482990594939934     0.060293301130625643     0.036636173046643773   2.1477604673570337e-09       2.1045919762829826       2.1045919762829826       1410.7326230878612                                                  1398.916917296978                                              11.815705790883188
                       2       706.03603112907444     0.022795330336099765      0.11855611329365143       68.890298468071975       3.0632633886015541      0.95520700716511975     0.060599988029475242     0.016885076809106975   2.1397270958703909e-09       2.1045919762829826       2.1045919762829826       1407.8628783055829                                                 1397.0854591517373                                              10.777419153845612
                       3       706.76659270125174       0.0228244259501773      0.11852007076918526       68.920446644587031       3.0632226193855976      0.95440033523522427     0.060237962097876643     0.019704662297888663   2.1396398626525582e-09       2.1045919762829826       2.1045919762829826       1409.3240014499374                                                 1398.6090331842256                                              10.714968265711819
                       5       706.32197434691318       0.0228244259501773      0.11852007076918526       68.920446644587031       3.0752583795398567      0.94140508175044013     0.060237962097876643     0.019704662297888663   2.1655476520773461e-09       2.1045919762829826       2.1045919762829826       1408.4347647412603                                                 1397.7197964755485                                              10.714968265711819
                      10       699.09652930682819     0.022450396190858406      0.11768357163614056       68.797420706385665       3.0423203355523989      0.95836620291091501     0.050180178239712964     0.021413647470385631   2.0953806734220827e-09       2.1045919762829826       2.1045919762829826       1393.9838746610903                                                 1383.6776683025446                                              10.306206358545808
                       5       699.04771826125273     0.022412991535092498      0.11763175116493797       68.866102549950199       3.0489403578399652      0.96008306433790513     0.054225245686841152     0.014191592312074997   2.1092981563773313e-09       2.1045919762829826       2.1045919762829826       1393.8862525699394                                                 1383.5618755001951                                              10.324377069744266
                       4       698.11641190856403     0.022376947798469559      0.11798590569781572       68.694445760987406       3.0447623017976841      0.95941289006228359     0.051940487821560292    0.0058981714152200326   2.1005037749722918e-09       2.1045919762829826       2.1045919762829826        1392.023639864562                                                 1381.5900215325123                                              10.433618332049706
                       2       697.86534285598793     0.022376947798469559      0.11798590569781572       68.694445760987406       3.0464863929092143      0.95978069605915495     0.051940487821560292    0.0058981714152200326   2.1041283585187582e-09       2.1045919762829826       2.1045919762829826       1391.5215017594098                                                 1381.0878834273601                                              10.433618332049706
                       1       697.82775700843592     0.022376947798469559      0.11798590569781572       68.694445760987406       3.0426445206992674      0.96259200008051915     0.051940487821560292    0.0058981714152200326   2.0960600748334144e-09       2.1045919762829826       2.1045919762829826       1391.4463300643058                                                 1381.0127117322561                                              10.433618332049706
                       2       698.60066241983952      0.02214160191962701       0.1184272660991684       68.217424147316791       3.0312006409600198      0.96977890113320031     0.048475847206693512     0.015202502093144957   2.0722097458498568e-09       2.1045919762829826       2.1045919762829826        1392.992140887113                                                 1380.9076415503841                                              12.084499336728873
                       1       699.65639702955286     0.022290069334325233      0.11847617461724314       68.214413932278688       3.0256813862115899      0.96372526876072084     0.043422490150907586     0.025242762545974139   2.0608041963899764e-09       2.1045919762829826       2.1045919762829826       1395.1036101065397                                                 1382.2023116760402                                               12.90129843049961
                       3       700.84449448242958     0.022251291113408296      0.11744801179677608       68.146454534750532       3.0223271040802717      0.96848037999206771      0.04367607349844959     0.073840762067963361   2.0539032580153436e-09       2.1045919762829826       2.1045919762829826       1397.4798050122931                                                 1385.3465633168748                                               12.13324169541826
                       4       699.97622121673498     0.022318565135543249       0.1172430447378196       68.120691397372653       3.0353137877665137       0.9654000779733467     0.049475302503250475     0.085183074574044407   2.0807506016040067e-09       2.1045919762829826       2.1045919762829826       1395.7432584809039                                                 1383.2315859195623                                              12.511672561341568
                       1       701.18912717025796     0.022205146039901064      0.11756733964080282       67.799426952766424       3.0367740315117628      0.96901711388836897     0.051075084379783274      0.10436656401869515    2.083791224140146e-09       2.1045919762829826       2.1045919762829826       1398.1690703879499                                                 1383.0495642199273                                              15.119506168022502
                       4       702.09940355559888     0.022401878084425311      0.11718210426043214       68.079482368012904       3.0422907372219918      0.96408590237563119     0.051836470122242899      0.12238477991404699   2.0953186545704142e-09       2.1045919762829826       2.1045919762829826       1399.9896231586317                                                 1387.0898717679249                                              12.899751390706731
                       1       702.30630824328102     0.022467240163282148      0.11738234175412804       68.144611813342308       3.0485513118982603      0.96103366610423901      0.05382289506729894      0.11511016905517493   2.1084777020972997e-09       2.1045919762829826       2.1045919762829826        1400.403432533996                                                 1387.5020680206869                                              12.901364513308986
                       6       697.69877840672211     0.022286988630759185      0.11788570708610036       68.576029036570262       3.0405133139962408      0.96641770400387939     0.052202965641622898     0.016036004152714819   2.0915976943685889e-09       2.1045919762829826       2.1045919762829826       1391.1883728608782                                                 1380.6754096116433                                              10.512963249234874
                       5       698.05737492090657     0.022401065574341066      0.11785475396744123       68.698873270174275       3.0427370848957467      0.96230248372900551     0.051824979714407624     0.015991616893199959   2.0962541039299493e-09       2.1045919762829826       2.1045919762829826       1391.9055658892471                                                 1381.4960118560675                                              10.409554033179472
                      12       698.43459306710497     0.022401065574341066      0.11785475396744123       68.698873270174275       3.0446827591219665      0.96248039566432242     0.051824979714407624     0.015991616893199959   2.1003367019264821e-09       2.1045919762829826       2.1045919762829826       1392.6600021816439                                                 1382.2504481484643                                              10.409554033179472
                       1       699.57834247145422     0.022512840721408339      0.11758283744739602       68.846228783866195       3.0405730597779455      0.95898006383554102     0.048647829682343859     0.018439267092087781   2.0917226622409648e-09       2.1045919762829826       2.1045919762829826       1394.9475009903424                                                 1384.6236469243563                                              10.323854065986007
                       2       701.89439948492156     0.022236228408359312      0.11738540268813093        68.44901931331016       3.0158555759259329      0.97076079106994861     0.040102377028326162      0.04712465595267621   2.0406542820549222e-09       2.1045919762829826       2.1045919762829826       1399.5796150172771                                                 1389.0168188309544                                              10.562796186322579
                       2       705.44406606500638     0.022317366300068996      0.11713623688116884       68.779513339458703       3.0051648766448542      0.96965527619345648     0.034253317050958222     0.033223616509388446   2.0189544605958864e-09       2.1045919762829826       2.1045919762829826       1406.6789481774467                                                 1396.3198406633346                                              10.359107514112173
                       1       705.35981727514218     0.022317366300068996      0.11713623688116884       68.779513339458703       3.0039997844309556      0.97055659598402699     0.034253317050958222     0.033223616509388446   2.0166035622462453e-09       2.1045919762829826       2.1045919762829826       1406.5104505977183                                                 1396.1513430836062                                              10.359107514112173
                       4       705.19130185571441     0.022367474989352147      0.11722010548655613       68.830420982933461       3.0086244825295769      0.96885792855226271      0.03579489178560636     0.035005696933185497   2.0259513435787901e-09       2.1045919762829826       2.1045919762829826       1406.1734197588628                                                 1395.7900836782626                                               10.38333608060019
                       2       703.85347630185993     0.022167686482717497      0.11719335077462811       68.682039992671193       3.0032048064357642      0.97541207788366935     0.035859629998414307     0.019705669408898428   2.0150010438570607e-09       2.1045919762829826       2.1045919762829826       1403.4977686511538                                                  1393.167546657505                                              10.330221993648895
                       3       703.55695791174867     0.022167686482717497      0.11719335077462811       68.682039992671193       3.0006454733968515       0.9756988042695719     0.035859629998414307     0.019705669408898428   2.0098505788011404e-09       2.1045919762829826       2.1045919762829826       1402.9047318709313                                                 1392.5745098772825                                              10.330221993648895
                       1       702.87088769396166     0.022118971661638797      0.11749257438097038       68.153487675509936       3.0075069922229698      0.97546814171684493      0.03900641321014002      0.06006633539151357   2.0236886271080148e-09       2.1045919762829826       2.1045919762829826       1401.5325914353573                                                 1389.9572483626405                                              11.575343072716807
                       4       702.15502515045273     0.022136224977457389      0.11699529581501429       68.266404350065699       3.0109786646428183      0.97644384799244655     0.041332294155289252     0.070712724721517975   2.0307264204891076e-09       2.1045919762829826       2.1045919762829826       1400.1008663483394                                                 1389.3215750919744                                              10.779291256364962
                       4       702.94797777190888      0.02226058378704826      0.11732279944439084       67.797791421800483       3.0235578352057799       0.9692153617293594     0.044831222812427143      0.11938967147998458   2.0564326168448169e-09       2.1045919762829826       2.1045919762829826       1401.6867715912517                                                  1386.505344883368                                              15.181426707883793
                      11       702.77453682255737     0.022269430425933403      0.11727561766295859       67.839278449389496       3.0234951981817839      0.96915058152813738       0.0447842714904889      0.11831489933647663   2.0563038120596659e-09       2.1045919762829826       2.1045919762829826       1401.3398896925487                                                 1386.6345968038738                                              14.705292888674819
                      17       702.58212536179815     0.022284603533701135      0.11724573810758099       67.884264914001747       3.0233855170585988      0.96866563245795023     0.044597455669109408      0.11537291773930525   2.0560782867161118e-09       2.1045919762829826       2.1045919762829826       1400.9550667710303                                                  1386.649517281631                                              14.305549489399224
                       1       703.39375490296754     0.022284603533701135      0.11724573810758099       67.884264914001747       3.0274980471411697      0.96772597653518877     0.044597455669109408      0.11537291773930525    2.064551381508917e-09       2.1045919762829826       2.1045919762829826       1402.5783258533691                                                 1388.2727763639698                                              14.305549489399224
                       7       703.42681890375241      0.02243823577726866      0.11705477636272531       68.230592609097442       3.0273114102708627      0.96297724056567624      0.04290190397011031      0.10071819775637866   2.0641660960558386e-09       2.1045919762829826       2.1045919762829826       1402.6444538549388                                                 1390.6470963171205                                              11.997357537818354
                       1       703.50613166431231     0.022438013887779402      0.11703630418529659       68.238251641801142       3.0268104873853203      0.96308381460042236     0.042687747871421371      0.10076607426410539    2.063132366949662e-09       2.1045919762829826       2.1045919762829826       1402.8030793760586                                                  1390.876033235915                                              11.927046140143545
                       2       703.56325367896534     0.022438013887779402      0.11703630418529659       68.238251641801142        3.022542573638443      0.96078274959465204     0.042687747871421371      0.10076607426410539   2.0543458593247168e-09       2.1045919762829826       2.1045919762829826       1402.9173234053646                                                  1390.990277265221                                              11.927046140143545
                       1       702.50844299563335     0.022315979773128814      0.11597299393657938       68.375239851277115       3.0255403793869422       0.9683930153162249     0.047646983308683194      0.11267488923558822   2.0605136294204675e-09       2.1045919762829826       2.1045919762829826       1400.8077020387007                                                 1390.3665769349666                                               10.44112510373399
                       8        701.7720133780133     0.022350510929583883      0.11613342132883685       68.618324747612419       3.0330749784876283      0.96785091524530142        0.051008943918325     0.094017599626968887   2.0760974085995135e-09       2.1045919762829826       2.1045919762829826       1399.3348428034606                                                 1389.0303435811402                                              10.304499222320416
                       5        701.0040384701573     0.022300828854758398      0.11648563234224039       68.508544054489505       3.0310230296709384      0.96810973108465093     0.050077795202554079      0.08129078610750326   2.0718417306884407e-09       2.1045919762829826       2.1045919762829826       1397.7988929877486                                                 1387.4815717873664                                              10.317321200382027
                       5       699.96273992703175     0.022300828854758398      0.11648563234224039       68.508544054489505       3.0376923985067439      0.96431186151275294     0.050077795202554079      0.08129078610750326    2.085705788226499e-09       2.1045919762829826       2.1045919762829826       1395.7162959014975                                                 1385.3989747011153                                              10.317321200382027
                       4       701.87918535161566     0.022363143446626637       0.1177540592073755       68.341869083543216       3.0264704359830419      0.95889989538353659     0.041537946434358194     0.061250596691361042   2.0624309151667856e-09       2.1045919762829826       2.1045919762829826       1399.5491867506653                                                 1388.0405023093124                                              11.508684441352838
                       5       701.90700376054076     0.022344463621875917      0.11784153451940264       68.368542674989499       3.0245635245254365      0.95953600490427959     0.040761624420770519     0.053472406265313369   2.0585017894621736e-09       2.1045919762829826       2.1045919762829826       1399.6048235685155                                                 1388.2453150565095                                              11.359508512006014
                       8       702.90918217929539     0.022344463621875917      0.11784153451940264       68.368542674989499       3.0222532219376816      0.95936719933090087     0.040761624420770519     0.053472406265313369   2.0537515168475187e-09       2.1045919762829826       2.1045919762829826       1401.6091804060247                                                 1390.2496718940188                                              11.359508512006014
                       1       703.17696685424175     0.022251226992590255      0.11841323785447175       68.566860804396043       3.0396605216680364      0.96297699425917638     0.050372214610861582     0.018264920133514148   2.0898147562471713e-09       2.1045919762829826       2.1045919762829826       1402.1447497559175                                                 1391.6062294160336                                              10.538520339883831
                       3       703.18982884267052      0.02225182745211261      0.11854703768824677       68.532553379714514       3.0436561315641795       0.9623772129207897     0.052149763753110485      0.01660957873500157    2.098181544848765e-09       2.1045919762829826       2.1045919762829826        1402.170473732775                                                 1391.4795812360298                                              10.690892496745093
                       5       703.16250199840113     0.022375972616635074      0.11787426440958715       68.329042306240979       3.0480831662886745      0.95857681517037507     0.053249930396745963     0.074496956257015301   2.1074908585294179e-09       2.1045919762829826       2.1045919762829826       1402.1158200442362                                                 1390.5457574628201                                              11.570062581416064
                       1       703.81887360620203        0.022358115969195      0.11690483570752851       68.732200418321142        3.053038494157601      0.96304979908185606     0.057845681330407482      0.07179255072822005   2.1179600845149585e-09       2.1045919762829826       2.1045919762829826        1403.428563259838                                                    1393.0864167927                                              10.342146467137976
                       1       703.99424754846962     0.022363645525685445      0.11680846759111618       68.721875973866247       3.0522547240581219      0.96312974390926553     0.057492588232179037     0.077529378917895284    2.116300741085652e-09       2.1045919762829826       2.1045919762829826       1403.7793111443732                                                 1393.4377334193366                                              10.341577725036604
                       1       702.65997522625059     0.022363645525685445      0.11680846759111618       68.721875973866247       3.0483096205788782      0.97076883644555634     0.057492588232179037     0.077529378917895284   2.1079681629176705e-09       2.1045919762829826       2.1045919762829826       1401.1107664999352                                                 1390.7691887748986                                              10.341577725036604
                       2        704.4605112813116     0.022069650672354051      0.11686210482396743       68.389107643436247       3.0401008509035363      0.98242513908811713     0.057252771529214465     0.090446422672071813   2.0907351654077856e-09       2.1045919762829826       2.1045919762829826       1404.7118386100572                                                 1394.3869759259367                                              10.324862684120419
                       1       704.62226729765359     0.022069650672354051      0.11686210482396743       68.389107643436247       3.0386800959980271      0.98356736394190192     0.057252771529214465     0.090446422672071813   2.0877668522874314e-09       2.1045919762829826       2.1045919762829826       1405.0353506427412                                                 1394.7104879586207                                              10.324862684120419
                       1       704.37185422158097     0.022069650672354051      0.11686210482396743       68.389107643436247       3.0462094504883184      0.97649669819104901     0.057252771529214465     0.090446422672071813   2.1035457168001021e-09       2.1045919762829826       2.1045919762829826       1404.5345244905959                                                 1394.2096618064754                                              10.324862684120419
                       6       703.77922322608219     0.022471835223911215       0.1173366146678627       68.541070726910178       3.0851114211227122      0.95607039295382201      0.07038271698720297     0.067874737671498916    2.186990347552537e-09       2.1045919762829826       2.1045919762829826       1403.3492624995984                                                 1392.6594749123956                                              10.689787587202787
                       2       701.26552890031007     0.022240529086879995      0.11711446860686568       68.585573948725653       3.0700249269285447      0.96657369234885615     0.066564977988817872     0.052264017001939694    2.154243965516372e-09       2.1045919762829826       2.1045919762829826       1398.3218738480541                                                 1388.0385162802618                                              10.283357567792267
                       1       698.53062562348748     0.022365342148153333       0.1172937018144187       68.777671794707075       3.0619431178350447      0.95927090721418229     0.060570763101574859    0.0092502758665235912   2.1369039408120417e-09       2.1045919762829826       2.1045919762829826       1392.8520672944089                                                 1382.5234757879628                                              10.328591506446164
                       2       699.26657123015241     0.022365342148153333       0.1172937018144187       68.777671794707075         3.05469874466085      0.96386944342687886     0.060570763101574859    0.0092502758665235912   2.1214793494334274e-09       2.1045919762829826       2.1045919762829826       1394.3239585077388                                                 1383.9953670012926                                              10.328591506446164
                       2       699.46891282105753     0.022365342148153333       0.1172937018144187       68.777671794707075       3.0563435389944886      0.96174846207643505     0.060570763101574859    0.0092502758665235912   2.1249716178906751e-09       2.1045919762829826       2.1045919762829826        1394.728641689549                                                 1384.4000501831028                                              10.328591506446164
                       2       699.45770823920873     0.022365342148153333       0.1172937018144187       68.777671794707075       3.0517232987201517      0.96721925717475099     0.060570763101574859    0.0092502758665235912   2.1151763840314485e-09       2.1045919762829826       2.1045919762829826       1394.7062325258514                                                 1384.3776410194052                                              10.328591506446164
                       8       699.63553077677591     0.022377418287389598       0.1173358313898252       68.739963505591589       3.0541485351940492      0.96653482902387067     0.061513046713205184     0.013441938671036657   2.1203124124710675e-09       2.1045919762829826       2.1045919762829826       1395.0618776009858                                                 1384.7290122987326                                              10.332865302253179
                      34       698.67770961618896     0.022377418287389598       0.1173358313898252       68.739963505591589       3.0624438806592877      0.96035298447194428     0.061513046713205184     0.013441938671036657   2.1379742908379626e-09       2.1045919762829826       2.1045919762829826       1393.1462352798119                                                 1382.8133699775588                                              10.332865302253179
                       2       698.35419767732935      0.02228291517464575      0.11818215104079718        68.27626262802039       3.0546847516510649      0.96244650584153801     0.057301261693376779     0.036537605178707744   2.1214496637598284e-09       2.1045919762829826       2.1045919762829826       1392.4992114020927                                                 1380.4758009424247                                              12.023410459668012
                       2       698.53005911255127     0.022409097394352762      0.11826712784524152       68.362636656647709       3.0552314956833961      0.95734543301019315      0.05569114989610837     0.035263029801268692   2.1226098708426278e-09       2.1045919762829826       2.1045919762829826       1392.8509342725365                                                 1380.7753227614796                                              12.075611511056835
                       9       698.50423839888526      0.02240665660790735      0.11830426939866755       68.353066304812344       3.0552736818524902      0.95726390783032955     0.055684340957705122     0.034025322822672614   2.1226994175103622e-09       2.1045919762829826       2.1045919762829826       1392.7992928452045                                                 1380.6280931214596                                              12.171199723744754
                       6       698.45377928156711     0.022420654352591676      0.11874108992116869       68.354232139615192       3.0567504023884133      0.95510625383405734     0.055603960206478668      0.01424360604267743   2.1258363669605653e-09       2.1045919762829826       2.1045919762829826       1392.6983746105682                                                 1379.9841902471485                                              12.714184363419605
                       6       698.80386521766627     0.022556519758480598      0.11825936912235416       68.576069357426306       3.0561464106458356      0.95066740024001606     0.054207024008019106     0.012588975736727025   2.1245527670297514e-09       2.1045919762829826       2.1045919762829826       1393.3985464827665                                                 1381.8606642427408                                              11.537882240025706
                       8       699.52530936480582     0.022591677848316487      0.11804648921037908       68.531985942210468       3.0554058971083293      0.95018507871187274     0.053568480618836289     0.033151278805603437    2.122980089311056e-09       2.1045919762829826       2.1045919762829826       1394.8414347770456                                                  1383.138039826795                                              11.703394950250724
                       5       699.77302618351337     0.022521922171663666      0.11718935748568894       68.460618545735315       3.0569954595322151      0.95509636578189083     0.056520337981225161     0.067798092040909114   2.1263573821854869e-09       2.1045919762829826       2.1045919762829826       1395.3368684144607                                                 1384.1167834731257                                              11.220084941334919
                       9       702.62601999867957     0.022521922171663666      0.11718935748568894       68.460618545735315       3.0430936623594991      0.96383953143255374     0.056520337981225161     0.067798092040909114   2.0970017141842717e-09       2.1045919762829826       2.1045919762829826       1401.0428560447931                                                 1389.8227711034581                                              11.220084941334919
                       1        702.5892608503209      0.02251963710439327       0.1171767445365495       68.468063835233778       3.0427952819013822       0.9639820262950437     0.056429902767413588     0.067200876597317938   2.0963761031918106e-09       2.1045919762829826       2.1045919762829826       1400.9693377480758                                                 1389.7985412348203                                              11.170796513255532
                       2        705.6304883363382     0.022809975525398051      0.11670100304648424       68.828007417169957       3.0472969204000346      0.95419554039678556     0.055485726022658784      0.07177845063995475   2.1058345037429511e-09       2.1045919762829826       2.1045919762829826       1407.0517927201104                                                 1396.5515788491762                                              10.500213870934171
                       1       705.94672414870877     0.022803519305663125      0.11678727866510927       68.802634945249125       3.0503765246824663      0.95326029487104824     0.056968435540841675      0.06188643205350175   2.1123296367852373e-09       2.1045919762829826       2.1045919762829826       1407.6842643448515                                                 1397.0611640924367                                              10.623100252414883
                       1       705.90940657625299     0.022806026482135467      0.11686758557706579       68.775958446400438       3.0486723603437467      0.95287718705260538      0.05592775139958292     0.061213762815467053   2.1087329454935772e-09       2.1045919762829826       2.1045919762829826       1407.6096291999399                                                  1396.883365862461                                               10.72626333747897
                       2       707.89940922182586     0.022635809219317564      0.11525771043547089       68.383513337640025       3.0328624108198068      0.96314974515097551     0.052268338879120378      0.14472657348610629   2.0756561443161184e-09       2.1045919762829826       2.1045919762829826       1411.5896344910857                                                 1400.6458516576306                                              10.943782833455108
                       1       706.82327418679097     0.022552503023806576      0.11554065534114032       68.291207696763337       3.0343000531123283       0.9654950366843793     0.053722360408968786      0.13649696393580746   2.0786423414012045e-09       2.1045919762829826       2.1045919762829826       1409.4373644210159                                                 1398.1866168930671                                               11.25074752794883
                       2       711.16132287997129     0.022513566949219736      0.11592078824669118       68.419434390182232       3.0242330997007474      0.96436121405609132     0.048798960977170396     0.080609041005469284   2.0578217217310864e-09       2.1045919762829826       2.1045919762829826       1418.1134618073766                                                 1407.0695057600935                                              11.043956047283007
                       4       707.54778504440583     0.022771075124156905      0.11724115137436879       68.842162577853358       3.0186811515572476      0.95362770799126739     0.040867827849479808     0.029217550085633516   2.0464284589112497e-09       2.1045919762829826       2.1045919762829826       1410.8863861362456                                                 1400.1977122332978                                              10.688673902947786
                       1       708.16535186126509     0.022484268371753716      0.11693429609323033       68.720494535300375       3.0060903010401638      0.96480110566232025     0.039030693925873557     0.015322769789827563   2.0208237151001966e-09       2.1045919762829826       2.1045919762829826       1412.1215197699642                                                 1401.6228411198742                                              10.498678650089936
                       1        709.2814815247142     0.022466636329498697       0.1168822492998523       68.611086131414254       3.0018928998823347      0.96567482452450737      0.03712433487719214     0.028925420037510148   2.0123592840323648e-09       2.1045919762829826       2.1045919762829826       1414.3537790968624                                                 1403.6992981660244                                              10.654480930838057
                       1       708.73786635856356     0.022439190746403097      0.11693817278054819       68.629393175003841       2.9998878393443431      0.96701283511133018     0.036467874164306538     0.025494111682854228   2.0083284242530573e-09       2.1045919762829826       2.1045919762829826       1413.2665487645611                                                  1402.706193075122                                              10.560355689439058
                       1         708.593544340893     0.022439190746403097      0.11693817278054819       68.629393175003841       2.9978665640929432      0.97072018981167907     0.036467874164306538     0.025494111682854228   2.0042731395164427e-09       2.1045919762829826       2.1045919762829826         1412.97790472922                                                 1402.4175490397809                                              10.560355689439058
                       3       708.64339345565588     0.022431553677569781      0.11774098846641992       68.451906140130575       2.9978378778531147      0.96803682726519569     0.035227542655001359    0.0080753829792385157   2.0042156452811317e-09       2.1045919762829826       2.1045919762829826       1413.0776029587457                                                     1401.378901696                                              11.698701262745839
                       1       708.54183102101558     0.022433246863468193      0.11775064458093867       68.454713888087554       2.9979875947710637      0.96797029202623319      0.03526815357110645    0.0078280753832395116    2.004515732733972e-09       2.1045919762829826       2.1045919762829826       1412.8744780894651                                                 1401.1814046679024                                              11.693073421562676
                       2       705.74159700192081      0.02245597260866658      0.11650685641040069         68.6158751383621       3.0166886556749177      0.97079058360081161     0.046299235144335593     0.046976949320990787   2.0423550181380132e-09       2.1045919762829826       2.1045919762829826       1407.2740100512756                                                 1396.7894333824345                                              10.484576668841196
                       7       703.96450571467687      0.02245597260866658      0.11650685641040069         68.6158751383621       3.0224288547099198      0.96681860491805127     0.046299235144335593     0.046976949320990787   2.0541122545976696e-09       2.1045919762829826       2.1045919762829826       1403.7198274767877                                                 1393.2352508079466                                              10.484576668841196
                       1       703.73802694773951      0.02245597260866658      0.11650685641040069         68.6158751383621       3.0238405176922991      0.96460904621916077     0.046299235144335593     0.046976949320990787   2.0570140165021847e-09       2.1045919762829826       2.1045919762829826        1403.266869942913                                                 1392.7822932740719                                              10.484576668841196
                       1        702.0102350635276     0.022525869434202726      0.11725410656708882        68.63320141188116       3.0430679793978199      0.95901227485072371     0.053925689219769042     0.019911382274971301   2.0969478576612054e-09       2.1045919762829826       2.1045919762829826       1399.8112861744892                                                 1388.9663754606697                                              10.844910713819511
                       1        701.7339426204677     0.022525869434202726      0.11725410656708882        68.63320141188116       3.0560449147876092       0.9493133261704696     0.053925689219769042     0.019911382274971301   2.1243371446658878e-09       2.1045919762829826       2.1045919762829826       1399.2587012883694                                                 1388.4137905745499                                              10.844910713819511
                       1        702.0874695579123     0.022524186964969824      0.11717189584079482       68.641295828346642       3.0565440584791599      0.94947305398255122     0.054324372332725766     0.020660390576614101    2.125397758827788e-09       2.1045919762829826       2.1045919762829826       1399.9657551632586                                                  1389.172726567662                                              10.793028595596631
                       1       701.88687843000196     0.022524186964969824      0.11717189584079482       68.641295828346642       3.0549358480954152      0.94937160905882723     0.054324372332725766     0.020660390576614101   2.1219824191109547e-09       2.1045919762829826       2.1045919762829826       1399.5645729074379                                                 1388.7715443118414                                              10.793028595596631
                       2       701.92943586405988     0.022524186964969824      0.11717189584079482       68.641295828346642       3.0552400771120736      0.94906374344664901     0.054324372332725766     0.020660390576614101   2.1226280859460003e-09       2.1045919762829826       2.1045919762829826       1399.6496877755537                                                 1388.8566591799572                                              10.793028595596631
                       5       701.58102547271039     0.022304689820706616       0.1163361531032673       68.418012150633643       3.0496909797118188      0.96075501453799694     0.055704666447173541     0.067727002288662172   2.1108820360807749e-09       2.1045919762829826       2.1045919762829826       1398.9528669928548                                                 1388.3861372366644                                              10.566729756190366
                       5       701.35967997031901     0.022293161365920619      0.11636988371143325       68.421518437898087       3.0491999071975946      0.96122614208435675     0.055585928861747666     0.065870592349525026   2.1098456944123664e-09       2.1045919762829826       2.1045919762829826        1398.510175988072                                                 1387.9659541977862                                              10.544221790285684
                       1       700.82235822527866      0.02243996770107624       0.1170329880715036       68.391698290514711       3.0641379586281889      0.95358135447178827     0.059989671611415316      0.06217791897635791   2.1415992556016802e-09       2.1045919762829826       2.1045919762829826       1397.4355324979913                                                 1386.1311663588228                                               11.30436613916849
                       4       700.80048293019524      0.02243996770107624       0.1170329880715036       68.391698290514711       3.0558445711161197      0.96343156466174118     0.059989671611415316      0.06217791897635791   2.1239115897928804e-09       2.1045919762829826       2.1045919762829826       1397.3917819078245                                                  1386.087415768656                                               11.30436613916849
                      20       700.85208327041778     0.022507587895363512      0.11758109946156238       68.774563063731179       3.0699381317451806      0.95958626506549849     0.065768163329499307    0.0054540108871868262    2.154056995630534e-09       2.1045919762829826       2.1045919762829826       1397.4949825882695                                                 1387.0257677499264                                              10.469214838343065
                       1       700.74875830202132     0.022621629037707428      0.11792602528908169       68.865898290784756       3.0689000318086728      0.95518633208587278      0.06319594684158987    0.0017290542405099937   2.1518220294599651e-09       2.1045919762829826       2.1045919762829826       1397.2883326514766                                                 1386.7994372232022                                               10.48889542827445
                       8        700.8193617141801     0.022621629037707428      0.11792602528908169       68.865898290784756       3.0681964996621116      0.95589285441087912      0.06319594684158987    0.0017290542405099937   2.1503086858939052e-09       2.1045919762829826       2.1045919762829826       1397.4295394757942                                                 1386.9406440475198                                               10.48889542827445
                      10       699.60517285152071     0.022603606666567803      0.11802599640956958       68.652407818226905       3.0493853140762042      0.95696829202635192      0.05360214969416742     0.024595057615584896   2.1102369105828795e-09       2.1045919762829826       2.1045919762829826       1395.0011617504754                                                  1383.908841451663                                              11.092320298812428
                       2       700.47758905528576     0.022215368950027674      0.11647559055441493       68.357452499416056       3.0274982465393467      0.97681364343896315     0.050146089754308398     0.082705842957336573   2.0645517931767402e-09       2.1045919762829826       2.1045919762829826       1396.7459941580055                                                 1386.2551562397266                                              10.490837918278809
                       2       700.63234859221984     0.022223906266394214      0.11653089638655492       68.293562747312706        3.027143052422157      0.97605956309765796      0.04968665912120216     0.086694244684028643   2.0638186067446326e-09       2.1045919762829826       2.1045919762829826       1397.0555132318736                                                 1386.3406008511347                                              10.714912380739021
                       4       700.68537161988797     0.022223906266394214      0.11653089638655492       68.293562747312706       3.0262250265191248      0.97665802155647963      0.04968665912120216     0.086694244684028643   2.0619248372022294e-09       2.1045919762829826       2.1045919762829826       1397.1615592872099                                                  1386.446646906471                                              10.714912380739021
                       2       700.52694431121438     0.022228565376600146      0.11642103671472068        68.35297454566188       3.0279458429408028       0.9770314722616823     0.050711403617078675     0.087005791566631879   2.0654760859696182e-09       2.1045919762829826       2.1045919762829826       1396.8447046698627                                                 1386.3419083927299                                              10.502796277132864
                       1       700.15758125105708     0.022228565376600146      0.11642103671472068        68.35297454566188       3.0299314354734777      0.97477285294731264     0.050711403617078675     0.087005791566631879   2.0695813542085397e-09       2.1045919762829826       2.1045919762829826       1396.1059785495481                                                 1385.6031822724153                                              10.502796277132864
                       3       700.42903761987975     0.022228565376600146      0.11642103671472068        68.35297454566188       3.0329272160827805      0.97339889018628456     0.050711403617078675     0.087005791566631879   2.0757906621170778e-09       2.1045919762829826       2.1045919762829826       1396.6488912871935                                                 1386.1460950100607                                              10.502796277132864
                       8       701.71393331560898     0.022004836197671924      0.11643743467184318       68.564649997483599       3.0388045504473582      0.98127503242451364     0.057182749217288602     0.029946272395993422   2.0880267003306514e-09       2.1045919762829826       2.1045919762829826       1399.2186826786519                                                 1388.7981686348496                                              10.420514043802354
                       6       702.17377119767161     0.021902095897455388      0.11679327825205586       68.375093033961718       3.0360755371495469      0.98425298104367098     0.056611555832042207     0.029023796028388303   2.0823362159347206e-09       2.1045919762829826       2.1045919762829826       1400.1383584427772                                                 1389.8558435927152                                              10.282514850061846
                       2       701.72776433914623     0.021884210372167034      0.11765426444029829       68.110999201206241       3.0329317004048972      0.98193292718194336     0.053774348631505965     0.019876891390890921   2.0757999706519249e-09       2.1045919762829826       2.1045919762829826       1399.2463447257264                                                 1387.9862527513928                                              11.260091974333543
                       4       700.21020390407864     0.021999983392639585      0.11757650170788074       68.142160454146264       3.0332937203936452       0.9782708763058372     0.052401875037303029     0.037326040863479126   2.0765515877759455e-09       2.1045919762829826       2.1045919762829826       1396.2112238555912                                                 1384.8438650703799                                              11.367358785211335
                       3        700.1691438309914     0.022002461534251616      0.11760612201302953       68.141958485009525       3.0334159562063086      0.97804862968610451     0.052384371262108036     0.036005488242775101   2.0768054322609424e-09       2.1045919762829826       2.1045919762829826       1396.1291037094168                                                 1384.7273820495416                                              11.401721659875113
                      13        701.2767710276247     0.022132669607841476      0.11689101456860779        68.25876750432424       3.0449260709831392      0.97353512843031886     0.057376619027922675     0.050475044926047638   2.1008478009342211e-09       2.1045919762829826       2.1045919762829826       1398.3443581026834                                                 1387.4236899614273                                               10.92066814125616
                       3       700.61011800928679     0.022011007882462928      0.11740665440166996       68.294685813360914       3.0322900420664749      0.97752427188906843     0.052127222142702545     0.016531552533126923   2.0744684435302843e-09       2.1045919762829826       2.1045919762829826       1397.0110520660076                                                 1386.2722328722587                                              10.738819193748837
                       3       700.64159199810206     0.022008453113552037      0.11738958777143611       68.292089996561074       3.0319774249019718      0.97772906542963767     0.052029306281669234     0.017805508669336563   2.0738200304454274e-09       2.1045919762829826       2.1045919762829826       1397.0740000436381                                                 1386.3437653723495                                              10.730234671288549
                       3       700.43437670722653     0.022082576921730407      0.11725567580943339       68.176005704600783       3.0339541321577497      0.97536544622850174     0.051992113345255005     0.047835372534080108   2.0779234198104302e-09       2.1045919762829826       2.1045919762829826        1396.659569461887                                                 1385.3559502666624                                              11.303619195224575
                       4       701.08172225553642      0.02244868108194913      0.11698744565040102       68.674558642981538       3.0320188637182746      0.96198615705960011     0.046543190077474692      0.03098510697083956   2.0739059688732956e-09       2.1045919762829826       2.1045919762829826       1397.9542605585068                                                 1387.5165308630474                                              10.437729695459465
                       4       701.37393235136574      0.02244868108194913      0.11698744565040102       68.674558642981538       3.0318473195609488      0.96260124156565852     0.046543190077474692      0.03098510697083956   2.0735502329345751e-09       2.1045919762829826       2.1045919762829826       1398.5386807501654                                                  1388.100951054706                                              10.437729695459465
                       9       700.10446119697508     0.022248251047232718      0.11685300593684039       68.664740438794183       3.0280998324555291      0.97186441830428116     0.047811037352894097     0.027943397751420091    2.065794172120113e-09       2.1045919762829826       2.1045919762829826       1395.9997384413841                                                 1385.6858462366354                                              10.313892204748658
                       2       700.72657453942213     0.022332005712173152      0.11647694198176933       68.656938572639291       3.0344395945512197      0.96916781109275518     0.050282724244578039     0.049081327327635683   2.0789324183828735e-09       2.1045919762829826       2.1045919762829826       1397.2439651262782                                                 1386.9255024850222                                              10.318462641256035
                       6       701.70686308278653     0.022332005712173152      0.11647694198176933       68.656938572639291        3.048095027111152      0.95412154144077987     0.050282724244578039     0.049081327327635683   2.1075158552526044e-09       2.1045919762829826       2.1045919762829826        1399.204542213007                                                  1388.886079571751                                              10.318462641256035
                       4       700.92755314428155     0.022213459227766044      0.11681521045726888       68.427854294885577       3.0475410359861925      0.95866866183890498     0.051039535808407456      0.06280526399840014   2.1063486335181763e-09       2.1045919762829826       2.1045919762829826       1397.6459223359971                                                 1387.2150115753122                                               10.43091076068483
                       3       700.84891047853091     0.022307284172429144      0.11691069895867161        68.47954145689728       3.0650665999655455      0.95426533593890006     0.058412125182942899     0.062196058525727842   2.1435889569149393e-09       2.1045919762829826       2.1045919762829826       1397.4886370044958                                                 1387.0074004891221                                              10.481236515373581
                       1       700.92355941463882     0.022307284172429144      0.11691069895867161        68.47954145689728       3.0653109392039788      0.95416398865469532     0.058412125182942899     0.062196058525727842   2.1441127838013105e-09       2.1045919762829826       2.1045919762829826       1397.6379348767116                                                 1387.1566983613379                                              10.481236515373581
                       1       699.93075959241753     0.022307284172429144      0.11691069895867161        68.47954145689728       3.0504001220333139      0.97081424585580911     0.058412125182942899     0.062196058525727842   2.1123794827568961e-09       2.1045919762829826       2.1045919762829826        1395.652335232269                                                 1385.1710987168954                                              10.481236515373581
                       1       700.23350816928553     0.022411341356742359      0.11764999689053687       68.809257849751702       3.0602843627598313      0.96600164627801766      0.06121830293520765     0.017631485681109817   2.1333622787420068e-09       2.1045919762829826       2.1045919762829826        1396.257832386005                                                 1385.9614494958012                                              10.296382890203766
                      12       700.82320770534477     0.022533583873954953      0.11777517618534149       68.902060301102921       3.0685219389599805       0.9597578675362427     0.063476576497937615    0.0033559736802290675   2.1510085947255862e-09       2.1045919762829826       2.1045919762829826       1397.4372314581235                                                  1387.101577719963                                              10.335653738160458
                       2       700.02188445270997     0.022490398880037121      0.11733094182005074       68.648468025134918        3.055854755393844      0.96236735976264431     0.058055995542556221     0.042132078827294694   2.1239332204085184e-09       2.1045919762829826       2.1045919762829826       1395.8345849528539                                                 1385.3052694962989                                              10.529315456554858
                       9       699.64478264352545     0.022490398880037121      0.11733094182005074       68.648468025134918       3.0493586950895843      0.96560034011929075     0.058055995542556221     0.042132078827294694   2.1101807389624109e-09       2.1045919762829826       2.1045919762829826       1395.0803813344849                                                 1384.5510658779299                                              10.529315456554858
                       1       699.59736506845502     0.022475916057800291      0.11726504034654962       68.664014122341044       3.0488553552667295      0.96634276600886038     0.058125771289243788     0.041052330957175129   2.1091188682264032e-09       2.1045919762829826       2.1045919762829826        1394.985546184344                                                 1384.5250119969917                                              10.460534187352355
                       3       699.63907487508072     0.022523680153676329      0.11745084150385099       68.761912264250299       3.0508320424989592      0.96374062089577062     0.058262405181511295     0.023992323879099029   2.1132920597528619e-09       2.1045919762829826       2.1045919762829826       1395.0689657975954                                                 1384.6472846219863                                              10.421681175609113
                       1       698.92676710000967     0.022523680153676329      0.11745084150385099       68.761912264250299       3.0560441570257213      0.95876252918900107     0.058262405181511295     0.023992323879099029   2.1243355349247727e-09       2.1045919762829826       2.1045919762829826       1393.6443502474533                                                 1383.2226690718442                                              10.421681175609113
                       2       699.10966039060565     0.022537480549945699      0.11759858835871796       68.720322246884024       3.0586631242757725      0.95772657732203403     0.059124630771844058     0.024853122735307629   2.1299063918806179e-09       2.1045919762829826       2.1045919762829826       1394.0101368286453                                                  1383.460655064697                                               10.54948176394837
                       1       699.11138206701844     0.022540572839989257      0.11760345097377979       68.721169519683698       3.0584763864315336      0.95761302770751933     0.058979206733122964     0.025017599946776894   2.1295086948862628e-09       2.1045919762829826       2.1045919762829826       1394.0135801814708                                                 1383.4604514259938                                              10.553128755477028
                       1       699.68693856751247     0.022135531341041556      0.11785211943209344       68.117045445290572        3.049310639684347      0.97324693363002956     0.059323280064307995     0.056189596237523481   2.1100793358083807e-09       2.1045919762829826       2.1045919762829826       1395.1646931824589                                                 1383.0414760901119                                              12.123217092346909
                       3       700.02098041940906     0.022055532385810706      0.11799763818074388       67.973902327476878       3.0399369210327305      0.97509656812985168     0.055394926445846933     0.048792212048865288   2.0903924595528618e-09       2.1045919762829826       2.1045919762829826       1395.8327768862521                                                  1382.730144890638                                              13.102631995613963
                       3       701.94004044677718     0.022111388568916746      0.11634604258652222       67.922231908462692       3.0315611145188979      0.97762616070253383     0.052604037925569329      0.12477784984544067   2.0729568573205605e-09       2.1045919762829826       2.1045919762829826       1399.6708969409883                                                  1387.562804478084                                              12.108092462904391
                       4       703.52163341996231      0.02197146365886329      0.11641445539027939       67.889987156316337       3.0195802315813527      0.98355418674170836     0.048505833065557342      0.11556847345597646   2.0482691892173452e-09       2.1045919762829826       2.1045919762829826       1402.8340828873586                                                 1391.0721760278252                                              11.761906859533434
                       3       703.37582220666866      0.02197146365886329      0.11641445539027939       67.889987156316337       3.0238770642970025      0.97912367378616194     0.048505833065557342      0.11556847345597646   2.0570891947540616e-09       2.1045919762829826       2.1045919762829826       1402.5424604607713                                                 1390.7805536012379                                              11.761906859533434
                       4       703.85942389406955      0.02197146365886329      0.11641445539027939       67.889987156316337       3.0250398840471693       0.9767379293035956     0.048505833065557342      0.11556847345597646   2.0594826099831378e-09       2.1045919762829826       2.1045919762829826       1403.5096638355731                                                 1391.7477569760397                                              11.761906859533434
                       2         705.147006879934     0.022050723751965561      0.11754577952337185        67.71068012213658       3.0168627005820996      0.97079106221790878     0.041425573179323064      0.10252028699756828   2.0427105105625034e-09       2.1045919762829826       2.1045919762829826        1406.084829807302                                                 1391.1416439197533                                              14.943185887548607
                       2       704.99842854026804      0.02203959183464866      0.11756721190487029       67.738062056891195       3.0160304155816244      0.97112046905701088     0.041169862815476077     0.096257198345745892   2.0410111005390832e-09       2.1045919762829826       2.1045919762829826         1405.78767312797                                                 1391.1648486271795                                              14.622824500790509
                       3       705.79175549690433     0.022017995558753483       0.1176192748438448       67.669878333820961       3.0145321819093791      0.97167293830328183      0.04058088122868312     0.098879383567183135   2.0379554785722701e-09       2.1045919762829826       2.1045919762829826       1407.3743270412426                                                 1392.0619187132918                                              15.312408327950852
                       1       706.62483127415203     0.021976043335975474      0.11749727485427203       67.874447289608909       3.0083231589060038      0.97233677268168583     0.038443964250517576     0.056888116381369036   2.0253409685435872e-09       2.1045919762829826       2.1045919762829826        1409.040478595738                                                 1395.8744614414868                                              13.166017154251181
                       8       707.51594918066792     0.021976043335975474      0.11749727485427203       67.874447289608909       2.9987111769548851      0.98117732891556764     0.038443964250517576     0.056888116381369036   2.0059666894852891e-09       2.1045919762829826       2.1045919762829826       1410.8227144087698                                                 1397.6566972545186                                              13.166017154251181
                       6       706.65859928769407     0.021991996873043949      0.11790999651521118       67.781320629262595       3.0019203283566953      0.97949647946006624     0.039145955192888715     0.056272870438622398   2.0124144807343687e-09       2.1045919762829826       2.1045919762829826       1409.1080146228221                                                 1394.4926096802781                                              14.615404942543957
                       2       706.71918320126008     0.021991996873043949      0.11790999651521118       67.781320629262595       3.0111944217602038      0.96959519508713121     0.039145955192888715     0.056272870438622398   2.0311646114374992e-09       2.1045919762829826       2.1045919762829826       1409.2291824499541                                                 1394.6137775074101                                              14.615404942543957
                       4       701.66994522591528     0.022158995580755445       0.1185336515180587        68.14932508021073       3.0249172729511939      0.96330520262484931     0.043176189233798193     0.025814190029753336   2.0592301100431491e-09       2.1045919762829826       2.1045919762829826       1399.1307064992645                                                 1386.4389854076148                                              12.691721091649695
                       2       701.06238430089513     0.022204218609323298      0.11844048612259622       68.327978039678285        3.024890319891131      0.96167034735386536     0.042822782489404999    0.0093618148827418063   2.0591746082382849e-09       2.1045919762829826       2.1045919762829826       1397.9155846492242                                                 1386.2698087251338                                              11.645775924090396
                       4       699.51068866167543     0.022204218609323298      0.11844048612259622       68.327978039678285       3.0238686944855058      0.96558974178324641     0.042822782489404999    0.0093618148827418063   2.0570719773773229e-09       2.1045919762829826       2.1045919762829826       1394.8121933707848                                                 1383.1664174466944                                              11.645775924090396
                       6       698.55626450973136     0.022335790683897388      0.11827475022593752       68.469163666890481       3.0340354103934284       0.9611548490278955     0.046403876662429101     0.016440928171623761   2.0780923166235925e-09       2.1045919762829826       2.1045919762829826       1392.9033450668967                                                 1381.7043817075669                                              11.198963359329728
                       4       698.72721460259595     0.022335790683897388      0.11827475022593752       68.469163666890481       3.0364862677545021       0.9600129299419542     0.046403876662429101     0.016440928171623761   2.0831916708171365e-09       2.1045919762829826       2.1045919762829826       1393.2452452526259                                                 1382.0462818932961                                              11.198963359329728
                       6       699.31588684156304     0.022097730363627201      0.11778960808131407       68.142946865612487       3.0376064671050216      0.97023141476245311     0.050794527272556247     0.050280555644509867   2.0855265683049565e-09       2.1045919762829826       2.1045919762829826         1394.42258973056                                                 1382.6577591234118                                              11.764830607148184
                       2       699.79676312210927     0.022145260611473906      0.11786348358005239        68.16809125679498       3.0291069760261577      0.96749266610915918     0.045715255293003895     0.038776579638630015   2.0678757714975667e-09       2.1045919762829826       2.1045919762829826       1395.3843422916525                                                 1383.4087717800164                                              11.975570511636175
                       1       701.12606917034702     0.022388848242074853      0.11789238408595999       68.040032253817785        3.040901327085729      0.95639900622179019     0.047855865320117867     0.066079016509304825   2.0924094191216778e-09       2.1045919762829826       2.1045919762829826        1398.042954388128                                                 1383.4789822038538                                              14.563972184274276
                       1       701.14289348119985     0.022386192596230606      0.11789045355009412       68.034344323675569       3.0408393072403666      0.95650241956711257     0.047860046541064856     0.066551511350260481   2.0922796522371716e-09       2.1045919762829826       2.1045919762829826       1398.0766030098337                                                 1383.4744288667296                                              14.602174143104167
                       1       700.80422826829238     0.022386192596230606      0.11789045355009412       68.034344323675569       3.0357551602408916      0.95963551049562346     0.047860046541064856     0.066551511350260481   2.0816691903505813e-09       2.1045919762829826       2.1045919762829826       1397.3992725840187                                                 1382.7970984409146                                              14.602174143104167
                       8       701.36908132040992     0.022386192596230606      0.11789045355009412       68.034344323675569       3.0397881386213998      0.95453465937498216     0.047860046541064856     0.066551511350260481   2.0900814690576337e-09       2.1045919762829826       2.1045919762829826       1398.5289786882538                                                 1383.9268045451497                                              14.602174143104167
                       5       700.30327648630794     0.022525465929945448      0.11802753161563305       68.349206778450267       3.0481029196935254      0.94909452175208919     0.050165074393576245     0.040736338010334772    2.107532489060737e-09       2.1045919762829826       2.1045919762829826       1396.3973690200498                                                 1383.6760510537108                                              12.721317966339067
                       5       700.27489578182281     0.022524929860509399      0.11803209604676883       68.341749530000314       3.0486029441056997      0.94917233176225935     0.050411833240785194     0.042379574510753838   2.1085865702659231e-09       2.1045919762829826       2.1045919762829826       1396.3406076110796                                                     1383.576260654                                               12.76434695707961
                       4       699.82336522045216     0.022106073432946467      0.11716987922829993       68.322528279224969       3.0490200320606737      0.96963162650294776     0.058031252902423273     0.055967272675519361   2.1094662197592531e-09       2.1045919762829826       2.1045919762829826       1395.4375464883383                                                 1384.8325332821125                                              10.605013206225813
                       4       700.55250739453209     0.022037361085668075      0.11736614796341635       68.163146156370715       3.0491451125246858      0.97106508790991164      0.05864306960005583     0.054648928939595325   2.1097300892749552e-09       2.1045919762829826       2.1045919762829826       1396.8958308364981                                                 1385.7208574082174                                              11.174973428280701
                       2       700.49296211741591     0.022059890724432627      0.11727055577666066       68.176668429243747        3.050373186899435      0.97042345100746352     0.059078588259111983     0.058992613464497051   2.1123225862989857e-09       2.1045919762829826       2.1045919762829826       1396.7767402822658                                                 1385.6566963899427                                              11.120043892323215
                       1       700.93931129049372     0.022059890724432627      0.11727055577666066       68.176668429243747       3.0521742507746117       0.9682240314274787     0.059078588259111983     0.058992613464497051    2.116130442268466e-09       2.1045919762829826       2.1045919762829826       1397.6694386284214                                                 1386.5493947360983                                              11.120043892323215
                       5       700.87022647500373     0.022050440016934941      0.11704983271344697       68.263287760212975       3.0496724334018834      0.96969133864158219     0.058371285265912863     0.059893769375099735     2.11084288737133e-09       2.1045919762829826       2.1045919762829826       1397.5312689974414                                                  1386.893920933926                                              10.637348063515365
                       1       700.57491132471876     0.022050440016934941      0.11704983271344697       68.263287760212975       3.0482301144142498      0.97662302864252881     0.058371285265912863     0.059893769375099735   2.1078005731161779e-09       2.1045919762829826       2.1045919762829826       1396.9406386968715                                                  1386.303290633356                                              10.637348063515365
                       3       700.54600173120571     0.022039446066735191       0.1170783751596385       68.263235791220652       3.0470868296438134       0.9769224064321137     0.057915802214875418     0.056775545237986676   2.1053921338501226e-09       2.1045919762829826       2.1045919762829826       1396.8828195098454                                                  1386.250491654313                                              10.632327855532456
                       3       701.86986689238086     0.022545793338207408      0.11665084066785897       69.057400380236714       3.0642224888035643      0.95751660487446921     0.060554548423351146     0.017203736701498627    2.141780293013794e-09       2.1045919762829826       2.1045919762829826       1399.5305498321957                                                 1388.7301445950714                                              10.800405237124332
                       3       701.82414235920965     0.022545793338207408      0.11665084066785897       69.057400380236714        3.059104656113258      0.96209856566937524     0.060554548423351146     0.017203736701498627   2.1308470210070687e-09       2.1045919762829826       2.1045919762829826       1399.4391007658533                                                 1388.6386955287289                                              10.800405237124332
                       2       701.36707854394001     0.022545793338207408      0.11665084066785897       69.057400380236714       3.0596405349216522      0.95564952299514938     0.060554548423351146     0.017203736701498627   2.1319892027777266e-09       2.1045919762829826       2.1045919762829826        1398.524973135314                                                 1387.7245678981897                                              10.800405237124332
                       1       700.79228340684426     0.022389530120518048         0.11672753730026       68.954499031917649       3.0587549409334813      0.96167312682671369     0.062196489599824489      0.01327710428010859   2.1301019617449011e-09       2.1045919762829826       2.1045919762829826       1397.3753828611225                                                 1386.6419490552998                                              10.733433805822738
                       2        701.4028714033434     0.022389530120518048         0.11672753730026       68.954499031917649       3.0618495010304438      0.95798370085423201     0.062196489599824489      0.01327710428010859   2.1367039000570981e-09       2.1045919762829826       2.1045919762829826       1398.5965588541208                                                 1387.8631250482981                                              10.733433805822738
                       1       701.39578493608326     0.022388525753503932      0.11651894775230238       68.909221998411979       3.0611793232473672      0.95891183375592381      0.06212067525468809     0.030387610004142043    2.135272408304829e-09       2.1045919762829826       2.1045919762829826       1398.5823859196005                                                 1387.8916361050919                                              10.690749814508475
                       4       702.30349121923916     0.022282259520647503      0.11600697718392543       68.832630112023438       3.0506901721621067       0.9638162664724792      0.05901818652614492     0.039496328825476511    2.112992267562789e-09       2.1045919762829826       2.1045919762829826       1400.3977984859123                                                 1389.5584900550746                                               10.83930843083766
                       3       701.87028855948051     0.022274831044381233      0.11699177140160766       68.634734433682368       3.0525120252091233      0.95997711156748011     0.058418743241395579     0.011295610991915579   2.1168453377618698e-09       2.1045919762829826       2.1045919762829826        1399.531393166395                                                 1389.1655351470486                                              10.365858019346541
                       7       703.24827148019176     0.022274831044381233      0.11699177140160766       68.634734433682368       3.0535220576160542      0.95778216612775757     0.058418743241395579     0.011295610991915579   2.1189845002833464e-09       2.1045919762829826       2.1045919762829826       1402.2873590078175                                                 1391.9215009884711                                              10.365858019346541
                       2       703.29284931437792     0.022227781671413302      0.11646857084608038       68.703981834070902       3.0446855793660901       0.9618866005319614     0.055481291544397363     0.024138671679249754   2.1003426253970759e-09       2.1045919762829826       2.1045919762829826       1402.3765146761898                                                 1391.9582304083999                                              10.418284267789895
                       6       701.10146368649896     0.022388678244111934      0.11729436807345874       68.609803484646363       3.0429878884668162      0.95506813477888419     0.051015058493906085     0.037959765808261201    2.096779917880336e-09       2.1045919762829826       2.1045919762829826       1397.9937434204319                                                 1387.5421860587799                                              10.451557361652052
                       4       701.78505817925293     0.022388678244111934      0.11729436807345874       68.609803484646363       3.0565684521616587      0.94632980172166725     0.051015058493906085     0.037959765808261201   2.1254496057382667e-09       2.1045919762829826       2.1045919762829826       1399.3609324059398                                                 1388.9093750442878                                              10.451557361652052
                       1       701.20437084098319     0.022388678244111934      0.11729436807345874       68.609803484646363       3.0543738608482967      0.95187122160603188     0.051015058493906085     0.037959765808261201   2.1207902270825403e-09       2.1045919762829826       2.1045919762829826       1398.1995577294003                                                 1387.7480003677483                                              10.451557361652052
                       1       701.36904504268739     0.022409230792022526      0.11745799974854902       68.588551706015977       3.0529395232496315      0.95057709023783254     0.049733511944443615     0.035432702514275091   2.1177504784549732e-09       2.1045919762829826       2.1045919762829826       1398.5289061328087                                                 1387.9446874515791                                              10.584218681229661
                      14       701.38433891922296     0.022405136563310023      0.11745012381979748       68.587224597678869       3.0525010619702488      0.95083408647630907     0.049583692279427903      0.03617499370252103   2.1168221304079852e-09       2.1045919762829826       2.1045919762829826       1398.5594938858799                                                  1387.986143895067                                              10.573349990812879
                       8       698.61435483932701     0.022405136563310023      0.11745012381979748       68.587224597678869       3.0420918385021105      0.95905584674384958     0.049583692279427903      0.03617499370252103   2.0949019398156663e-09       2.1045919762829826       2.1045919762829826        1393.019525726088                                                 1382.4461757352751                                              10.573349990812879
                       3       698.50683568025215     0.022405136563310023      0.11745012381979748       68.587224597678869       3.0390975965074691      0.96194318123280376     0.049583692279427903      0.03617499370252103   2.0886386779930318e-09       2.1045919762829826       2.1045919762829826       1392.8044874079383                                                 1382.2311374171254                                              10.573349990812879
                       1       697.97773533388454      0.02235966334309903      0.11759690805068815       68.555820789405217       3.0414387958772684      0.96270036842921314     0.051184884788825824     0.024195501591279776   2.0935343261577117e-09       2.1045919762829826       2.1045919762829826        1391.746286715203                                                 1381.0811751847464                                              10.665111530456731
                       3        700.0370083860048      0.02235966334309903      0.11759690805068815       68.555820789405217       3.0519534366725658      0.95476490396613911     0.051184884788825824     0.024195501591279776   2.1156632224113092e-09       2.1045919762829826       2.1045919762829826       1395.8648328194436                                                 1385.1997212889869                                              10.665111530456731
                       1       702.51187545201253     0.021986985202392516      0.11752499426305253       67.911151921854895       3.0440507973862263      0.96932300763770363     0.052079556547170024     0.069366573617994226   2.0990097888220095e-09       2.1045919762829826       2.1045919762829826        1400.814566951459                                                 1388.0907734345535                                              12.723793516905562
                       3       701.97948368208961      0.02197009694275932      0.11803337224228362        67.93878957272652       3.0485627429374924        0.969280811022316     0.053936750943511969     0.053123869566894091   2.1085018043263888e-09       2.1045919762829826       2.1045919762829826       1399.7497834116132                                                 1386.9029882933021                                              12.846795118311077
                       1       701.42284722828799     0.022122999599476161      0.11781499408523145       68.021015653529702       3.0452983044069106       0.9633327562627827     0.050417653273462003     0.058837291146099813   2.1016299522663887e-09       2.1045919762829826       2.1045919762829826       1398.6365105040099                                                 1385.7901469627186                                              12.846363541291227
                       1       701.42178297886767     0.022122446830984816      0.11785074964376349       68.004310684292193       3.0462712204030478      0.96310651998455921     0.050845198395933364     0.058268686588558945   2.1036756566528037e-09       2.1045919762829826       2.1045919762829826       1398.6343820051693                                                  1385.601007779366                                              13.033374225803223
                       2       699.71448314539316     0.022122446830984816      0.11785074964376349       68.004310684292193       3.0380888103330497       0.9675673114405291     0.050845198395933364     0.058268686588558945   2.0865327505651425e-09       2.1045919762829826       2.1045919762829826       1395.2197823382203                                                  1382.186408112417                                              13.033374225803223
                       1       699.88747031562366     0.022116648094796822      0.11782416865101863       67.980804541008581       3.0378402279384824      0.96785263863346072     0.050816132568637741     0.061558796982906581   2.0860141397190975e-09       2.1045919762829826       2.1045919762829826       1395.5657566786813                                                 1382.3973853750385                                              13.168371303642855
                       1       700.12109426279972     0.022114247717005299      0.11753949925096453       67.999895286427943       3.0360664663896726      0.96903072128232604     0.050382593928693008     0.072639706232617202   2.0823173276485941e-09       2.1045919762829826       2.1045919762829826       1396.0330045730334                                                 1383.3726219176385                                              12.660382655394852
                       3       700.07038109959547      0.02212405680458443      0.11753558554797011       68.006116953643613       3.0362337177896643      0.96864223019539986     0.050334197497803095     0.072833531015881275   2.0826656272628577e-09       2.1045919762829826       2.1045919762829826       1395.9315782466249                                                   1383.27209670501                                              12.659481541614836
                       1       700.32413377753142      0.02209639080060833      0.11740124865388048       68.091438854496033       3.0295047940858559       0.9701396345134965     0.047632291781318288     0.062599586689241926   2.0686985734765733e-09       2.1045919762829826       2.1045919762829826       1396.4390836024968                                                 1384.5916606963988                                              11.847422906098075
                       6       701.04055515773621     0.022331515265189845      0.11754601668276976       68.884082050350742       3.0338904535707383      0.96436016987811579     0.047125056526578585     0.019254060599746173   2.0777911047960003e-09       2.1045919762829826       2.1045919762829826       1397.8719263629064                                                   1387.41190360887                                              10.460022754036245
                       2       699.97212767376857     0.022373554085212074      0.11711726838124693       68.817859987342842       3.0390180832282225        0.963075165656476     0.049603366012180655        0.041655567457162   2.0884726100849727e-09       2.1045919762829826       2.1045919762829826       1395.7350713949711                                                 1385.3547133655331                                              10.380358029437907
                       2       700.88657154949396     0.022373554085212074      0.11711726838124693       68.817859987342842        3.040688298511645      0.96428694376950941     0.049603366012180655        0.041655567457162   2.0919637236013483e-09       2.1045919762829826       2.1045919762829826       1397.5639591464219                                                 1387.1836011169839                                              10.380358029437907
                       8       700.63189145556464     0.022373554085212074      0.11711726838124693       68.817859987342842       3.0399660751163209      0.96461246321984317     0.049603366012180655        0.041655567457162   2.0904534039177484e-09       2.1045919762829826       2.1045919762829826       1397.0545989585632                                                 1386.6742409291253                                              10.380358029437907
                       1       700.50764790098538     0.022542657819557957      0.11751732843136636       68.907979585248412       3.0393642135591881      0.95550675114639128     0.046315034200106679     0.015765741072572764   2.0891956189211395e-09       2.1045919762829826       2.1045919762829826       1396.8061118494047                                                 1386.4730889841969                                              10.333022865207784
                       2       700.53123272544769     0.022573910515514054      0.11774924695192147       68.782200385432276        3.043505721677231      0.95332435506381674     0.047471058424791518     0.023988792861450507   2.0978659813323379e-09       2.1045919762829826       2.1045919762829826       1396.8532814983294                                                  1386.382715050783                                              10.470566447546378
                       6       701.56188369377912     0.022656741421352218        0.118042707739065        68.97869516602664       3.0509577147113855      0.94977266735428867     0.049824998814436125    0.0028057274698713823   2.1135576585303571e-09       2.1045919762829826       2.1045919762829826       1398.9145834349922                                                 1388.5628216604548                                              10.351761774537492
                       5       700.41779983418985     0.021976303666541158       0.1176308217001644        68.23180661482688       3.0446206321205023      0.97722401278097393     0.056418859312878621     0.044058676009687006   2.1002062183584446e-09       2.1045919762829826       2.1045919762829826       1396.6264157158137                                                  1385.837684162314                                               10.78873155349979
                       7       700.36984977688235     0.021981379626313025      0.11762780498179695        68.24459778983848       3.0450492702366585      0.97705562207262076     0.056579100904828143     0.043385364798790634   2.1011066397591018e-09       2.1045919762829826       2.1045919762829826       1396.5305156011987                                                 1385.7776935374707                                              10.752822063728027
                       1       701.31268310566043     0.022092712228814166      0.11759644964523225       68.354681994601449       3.0678361285328584      0.97193803330900364     0.066584305673981395     0.039527788649269716   2.1495339163352017e-09       2.1045919762829826       2.1045919762829826       1398.4161822587548                                                 1387.7879628864637                                              10.628219372291156
                       2       701.16610136490669     0.022084856328353126       0.1171827456752806       68.497055378193195       3.0655588091696204      0.97340254810939875      0.06629119294829347      0.03592428768675808    2.144644310835436e-09       2.1045919762829826       2.1045919762829826       1398.1230187772474                                                 1387.8346393802856                                              10.288379396961824
                       6       701.58062849598662     0.022603979302575357       0.1175461378864035       68.560520471797091       3.0689466444797109       0.9496306875836551     0.059845121598149732     0.039018561058865607   2.1519223339700695e-09       2.1045919762829826       2.1045919762829826       1398.9520730394072                                                 1387.5838678092191                                              11.368205230188135
                       3       698.92793328653772     0.022427623921676184      0.11869638562771348       68.304350276104401        3.059464479551492      0.95412747002563003     0.055780530217227148     0.015062450153633292   2.1316138876685435e-09       2.1045919762829826       2.1045919762829826       1393.6466826205094                                                 1380.4268119928811                                              13.219870627628296
                       3       699.13056018884549     0.022427623921676184      0.11869638562771348       68.304350276104401       3.0593962562250199      0.95471461847415995     0.055780530217227148     0.015062450153633292   2.1314684668389755e-09       2.1045919762829826       2.1045919762829826       1394.0519364251249                                                 1380.8320657974966                                              13.219870627628296
                       1       700.39932995304855     0.022427623921676184      0.11869638562771348       68.304350276104401       3.0444515834303658      0.96803240383423317     0.055780530217227148     0.015062450153633292    2.099851211255803e-09       2.1045919762829826       2.1045919762829826       1396.5894759535311                                                 1383.3696053259027                                              13.219870627628296
                       2       701.13338470173596     0.022483021128083969      0.11839625266382003       68.335597551423831       3.0502373658394037      0.96641808797985573      0.05833235069599349     0.027140946744963149   2.1120357078886924e-09       2.1045919762829826       2.1045919762829826       1398.0575854509059                                                 1385.1093749408824                                              12.948210510023594
                       4       701.12338567598545     0.022476696497132308      0.11838764288902533       68.327742840843186       3.0498878429646141      0.96662037001930456     0.058251464064958847     0.027028817539007103   2.1112976320911142e-09       2.1045919762829826       2.1045919762829826       1398.0375873994049                                                 1385.0574171319438                                              12.980170267461094
                       4       701.27536693430261     0.022479372404978316      0.11842464466846754       68.296201268403735       3.0496889324505587      0.96623032396596897     0.058020969948510942     0.027910423852252553   2.1108777145581816e-09       2.1045919762829826       2.1045919762829826       1398.3415499160392                                                 1385.0174162161845                                              13.324133699854668
                       4       701.15094014602926     0.022413937884380702      0.11891235805486719       68.155030154214927       3.0472810289253891       0.9676297358625775     0.056866746059365293     0.021119608002584153   2.1058010391932284e-09       2.1045919762829826       2.1045919762829826       1398.0926963394925                                                 1383.2347265683591                                               14.85796977113351
                       2       700.76068104065712     0.022270536773367631      0.11796373298269176       68.542064838208248       3.0139079828679378      0.97667194447799166     0.043589587056672437    0.0028897839965501583   2.0366837856520866e-09       2.1045919762829826       2.1045919762829826       1397.3121781287482                                                 1386.6382652429725                                              10.673912885775628
                       8       701.17194103387203     0.022270536773367631      0.11796373298269176       68.542064838208248       3.0123126339287647      0.97788445524928935     0.043589587056672437    0.0028897839965501583   2.0334371547783692e-09       2.1045919762829826       2.1045919762829826        1398.134698115178                                                 1387.4607852294023                                              10.673912885775628
                       5       702.98654043011584     0.022225308965000187      0.11885377761184054       68.220652043950622       3.0111093651310585      0.97879997110346428     0.042181634880413259     0.016910675114498959   2.0309918547695652e-09       2.1045919762829826       2.1045919762829826       1401.7638969076656                                                 1389.0325057431689                                              12.731391164496786
                       4       702.61264661120561     0.022279360013646228       0.1190046762943674       68.004773831712683       3.0208018847761302      0.97548842632117705     0.046007810256739001     0.034872330078182669   2.0507729928946005e-09       2.1045919762829826       2.1045919762829826       1401.0161092698452                                                 1385.5932828203158                                              15.422826449529323
                       4       702.97610849719445     0.022442222421606491      0.11930299230121486       67.956084045703889        3.037987251318758       0.9674993644213038      0.05209531342751221     0.035540695683589085   2.0863208551158368e-09       2.1045919762829826       2.1045919762829826       1401.7430330418229                                                 1383.6729217039629                                              18.070111337860002
                       1       703.03970942708645     0.022442514786144174      0.11931481345346738       67.949059302465741        3.037929712948547      0.96747796367221506     0.052044164997630864     0.036104690548836187   2.0862008150675837e-09       2.1045919762829826       2.1045919762829826       1401.8702349016069                                                 1383.6821041413109                                              18.188130760295856
                       1       703.09914844260004     0.022366727537122929      0.11941587768518538       67.947115654643554        3.029416909769143      0.97103644770411168     0.048617839652480802     0.033532699816159715   2.0685167753046792e-09       2.1045919762829826       2.1045919762829826        1401.989112932634                                                 1384.4681097269277                                              17.521003205706435
                       1       703.74736986688674     0.022493152155392195        0.119532817866268        68.08775026659751       3.0289888950387489      0.96637419237163735     0.046791622594759066      0.02512656641021168   2.0676316091003817e-09       2.1045919762829826       2.1045919762829826       1403.2855557812074                                                 1386.3391504324236                                              16.946405348783866
                       4       701.66761188703504     0.022515397503902936      0.11829060852178401         68.5643125534842       3.0274935387515485      0.96909950540237189     0.047756575753722393     0.023990670009397277   2.0645420737278775e-09       2.1045919762829826       2.1045919762829826        1399.126039821504                                                 1387.8183663007153                                              11.307673520788843
                       1       702.74014936085518     0.022515397503902936      0.11829060852178401         68.5643125534842       3.0250352307763086      0.97176956400831804     0.047756575753722393     0.023990670009397277   2.0594730266750178e-09       2.1045919762829826       2.1045919762829826       1401.2711147691443                                                 1389.9634412483556                                              11.307673520788843
                       2       701.57122017907238     0.022515397503902936      0.11829060852178401         68.5643125534842       3.0283068021420614       0.9641624523404333     0.047756575753722393     0.023990670009397277   2.0662217731410552e-09       2.1045919762829826       2.1045919762829826       1398.9332564055787                                                   1387.62558288479                                              11.307673520788843
                       4       700.77049183872464     0.022425673593352086      0.11828723467472502       68.552894063489049       3.0338910731901132      0.96746198596042143     0.051598763387305319     0.020293580578381893   2.0777923922360245e-09       2.1045919762829826       2.1045919762829826       1397.3317997248832                                                 1386.2815196004981                                              11.050280124385093
                       3       698.85778245241522     0.022425673593352086      0.11828723467472502       68.552894063489049       3.0497961530710755      0.95460777160930754     0.051598763387305319     0.020293580578381893   2.1111040563106063e-09       2.1045919762829826       2.1045919762829826       1393.5063809522644                                                 1382.4561008278793                                              11.050280124385093
                       4       698.84022093973363     0.022425673593352086      0.11828723467472502       68.552894063489049       3.0501283033477264      0.95463767029599578     0.051598763387305319     0.020293580578381893   2.1118053765723605e-09       2.1045919762829826       2.1045919762829826       1393.4712579269012                                                 1382.4209778025161                                              11.050280124385093
                       9       699.19612480208798     0.022427213189125061      0.11850126894805546       68.526642047089808         3.05063020837961      0.95424555417554402      0.05152019175307887     0.017255496181190128   2.1128655683527594e-09       2.1045919762829826       2.1045919762829826       1394.1830656516099                                                 1382.8921443470781                                              11.290921304531725
                       5       699.47610149374452     0.022427213189125061      0.11850126894805546       68.526642047089808       3.0478734913159684      0.95511865079306746      0.05152019175307887     0.017255496181190128   2.1070490167643762e-09       2.1045919762829826       2.1045919762829826        1394.743019034923                                                 1383.4520977303912                                              11.290921304531725
                       2       699.58562140616755     0.022441741909808549      0.11859916022794452       68.498620745894812       3.0478075989081863      0.95425873592873567     0.051160676484827916     0.016972236734939097   2.1069101828054489e-09       2.1045919762829826       2.1045919762829826       1394.9620588597691                                                 1383.3924515713438                                              11.569607288425138
                       1       699.94786632867294     0.022458715120312094      0.11768531501427566       68.566108651921923       3.0395960672586333      0.95613156345996886     0.048218744538340443     0.046013666093596792   2.0896800628121349e-09       2.1045919762829826       2.1045919762829826       1395.6865487047799                                                   1384.92369780114                                               10.76285090363991
                       4       699.61670563888902      0.02239062301097762      0.11752421002519911       68.595632978804247       3.0406075874158041      0.95922908584109423     0.049781973107192484     0.045823095153992972   2.0917948857303935e-09       2.1045919762829826       2.1045919762829826        1395.024227325212                                                 1384.5495482479625                                              10.474679077249371
                       1       700.42594521226874      0.02239062301097762      0.11752421002519911       68.595632978804247       3.0476528926360249      0.95661994581268717     0.049781973107192484     0.045823095153992972   2.1065842557974145e-09       2.1045919762829826       2.1045919762829826       1396.6427064719715                                                  1386.168027394722                                              10.474679077249371
                       1       700.14326379646798     0.022407408231767841      0.11742966733822634       68.735968680722962       3.0465408366962095      0.95608709459445163      0.04921739237082625     0.032196194528697833    2.104242918353427e-09       2.1045919762829826       2.1045919762829826       1396.0773436403699                                                 1385.7741715715315                                              10.303172068838425
                       3       700.15493123466013     0.022407325550752095      0.11755049536630671       68.733636614207683       3.0466115211081561      0.95588560101325704     0.049083739865621291     0.028669165826416397   2.1043916607835274e-09       2.1045919762829826       2.1045919762829826       1396.1006785167542                                                 1385.7885271524403                                              10.312151364313937
                       1       699.94574312050645     0.022407325550752095      0.11755049536630671       68.733636614207683       3.0462229289001055       0.9558749342813937     0.049083739865621291     0.028669165826416397   2.1035740694465605e-09       2.1045919762829826       2.1045919762829826       1395.6823022884469                                                  1385.370150924133                                              10.312151364313937
                       4       699.96077679065945     0.022407325550752095      0.11755049536630671       68.733636614207683       3.0462995879020243      0.95579829167604669     0.049083739865621291     0.028669165826416397   2.1037353335162783e-09       2.1045919762829826       2.1045919762829826       1395.7123696287529                                                  1385.400218264439                                              10.312151364313937
                      13       699.09715772898335     0.022407325550752095      0.11755049536630671       68.733636614207683        3.042184975380652      0.95873274505042894     0.049083739865621291     0.028669165826416397   2.0950970615295637e-09       2.1045919762829826       2.1045919762829826       1393.9851315054007                                                 1383.6729801410868                                              10.312151364313937
                       3        698.7557660209518     0.022305818074825391       0.1174266495138221       68.595438886418734       3.0403151042188878      0.96245022094561283      0.04948209914743755      0.03770261737611464   2.0911831603389822e-09       2.1045919762829826       2.1045919762829826       1393.3023480893376                                                 1382.9374301421628                                              10.364917947174769
                       5       699.02016597765487     0.022319870756190748      0.11745919687541295       68.585003509461856       3.0460310237316515      0.96215936793458234     0.052105257455057667     0.044285038501422777   2.1031704214427156e-09       2.1045919762829826       2.1045919762829826       1393.8311480027437                                                 1383.4474350925229                                               10.38371291022067
                       3       700.15949003150524     0.022351601705930233      0.11804025487935489       68.703616908477855       3.0472789510467497      0.96051553695815195      0.05159594436764503     0.020145605200849955   2.1057966635987761e-09       2.1045919762829826       2.1045919762829826       1396.1097961104444                                                 1385.7745310172302                                              10.335265093214382
                       2       699.89385084269134     0.022351601705930233      0.11804025487935489       68.703616908477855       3.0414905051341816      0.96487304450910893      0.05159594436764503     0.020145605200849955   2.0936425840609834e-09       2.1045919762829826       2.1045919762829826       1395.5785177328166                                                 1385.2432526396024                                              10.335265093214382
                       1       699.31595412783088     0.022252577239906559      0.11803384626842883       68.590284536219272       3.0467728504480998      0.96792734331428343     0.055344979804421393     0.021586639804041827   2.1047311882882822e-09       2.1045919762829826       2.1045919762829826       1394.4227243030957                                                 1384.0118323806801                                              10.410891922415585
                       7       699.35428532210199     0.022231466493019492      0.11792059743516457       68.607012185654099       3.0451199307973997      0.96906306859946811     0.054948419865828504     0.022570533806679737    2.101255110377891e-09       2.1045919762829826       2.1045919762829826       1394.4993866916379                                                 1384.1589255428457                                              10.340461148792208
                       1       699.76446712813868     0.022139751538400955      0.11794375900874748       68.454621424986058       3.0386464069754244        0.972489461152102     0.052745816107112958     0.030973279952257255   2.0876965186474976e-09       2.1045919762829826       2.1045919762829826       1395.3197503037113                                                 1384.8043313622229                                              10.515418941488463
                       1       700.42003854735708     0.022200928823364358      0.11792530404691347       68.185656444586542       3.0456582973832096      0.96984607125067201     0.055391251050763361     0.066942719041162599   2.1023866604846338e-09       2.1045919762829826       2.1045919762829826       1396.6308931421481                                                 1384.7804337505431                                               11.85045939160505
                       1       699.81834869511067     0.022274578126561462      0.11894158108829568       67.988709061250262       3.0444496287042648       0.9633746771046644     0.052350839117124445     0.042254793934250676   2.0998471066258435e-09       2.1045919762829826       2.1045919762829826       1395.4275134376553                                                 1380.0228281703326                                              15.404685267322805
                       2       699.22932040513922     0.022235406863434292      0.11866216837737925       67.996619713979157       3.0436568192188482      0.96486162102666095     0.052808065956142645     0.042155686256469357   2.0981829876735961e-09       2.1045919762829826       2.1045919762829826       1394.2494568577124                                                 1379.4951480596974                                               14.75430879801511
                       9       699.23397201987518     0.022235406863434292      0.11866216837737925       67.996619713979157       3.0436616935440117      0.96481888539611393     0.052808065956142645     0.042155686256469357    2.098193214924656e-09       2.1045919762829826       2.1045919762829826       1394.2587600871843                                                 1379.5044512891693                                               14.75430879801511
                       6       699.26276594626472     0.022247260485411095       0.1186293441280975       68.018799467082147        3.042990290193468      0.96474215631803162     0.052397088745156452       0.0444498561533367   2.0967849537785947e-09       2.1045919762829826       2.1045919762829826       1394.3163479399634                                                 1379.8035900157522                                              14.512757924211245
                       3       699.26459151712118     0.022247024146257899      0.11862902385104912       68.018565413982657        3.042974668000578      0.96475330516367641     0.052392582366373654     0.044482698234177838   2.0967521976554601e-09       2.1045919762829826       2.1045919762829826       1394.3199990816763                                                 1379.8071304936548                                              14.512868588021632
                       6       699.23938663142894     0.022410654141830338      0.11673486342076501       68.711707216333508       3.0379815942752209      0.96443299002075045     0.050960635835381844     0.059354975664710388   2.0863090527413102e-09       2.1045919762829826       2.1045919762829826       1394.2695893102918                                                 1383.9712726424132                                              10.298316667878705
                       1       698.44570840182166     0.022364394723501709      0.11711763573539938       68.590695481928734       3.0433099559186521      0.96470321427342243     0.053548622034561753     0.051757135687811033   2.0974553312040338e-09       2.1045919762829826       2.1045919762829826       1392.6822328510773                                                 1382.2996822764176                                              10.382550574659813
                       7       700.23344047696253     0.022364394723501709      0.11711763573539938       68.590695481928734       3.0408000042758219      0.96361437110691328     0.053548622034561753     0.051757135687811033   2.0921974210601572e-09       2.1045919762829826       2.1045919762829826        1396.257697001359                                                 1385.8751464266993                                              10.382550574659813
                       8       701.00530428163006     0.022364394723501709      0.11711763573539938       68.590695481928734       3.0404115795047937      0.96319884570342529     0.053548622034561753     0.051757135687811033   2.0913849175643938e-09       2.1045919762829826       2.1045919762829826       1397.8014246106941                                                 1387.4188740360344                                              10.382550574659813
                       1       700.90661759147599     0.022369582833925185      0.11718288553540686       68.587159422366753       3.0432031835953164      0.96266139522716221     0.054770725888799388     0.049148239623918906   2.0972313929806432e-09       2.1045919762829826       2.1045919762829826       1397.6040512303859                                                 1387.1919561915456                                              10.412095038840336
                       1       701.43399033261517     0.022332102308974512      0.11757731289428693       68.532210258454413       3.0451338355271287      0.96398611370564347      0.05562090277341266     0.047399069650820143   2.1012843279654232e-09       2.1045919762829826       2.1045919762829826       1398.6587967126643                                                 1388.1199845426856                                              10.538812169978614
                       2       700.20754925248741     0.022332102308974512      0.11757731289428693       68.532210258454413       3.0594342329484929      0.95554828819396986      0.05562090277341266     0.047399069650820143   2.1315494145645871e-09       2.1045919762829826       2.1045919762829826       1396.2059145524088                                                 1385.6671023824301                                              10.538812169978614
                       2        699.7581610536904     0.022332102308974512      0.11757731289428693       68.532210258454413       3.0568221393990709      0.95685903812122552      0.05562090277341266     0.047399069650820143    2.125988873576797e-09       2.1045919762829826       2.1045919762829826       1395.3071381548148                                                 1384.7683259848361                                              10.538812169978614
                       6       699.22383227730222     0.022343832332750935      0.11780263125224197        68.40766551842519       3.0565357596970775      0.95504703917335598     0.054943636775183047     0.045437457678208705   2.1253801206881366e-09       2.1045919762829826       2.1045919762829826       1394.2384806020384                                                 1383.0540592239672                                              11.184421378071224
                       7       699.16463668695053     0.022343832332750935      0.11780263125224197        68.40766551842519       3.0455730246829291      0.96358405355674459     0.054943636775183047     0.045437457678208705   2.1022073919405257e-09       2.1045919762829826       2.1045919762829826        1394.120089421335                                                 1382.9356680432638                                              11.184421378071224
                       2       699.41051686677156     0.022343832332750935      0.11780263125224197        68.40766551842519       3.0580875300580428      0.95521914155180598     0.054943636775183047     0.045437457678208705   2.1286807828377228e-09       2.1045919762829826       2.1045919762829826       1394.6118497809771                                                 1383.4274284029059                                              11.184421378071224
                      13       699.09270907772066      0.02227213150602456       0.1181922330082287       68.423584664041499       3.0646612007739322      0.95635664139392562     0.058498757025646636     0.019097315444788217   2.1427201238086732e-09       2.1045919762829826       2.1045919762829826       1393.9762342028753                                                 1382.8160588859153                                              11.160175316960066
                       1        699.1681252465338     0.022184189221591301      0.11800386215361863        68.29015624808639       3.0563579580854778      0.96015178894924336     0.055651588371694691     0.033095599086546162   2.1250022582706856e-09       2.1045919762829826       2.1045919762829826       1394.1270665405016                                                 1382.7157420065741                                              11.411324533927436
                      15       698.50743449394804     0.022184189221591301      0.11800386215361863        68.29015624808639       3.0423723174810648      0.97283681346458895     0.055651588371694691     0.033095599086546162   2.0954895981818116e-09       2.1045919762829826       2.1045919762829826         1392.80568503533                                                 1381.3943605014026                                              11.411324533927436
                       5       698.27829667900676     0.022369341417291737      0.11813340895565305        68.47737329644211       3.0518746251788453      0.96525732842018985     0.058024224018736276     0.019677888244863731   2.1154964904028273e-09       2.1045919762829826       2.1045919762829826       1392.3474094054475                                                  1381.130002579685                                              11.217406825762486
                       1       698.82540597220088     0.022369341417291737      0.11813340895565305        68.47737329644211       3.0484995844261311      0.96796699250371399     0.058024224018736276     0.019677888244863731   2.1083686386965403e-09       2.1045919762829826       2.1045919762829826       1393.4416279918357                                                 1382.2242211660732                                              11.217406825762486
                       2       698.83515838399603      0.02236918397456852      0.11813654690414579       68.479211411911891       3.0485815289184695      0.96799697276074881     0.058063954425975464     0.019689718070004636   2.1085414149732362e-09       2.1045919762829826       2.1045919762829826        1393.461132815426                                                 1382.2543310215106                                              11.206801793915526
                       2       698.43685276917381     0.022331695971296226      0.11823567419945648       68.495425442348989       3.0383139585169081      0.96960739539778962     0.053303682100405571     0.011715289685966662   2.0870025825134138e-09       2.1045919762829826       2.1045919762829826       1392.6645215857816                                                 1381.5945981553432                                              11.069923430438488
                       3       698.00702755451277     0.022331695971296226      0.11823567419945648       68.495425442348989       3.0517069186818655      0.95871310637937368     0.053303682100405571     0.011715289685966662   2.1151417376450516e-09       2.1045919762829826       2.1045919762829826       1391.8048711564595                                                 1380.7349477260211                                              11.069923430438488
                       2       698.10061725346975     0.022332248632242178      0.11830252871650779       68.509684938886465       3.0519161954740359      0.95872353396836762     0.053317478613559989     0.009541104621194809   2.1155844340443171e-09       2.1045919762829826       2.1045919762829826       1391.9920505543735                                                 1380.9600557491558                                               11.03199480521771
                       1       698.21236892265119      0.02225506810540484      0.11780351447012043       68.692128473739999       3.0432218209994066      0.96306424693948367     0.050723452460797271   0.00077420199820021386   2.0972704802938272e-09       2.1045919762829826       2.1045919762829826       1392.2155538927364                                                 1381.9101783033375                                              10.305375589398906
                       1          699.45065792019      0.02225506810540484      0.11780351447012043       68.692128473739999       3.0303778178711909      0.97635672338241475     0.050723452460797271   0.00077420199820021386   2.0705053851159167e-09       2.1045919762829826       2.1045919762829826        1394.692131887814                                                 1384.3867562984151                                              10.305375589398906
                       4        699.9913515042474     0.022244967005797412      0.11741395718601669        68.44048778472964       3.0417266821039131      0.97708664819208668     0.056901019230484219     0.043638745983977961   2.0941371126180168e-09       2.1045919762829826       2.1045919762829826       1395.7735190559288                                                 1385.1373440301445                                              10.636175025784343
                       2       700.51745817913468     0.022258475690542297      0.11765637779073725       68.215249480328495       3.0336327320041416      0.97629460671502166     0.052299584018384498     0.061964891754804227   2.0772556822153482e-09       2.1045919762829826       2.1045919762829826       1396.8257324057033                                                 1384.9695978134146                                              11.856134592288688
                       1       700.50201970791568     0.022269822743007359      0.11770570129797142       68.221528681489474        3.034939620388561       0.9758273754171719     0.052746128439237462     0.061448319356358694   2.0799721982428848e-09       2.1045919762829826       2.1045919762829826       1396.7948554632653                                                 1384.9018643491052                                              11.892991114160093
                       1       700.52131977708518     0.022292523861487921      0.11766791894136397       68.310329749569576       3.0321195964130765      0.97551194140424369     0.051179047628809912     0.057582532542980763   2.0741148895326997e-09       2.1045919762829826       2.1045919762829826       1396.8334556016043                                                 1385.4274973674374                                              11.405958234166908
                       2       700.66690455050855     0.022553514073934851      0.11753824884203316       68.738447353583481       3.0447220368314092      0.96498243495547864     0.054623813292836103     0.024698098957834966   2.1004191999613486e-09       2.1045919762829826       2.1045919762829826       1397.1246251484511                                                 1386.5945942253584                                              10.530030923092731
                       2        701.0440148938269     0.022553514073934851      0.11753824884203316       68.738447353583481       3.0648546629860114      0.94494665145808909     0.054623813292836103     0.024698098957834966   2.1431346992847432e-09       2.1045919762829826       2.1045919762829826       1397.8788458350878                                                 1387.3488149119951                                              10.530030923092731
                       7       700.81157243433461     0.022551510928585462      0.11812584662347493       68.611035366295397       3.0629276667196543      0.94328773615272443     0.052798374397705766     0.012592992748052714   2.1390088632329655e-09       2.1045919762829826       2.1045919762829826       1397.4139609161032                                                 1386.1522857811381                                              11.261675134965225
                       7       700.41077850395504     0.022496537849424368      0.11813647148464437       68.721742972163639       3.0642812928499645      0.94627597926806573     0.054186916188111806    0.0054771601762179838   2.1419062420646439e-09       2.1045919762829826       2.1045919762829826       1396.6123730553441                                                 1385.9900907018716                                              10.622282353472535
                       1       700.42017521318587      0.02247848900663877      0.11805244211372366       68.701425029371435       3.0595250235106706      0.94753831386763698     0.052167829263972197     0.012024953117212488   2.1317429479196131e-09       2.1045919762829826       2.1045919762829826       1396.6311664738057                                                 1386.0366409872047                                              10.594525486600984
                       7       700.37198483286431      0.02247848900663877      0.11805244211372366       68.701425029371435       3.0592373650453064       0.9479757444376492     0.052167829263972197     0.012024953117212488   2.1311298222042927e-09       2.1045919762829826       2.1045919762829826       1396.5347857131626                                                 1385.9402602265616                                              10.594525486600984
                       2       701.35053687695256      0.02247848900663877      0.11805244211372366       68.701425029371435       3.0622976073596653      0.94351212620911384     0.052167829263972197     0.012024953117212488   2.1376615851547375e-09       2.1045919762829826       2.1045919762829826       1398.4918898013391                                                 1387.8973643147381                                              10.594525486600984
                       1       700.77646357573576     0.022307684954822386      0.11816766976888624       68.471245089032024       3.0539515044257408      0.94939375943558624     0.049815060705684581     0.016475742826162626   2.1198946868411368e-09       2.1045919762829826       2.1045919762829826       1397.3437431989055                                                 1386.2929371103714                                              11.050806088533987
                      11       701.30219421324966     0.022368695337766815      0.11847016089156658         68.3762002570992       3.0519373811890409      0.94596809965983542     0.047605189668898172     0.015354206316587821   2.1156292546879827e-09       2.1045919762829826       2.1045919762829826       1398.3952044739333                                                 1386.3176456681167                                              12.077558805816583
                       1       699.24036968126268     0.022368695337766815      0.11847016089156658         68.3762002570992       3.0443305829402689      0.95202375434829656     0.047605189668898172     0.015354206316587821    2.099597143601576e-09       2.1045919762829826       2.1045919762829826       1394.2715554099593                                                 1382.1939966041427                                              12.077558805816583
                       6       699.23982616479452     0.022357453025544708      0.11833195775154978       68.391751310662329       3.0424138394599765       0.9526736153627724     0.046989259764314104     0.016227059636919026   2.0955766088631324e-09       2.1045919762829826       2.1045919762829826        1394.270468377023                                                 1382.4377579440909                                              11.832710432932132
                      13        698.5369068788367     0.022325434803760667      0.11832147191485377       68.445201823373083       3.0482932934508118       0.9535647123185671     0.050314678921557374    0.0066856344987962831   2.1079337461324791e-09       2.1045919762829826       2.1045919762829826       1392.8646298051074                                                 1381.4543847274131                                              11.410245077694295
                       3       698.45496832822619     0.022316525924331743      0.11822848918406891       68.470723192738717       3.0482493074381916      0.95402552438747867     0.050539215947232277    0.0055850274076238724    2.107841028571272e-09       2.1045919762829826       2.1045919762829826       1392.7007527038863                                                 1381.4991162025426                                              11.201636501343785
                       3        698.4369734819993     0.022289685264564759      0.11824999106679442       68.439533289631513       3.0481682393553946      0.95492125548935758     0.050776018917063452     0.005828362510379677   2.1076701568664594e-09       2.1045919762829826       2.1045919762829826       1392.6647630114326                                                 1381.3865265335101                                              11.278236477922615
                      12       697.88634026046282     0.022289685264564759      0.11824999106679442       68.439533289631513       3.0463141159045537      0.95873203228970383     0.050776018917063452     0.005828362510379677   2.1037658968105363e-09       2.1045919762829826       2.1045919762829826       1391.5634965683596                                                 1380.2852600904371                                              11.278236477922615
                       6       697.80883173014888     0.022289685264564759      0.11824999106679442       68.439533289631513       3.0377379797753594      0.96451884360917917     0.050776018917063452     0.005828362510379677   2.0858008595090035e-09       2.1045919762829826       2.1045919762829826       1391.4084795077317                                                 1380.1302430298092                                              11.278236477922615
                       4       697.71522809058467     0.022289685264564759      0.11824999106679442       68.439533289631513       3.0380685057075048      0.96446299993227536     0.050776018917063452     0.005828362510379677    2.086490384729068e-09       2.1045919762829826       2.1045919762829826       1391.2212722286033                                                 1379.9430357506808                                              11.278236477922615
                       5       697.98461628887787     0.022289685264564759      0.11824999106679442       68.439533289631513       3.0349152466920817       0.9677176123134783     0.050776018917063452     0.005828362510379677   2.0799215022496662e-09       2.1045919762829826       2.1045919762829826       1391.7600486251897                                                 1380.4818121472672                                              11.278236477922615
                       8       698.11167659977843     0.022289685264564759      0.11824999106679442       68.439533289631513       3.0479312117043671       0.9568772702179168     0.050776018917063452     0.005828362510379677   2.1071706399620343e-09       2.1045919762829826       2.1045919762829826       1392.0141692469908                                                 1380.7359327690683                                              11.278236477922615
                       5       698.54305510625841     0.022256650571726915      0.11762426497665705       68.627632315202092       3.0394713724030638      0.96004884299735171     0.047955752460775901    0.0066189153678958912   2.0894195067038566e-09       2.1045919762829826       2.1045919762829826       1392.8769262599508                                                 1382.5097013033433                                              10.367224956607402
                       5       699.58566614298411     0.022256650571726915      0.11762426497665705       68.627632315202092       3.0423956925879483      0.95909570880279693     0.047955752460775901    0.0066189153678958912   2.0955385810476303e-09       2.1045919762829826       2.1045919762829826       1394.9621483334022                                                 1384.5949233767949                                              10.367224956607402
                       1       700.38421822777536     0.022088504652753523      0.11730571035771864       68.432220226432676       3.0446123215525609      0.96566073707626732      0.05142788848934926     0.025542126976515242   2.1001887645245016e-09       2.1045919762829826       2.1045919762829826       1396.5592525029847                                                 1386.1449188547806                                              10.414333648204185
                       5       700.83228563958028     0.022088504652753523      0.11730571035771864       68.432220226432676       3.0320881193411977      0.97079660589113037      0.05142788848934926     0.025542126976515242    2.074049603496749e-09       2.1045919762829826       2.1045919762829826       1397.4553873265945                                                 1387.0410536783904                                              10.414333648204185
                       6       701.03885158535013     0.022159786887964342      0.11653457618437543       68.727506644612788       3.0388586365622734      0.97045505834988888     0.055156572247509437     0.033475418943935215   2.0881396366368274e-09       2.1045919762829826       2.1045919762829826       1397.8685192181342                                                 1387.2925425394001                                              10.575976678734218
                       3       701.03355250768777     0.022518656101814569      0.11692611339914648       69.034127770081639       3.0491656400781655      0.95576251057378381     0.055522824857314024    0.0090193076098976678   2.1097733973166928e-09       2.1045919762829826       2.1045919762829826       1397.8579210628095                                                 1387.1855447053929                                              10.672376357416729
                       1       700.60294601312864     0.022412138808455516      0.11681064043034596       68.978535605609693       3.0376846018945378      0.96056330675196511     0.051266234116732506     0.013349811761295377   2.0856895268506846e-09       2.1045919762829826       2.1045919762829826       1396.9967080736913                                                 1386.2524602053634                                              10.744247868327831
                      11       701.14194441353698     0.022412138808455516      0.11681064043034596       68.978535605609693       3.0271154618960225      0.97269210526717254     0.051266234116732506     0.013349811761295377   2.0637616656889469e-09       2.1045919762829826       2.1045919762829826       1398.0747048745079                                                   1387.33045700618                                              10.744247868327831
                       3       701.29499352109178     0.022489061240771987      0.11740106831173618       68.883758248845595       3.0220972041712648      0.96887842986587902      0.04699469123802251     0.010405361906044068   2.0534311201175263e-09       2.1045919762829826       2.1045919762829826       1398.3808030896175                                                 1388.0341970524587                                              10.346606037158741
                       2       701.29416691397023     0.022489061240771987      0.11740106831173618       68.883758248845595       3.0215585205326256      0.97027255130057255      0.04699469123802251     0.010405361906044068   2.0523252682489417e-09       2.1045919762829826       2.1045919762829826       1398.3791498753744                                                 1388.0325438382156                                              10.346606037158741
                       7       701.33635931674496     0.022488360624096562      0.11738464577262285        68.88414407048262       3.0212161936586366      0.97035714597014122     0.046857398171034688     0.011014207018924709   2.0516228223953601e-09       2.1045919762829826       2.1045919762829826       1398.4635346809239                                                 1388.1157978429039                                              10.347736838019872
                       6       702.51123698025185     0.022488360624096562      0.11738464577262285        68.88414407048262       3.0187927142196926      0.97133558159698896     0.046857398171034688     0.011014207018924709   2.0466567766542597e-09       2.1045919762829826       2.1045919762829826       1400.8132900079377                                                 1390.4655531699177                                              10.347736838019872
                       4        699.1660739506284     0.022488360624096562      0.11738464577262285        68.88414407048262       3.0378707069689064      0.95631724739002955     0.046857398171034688     0.011014207018924709   2.0860777203764607e-09       2.1045919762829826       2.1045919762829826       1394.1229639486908                                                 1383.7752271106708                                              10.347736838019872
                       8       699.47455394388476      0.02253250065077626      0.11746849853828246       68.894910686344673       3.0385419055289269      0.95445186852622532     0.046545899241010373    0.0098798416936738236   2.0874783627404536e-09       2.1045919762829826       2.1045919762829826       1394.7399239352035                                                 1384.3915642878951                                              10.348359647308399
                       1       699.69071635921296      0.02253250065077626      0.11746849853828246       68.894910686344673       3.0395946510073899       0.9541189952600263     0.046545899241010373    0.0098798416936738236   2.0896771033022432e-09       2.1045919762829826       2.1045919762829826       1395.1722487658599                                                 1384.8238891185515                                              10.348359647308399
                       3       699.01539902968636     0.022512043538754443       0.1173660499128707       68.912795919543967       3.0457626924136272      0.95469956742876794      0.04998847380062077    0.0081200501343559658   2.1026061506606473e-09       2.1045919762829826       2.1045919762829826       1393.8216141068067                                                 1383.4550303644285                                              10.366583742378296
                       5       699.01319522432505      0.02251262232846199      0.11737481800872895       68.903653432544928       3.0458045077456171      0.95462771433127724     0.049985224740740859    0.0086207325448914261   2.1026940736731332e-09       2.1045919762829826       2.1045919762829826       1393.8172064960841                                                 1383.4568198404834                                              10.360386655600742
                       5       700.57597324234496     0.022570013381697906      0.11723037732509504        68.93706946898152        3.045816711054564      0.95457560876413783     0.049571924277166057     0.033015450590140757   2.1027197336551029e-09       2.1045919762829826       2.1045919762829826       1396.9427625321239                                                  1386.579552086916                                              10.363210445207978
                       5       700.51675007128165     0.022148137114905896      0.11794926839911221       67.941149097529063       3.0420635009380579      0.96710443165965299     0.051298859854012099     0.074616200608239813   2.0948425762388764e-09       2.1045919762829826       2.1045919762829826       1396.8243161899973                                                 1383.1282342510524                                               13.69608193894496
                       1       702.41417415067804     0.022058414599826121      0.11787240860130051        67.90220853094489       3.0263418747938982      0.97125252029836628     0.044693129813995397     0.075748423817422708   2.0621657836389821e-09       2.1045919762829826       2.1045919762829826         1400.61916434879                                                 1387.2154427542391                                              13.403721594550905
                       5       702.81666389858378     0.022058414599826121      0.11787240860130051        67.90220853094489       3.0179175581931235      0.98002482432340488     0.044693129813995397     0.075748423817422708   2.0448664161785016e-09       2.1045919762829826       2.1045919762829826       1401.4241438446015                                                 1388.0204222500506                                              13.403721594550905
                       3       701.22512443322069     0.022185763553251744      0.11757414736920163       68.253957616774017       3.0188042509935227      0.97630739958457624      0.04418217129182192     0.058795124291499058   2.0466803886068021e-09       2.1045919762829826       2.1045919762829826       1398.2410649138753                                                 1386.9769762124586                                              11.264088701416664
                       1       702.54192971608779     0.022313608496692328      0.11612368352522395       68.757922246327993       3.0166180844057759      0.97565210483900178     0.043846496052325851     0.070902114388052259   2.0422108916380002e-09       2.1045919762829826       2.1045919762829826       1400.8746754796096                                                 1390.2907610298194                                              10.583914449790155
                       2        702.0921200562434      0.02226497059910764      0.11604671711241213       68.711205129835946       3.0181705404334807      0.97711059422958668     0.045273349106883486     0.070710508160000282   2.0453837965069554e-09       2.1045919762829826       2.1045919762829826       1399.9750561599208                                                 1389.4216477671289                                              10.553408392791882
                       1       704.05949664236448     0.022085249018461491      0.11587464365159732       68.700964180585444       3.0091361212048389      0.98472963213111175     0.043204697017024132     0.066740102733099368   2.0269881638564226e-09       2.1045919762829826       2.1045919762829826       1403.9098093321629                                                 1392.8870976426424                                              11.022711689520477
                       2       705.41902007511987     0.022069383133123541      0.11578254959372652       68.597577639811561       3.0030739883040938      0.98547704742321129     0.040476292497983749      0.07839442030895119    2.014737462426181e-09       2.1045919762829826       2.1045919762829826       1406.6288561976737                                                 1395.9244027962329                                              10.704453401440819
                       2       704.73755495225998     0.022074555456798428      0.11602205668177547       68.562252866169644       3.0044227251020326      0.98464406825957174     0.040726989544458858     0.073478126031323282   2.0174566462994123e-09       2.1045919762829826       2.1045919762829826       1405.2659259519539                                                 1394.7610141095195                                              10.504911842434369
                       4       706.91510761765949     0.022307285359925665      0.11605948138150486       68.437508198320899       2.9998928929039002      0.97630021980005188      0.03559904439083076      0.10729547816563688   2.0083385734860044e-09       2.1045919762829826       2.1045919762829826       1409.6210312827529                                                 1399.2869652826314                                              10.334066000121547
                       1       708.61603186937953     0.022067475537365093      0.11685529695274716       67.946715621922934       2.9930847429837009      0.98175226758860479     0.033724748441818164     0.097145877288844842   1.9947119420957498e-09       2.1045919762829826       2.1045919762829826        1413.022879786193                                                  1400.811684235367                                              12.211195550825989
                       2       706.36129515095831     0.021984140805612788      0.11706576067090115       68.099450487216075       2.9973566783231416      0.98448850386730102     0.036609961402644824      0.06743787836273496   2.0032514496585032e-09       2.1045919762829826       2.1045919762829826       1408.5134063493506                                                 1397.3786362337521                                              11.134770115598593
                       1       706.79731213822174     0.021984140805612788      0.11706576067090115       68.099450487216075       2.9974519415891705      0.98519577618437615     0.036609961402644824      0.06743787836273496   2.0034422950244066e-09       2.1045919762829826       2.1045919762829826       1409.3854403238774                                                  1398.250670208279                                              11.134770115598593
                       1        706.7109939822534     0.021964599468493568      0.11702630045413687       68.066575807576939       2.9985092976830372      0.98600043507031876     0.037410177746728314      0.07163984028127636   2.0055617672647413e-09       2.1045919762829826       2.1045919762829826       1409.2128040119408                                                 1398.0120052000436                                              11.200798811897229
                       3       707.76000979063554     0.021964599468493568      0.11702630045413687       68.066575807576939       2.9929510140925073      0.99097588411008519     0.037410177746728314      0.07163984028127636   1.9944452093148197e-09       2.1045919762829826       2.1045919762829826        1411.310835628705                                                 1400.1100368168079                                              11.200798811897229
                       6       707.99654465047979     0.022254438714904703      0.11731955960117153       68.333843226116514       3.0042253498295377      0.97616238856717685     0.039121793732992148     0.019952928982678926   2.0170584895385446e-09       2.1045919762829826       2.1045919762829826       1411.7839053483935                                                  1400.399091565185                                              11.384813783208633
                       6       703.33667191468862     0.022048728517690304      0.11732628752121396        68.32366795210956       3.0318788946491937      0.98326672694312101     0.055265109058521229     0.010379228071344547   2.0736157064998219e-09       2.1045919762829826       2.1045919762829826       1402.4641598768112                                                 1391.7052697511324                                              10.758890125678869
                       5       704.59291467236926     0.021996341085501379      0.11978321401192082       67.840080742812162       3.0234423566877231      0.98322763467535212     0.048144615990474537    0.0058199260858827189   2.0561951567647733e-09       2.1045919762829826       2.1045919762829826       1404.9766453921725                                                 1388.7170195293456                                              16.259625862826738
                       7        705.1729139763338     0.021996341085501379      0.11978321401192082       67.840080742812162       3.0213934429697673      0.98508931635325847     0.048144615990474537    0.0058199260858827189   2.0519865033574775e-09       2.1045919762829826       2.1045919762829826       1406.1366440001016                                                 1389.8770181372749                                              16.259625862826738
                       2       703.08199753266035     0.022338809290576432      0.11837774310012486       67.971194880257585       3.0279039647339752      0.97367995130686213     0.049252048071026032     0.052572817822366044   2.0653895893460667e-09       2.1045919762829826       2.1045919762829826       1401.9548111127547                                                 1386.3327742461727                                              15.622036866582009
                       1       701.26057570815328     0.022338809290576432      0.11837774310012486       67.971194880257585       3.0317936599094195      0.96867103395612164     0.049252048071026032     0.052572817822366044    2.073438969936841e-09       2.1045919762829826       2.1045919762829826       1398.3119674637405                                                 1382.6899305971585                                              15.622036866582009
                       1       701.19287120112062     0.022338304081563006      0.11829554574314484       67.977079157369232       3.0321098757158698      0.96894433207545916     0.049535373802955925     0.055776047329876767   2.0740947277878796e-09       2.1045919762829826       2.1045919762829826       1398.1765584496752                                                 1382.7675573209665                                              15.409001128708811
                       3       701.82027685861749     0.022437232783597393      0.11840371901084927       67.975306390112067       3.0356501867373353      0.96501815228124532      0.04995052109247794      0.06091732851441229   2.0814506817114344e-09       2.1045919762829826       2.1045919762829826       1399.4313697646689                                                 1383.0633475112438                                              16.368022253425057
                       4        700.7978454350623     0.022505759451442973      0.11842168748791813       68.207667116472507       3.0406436866161788      0.96290922251631561     0.051688238317305228     0.044825070748047049   2.0918703992160965e-09       2.1045919762829826       2.1045919762829826       1397.3865069175586                                                 1383.1665219121508                                              14.219985005407811
                       1       700.70998872885173     0.022486442062521487      0.11818178659005127       68.221718870053465       3.0390556820493537      0.96392727879256612     0.051470418227168559     0.047505314592461864    2.088551135669302e-09       2.1045919762829826       2.1045919762829826       1397.2107935051374                                                 1383.4922481404528                                              13.718545364684685
                       1       700.04971425110887     0.022074939144868109      0.11788713328915014        68.13610693506655       3.0352894119037037      0.98041301194662533     0.054932752352600096     0.041032952630629373   2.0806998821309682e-09       2.1045919762829826       2.1045919762829826       1395.8902445496517                                                 1384.0509327638115                                              11.839311785840286
                       2       699.02392843001167     0.022074939144868109      0.11788713328915014        68.13610693506655       3.0414302377824445      0.97372992189642349     0.054932752352600096     0.041032952630629373   2.0935164095690972e-09       2.1045919762829826       2.1045919762829826       1393.8386729074573                                                 1381.9993611216171                                              11.839311785840286
                       1       698.70283950476755     0.022200658948118211      0.11739675359103197       68.436866455006253       3.0522724351814432      0.97076076544985446     0.059633467197412221     0.043881431992927669   2.1163382234809887e-09       2.1045919762829826       2.1045919762829826       1393.1964950569691                                                 1382.6549232909422                                              10.541571766026816
                       1       698.09869193216866     0.022238030391570605      0.11735607847684465       68.701998974454952       3.0472554438394091       0.9699124523359236     0.056878494018667819     0.019403631707217414   2.1057471627818029e-09       2.1045919762829826       2.1045919762829826       1391.9881999117713                                                 1381.6906864696598                                              10.297513442111464
                       3       698.44004388649716     0.022112618204362965      0.11763755304480895       68.573321266805422       3.0459647190176775      0.97367407296016861     0.057283835502547419     0.011175331055246582   2.1030309759524809e-09       2.1045919762829826       2.1045919762829826       1392.6709038204283                                                 1382.3777667744157                                              10.293137046012671
                       2       700.38530996867939     0.022273039996918095       0.1191032909869935       68.033597995543388        3.063960053096022      0.96310453933625018     0.061949577141954253      0.02629089605478107   2.1412182871356276e-09       2.1045919762829826       2.1045919762829826       1396.5614359847928                                                 1381.3425159095652                                              15.218920075227564
                      12       700.53765273097395     0.022299242974512908      0.11919267874271368       68.106337899801417       3.0667749800122408      0.96199329592731886     0.062936222194223665      0.01806371780112706   2.1472541513983853e-09       2.1045919762829826       2.1045919762829826       1396.8661215093819                                                 1382.1408943991478                                              14.725227110234181
                       7       701.56339231894549     0.022299242974512908      0.11919267874271368       68.106337899801417       3.0672733247980415      0.96420909029599389     0.062936222194223665      0.01806371780112706   2.1483244909854486e-09       2.1045919762829826       2.1045919762829826       1398.9176006853249                                                 1384.1923735750909                                              14.725227110234181
                       1       701.38018315690147     0.021997110024952211      0.11840282185185702       67.937086873888163       3.0287169839239136      0.97740414453506896      0.04849917235963102     0.031297500046987947   2.0670694735134032e-09       2.1045919762829826       2.1045919762829826       1398.5511823612369                                                  1384.976208008932                                              13.574974352305036
                       2        704.1589359876117     0.021997110024952211      0.11840282185185702       67.937086873888163       3.0472708185551203      0.95698444515768832      0.04849917235963102     0.031297500046987947   2.1057795382946718e-09       2.1045919762829826       2.1045919762829826       1404.1086880226574                                                 1390.5337136703524                                              13.574974352305036
                       4       704.10225346851189     0.021973691178168574      0.11798172144371517        68.08722445799124        3.046254953010179      0.95992092897963255     0.048965407601590752     0.038766915670220753   2.1036414356127728e-09       2.1045919762829826       2.1045919762829826       1403.9953229844577                                                 1392.2328967410724                                              11.762426243385324
                       2       703.75655244360746     0.021971002090504954      0.11770306247708512       68.129218961665885       3.0500451005429245      0.96018246537701302     0.051273626438113659     0.040598792834388886    2.111629675751336e-09       2.1045919762829826       2.1045919762829826       1403.3039209346489                                                 1391.9609750635993                                              11.342945871049581
                       3       703.80257789422001     0.022108501253458663      0.11696835179258407       68.631412392613271       3.0542174929777817      0.95890139745476977     0.053000993162564243     0.043469874383591706   2.1204586295571972e-09       2.1045919762829826       2.1045919762829826        1403.395971835874                                                 1393.0104684618912                                              10.385503373982901
                       2       703.93550158049652     0.022202890975117465       0.1165662609640481       68.858996194724611       3.0759770063468808      0.95441022649133767     0.063261507276095225     0.027396829033282329   2.1671044319769048e-09       2.1045919762829826       2.1045919762829826        1403.661819208427                                                  1392.720397974985                                              10.941421233441945
                       9       703.85920003714739     0.022383865275860566      0.11626698665504404       69.057451816593328       3.0716895328098119      0.94871414403786414     0.059481823401616681     0.031013247761095743    2.157832918958836e-09       2.1045919762829826       2.1045919762829826       1403.5092161217287                                                 1391.9876304062007                                              11.521585715528118
                       2       703.99356940812822     0.022383865275860566      0.11626698665504404       69.057451816593328       3.0627184449608027      0.95198274697767915     0.059481823401616681     0.031013247761095743   2.1385613828493494e-09       2.1045919762829826       2.1045919762829826       1403.7779548636904                                                 1392.2563691481623                                              11.521585715528118
                       1       703.78488487212337     0.022383865275860566      0.11626698665504404       69.057451816593328       3.0659389454657839      0.95003761314842317     0.059481823401616681     0.031013247761095743   2.1454597229543973e-09       2.1045919762829826       2.1045919762829826       1403.3605857916807                                                 1391.8390000761526                                              11.521585715528118
                       1       700.65521580789243     0.022383865275860566      0.11626698665504404       69.057451816593328       3.0490747015839683      0.97139496467204134     0.059481823401616681     0.031013247761095743   2.1095815464242915e-09       2.1045919762829826       2.1045919762829826       1397.1012476632188                                                 1385.5796619476907                                              11.521585715528118
                       1        700.1193673172744     0.022479858447420013      0.11656866052451137       68.811218097234772       3.0394318018498296      0.96693152779439573     0.053017871761490892      0.05040996858565247   2.0893368288538535e-09       2.1045919762829826       2.1045919762829826       1396.0295506819828                                                 1385.6613620968217                                               10.36818858516112
                      10       701.51175208120685     0.022575491338830529      0.11623819770131773       68.988249899692988       3.0417655806737649      0.96399580087209724     0.053564274901612238     0.048689215074526275   2.0942185731411103e-09       2.1045919762829826       2.1045919762829826       1398.8143202098477                                                 1388.1073674373736                                              10.706952772474194
                       3       702.69400745105531     0.022575491338830529      0.11623819770131773       68.988249899692988       3.0348598856204361      0.96931731667291665     0.053564274901612238     0.048689215074526275   2.0798063587536258e-09       2.1045919762829826       2.1045919762829826       1401.1788309495446                                                 1390.4718781770705                                              10.706952772474194
                       5       702.67923070870006     0.022578079733407454      0.11625888647600134        68.98001846625084       3.0347542052889347       0.9691677850713466     0.053448058282383283      0.04898208538626448   2.0795865757417494e-09       2.1045919762829826       2.1045919762829826       1401.1492774648341                                                 1390.4787139622749                                              10.670563502559066
                       3       700.92623144523839     0.022496984131692335      0.11731162584280305       68.623424460405118        3.045992137534391      0.96894684711639956     0.058331284704945661     0.041055835619786075   2.1030886387329547e-09       2.1045919762829826       2.1045919762829826       1397.6432789379107                                                 1387.0133918942386                                               10.62988704367214
                       1       701.46489889556199     0.022496984131692335      0.11731162584280305       68.623424460405118       3.0686402960188803      0.95043054505180224     0.058331284704945661     0.041055835619786075   2.1512631968432079e-09       2.1045919762829826       2.1045919762829826       1398.7206138385579                                                 1388.0907267948858                                               10.62988704367214
                       7       701.63899742987155     0.022478971616135036      0.11720348377306455       68.631002074962709       3.0705307777736599      0.95109575827824566     0.059632914064318747     0.040954415819454956   2.1553339673128347e-09       2.1045919762829826       2.1045919762829826       1399.0688109071771                                                 1388.5157188158973                                              10.553092091279794
                       2       702.12871713418724     0.022478971616135036      0.11720348377306455       68.631002074962709       3.0600244838473483      0.96274659935618678     0.059632914064318747     0.040954415819454956   2.1328079349073316e-09       2.1045919762829826       2.1045919762829826       1400.0482503158084                                                 1389.4951582245287                                              10.553092091279794
                       3       702.79930690486356     0.022443846289772838      0.11842110194377437        68.58929341336929       3.0745375438633786      0.96155389398461522     0.065517252004766366    0.0057806664528593857   2.1639872105491452e-09       2.1045919762829826       2.1045919762829826       1401.3894298571611                                                 1390.3032285473946                                              11.086201309766391
                       2       702.81718224018573     0.022381059479578306      0.11794036738122644       68.647505193339228       3.0756831265001345      0.96441333869231038     0.067524608287597127    0.0066153473208921884   2.1664676572307674e-09       2.1045919762829826       2.1045919762829826       1401.4251805278054                                                 1390.8643014505353                                              10.560879077270211
                       4       702.11170780199973     0.022381059479578306      0.11794036738122644       68.647505193339228       3.0793458472221005      0.96019600260954852     0.067524608287597127    0.0066153473208921884   2.1744173731194707e-09       2.1045919762829826       2.1045919762829826       1400.0142316514334                                                 1389.4533525741633                                              10.560879077270211
                       1       701.66901179865249     0.022330568969681049      0.11791348872304686        68.59812054039169       3.0769617659488624      0.96189814999867174     0.066959025054345672    0.0061940808165738019   2.1692395599961548e-09       2.1045919762829826       2.1045919762829826       1399.1288396447389                                                 1388.5274202347587                                              10.601419409980339
                       2       702.13288052701353      0.02220418486230542      0.11707795144321136       68.520529004570378       3.0670062786012537      0.97026404589068649     0.064739655127774007     0.051974042674991949   2.1477508656962997e-09       2.1045919762829826       2.1045919762829826        1400.056577101461                                                 1389.7445572333841                                              10.312019868076977
                       3       701.64708630547625     0.022251844570236559      0.11691462551345634       68.551410202638408       3.0639970958914424      0.96893279431400081     0.062922371269749325     0.057683986255581431   2.1412976053156629e-09       2.1045919762829826       2.1045919762829826       1399.0849886583865                                                 1388.7863454505907                                              10.298643207795855
                       8       702.62994899493265     0.022251844570236559      0.11691462551345634       68.551410202638408       3.0669377106286779      0.95789113361259781     0.062922371269749325     0.057683986255581431   2.1476036038226227e-09       2.1045919762829826       2.1045919762829826       1401.0507140372993                                                 1390.7520708295035                                              10.298643207795855
                       1       702.69361966045017     0.022251844570236559      0.11691462551345634       68.551410202638408       3.0482982710132873      0.98234095022559109     0.062922371269749325     0.057683986255581431   2.1079442385305078e-09       2.1045919762829826       2.1045919762829826       1401.1780553683343                                                 1390.8794121605385                                              10.298643207795855
                       7       702.50079656465846     0.022062540665509077      0.11724025501963027        68.18893308735457       3.0316647546424065       0.9881161683826164     0.056322802826494572     0.061941024428537245    2.073171709958766e-09       2.1045919762829826       2.1045919762829826       1400.7924091767509                                                  1389.759181114599                                              11.033228062151938
                       7       702.33856844447178     0.022062540665509077      0.11724025501963027        68.18893308735457       3.0458101941427018      0.97729675733535648     0.056322802826494572     0.061941024428537245   2.1027060304605791e-09       2.1045919762829826       2.1045919762829826       1400.4679529363775                                                 1389.4347248742256                                              11.033228062151938
                       9       702.62480487588073     0.022259662598469426      0.11731986966947901       68.128876286006346       3.0581237203447693      0.96941588190588523     0.059914902897806363     0.082281438854187844   2.1287578217996255e-09       2.1045919762829826       2.1045919762829826       1401.0404257991954                                                 1388.8734960876341                                              12.166929711561242
                       5       702.67921896021926     0.022259662598469426      0.11731986966947901       68.128876286006346       3.0422573616451074      0.98112874844091613     0.059914902897806363     0.082281438854187844   2.0952487232685664e-09       2.1045919762829826       2.1045919762829826       1401.1492539678725                                                 1388.9823242563111                                              12.166929711561242
                       1       703.53761305722844     0.022440390297050743      0.11691784558776895       68.283383146734309       3.0481302223792719      0.97594765920897719     0.061309066861718539      0.10189401716569964   2.1075900311435095e-09       2.1045919762829826       2.1045919762829826       1402.8660421618908                                                 1391.3109273679509                                               11.55511479393995
                       4       703.68741278539437     0.022440390297050743      0.11691784558776895       68.283383146734309       3.0507166440025335      0.97491719643427233     0.061309066861718539      0.10189401716569964   2.1130482030972741e-09       2.1045919762829826       2.1045919762829826       1403.1656416182227                                                 1391.6105268242827                                               11.55511479393995
                       4       703.93884146057633     0.022425863935885075      0.11642013405425539       68.363273812274244       3.0519787276436103      0.97614381564818908     0.062832110201048938      0.10585174778615608   2.1157167302652375e-09       2.1045919762829826       2.1045919762829826       1403.6684989685866                                                 1392.8025425450417                                              10.865956423544928
                       3       703.79785305917233     0.022425863935885075      0.11642013405425539       68.363273812274244       3.0516398097368307      0.97616302818586598     0.062832110201048938      0.10585174778615608   2.1149997974772201e-09       2.1045919762829826       2.1045919762829826       1403.3865221657786                                                 1392.5205657422337                                              10.865956423544928
                       4       704.29037924438785     0.022411250617814262      0.11669730745140811       68.217921603988927       3.0525658075121349      0.97474579798467187     0.062976186340643406     0.097936805138109817   2.1169591896408345e-09       2.1045919762829826       2.1045919762829826       1404.3715745362097                                                 1392.5252088675588                                               11.84636566865079
                       1       702.75522554735494     0.022185098764276118      0.11801855764551573       67.954489306778115       3.0284454706039878      0.98095891325110218     0.051779922561803186     0.060977167822961212   2.0665083128028836e-09       2.1045919762829826       2.1045919762829826       1401.3012671421438                                                 1387.2105724825751                                              14.090694659568708
                       1       702.22741917301198     0.022198649057436064      0.11796150348713699       68.068538196842098       3.0291031001543876      0.98053206302339113     0.052069506456726714     0.050269099246264631    2.067867756691772e-09       2.1045919762829826       2.1045919762829826       1400.2456543934579                                                 1387.1604399526509                                              13.085214440807103
                       1        702.2812589663049     0.022198649057436064      0.11796150348713699       68.068538196842098       3.0551744021852789      0.95579607083065199     0.052069506456726714     0.050269099246264631   2.1224886870793989e-09       2.1045919762829826       2.1045919762829826       1400.3533339800438                                                 1387.2681195392367                                              13.085214440807103
                       2        702.0465111382365      0.02229521684139095      0.11812292370138035       68.146768954171819       3.0645330917560982      0.95152636100759669     0.055345523645200206      0.04269330752889982   2.1424456396204442e-09       2.1045919762829826       2.1045919762829826        1399.883838323907                                                 1386.7218048127381                                              13.162033511168737
                       1       701.28631716471216      0.02222624522867175      0.11755509602869525       68.621100095661433       3.0694531081254133      0.95637663025721842     0.059637505649512847     0.014639165105484426   2.1530124804370749e-09       2.1045919762829826       2.1045919762829826       1398.3634503768583                                                 1388.0459318554742                                              10.317518521384054
                       5       700.45757053132115      0.02222624522867175      0.11755509602869525       68.621100095661433       3.0459597726771337      0.97197720081151462     0.059637505649512847     0.014639165105484426    2.103020573670826e-09       2.1045919762829826       2.1045919762829826       1396.7059571100763                                                 1386.3884385886922                                              10.317518521384054
                       6       699.81394425079213      0.02222624522867175      0.11755509602869525       68.621100095661433       3.0444008763904873      0.97520870280790339     0.059637505649512847     0.014639165105484426   2.0997447367162221e-09       2.1045919762829826       2.1045919762829826       1395.4187045490182                                                 1385.1011860276342                                              10.317518521384054
                       4       699.93902555155353     0.022229792944692246      0.11748909076486551       68.639440500820413       3.0451054738472147      0.97535862468051815      0.06004884995083716     0.016886165290308831   2.1012247328570178e-09       2.1045919762829826       2.1045919762829826        1395.668867150541                                                 1385.3704742864161                                              10.298392864124825
                       4       699.93818717996339     0.022229792944692246      0.11748909076486551       68.639440500820413         3.04511287120779      0.97534860587169625      0.06004884995083716     0.016886165290308831   2.1012402764315069e-09       2.1045919762829826       2.1045919762829826       1395.6671904073607                                                 1385.3687975432358                                              10.298392864124825
                       4       701.39366157793961     0.022171368212033173      0.11762743502454148       68.686294279075042       3.0517862264487174      0.97720280734015019     0.063880535224323548    0.0041524422310572073    2.115309491464842e-09       2.1045919762829826       2.1045919762829826       1398.5781392033132                                                 1388.2855670603817                                              10.292572142931368
                       4       701.46785310280291     0.022171281954389183      0.11760696366253987       68.685447644251923       3.0526494616816211      0.97708684697064641      0.06433320960225028    0.0036143769966560432   2.1171362895111481e-09       2.1045919762829826       2.1045919762829826       1398.7265222530398                                                 1388.4330303542254                                              10.293491898814315
                       9       699.89238091572645     0.022351196982273662      0.11734127943270974       68.649222481760475       3.0246345761134741      0.97171156768631073     0.048672104628052909      0.02829003064040423   2.0586480544794125e-09       2.1045919762829826       2.1045919762829826       1395.5755778788869                                                 1385.2147379805815                                              10.360839898305274
                       3       698.96417822655212     0.022351196982273662      0.11734127943270974       68.649222481760475       3.0283821424633217      0.97053739114319182     0.048672104628052909      0.02829003064040423   2.0663774488174929e-09       2.1045919762829826       2.1045919762829826       1393.7191725005382                                                 1383.3583326022328                                              10.360839898305274
                       8         699.017019575267     0.022373772048085161      0.11729452636665176       68.703177274939193       3.0288563705828846      0.96990660172611065     0.048727780561571017     0.026625436277469005   2.0673576155022852e-09       2.1045919762829826       2.1045919762829826        1393.824855197968                                                 1383.5024498328826                                               10.32240536508537
                       8       699.02914442405097     0.022409093650877406      0.11761523118109406        68.66384177544704       3.0292725345209206       0.9680344582488426     0.048046147504724732     0.023888102240425577   2.0682181542390562e-09       2.1045919762829826       2.1045919762829826       1393.8491048955359                                                 1383.3993597113983                                              10.449745184137505
                       1       699.21635816134483     0.022409093650877406      0.11761523118109406        68.66384177544704       3.0289988112453003      0.96593726066562291     0.048046147504724732     0.023888102240425577   2.0676521122641464e-09       2.1045919762829826       2.1045919762829826       1394.2235323701236                                                 1383.7737871859861                                              10.449745184137505
                       3       698.59280263293772     0.022409093650877406      0.11761523118109406        68.66384177544704       3.0368252742026329      0.95893426874346199     0.048046147504724732     0.023888102240425577   2.0838980059455521e-09       2.1045919762829826       2.1045919762829826       1392.9764213133094                                                 1382.5266761291718                                              10.449745184137505
                       2       700.54517952516449     0.022546492810314737      0.11929869503862252       68.246694658472663       3.0471408920662681      0.94826423110752978     0.048910916732467793    0.0064636246289602219   2.1055059595259137e-09       2.1045919762829826       2.1045919762829826       1396.8811750977629                                                 1381.4744154858681                                              15.406759611894881
                       2       700.48912754337653     0.022561375290561292      0.11927518042155914       68.274007760000416       3.0497870408767955      0.94795946508808682     0.050094185145585904    0.0083442614136303925   2.1110848196079442e-09       2.1045919762829826       2.1045919762829826        1396.769071134187                                                 1381.6463847495179                                              15.122686384669191
                       2       700.30015587048001     0.022526481099221483      0.11930974022898581       68.246747920224081       3.0480030666153786       0.9493340294193312     0.049572715635422607     0.008534683187636484   2.1073220559607813e-09       2.1045919762829826       2.1045919762829826        1396.391127788394                                                 1381.2066068895181                                              15.184520898875988
                       3       698.11663272008741     0.022396857177528061      0.11761758516447843       68.741210449638999       3.0414338123895286      0.95826212501974917     0.050473092781499779    0.0036115004074349453    2.093523893081061e-09       2.1045919762829826       2.1045919762829826       1392.0240814876088                                                 1381.6492293293911                                              10.374852158217687
                       3       698.73450066910686     0.022396857177528061      0.11761758516447843       68.741210449638999       3.0474542608090132      0.95275340136402786     0.050473092781499779    0.0036115004074349453   2.1061658626724023e-09       2.1045919762829826       2.1045919762829826       1393.2598173856477                                                   1382.88496522743                                              10.374852158217687
                       6       698.82286778487332     0.022403870732992777      0.11802263455774974       68.635379870044176       3.0468089526780391      0.95232702349610843     0.049475056119045832    0.0091871590456442057   2.1048071751492418e-09       2.1045919762829826       2.1045919762829826       1393.4365516171806                                                 1382.7856903617885                                               10.65086125539206
                      12       698.76034681072451      0.02237691308625292      0.11807307208770575       68.638213204385153       3.0472820072147968      0.95321924340939257     0.049962708723820838     0.005096166376053827   2.1058030992770876e-09       2.1045919762829826       2.1045919762829826        1393.311509668883                                                 1382.7061698917887                                              10.605339777094207
                       4       697.98290016873784      0.02237691308625292      0.11807307208770575       68.638213204385153       3.0445030050532531       0.9571577882278538     0.049962708723820838     0.005096166376053827   2.0999591917891509e-09       2.1045919762829826       2.1045919762829826       1391.7566163849096                                                 1381.1512766078154                                              10.605339777094207
                       6       697.97841994334567      0.02237691308625292      0.11807307208770575       68.638213204385153       3.0400051918230706      0.96022727776634231     0.049962708723820838     0.005096166376053827   2.0905351771698629e-09       2.1045919762829826       2.1045919762829826       1391.7476559341253                                                  1381.142316157031                                              10.605339777094207
                       1       698.21759950579076      0.02237691308625292      0.11807307208770575       68.638213204385153       3.0426577473784095      0.95737576915674705     0.049962708723820838     0.005096166376053827   2.0960877989308356e-09       2.1045919762829826       2.1045919762829826       1392.2260150590155                                                 1381.6206752819212                                              10.605339777094207
                       2       698.24701418251152      0.02237691308625292      0.11807307208770575       68.638213204385153       3.0465610123652533      0.95609710364009248     0.049962708723820838     0.005096166376053827    2.104285373290413e-09       2.1045919762829826       2.1045919762829826        1392.284844412457                                                 1381.6795046353627                                              10.605339777094207
                       2       698.07540798272953     0.022359030327780857      0.11817821262599018       68.532731115064976       3.0489594302795529      0.95619033172515999     0.051164191205860722    0.0097737830035492333   2.1093383862226307e-09       2.1045919762829826       2.1045919762829826        1391.941632012893                                                 1380.9621770700651                                              10.979454942827893
                       5       698.15788448196395     0.022363283040235535       0.1181993775289238       68.514059604675737       3.0477701026569313      0.95597006093254755     0.050485721801875584     0.010913220455275083   2.1068311830529691e-09       2.1045919762829826       2.1045919762829826       1392.1065850113619                                                 1381.0193478908466                                              11.087237120515294
                       4       698.21102782269611      0.02228997381504462      0.11829496399933974       68.466614938255276       3.0528409517588289      0.95879341836289123     0.053732373013762276     0.012628100162492367   2.1175417389212163e-09       2.1045919762829826       2.1045919762829826       1392.2128716928262                                                  1381.136829198919                                              11.076042493907158
                       1       701.28487955171647     0.022608345692296004      0.11862544298274989       68.643275499399749       3.0686679052073815      0.94674869343780588     0.057381834356256718     0.015626328263670747   2.1513225922942513e-09       2.1045919762829826       2.1045919762829826       1398.3605751508669                                                 1386.9571198505064                                              11.403455300360511
                       1       701.49792704696574     0.022617461714440283      0.11855047003904652       68.674598673976234       3.0665927092047376      0.94694002791415188     0.056373261152202744     0.018398649546459842    2.146862805316862e-09       2.1045919762829826       2.1045919762829826       1398.7866701413654                                                 1387.5830078710892                                              11.203662270276194
                       4       701.61241259586836     0.022617461714440283      0.11855047003904652       68.674598673976234       3.0591845134564082      0.95032744872938824     0.056373261152202744     0.018398649546459842   2.1310171915834206e-09       2.1045919762829826       2.1045919762829826       1399.0156412391707                                                 1387.8119789688944                                              11.203662270276194
                       5       699.48584089205963     0.022391852775395113      0.11847988284904572       68.438260916244928       3.0491205468207778      0.95855765322678399     0.054082849487643379     0.024519413582769073   2.1096782629068345e-09       2.1045919762829826       2.1045919762829826       1394.7624978315532                                                   1383.13720576112                                              11.625292070433161
                       9       699.70288195949627     0.022269805509633263      0.11741719764817231       68.854788593630389       3.0531075388511799       0.9652688405758646     0.059188313506212148    0.0045512545688756803   2.1181063234684601e-09       2.1045919762829826       2.1045919762829826       1395.1965799664265                                                 1384.7277350651773                                              10.468844901249252
                       2       699.72055272890577     0.022226670867165527       0.1174442387312121        68.83700286840687       3.0468077077041817      0.96710983220051561     0.056546036128434382    0.0029811657452174564   2.1048045547209652e-09       2.1045919762829826       2.1045919762829826       1395.2319215052455                                                 1384.7464408086055                                              10.485480696640032
                       5       699.24954943326827     0.022226670867165527       0.1174442387312121        68.83700286840687       3.0523597504249809      0.96324670698714709     0.056546036128434382    0.0029811657452174564    2.116523020136045e-09       2.1045919762829826       2.1045919762829826       1394.2899149139705                                                 1383.8044342173305                                              10.485480696640032
                       5       698.48616454131241     0.022394798733667533      0.11757658880834165       68.740007346465433       3.0422238329799414      0.95618393644275734     0.049264983685686131     0.013150760820660223   2.0951784735533808e-09       2.1045919762829826       2.1045919762829826       1392.7631451300588                                                 1382.4231736899553                                              10.339971440103465
                       3       697.99195928803238     0.022394798733667533      0.11757658880834165       68.740007346465433       3.0373086245708985      0.96199568623348863     0.049264983685686131     0.013150760820660223   2.0849055022814016e-09       2.1045919762829826       2.1045919762829826       1391.7747346234987                                                 1381.4347631833953                                              10.339971440103465
                       2       697.98943344825841     0.022389690683492655      0.11757535500634604       68.727406110198856       3.0371599286126552      0.96221004362023044     0.049249697319932249      0.01447649031113884   2.0845955083078901e-09       2.1045919762829826       2.1045919762829826       1391.7696829439508                                                 1381.4242314397579                                              10.345451504192779
                       5       699.23938296972915     0.022356275645527068      0.11652526762577511       68.992773212987444       3.0352994114346434      0.96643912432274259     0.050338690656461182     0.025488458995162395   2.0807206882578412e-09       2.1045919762829826       2.1045919762829826       1394.2695819868923                                                 1383.1592398073578                                              11.110342179534538
                       2       699.15042456258163     0.022353776770606584      0.11657324944516487        68.96363371768102       3.0349370773937765      0.96640316125316972     0.050108678005052032     0.026608749794412728   2.0799669088911581e-09       2.1045919762829826       2.1045919762829826       1394.0916651725972                                                  1383.127022268304                                              10.964642904293161
                       1       698.86950164516611     0.022352592624288951      0.11668817599680432       68.962821526248376        3.036822442766681      0.96611447516075388     0.050892532819461878     0.022262717505286019   2.0838921055301716e-09       2.1045919762829826       2.1045919762829826       1393.5298193377662                                                 1382.6252257397771                                              10.904593597989145
                       4       698.83795418279283     0.022357642581480552      0.11669498135296838       68.966319532058108       3.0372911730379162      0.96583120632257957     0.051053825095614208     0.021319257818032174   2.0848691178017467e-09       2.1045919762829826       2.1045919762829826       1393.4667244130196                                                 1382.5675764548128                                              10.899147958206841
                       1       700.35268752508443     0.022357642581480552      0.11669498135296838       68.966319532058108       3.0303404223045201      0.97460759714843115     0.051053825095614208     0.021319257818032174    2.070427958841454e-09       2.1045919762829826       2.1045919762829826       1396.4961910976028                                                  1385.597043139396                                              10.899147958206841
                       2       700.80397243379002     0.022357642581480552      0.11669498135296838       68.966319532058108       3.0264480146242461      0.97694780455138575     0.051053825095614208     0.021319257818032174   2.0623846731816509e-09       2.1045919762829826       2.1045919762829826        1397.398760915014                                                 1386.4996129568071                                              10.899147958206841
                       1        701.3338580069435     0.022417502459592779      0.11665748284789708       68.886750149945428       3.0239711203136657      0.97537564847597913      0.04914525097158965     0.041870426202141958   2.0572826854689817e-09       2.1045919762829826       2.1045919762829826        1398.458532061321                                                 1387.8986031973679                                              10.559928863953106
                       2       700.94692115144471     0.022314941126751069      0.11703846386340765       68.715691389850704       3.0354710546060231      0.97863839080447712     0.055474908782796914     0.047843686670414443   2.0810778604077326e-09       2.1045919762829826       2.1045919762829826       1397.6846583503234                                                 1387.3758630138846                                              10.308795336438829
                      10       701.55178468369195     0.022314941126751069      0.11703846386340765       68.715691389850704       3.0341292138019242      0.97665330204640433     0.055474908782796914     0.047843686670414443   2.0782872579089962e-09       2.1045919762829826       2.1045919762829826       1398.8943854148179                                                  1388.585590078379                                              10.308795336438829
                       7       699.37681713413292     0.022314941126751069      0.11703846386340765       68.715691389850704       3.0487384513968907      0.96404820375711853     0.055474908782796914     0.047843686670414443    2.108872318480348e-09       2.1045919762829826       2.1045919762829826       1394.5444503156998                                                  1384.235654979261                                              10.308795336438829
                       1       700.77592424899433     0.022121907331082016      0.11707098772002557       68.173031968747182       3.0298535815675676      0.97037921882835232     0.048136958054614765     0.080881133492494692    2.069420235488458e-09       2.1045919762829826       2.1045919762829826       1397.3426645454226                                                  1386.202465733734                                              11.140198811688615
                       6       700.46895032268867     0.022195779348513221      0.11682515192214635       68.302937742371498       3.0352638202857865       0.9686666123884673     0.050347612070793767     0.087517339427389512   2.0806466343359355e-09       2.1045919762829826       2.1045919762829826       1396.7287166928113                                                  1386.065444466823                                              10.663272225988324
                      11       701.34276067621909     0.022231501472571358      0.11640031440955487       68.064784516467185       3.0467497454719576      0.96569932544334935     0.056039168915559906      0.11183260771389641   2.1046825590861818e-09       2.1045919762829826       2.1045919762829826       1398.4763373998721                                                 1386.6795844746594                                              11.796752925212838
                       2        698.7803621697791     0.022295633307431912      0.11889228607617507       68.127513297950031        3.047358150344063      0.95790936852294406     0.052083759969788389     0.018099422503720139   2.1059634478193272e-09       2.1045919762829826       2.1045919762829826       1393.3515403869922                                                 1379.1127818426523                                              14.238758544339872
                       4       699.13714320313363     0.022396390466063777      0.11901000688644318       68.178419419848936       3.0555730380437756      0.95379329981532723     0.054799218352546836      0.01752341055627317   2.1233349558446529e-09       2.1045919762829826       2.1045919762829826       1394.0651024537012                                                 1379.5225387614385                                              14.542563692262684
                       4        700.0609499169816     0.022109502278174049      0.11882992653519447       68.096769868532988       3.0620981655702675      0.96449304623174015     0.061682463140755907     0.010530548426438954   2.1372352886151527e-09       2.1045919762829826       2.1045919762829826       1395.9127158813972                                                  1382.655048472513                                              13.257667408884183
                       1       699.66520530741286     0.022007954516870442      0.11766709733135351       68.229411811415403       3.0452892374736957      0.97122905638525825     0.056275596924551592     0.027498214660885076   2.1016108970143553e-09       2.1045919762829826       2.1045919762829826       1395.1212266622597                                                 1384.1085710735181                                              11.012655588741701
                       5       699.10974353656627     0.022238181324407056      0.11799273265899778       68.203280495009039       3.0346763512081889      0.96274712468055301     0.047808237024398702      0.04052587434713445   2.0794246777428557e-09       2.1045919762829826       2.1045919762829826       1394.0103031205665                                                 1381.7708110791159                                              12.239492041450504
                      12       698.67157774991745     0.022347622107448673      0.11749412803846562       68.719810582090872       3.0331173777733031      0.96072239797937697     0.046667302029910054     0.015149020940958196   2.0761854355127553e-09       2.1045919762829826       2.1045919762829826       1393.1339715472689                                                 1382.8174280160681                                              10.316543531200644
                       1        698.0799588766904     0.022316715357447163      0.11757298464047855        68.65228939896042       3.0383268485877899      0.96132873258294738     0.049470078549875507     0.016067824950871279   2.0870294842980157e-09       2.1045919762829826       2.1045919762829826       1391.9507338008148                                                 1381.5855139184118                                              10.365219882403034
                      12       698.47594557365869      0.02242887213486551        0.118065649541215       68.636734111406042       3.0428884967400425      0.95649745362930383     0.049697193101483385     0.014607936052205429   2.0965715256600364e-09       2.1045919762829826       2.1045919762829826       1392.7427071947513                                                 1382.0613319599943                                              10.681375234757001
                       1       700.02141606298778      0.02242887213486551        0.118065649541215       68.636734111406042       3.0407075839982398       0.9559131132821056     0.049697193101483385     0.014607936052205429   2.0920040685287314e-09       2.1045919762829826       2.1045919762829826       1395.8336481734095                                                 1385.1522729386525                                              10.681375234757001
                       3       700.21928585788464      0.02242887213486551        0.118065649541215       68.636734111406042       3.0428228318834445      0.95385028924537252     0.049697193101483385     0.014607936052205429   2.0964338591114329e-09       2.1045919762829826       2.1045919762829826       1396.2293877632032                                                 1385.5480125284462                                              10.681375234757001
                       4       700.08186926256167     0.022366183414720259      0.11813995402433217       68.582872843221381       3.0414765503088419      0.95599182960293383     0.049653638421827823     0.012641570346469937   2.0936133678482531e-09       2.1045919762829826       2.1045919762829826       1395.9545545725573                                                 1385.2107483246139                                              10.743806247943358
                       2       698.50904040050443     0.022366183414720259      0.11813995402433217       68.582872843221381       3.0390954425115746      0.96024192208978587     0.049653638421827823     0.012641570346469937   2.0886341790787397e-09       2.1045919762829826       2.1045919762829826       1392.8088968484428                                                 1382.0650906004994                                              10.743806247943358
                       3       698.90536832374801     0.022384201649906937      0.11817217119305386        68.62771755666131       3.0393754260428212      0.95995273070374099     0.049562498164702345     0.012359807776530911   2.0892190441241499e-09       2.1045919762829826       2.1045919762829826         1393.60155269493                                                 1382.9731090618388                                              10.628443633091198
                       2       698.57925202868023     0.022320027930716625      0.11818019567891325        68.57247543320193       3.0390810786064932      0.96203623938441629     0.050143583826263792     0.010581259180739103   2.0886041783511056e-09       2.1045919762829826       2.1045919762829826       1392.9493201047944                                                    1382.2716789843                                                10.6776411204944
                       5       699.08462053142478     0.022333968911458772      0.11838426827917829       68.604150948079464       3.0446451750626267      0.96107067832020776     0.052459420098774259    0.0025393913596159119   2.1002577642306519e-09       2.1045919762829826       2.1045919762829826       1393.9600571102835                                                 1383.2809930462226                                              10.679064064060823
                       1       699.08524537222945     0.022334144098549467      0.11838417585743166       68.604340191017968       3.0446485177283482      0.96106548535707625     0.052459217468744962    0.0025468532667835713   2.1002647847020202e-09       2.1045919762829826       2.1045919762829826       1393.9613067918929                                                 1383.2825483092822                                              10.678758482610689
                       4        699.0110436556489     0.022336446522203988      0.11833694745477466       68.618496962213641       3.0449249794576172      0.96106155618031475     0.052640470659602527    0.0026579296156451961   2.1008455078064799e-09       2.1045919762829826       2.1045919762829826       1393.8129033587318                                                 1383.1882843153774                                              10.624619043354524
                       5       699.87772940713592     0.022336446522203988      0.11833694745477466       68.618496962213641       3.0428445073145998      0.96179631181916381     0.052640470659602527    0.0026579296156451961   2.0964793007116987e-09       2.1045919762829826       2.1045919762829826       1395.5462748617058                                                 1384.9216558183514                                              10.624619043354524
                       7       699.80618287319908     0.022334563912366698       0.1182923201824319       68.627830678862466        3.042830651589095      0.96198598188130191     0.052723607944913702    0.0032715231291169174   2.0964502526712233e-09       2.1045919762829826       2.1045919762829826       1395.4031817938321                                                 1384.8244795825674                                              10.578702211264623
                      10       699.61378988071544     0.022343820587650921       0.1182530962135432       68.626181910669615       3.0428734523140508      0.96172641931387026     0.052688473008119935    0.0056343534874431717   2.0965399841821443e-09       2.1045919762829826       2.1045919762829826       1395.0183958088649                                                 1384.4309768106393                                              10.587418998225621
                       1        698.6577113969048     0.022343820587650921       0.1182530962135432       68.626181910669615       3.0516010332665751       0.9570335978753941     0.052688473008119935    0.0056343534874431717   2.1149177868405339e-09       2.1045919762829826       2.1045919762829826       1393.1062388412436                                                  1382.518819843018                                              10.587418998225621
                       1        699.0482392246048     0.022341783590393457      0.11817662469733688         68.6921850249594       3.0515952831005708      0.95761099066623867     0.052854782273889352    0.0039422552392616543   2.1149056257471384e-09       2.1045919762829826       2.1045919762829826       1393.8872944966436                                                 1383.4828634632283                                              10.404431033415136
                       4       700.46234260941765     0.022341783590393457      0.11817662469733688         68.6921850249594       3.0389138672241609      0.97273393729487045     0.052854782273889352    0.0039422552392616543   2.0882549691559884e-09       2.1045919762829826       2.1045919762829826       1396.7155012662693                                                  1386.311070232854                                              10.404431033415136
                       5        700.5005491954488     0.022392111966850408       0.1170920413946992       69.010113400033077       3.0351444112748394      0.97288004275128059     0.052033786366365506    0.0046484536317404858   2.0803982012120709e-09       2.1045919762829826       2.1045919762829826       1396.7919144383316                                                 1385.9971255353018                                              10.794788903029698
                      14       700.48193675859648     0.022391485927200982      0.11709490365914714       69.008643273438295       3.0352643779097459      0.97287939334789264     0.052095597348475929    0.0045311679179539308   2.0806477945546737e-09       2.1045919762829826       2.1045919762829826       1396.7546895646269                                                 1385.9653496815008                                              10.789339883126008
                       2       700.31450093090803     0.022398758310375046      0.11709659358719042       68.998755054328683       3.0426857708979558      0.97209220696049403     0.055665476382615355    0.0037334288688820874   2.0961465395112946e-09       2.1045919762829826       2.1045919762829826         1396.41981790925                                                 1385.6878945106571                                               10.73192339859304
                       4       705.47741343235566     0.022398758310375046      0.11709659358719042       68.998755054328683       3.0304976500059975      0.98423654781003267     0.055665476382615355    0.0037334288688820874   2.0707535130628978e-09       2.1045919762829826       2.1045919762829826       1406.7456429121453                                                 1396.0137195135524                                               10.73192339859304
                       3       705.65716068736333     0.022398758310375046      0.11709659358719042       68.998755054328683       3.0285475991122626      0.98518284712721094     0.055665476382615355    0.0037334288688820874   2.0667193729916554e-09       2.1045919762829826       2.1045919762829826       1407.1051374221606                                                 1396.3732140235677                                               10.73192339859304
                       3       699.81315960269126     0.022398758310375046      0.11709659358719042       68.998755054328683       3.0392510517647611      0.97285724968090248     0.055665476382615355    0.0037334288688820874   2.0889592151721819e-09       2.1045919762829826       2.1045919762829826       1395.4171352528165                                                 1384.6852118542236                                               10.73192339859304
                       8       699.82765140555762     0.022396231154482565      0.11709541600390917        69.00402730624964       3.0395810091536801      0.97294214357006203     0.055862808310570937    0.0029599553362903101   2.0896485964273433e-09       2.1045919762829826       2.1045919762829826       1395.4461188585492                                                 1384.6908894175513                                              10.755229440997928
                       2       699.59768600187488     0.022421833731797448      0.11770958468799841       68.736057415646272       3.0285330700712549      0.97082229137521248     0.049108377006831808     0.011756369694433172   2.0666893457592677e-09       2.1045919762829826       2.1045919762829826       1394.9861880511837                                                 1384.6045413097504                                              10.381646741433363
                       1       701.24662962486627     0.022421833731797448      0.11770958468799841       68.736057415646272       3.0542127065881473       0.9457931960427528     0.049108377006831808     0.011756369694433172   2.1204484802402818e-09       2.1045919762829826       2.1045919762829826       1398.2840752971665                                                 1387.9024285557332                                              10.381646741433363
                       4       701.11765284838214     0.022251273475855496       0.1177049148666203       68.612301003353039       3.0483778678754172      0.95237498856479308     0.048223285765163229      0.01364960591527929   2.1081120309552267e-09       2.1045919762829826       2.1045919762829826       1398.0261217441982                                                 1387.6617444356571                                              10.364377308541229
                       3       700.86247773153104     0.022251273475855496       0.1177049148666203       68.612301003353039       3.0473106542629842      0.95265722564918742     0.048223285765163229      0.01364960591527929   2.1058634251840211e-09       2.1045919762829826       2.1045919762829826       1397.5157715104961                                                 1387.1513942019549                                              10.364377308541229
                       4       700.83284125259115     0.022213929831240285      0.11764725208166567       68.485125967778714       3.0472708112149536      0.95349048161455008     0.048660442252139419     0.020873921427700001   2.1057795228378992e-09       2.1045919762829826       2.1045919762829826       1397.4564985526163                                                 1386.8804260357417                                              10.576072516874568
                       1       700.78392110124992     0.022217426397986864      0.11767835682604587        68.49329298495401       3.0474163152231202      0.95327372533673604     0.048649588273319659     0.018881900253204145   2.1060859444910359e-09       2.1045919762829826       2.1045919762829826       1397.3586582499338                                                 1386.7854321386149                                              10.573226111319048
                      10       701.52620871517354     0.022444617062318154      0.11746249674401772        68.65689972854959       3.0507673615598465       0.9455333789729683     0.047965686562320885     0.028656839842040573   2.1131553744583315e-09       2.1045919762829826       2.1045919762829826        1398.843233477781                                                 1388.3441339022133                                              10.499099575567669
                       4       701.77035127415161     0.022444617062318154      0.11746249674401772        68.65689972854959       3.0517277962585863      0.94560355227089421     0.047965686562320885     0.028656839842040573   2.1151858971399245e-09       2.1045919762829826       2.1045919762829826       1399.3315185957372                                                 1388.8324190201695                                              10.499099575567669
                      14       699.38417142988635     0.022444617062318154      0.11746249674401772        68.65689972854959       3.0435449782838959      0.95373870643073855     0.047965686562320885     0.028656839842040573   2.0979483380485149e-09       2.1045919762829826       2.1045919762829826       1394.5591589072067                                                  1384.060059331639                                              10.499099575567669
                       7       699.09599904332867     0.022444617062318154      0.11746249674401772        68.65689972854959        3.033463872264647      0.96387423697799957     0.047965686562320885     0.028656839842040573   2.0769049469753496e-09       2.1045919762829826       2.1045919762829826       1393.9828141340913                                                 1383.4837145585236                                              10.499099575567669
                       1       699.31205170013686     0.022444617062318154      0.11746249674401772        68.65689972854959       3.0292309426847646      0.96552302788646172     0.047965686562320885     0.028656839842040573   2.0681321350373109e-09       2.1045919762829826       2.1045919762829826       1394.4149194477077                                                   1383.91581987214                                              10.499099575567669
                      10       699.09393938021265     0.022459220545811683      0.11752014703637755       68.844855642945575       3.0311331021572769      0.96522609148539817     0.048740279193014963    0.0098968285849430418   2.0720697960106657e-09       2.1045919762829826       2.1045919762829826       1393.9786948078593                                                 1383.6522566479384                                              10.326438159920761
                       2       698.77448859927983     0.022385645743077744      0.11793172099541532        68.44936457851982       3.0494702910001323      0.96559819374286449     0.057925157853006108     0.028063303998238618   2.1104162396436084e-09       2.1045919762829826       2.1045919762829826       1393.3397932459936                                                 1382.0259403659481                                               11.31385288004558
                       1       698.82959973294192     0.022322894795649421      0.11764450652861395       68.508135415099289       3.0497217654616167      0.96823124174584407     0.059221904087069635     0.023432940619512607   2.1109470221673083e-09       2.1045919762829826       2.1045919762829826       1393.4500155133178                                                 1382.6886149369132                                              10.761400576404533
                       7       699.12594928389808     0.022115335791752604      0.11829413076422242       68.236893830974168       3.0421587496987135      0.97396596502538413      0.05691714094421424    0.0069119521982040216   2.0950421169008812e-09       2.1045919762829826       2.1045919762829826       1394.0427146152301                                                 1382.2064380175193                                              11.836276597710828
