#                 weight             minuslogpost                 omegabh2                 omegach2                       H0                     logA                       ns                      tau                      mnu                       As            minuslogprior         minuslogprior__0                     chi2 chi2__sbt_spt_audit.likelihoods.candl_cobaya.CandlCobayaLikelihood chi2__sbt_spt_audit.likelihoods.desi_dr2_bao.DESIDR2BAOGaussian
                       2       7062.6559381850639     0.023027916999999998               0.11612066       68.927728000000002       2.9949268466708872       1.0454140153601001              0.050845913                        3   1.9983897947721281e-09       2.1045919762829826       2.1045919762829826       14121.102692417562                                                 14003.308966098954                                              117.79372631860826
                       2       7000.6706917755728     0.023027916999999998               0.11612066       68.927728000000002       2.9794505937344979        1.054578645478691              0.050845913                        3   1.9677003005756232e-09       2.1045919762829826       2.1045919762829826        13997.13219959858                                                 13879.338473279971                                              117.79372631860826
                       3       6905.6134869707921     0.023058595539487921      0.11467280158664096       68.818574632458521       2.9841423917974623       1.0564681526063546         0.05515026520151       3.0582856459925787   1.9769540444078599e-09       2.1045919762829826       2.1045919762829826       13807.017789989019                                                 13692.052705381837                                              114.96508460718186
                       2       6856.0438283369167     0.023058595539487921      0.11467280158664096       68.818574632458521       2.9704328427953661       1.0630749714749903         0.05515026520151       3.0582856459925787   1.9500358359193283e-09       2.1045919762829826       2.1045919762829826       13707.878472721268                                                 13592.913388114086                                              114.96508460718186
                      11       6856.6793976820027     0.023169103648106947      0.11391824984356942       69.135492211875089       2.9819212343916921       1.0612606396446824     0.060922876678845723       3.0551439583088946   1.9725677913737739e-09       2.1045919762829826       2.1045919762829826        13709.14961141144                                                 13588.486875426772                                              120.66273598466753
                       3       6789.2805633052531     0.023169103648106947      0.11391824984356942       69.135492211875089       2.9519980419424092       1.1100266879296865     0.060922876678845723       3.0551439583088946   1.9144166387665902e-09       2.1045919762829826       2.1045919762829826       13574.351942657941                                                 13453.689206673273                                              120.66273598466753
                       3       6682.6199760658856     0.023169103648106947      0.11391824984356942       69.135492211875089        2.895741590553806       1.1855403738870638     0.060922876678845723       3.0551439583088946   1.8096916968905781e-09       2.1045919762829826       2.1045919762829826       13361.030768179206                                                 13240.368032194538                                              120.66273598466753
                      12        6653.791965440756     0.022810822241697819      0.11257968483334027       69.079416857908882       2.8894102281732521       1.1963644986948594     0.062902098336698908       3.0548026879957431   1.7982700783175971e-09       2.1045919762829826       2.1045919762829826       13303.374746928946                                                 13172.982281099088                                              130.39246582985768
                       1       6503.7060010007626     0.023601623750741534       0.1121321344527786       69.131701195421712       2.9336068080221613       1.1767004613772198     0.078685099028679276       3.1451609834058494   1.8795299425643217e-09       2.1045919762829826       2.1045919762829826        13003.20281804896                                                 12893.685654153271                                              109.51716389568949
                       2       6354.7856066876502     0.023226033509814892      0.11403054346880265       67.703764892718524       2.9103525584781544       1.1822218079497704     0.067982060961399138       3.1941611490224529   1.8363271552970489e-09       2.1045919762829826       2.1045919762829826       12705.362029422735                                                 12611.257907543839                                              94.104121878896649
                       5       6272.6089558956537     0.023226033509814892      0.11403054346880265       67.703764892718524       2.8903178085746672       1.1689528451384179     0.067982060961399138       3.1941611490224529    1.799902893840734e-09       2.1045919762829826       2.1045919762829826       12541.008727838742                                                 12446.904605959846                                              94.104121878896649
                       1       6264.4979646937127     0.023226033509814892      0.11403054346880265       67.703764892718524       2.8848340063714724       1.1778616670620503     0.067982060961399138       3.1941611490224529   1.7900595964014074e-09       2.1045919762829826       2.1045919762829826        12524.78674543486                                                 12430.682623555964                                              94.104121878896649
                       1       6120.3442453730313     0.023651271335742935      0.10988339780376123       68.058345684268076       2.8983845496742533       1.1761360647028991      0.07724705836499135        3.340252313617174   1.8144809641970814e-09       2.1045919762829826       2.1045919762829826       12236.479306793497                                                 12147.285430310738                                              89.193876482759208
                       1       6081.8356672220452     0.023883384793195218      0.11040858676847919       68.029500697415315       2.9059346406909876       1.1684170174995709     0.078149402376760685       3.3427253843904903   1.8282323072474605e-09       2.1045919762829826       2.1045919762829826       12159.462150491525                                                 12073.859166584796                                              85.602983906728127
                       1       6067.2602074109473     0.023883384793195218      0.11040858676847919       68.029500697415315       2.8968896194547136       1.1718803351637102     0.078149402376760685       3.3427253843904903   1.8117704682768426e-09       2.1045919762829826       2.1045919762829826       12130.311230869329                                                   12044.7082469626                                              85.602983906728127
                       2       6064.2389299234464     0.025225675135638115      0.10955919683238731       69.779485751674613       2.9395807541288392       1.1348172774068945     0.088078629019195318       3.2710285429978732   1.8907917583948554e-09       2.1045919762829826       2.1045919762829826       12124.268675894327                                                 12038.524011336141                                              85.744664558186457
                       7        6050.210519059362     0.025037930544166646      0.10929703485752901       69.703087944893511       2.9397985008764893       1.1392141537953753     0.090208267754922369       3.2581691362940233   1.8912035169786486e-09       2.1045919762829826       2.1045919762829826       12096.211854166158                                                 12008.328202857649                                              87.883651308509769
                       1        6050.285652105028     0.025037930544166646      0.10929703485752901       69.703087944893511       2.9399227012219815       1.1394029166673858     0.090208267754922369       3.2581691362940233   1.8914384196960511e-09       2.1045919762829826       2.1045919762829826        12096.36212025749                                                 12008.478468948981                                              87.883651308509769
                       2        5994.090271166875     0.025307246070733862      0.10973192278659402       70.012649219481432       2.9485448658898856       1.1273134462577685     0.091118080057934453       3.1896438334457562   1.9078172221066865e-09       2.1045919762829826       2.1045919762829826       11983.971358381184                                                  11897.06283772015                                              86.908520661033663
                       3       5970.6054929727352     0.025307246070733862      0.10973192278659402       70.012649219481432       2.9293336687337765       1.1504296792393107     0.091118080057934453       3.1896438334457562   1.8715155847516645e-09       2.1045919762829826       2.1045919762829826       11937.001801992905                                                  11850.09328133187                                              86.908520661033663
                       1       5968.0893477231893     0.025307246070733862      0.10973192278659402       70.012649219481432        2.925046522345141       1.1510085304821516     0.091118080057934453       3.1896438334457562   1.8635092977960336e-09       2.1045919762829826       2.1045919762829826       11931.969511493813                                                 11845.060990832779                                              86.908520661033663
                       2        5933.706508102433     0.024896482720147203      0.11371152150232659       69.071333580297619       2.9472430271918513       1.1501335021915329     0.099909122069376188       3.0895882205123306   1.9053351677858999e-09       2.1045919762829826       2.1045919762829826         11863.2038322523                                                 11786.218277546095                                              76.985554706206088
                       2       5927.5262112986329     0.025468445848123543      0.11397792059669255       69.520217812345535        2.980363972171503       1.1340615560733354      0.11081341952230002        3.084952785696514   1.9694983766376036e-09       2.1045919762829826       2.1045919762829826         11850.8432386447                                                 11777.368409553847                                              73.474829090853106
                       4       5838.2703024642369     0.025847550450716385      0.11273849910545834       69.431956140639016        2.991113722777428       1.1278951013570948      0.11483552543884014       3.1846432189360998   1.9907841966565795e-09       2.1045919762829826       2.1045919762829826       11672.331420975908                                                 11604.120137331935                                              68.211283643973218
                       1       5818.3862833429775     0.025543232774727972      0.11238630561762199       69.121003145831565       2.9981865745032517       1.1363601389659235      0.12169252795103419        3.199788814673393   2.0049146304225995e-09       2.1045919762829826       2.1045919762829826        11632.56338273339                                                 11563.051563870746                                              69.511818862643935
                       1       5809.9137853702396     0.025543232774727972      0.11238630561762199       69.121003145831565       2.9938131780596215       1.1590899921103239      0.12169252795103419        3.199788814673393   1.9961654895839444e-09       2.1045919762829826       2.1045919762829826       11615.618386787914                                                  11546.10656792527                                              69.511818862643935
                       2       5801.4077706863927      0.02569000143090357      0.11294756098866679       69.179549961057845       3.0072798398263467       1.1531825211279574      0.12619697084797443       3.1808966837754515   2.0232289935917523e-09       2.1045919762829826       2.1045919762829826        11598.60635742022                                                 11530.221982176676                                              68.384375243543587
                       1       5800.4121355661764      0.02569000143090357      0.11294756098866679       69.179549961057845       3.0063632488500724       1.1520436833031085      0.12619697084797443       3.1808966837754515   2.0213753697904894e-09       2.1045919762829826       2.1045919762829826       11596.615087179787                                                 11528.230711936243                                              68.384375243543587
                       2        5762.320097334331     0.025700711345002084      0.11294251853286448       69.009211671123424       3.0182004546851031       1.1512045026579261       0.1320548758401803       3.1957417236911225   2.0454449835476864e-09       2.1045919762829826       2.1045919762829826       11520.431010716096                                                 11452.649293924696                                              67.781716791399205
                       1       5762.2786636187429     0.025310136868862375      0.11265979892196398       68.727553689168772       3.0096094196661589       1.1619572997158316      0.13173776287625852       3.1969106060043737   2.0279477613055749e-09       2.1045919762829826       2.1045919762829826        11520.34814328492                                                 11450.147025118542                                              70.201118166379175
                       3       5716.7936666613605     0.025343821603943099      0.11340573330237315       68.545660562921654       3.0043052931222776       1.1580694241409821       0.1276315718855151       3.1777897660675993   2.0172197462814589e-09       2.1045919762829826       2.1045919762829826       11429.378149370155                                                 11359.042617998124                                              70.335531372032023
                       1       5579.1495307048817     0.024747338740685697       0.1113186804213489       67.508818681450819       3.0063447644952443       1.1785838880694675      0.13751083215719484       3.3079295449034518   2.0213380063162343e-09       2.1045919762829826       2.1045919762829826       11154.089877457198                                                 11077.201618829669                                               76.88825862752816
                       5       5573.5627284902412     0.024548865446135628      0.11189711817407637       67.209128003760611       2.9875236090502209       1.1828017377294218      0.12909589909645011       3.3024976177650074    1.983649869170588e-09       2.1045919762829826       2.1045919762829826       11142.916273027917                                                 11061.301466593506                                              81.614806434409942
                       4       5565.6394215862074     0.024548865446135628      0.11189711817407637       67.209128003760611       2.9737491343025613       1.1914805276528926      0.12909589909645011       3.3024976177650074   1.9565134581058098e-09       2.1045919762829826       2.1045919762829826       11127.069659219849                                                 11045.454852785439                                              81.614806434409942
                       2       5398.0792357220835       0.0248894689456426      0.10890335941932656       67.196866160890465       2.9609736104477031       1.1885204893721799      0.12426215464906629       3.4263147379122025   1.9316769611833156e-09       2.1045919762829826       2.1045919762829826       10791.949287491601                                                 10714.896045390704                                              77.053242100897123
                       1       5381.2602288003982     0.024633814477758389      0.10871313555916831        66.65556136841262       2.9752617482900869        1.197340628508528      0.13425065917063062       3.4892544025335064   1.9594751471107347e-09       2.1045919762829826       2.1045919762829826       10758.311273648231                                                 10671.837536326137                                               86.47373732209482
                       3       5367.1807564583351     0.024929675572195147      0.10907679804451305       66.825920735668944       2.9998690740736769       1.1876235083173496       0.1432493806968263       3.4767188578913508   2.0082907377801892e-09       2.1045919762829826       2.1045919762829826       10730.152328964105                                                 10644.749664635265                                              85.402664328839563
                       2       5355.1124212691393     0.025024111665936863       0.1090470395722635       66.856703122752066       2.9981128236651915       1.1851969243752556      0.14157168416334787       3.4825844470089877   2.0047667717407848e-09       2.1045919762829826       2.1045919762829826       10706.015658585713                                                  10620.62781621351                                              85.387842372204005
                       1       5309.3369885128714     0.024965216762437605      0.10908392848484263       66.692796235176033       2.9951772646844486       1.1852465418802143      0.14054351617524763       3.4767195509865889   1.9988902902387812e-09       2.1045919762829826       2.1045919762829826       10614.464793073177                                                 10526.065131125442                                               88.39966194773568
                       8       5287.9486421911006     0.024957895596155522      0.10816354966524903       66.703159177073502        2.996603430619154       1.1876592699951658      0.14273961417856523        3.508367283771205   2.0017430732653844e-09       2.1045919762829826       2.1045919762829826       10571.688100429636                                                 10485.712474047044                                              85.975626382591187
                       1       5276.1678399762714     0.024945181693766565      0.10764751669390493       66.699992833955264       2.9983299808613753       1.1892286331119446      0.14451290176669165       3.5263373381490224   2.0052021685450017e-09       2.1045919762829826       2.1045919762829826       10548.126495999977                                                 10463.334045415522                                              84.792450584455651
                       1       5275.7412688027816     0.024939403419496242      0.10763550221142357       66.698751238919272       2.9978867317579314        1.189382878585989      0.14435981679916865       3.5259965572218492   2.0043135614332722e-09       2.1045919762829826       2.1045919762829826       10547.273353652998                                                 10462.542256555627                                              84.731097097370991
                       1       5157.9907718064069     0.025358958972660169      0.10746169623699497       66.566641588759097       2.9878352093492873        1.177702725547072      0.13588556147803824       3.5704391794249002   1.9842680713740579e-09       2.1045919762829826       2.1045919762829826       10311.772359660248                                                 10219.598290172167                                               92.17406948808005
                       4       5105.5466678683315      0.02487250157930751      0.10823621665518811        65.64189357542034       2.9833959293519685       1.1888624690511784      0.13711795244926839       3.5993796953471722    1.975478873105729e-09       2.1045919762829826       2.1045919762829826       10206.884151784097                                                 10086.757773351845                                              120.12637843225322
                       6       5070.5715640942799     0.024872058870480017       0.1073524524060398       65.614803665320849       2.9829316808839943       1.1907092503085563      0.13824796843850742        3.630600161911814   1.9745619729165964e-09       2.1045919762829826       2.1045919762829826       10136.933944235994                                                 10018.634680704828                                              118.29926353116609
                       2       5035.6218740520962     0.024631460074080985      0.10816877634359877       65.019791494542787       3.0053405870013923        1.194228997158497      0.15047861008667951       3.6372314592766593    2.019309242972548e-09       2.1045919762829826       2.1045919762829826       10067.034564151627                                                 9923.9904968578085                                              143.04406729381856
                       4       5017.9615983251788     0.024647028327910624      0.10868541660357305       64.876778151208086       3.0078219127702743       1.1920679910875389      0.15080516651103623       3.6299318582725535   2.0243260285981829e-09       2.1045919762829826       2.1045919762829826       10031.714012697792                                                  9878.934841944827                                               152.7791707529652
                       1       4967.4851326765256     0.024668807957257559      0.10767052994761055       64.530926460622069        3.027815289940174       1.1949658764376485      0.16236183269902171       3.7207025121558313   2.0652064494701778e-09       2.1045919762829826       2.1045919762829826       9930.7610814004856                                                 9761.0418778022922                                              169.71920359819384
                       1       4933.0383960645304     0.024920393725323637      0.10755142183679046       64.563256625098731       3.0165843541737591       1.1892250997311333      0.15473483038358188       3.7491961015579882   2.0421420085525255e-09       2.1045919762829826       2.1045919762829826       9861.8676081764952                                                 9686.2232021892032                                              175.64440598729254
                       1       4909.4721261803797     0.024986306169992627        0.106648288466483       64.629317378109135       3.0094870125853088       1.1900545049677431      0.15200021469113076       3.7838683147481316    2.027699541332248e-09       2.1045919762829826       2.1045919762829826       9814.7350684081939                                                 9644.6807602746412                                              170.05430813355179
                       7       4896.8302532593798     0.024815775545310999      0.10736131600457348       64.305506213600708       2.9888342858263339       1.1931494209726081       0.1422202360466579       3.7776565349562583   1.9862514975605657e-09       2.1045919762829826       2.1045919762829826        9789.451322566194                                                 9601.5768656871915                                              187.87445687900239
                       1       4895.8878424293134     0.024815775545310999      0.10736131600457348       64.305506213600708       3.0030410275533863       1.1874591003752395       0.1422202360466579       3.7776565349562583   2.0146710562613448e-09       2.1045919762829826       2.1045919762829826       9787.5665009060613                                                 9599.6920440270587                                              187.87445687900239
                       1       4851.7477400886492     0.024478495964058249      0.10637840192922841       63.844551792190067       2.9752069206381493       1.1999205439255483      0.13304780026750265       3.8411776345474835   1.9593677166344959e-09       2.1045919762829826       2.1045919762829826       9699.2862962247327                                                 9496.6606832272664                                              202.62561299746653
                       3       4806.0973866351269     0.024637714410385331      0.10584513732767187       63.767133958623141       2.9865743576776564       1.1969332130820984      0.13817088320379478       3.8840610746337076   1.9817677802386672e-09       2.1045919762829826       2.1045919762829826       9607.9855893176882                                                 9396.0855404961258                                              211.90004882156174
                       1       4793.0777525955591     0.024674118577161463      0.10600250975335035       63.728968116520242       2.9854750166606676       1.1952751813373235      0.13705167530985629       3.8818880303380427   1.9795903387263826e-09       2.1045919762829826       2.1045919762829826       9581.9463212385526                                                 9365.1557432688023                                              216.79057796975118
                       1       4698.7038328428962     0.025209437878442351      0.10695295209624157       63.493058272473732       3.0284562116336637       1.1766761668830785      0.15229186736155495        3.903064206063672   2.0665305093492035e-09       2.1045919762829826       2.1045919762829826       9393.1984817332268                                                 9129.4272520177747                                              263.77122971545185
                       2       4669.0911684336925     0.025362571623021565      0.10578388945640226       63.594613388903518        3.026017269293368       1.1761836906514485      0.15153311034511735       3.9560280289721002   2.0614965019147495e-09       2.1045919762829826       2.1045919762829826       9333.9731529148194                                                 9077.4918584524548                                              256.48129446236413
                       1        4566.263329297939      0.02542734632884195      0.10607968212939484       63.226167386320519       3.0021813025342654       1.1718260596222358      0.13861053783035004       3.9642612469824559   2.0129397374846517e-09       2.1045919762829826       2.1045919762829826       9128.3174746433124                                                  8834.945833643369                                              293.37164099994357
                       3       4546.4205534606162     0.025552295620600799      0.10516567747708491       63.626283985086836       3.0069337589458547       1.1686973172181678      0.14102632325442482       3.9429246333941057   2.0225289138693035e-09       2.1045919762829826       2.1045919762829826       9088.6319229686669                                                 8830.5891770289236                                              258.04274593974327
                       2       4496.7700169080263     0.025094191982235524      0.10454846243723989       63.176583603891054       2.9887819181049426        1.181213783183507      0.13705678754666434       3.9569548530625536   1.9861474848190072e-09       2.1045919762829826       2.1045919762829826       8989.3308498634869                                                  8718.321270263119                                              271.00957960036743
                       3       4494.6644170816717     0.025094191982235524      0.10454846243723989       63.176583603891054       3.0026487514940503       1.1769496476779389      0.13705678754666434       3.9569548530625536   2.0138809040275713e-09       2.1045919762829826       2.1045919762829826       8985.1196502107778                                                 8714.1100706104098                                              271.00957960036743
                       1        4456.027978599277     0.025125791036967483      0.10544156490444367       62.752222923469326       3.0066519865779182       1.1737036318350016      0.13753844998194209       3.9707352173083406   2.0219591013904985e-09       2.1045919762829826       2.1045919762829826       8907.8467732459885                                                 8590.3148930164152                                              317.53188022957249
                       1       4416.8784412573805     0.025379782418224268      0.10486967335222108       62.868578047753509       2.9867073330920069       1.1688347805081201      0.12619476240713259       4.0034781589927046   1.9820313241524327e-09       2.1045919762829826       2.1045919762829826       8829.5476985621954                                                 8512.5524355074904                                              316.99526305470545
                       2       4362.4095786268817     0.025333247079693661      0.10325813445907697       62.675408731241831       2.9996795777658232       1.1743152051864054      0.13567261847539239       4.0844971353522901   2.0079102101557116e-09       2.1045919762829826       2.1045919762829826       8720.6099733011979                                                 8396.2999939141919                                              324.30997938700659
                       1       4216.9036103562521     0.024545160011191901      0.10242825100112496       61.678279652698507       2.9600697028909124       1.1933026650940903      0.12425922885378823       4.0999006538700149   1.9299316926803486e-09       2.1045919762829826       2.1045919762829826       8429.5980367599386                                                 8054.1045914704446                                              375.49344528949467
                       1       4192.8008997515881     0.024866172975258734      0.10138281119451377       62.540817246884416       2.9926229391611527       1.1825332048352386      0.13870498466136774       4.0240391957200634   1.9937909891621674e-09       2.1045919762829826       2.1045919762829826       8381.3926155506106                                                 8084.2885544018054                                               297.1040611488051
                       1       4137.6705825270847     0.025203206293608865      0.10150123851832028       62.529017274767781       2.9938039912102856       1.1724360165276859       0.1360844513978588       4.0408604229992973   1.9961471511965779e-09       2.1045919762829826       2.1045919762829826       8271.1319811016037                                                 7953.4847115851671                                              317.64726951643701
                       3       4134.5111547223205     0.025203206293608865      0.10150123851832028       62.529017274767781       3.0012088516955493        1.165424429050868       0.1360844513978588       4.0408604229992973   2.0109832040191389e-09       2.1045919762829826       2.1045919762829826       8264.8131254920754                                                 7947.1658559756379                                              317.64726951643701
                       2       4088.3555391542109     0.024240555858118722     0.099529180697001854       61.589129086258851       2.9650183498635592       1.1978294121619244      0.13002755602589372       4.1460054887487674    1.939505913489489e-09       2.1045919762829826       2.1045919762829826       8172.5018943558562                                                 7826.0331766636691                                              346.46871769218711
                       3       4087.6832284820625     0.024240555858118722     0.099529180697001854       61.589129086258851       2.9712702270543958       1.1810687448154589      0.13002755602589372       4.1460054887487674   1.9516694491184008e-09       2.1045919762829826       2.1045919762829826       8171.1572730115595                                                 7824.6885553193724                                              346.46871769218711
                       1       4074.7108740250133      0.02418522330277725     0.098151158772631211       61.730026956524959       2.9975956887633295       1.1850680220030325      0.14570487070674654       4.1710868392463842   2.0037303048927135e-09       2.1045919762829826       2.1045919762829826       8145.2125640974609                                                 7825.3194419929523                                              319.89312210450902
                       1       3965.0231256287334     0.025028870660151917     0.099247103641420364       61.766832520041149       3.0154502094035518       1.1566241369489294      0.14525725679834922       4.1655240706526815    2.039827236764785e-09       2.1045919762829826       2.1045919762829826       7925.8370673049012                                                 7552.1502727473699                                              373.68679455753124
                       1       3965.9732217257915     0.025028870660151917     0.099247103641420364       61.766832520041149        3.010650748078028       1.1637747923302499      0.14525725679834922       4.1655240706526815   2.0300606208266076e-09       2.1045919762829826       2.1045919762829826       7927.7372594990175                                                 7554.0504649414861                                              373.68679455753124
                       1       3954.2978745370988     0.025114940470382631     0.098647003098308095       62.068615317741681       2.9910996263806591       1.1626040739730321      0.13552146447374083       4.1552279232050262   1.9907561339704539e-09       2.1045919762829826       2.1045919762829826        7904.386565121632                                                 7562.4491492698489                                              341.93741585178299
                       2       3954.0488745564739     0.025111468905641806     0.098656881984150263       62.062772644479423       2.9909390797246433       1.1626633459531912      0.13545826126645666       4.1550608968874716   1.9904365503849266e-09       2.1045919762829826       2.1045919762829826       7903.8885651603823                                                 7561.4822434571843                                              342.40632170319827
                       2       3886.5246103256509     0.024994031043700227     0.097291459914943937       61.894336578160654       2.9912097449884847       1.1678877164893593      0.13873343377312136       4.1983793509927407   1.9909753653349519e-09       2.1045919762829826       2.1045919762829826       7768.8400366987362                                                 7424.5190620226831                                              344.32097467605274
                       1       3805.7554754227481     0.025741756353229714     0.093824604900832304       62.783657467115418       2.9655199745117775       1.1578838990560991       0.1244016230811251       4.3064724877989855   1.9404790615181732e-09       2.1045919762829826       2.1045919762829826       7607.3017668929306                                                 7329.9210364180799                                              277.38073047485051
                       1       3791.9328428937097     0.025840811909489014     0.093725458703676934       63.071637120491324       2.9674156858351766       1.1531929785613615      0.12438344822341024       4.2617366746188674   1.9441611386228458e-09       2.1045919762829826       2.1045919762829826       7579.6565018348538                                                 7325.1376653056268                                              254.51883652922672
                       1       3675.1780794510632     0.024762452823247828     0.092433682931605532       61.953973592487664       2.9013079410222109       1.1834437666970794      0.10319749341471239       4.3048402515680912   1.8197931631838608e-09       2.1045919762829826       2.1045919762829826       7346.1469749495609                                                 7052.5072710157347                                              293.63970393382584
                       1       3673.6059268107492     0.024762452823247828     0.092433682931605532       61.953973592487664       2.9236557278171404       1.1499800449847366      0.10319749341471239       4.3048402515680912   1.8609193407283211e-09       2.1045919762829826       2.1045919762829826       7343.0026696689329                                                 7049.3629657351066                                              293.63970393382584
                       2       3608.9299777829492      0.02423564483964771     0.088446561838886689       61.930256917445803       2.9570505042783943       1.1731738114637837      0.13069328977376035        4.405849025501718   1.9241136329500583e-09       2.1045919762829826       2.1045919762829826       7213.6507716133328                                                 6968.6669871074018                                              244.98378450593128
                       2        3581.264159234333      0.02423564483964771     0.088446561838886689       61.930256917445803       2.9986254540554453       1.1542917364452037      0.13069328977376035        4.405849025501718   2.0057947395746145e-09       2.1045919762829826       2.1045919762829826       7158.3191345161003                                                 6913.3353500101693                                              244.98378450593128
                       1       3558.0484245800999     0.024318337017723884     0.088856263421177847       61.819417150510532       2.9951140244217709       1.1504920038558237      0.12757773377957718       4.4025073801948782     1.99876388388879e-09       2.1045919762829826       2.1045919762829826       7111.8876652076342                                                 6850.4934612637826                                              261.39420394385189
                       5        3557.782395591425     0.024318337017723884     0.088856263421177847       61.819417150510532       3.0179680890516258       1.1278484687378758      0.12757773377957718       4.4025073801948782   2.0449697476447258e-09       2.1045919762829826       2.1045919762829826       7111.3556072302845                                                 6849.9614032864329                                              261.39420394385189
                       2       3558.2333759877047     0.024318337017723884     0.088856263421177847       61.819417150510532       3.0165818676155087       1.1316815833437308      0.12757773377957718       4.4025073801948782   2.0421369306537787e-09       2.1045919762829826       2.1045919762829826       7112.2575680228438                                                 6850.8633640789922                                              261.39420394385189
                       2       3557.7529458673453     0.024318337017723884     0.088856263421177847       61.819417150510532       3.0010598549570959       1.1464641239129529      0.12757773377957718       4.4025073801948782   2.0106835964014887e-09       2.1045919762829826       2.1045919762829826       7111.2967077821249                                                 6849.9025038382733                                              261.39420394385189
                       1       3462.7477484578731     0.023239382037163043      0.08479684843720342       61.619456927355571       3.0328457495561056       1.1795631725198668      0.15903493956462622       4.4195040504666947   2.0756215615498422e-09       2.1045919762829826       2.1045919762829826       6921.2863129631805                                                 6719.2473854806294                                              202.03892748255151
                       1        3463.287785715223      0.02309902207252839     0.086546299568753177       60.497007611200502       3.0766296888494034       1.1798560013003012       0.1799140297917555       4.4808158006673109   2.1685193248084643e-09       2.1045919762829826       2.1045919762829826       6922.3663874778804                                                 6615.1354612131181                                              307.23092626476216
                       2       3358.9186820741224     0.023341581941539773     0.084913192185899877       60.419351453646073       3.0711192154440887       1.1770365083872223      0.17754831141356497       4.5646649930288836   2.1566026202365351e-09       2.1045919762829826       2.1045919762829826       6713.6281801956793                                                 6393.4273824885186                                              320.20079770716069
                       2       3331.4972330261476     0.023823165927586355     0.087184915060996099       59.518147540307638       3.1063874581453561       1.1592458891699917         0.18776411075468       4.6329955976189883   2.2340193565864669e-09       2.1045919762829826       2.1045919762829826       6658.7852820997296                                                 6178.7239312581396                                              480.06135084158979
                       3       3311.9731390457005      0.02337978059112358     0.083805502212025748       59.250619539011595         3.11568107541992       1.1822759678507127      0.20183657201689548       4.7819187744680516   2.2548782546442074e-09       2.1045919762829826       2.1045919762829826       6619.7370941388353                                                 6161.8411045615185                                              457.89598957731687
                       2       3305.4036691424076      0.02337978059112358     0.083805502212025748       59.250619539011595       3.1294645697689436       1.1635184256056188      0.20183657201689548       4.7819187744680516   2.2861735400523608e-09       2.1045919762829826       2.1045919762829826       6606.5981543322496                                                 6148.7021647549327                                              457.89598957731687
                       3       3305.6568649879914      0.02337978059112358     0.083805502212025748       59.250619539011595       3.1288596679047762       1.1597244121752701      0.20183657201689548       4.7819187744680516    2.284791047594461e-09       2.1045919762829826       2.1045919762829826       6607.1045460234172                                                 6149.2085564461004                                              457.89598957731687
                       1       3304.4360956065993      0.02337978059112358     0.083805502212025748       59.250619539011595       3.1326676316724398       1.1553806758043399      0.20183657201689548       4.7819187744680516   2.2935080355741257e-09       2.1045919762829826       2.1045919762829826       6604.6630072606331                                                 6146.7670176833162                                              457.89598957731687
                       1       3300.4469415330723     0.023304563120109843     0.083436613174637367       59.238275969452765       3.1202202654954707       1.1593557886061239      0.19692024686725557       4.8003502044789563   2.2651368408614394e-09       2.1045919762829826       2.1045919762829826        6596.684699113579                                                  6145.239115489816                                              451.44558362376347
                       3       3289.3750713090571     0.023194761738320965     0.083077270413015519        59.16240335519776       3.1194399839242131       1.1628710631803647       0.1980686308379962       4.8085869106123154   2.2633700857010241e-09       2.1045919762829826       2.1045919762829826       6574.5409586655487                                                 6124.2553812052847                                              450.28557746026434
                       1       3288.7665433449051     0.023194761738320965     0.083077270413015519        59.16240335519776       3.1307799203946769         1.14332977153967       0.1980686308379962       4.8085869106123154   2.2891826384246684e-09       2.1045919762829826       2.1045919762829826       6573.3239027372447                                                 6123.0383252769807                                              450.28557746026434
                       2       3238.5962593795243     0.023225259213431691     0.084707464335619473       58.859870063394794       3.0877635708162599       1.1373373533192872      0.17381665304692484       4.7631474037002297   2.1927982716703131e-09       2.1045919762829826       2.1045919762829826       6472.9833348064831                                                 5967.6244632428015                                              505.35887156368165
                       1       3119.9039047324814     0.023153277918022703     0.083392444359889212       57.987915859613821       3.0821228010169786       1.1422804801172775      0.17397805297956756       4.8950056457381788   2.1804640214411925e-09       2.1045919762829826       2.1045919762829826       6235.5986255123971                                                 5615.0484725679144                                              620.55015294448242
                       1       3095.3132619298813     0.023031304574170058     0.082819760920569363        57.98642273843015       3.0783953055222955       1.1458501219085613      0.17401680086747712       4.8923756569792474   2.1723514807475134e-09       2.1045919762829826       2.1045919762829826       6186.4173399071969                                                 5582.2046480849476                                              604.21269182224944
                       1       3089.9959096569214     0.022834654644536215     0.081756298852257908       58.006723220048571       3.0854167558596708       1.1535371852160616      0.18089542270698394       4.9113382386358984   2.1876582136312062e-09       2.1045919762829826       2.1045919762829826       6175.7826353612772                                                 5601.3912157270224                                              574.39141963425504
                       4       3023.4600293363155     0.022387812359082444     0.080222367333758496        57.74395833169833       3.0363020954735567       1.1699404706230143      0.16281731439698366       4.9568507219720068   2.0828080399836422e-09       2.1045919762829826       2.1045919762829826       6042.7108747200655                                                 5480.5188064101994                                              562.19206830986604
                       1       3017.9166228264066     0.022315670414908131     0.080461076561395867        57.68725554125087       3.0353068709146038       1.1701882684642595      0.16254467917577681       4.9352420175123628   2.0807362094100083e-09       2.1045919762829826       2.1045919762829826       6031.6240617002477                                                 5465.8850648244361                                              565.73899687581206
                       1       3014.8808130854213     0.022458261648351709     0.080132206329545777        57.99422076305148       3.0346060704236524       1.1670621501368128      0.16132105583548623       4.9250861438226767   2.0792785392805423e-09       2.1045919762829826       2.1045919762829826       6025.5524422182771                                                 5496.0013283284907                                              529.55111388978594
                       7       2921.7918129664677     0.021988255856429013     0.078770273712827202       57.418757386923609       3.0051142932871118       1.1812220371798807       0.1529583439209487       4.9710441319842245    2.018852337683022e-09       2.1045919762829826       2.1045919762829826       5839.3744419803697                                                 5276.4564214559996                                              562.91802052436969
                       1       2913.8122675073828     0.021988255856429013     0.078770273712827202       57.418757386923609       3.0289331354283093        1.158329761565374       0.1529583439209487       4.9710441319842245   2.0675163219815381e-09       2.1045919762829826       2.1045919762829826          5823.4153510622                                                 5260.4973305378298                                              562.91802052436969
                       1       2873.0995766500259      0.02214033187051468     0.078646135828439559       57.483159259858176       3.0007298076286717       1.1544472261247722       0.1376772643209444       4.9754931255160351   2.0100200851532707e-09       2.1045919762829826       2.1045919762829826       5741.9899693474863                                                 5176.3201619600104                                                565.669807387476
                       2       2867.1347722600372     0.022238055179830352     0.078429948440059502       57.516540804509802       3.0028238391127902       1.1528376464016241      0.13820912158922929       4.9939817520465102   2.0142335405097232e-09       2.1045919762829826       2.1045919762829826       5730.0603605675087                                                 5162.0838140756687                                              567.97654649184028
                       1       2756.8657500478866     0.023373790538163269     0.076733373816598685       58.825153297371358       3.0406118604105341       1.1205875355315797      0.14882395360279563       4.9498475021395461   2.0918038239780131e-09       2.1045919762829826       2.1045919762829826       5509.5223161432077                                                 5049.9618490212497                                              459.56046712195797
                       5       2753.5991499890865     0.023373790538163269     0.076733373816598685       58.825153297371358        3.035329146730986       1.1357232077412689      0.14882395360279563       4.9498475021395461   2.0807825600239954e-09       2.1045919762829826       2.1045919762829826       5502.9891160256075                                                 5043.4286489036494                                              459.56046712195797
                       3       2750.0769113743008     0.023373790538163269     0.076733373816598685       58.825153297371358       3.0571876576136137       1.1206471521651353      0.14882395360279563       4.9498475021395461   2.1267661032711565e-09       2.1045919762829826       2.1045919762829826       5495.9446387960361                                                 5036.3841716740781                                              459.56046712195797
                       4       2749.0216302702534     0.023259179247831305     0.076655352167113305        58.75718905955263       3.0522468462797918       1.1239449374026007      0.14751766846200601       4.9498055389019227   2.1162840694032018e-09       2.1045919762829826       2.1045919762829826       5493.8340765879411                                                  5034.806385896035                                              459.02769069190583
                       1       2722.6524245104029     0.023096459168591099     0.077305638606022756       58.532773139197076       3.0372302681534915        1.124452778195929      0.14039506624568404       4.9077077019286675   2.0847421429558199e-09       2.1045919762829826       2.1045919762829826       5441.0956650682401                                                 4960.4291683185393                                               480.6664967497012
                       2       2713.6461388399011     0.023469883169933554     0.078836382472184163        58.10732794093461       3.0543047930408425        1.109996443060153      0.14336595834948893       4.9239646604764928   2.1206437538098369e-09       2.1045919762829826       2.1045919762829826       5423.0830937272367                                                 4833.9442527018437                                              589.13884102539339
                       4       2689.7982086931638     0.023518690672666778     0.078381268879717164       58.049112807923159       3.0393003834732295       1.1105128552522483      0.13620260563958275       4.9565540581390417   2.0890622696410927e-09       2.1045919762829826       2.1045919762829826        5375.387233433762                                                 4775.7908168195136                                               599.5964166142486
                       7       2648.5551491613587     0.023646448199900669     0.077732436715966399       57.982056789904114        3.037334748377416       1.1081666614681889      0.13508677352262116       4.9920123892968062   2.0849599686607821e-09       2.1045919762829826       2.1045919762829826       5292.9011143701518                                                 4675.6837609416871                                              617.21735342846523
                       2       2642.3799103496799     0.023911324871259427     0.077636271660825748       58.418511966745008       3.0273565811202108       1.1011326739721987      0.12773181842538081       4.9676016258596176   2.0642593382974923e-09       2.1045919762829826       2.1045919762829826       5280.5506367467942                                                 4709.1193934906214                                              571.43124325617293
                       8       2586.5386104396521     0.024067894063084287     0.079539594963113067       57.674236970887499       3.0240695007384035       1.0874451790145692      0.12174121544382005       4.9349527253469105   2.0574850917696292e-09       2.1045919762829826       2.1045919762829826       5168.8680369267386                                                 4443.0552986123803                                              725.81273831435828
                       2       2577.0268206414758     0.024178288931911537     0.079676085851340839       57.746826667024237       3.0110563432900985       1.0839505423782518      0.11400948299632149       4.9270272741592773   2.0308841706972798e-09       2.1045919762829826       2.1045919762829826       5149.8444573303859                                                 4424.3904195295227                                              725.45403780086349
                       2       2542.7327888741547     0.024539853972029829     0.079847669563366044       57.910342218575934       3.0107597230601382       1.0715861760756842      0.11019826461243737       4.9079291253665653   2.0302818587009221e-09       2.1045919762829826       2.1045919762829826       5081.2563937957439                                                 4346.3955047336967                                              734.86088906204759
                       2       2537.7680790555519     0.024099756797539128     0.079717591078298039       57.906670822762059        2.988498994977915       1.0826085135104881      0.10310882109130849       4.8593607247583792   1.9855856372454484e-09       2.1045919762829826       2.1045919762829826       5071.3269741585382                                                  4383.131917863866                                               688.1950562946721
                       3       2536.8962729771051     0.024099756797539128     0.079717591078298039       57.906670822762059       3.0235898939948087       1.0504386537389112      0.10310882109130849       4.8593607247583792   2.0564985446410095e-09       2.1045919762829826       2.1045919762829826       5069.5833620016447                                                 4381.3883057069725                                               688.1950562946721
                       1       2519.7580291831678     0.024208570055333455     0.079786944083001729       57.859215735837161        3.034777058259543       1.0460143664722235      0.10756640006429515       4.8576386286971269   2.0796341010156871e-09       2.1045919762829826       2.1045919762829826       5035.3068744137699                                                 4327.3724519748603                                              707.93442243890968
                       1       2506.5779612311653     0.024190509427169504     0.078529768881059434       58.404335570642999       3.0396771309571284       1.0490964181995246      0.11189246078500309       4.8388965393904471   2.0898494668728653e-09       2.1045919762829826       2.1045919762829826       5008.9467385097651                                                 4405.7752551118419                                              603.17148339792288
                       1       2505.7068013176422     0.024190509427169504     0.078529768881059434       58.404335570642999       3.0355437691373854       1.0555073713024716      0.11189246078500309       4.8388965393904471   2.0812291905109625e-09       2.1045919762829826       2.1045919762829826       5007.2044186827188                                                 4404.0329352847957                                              603.17148339792288
                       2       2504.3601194541097     0.024243153493589752     0.077499787560260117       58.357601122392637       3.0535510103501879        1.058519386390961      0.12215058596868504        4.910892481061742   2.1190458515663562e-09       2.1045919762829826       2.1045919762829826       5004.5110549556539                                                 4396.3772376115976                                              608.13381734405618
                       2       2480.6211997066962     0.024649539077399717     0.076975271325508215       58.674126180631546        3.049568300741599       1.0490983865954062       0.1172667689097693       4.9320783475658505   2.1106230911302077e-09       2.1045919762829826       2.1045919762829826       4957.0332154608268                                                 4365.6377926286814                                               591.3954228321453
                       3       2467.0797913534243     0.024867651239613934     0.077325591646951256       58.786507889211784       3.0606458187824166       1.0404597824085839       0.1201721913187052       4.9053769906159346    2.134133534765185e-09       2.1045919762829826       2.1045919762829826        4929.950398754283                                                 4333.8313400855532                                              596.11905866872962
                       5       2466.1823184416044     0.025131843544699582     0.076721193084644007       59.239353346636591       3.0614090218470915       1.0355216665866718      0.11902200416348649       4.9091145656278146    2.135762933721391e-09       2.1045919762829826       2.1045919762829826       4928.1554529306432                                                 4383.2678845870369                                              544.88756834360674
                       2       2449.5895828578123     0.024986570589931555     0.076038016685275281       59.159007554456679       3.0609401264015657       1.0410228976023654      0.12115754008036254       4.9294741313436248   2.1347617189599109e-09       2.1045919762829826       2.1045919762829826        4894.969981763059                                                 4356.1578655967523                                              538.81211616630617
                       4       2436.7928680162718     0.024973498615941774     0.075794745398989449       59.224675017649801       3.0516764877132641       1.0416110092595434      0.11697452441239467       4.9245036781413098   2.1150773728125929e-09       2.1045919762829826       2.1045919762829826        4869.376552079978                                                 4343.6610247958051                                              525.71552728417316
                       9       2436.5419866441589     0.024973498615941774     0.075794745398989449       59.224675017649801       3.0489588416318636       1.0431036972264571      0.11697452441239467       4.9245036781413098   2.1093371445658291e-09       2.1045919762829826       2.1045919762829826       4868.8747893357522                                                 4343.1592620515794                                              525.71552728417316
                       6       2425.1050869204673     0.024998537278174932     0.075435520021783803        59.20514987658288       3.0557344032380858       1.0430653366290485      0.12068749721121672       4.9401296549779614   2.1236776158483441e-09       2.1045919762829826       2.1045919762829826       4846.0009898883691                                                 4317.9563137939731                                              528.04467609439644
                       3       2425.1005484664211     0.024998537278174932     0.075435520021783803        59.20514987658288       3.0543258941016762       1.0435957542786867      0.12068749721121672       4.9401296549779614   2.1206885021148096e-09       2.1045919762829826       2.1045919762829826       4845.9919129802765                                                 4317.9472368858806                                              528.04467609439644
                       1         2397.76680524936      0.02454600304308506      0.07678315198291813       58.132812700391618       3.0497620422985672       1.0490012402296898       0.1205190128691143       4.9271844582337048   2.1110320461485682e-09       2.1045919762829826       2.1045919762829826       4791.3244265461544                                                  4123.452334344619                                              667.87209220153534
                       2       2394.1802384543216     0.024567997059432772     0.076730420641618988       58.132706536943417        3.048241207614597       1.0485209228581689      0.11964453507180083       4.9304952830096589   2.1078239554999196e-09       2.1045919762829826       2.1045919762829826       4784.1512929560777                                                 4114.4964961912901                                              669.65479676478742
                       1       2371.4785357492397     0.024567371770712994     0.076634003886005567       57.726305045549175       3.0519448161657574       1.0477712085748958      0.12173967485238887       4.9665491340046044   2.1156449844007069e-09       2.1045919762829826       2.1045919762829826       4738.7478875459137                                                 3998.0697378769009                                              740.67814966901267
                       1       2363.2457898043976     0.024715564398098938     0.076579786341569381       57.858753105480304       3.0535491480601054       1.0434136416285793       0.1212330957913202        4.961220157573754   2.1190419052919566e-09       2.1045919762829826       2.1045919762829826       4722.2823956562297                                                 3990.5655732492896                                              731.71682240693997
                       1       2298.6204849347332     0.024065835576298725     0.074215879129259713       57.961266172944732       3.0691068153493362       1.0624268454344972      0.13813565267498937       4.9357333304918543   2.1522670368466102e-09       2.1045919762829826       2.1045919762829826       4593.0317859169008                                                  3967.312905305309                                              625.71888061159143
                       1       2297.7891458228828     0.024065835576298725     0.074215879129259713       57.961266172944732       3.0689123224144246        1.066566612678048      0.13813565267498937       4.9357333304918543   2.1518484768187039e-09       2.1045919762829826       2.1045919762829826          4591.3691076932                                                 3965.6502270816086                                              625.71888061159143
                       5       2298.6967246386284     0.024065835576298725     0.074215879129259713       57.961266172944732       3.0597564160513833       1.0765784274862151      0.13813565267498937       4.9357333304918543   2.1322362744103126e-09       2.1045919762829826       2.1045919762829826       4593.1842653246913                                                 3967.4653847130999                                              625.71888061159143
                       4       2244.6689364417211     0.024573831144693813     0.072960168232826583       58.234290391783638       3.0542239977457712        1.065615887678157      0.13268850928057935        4.989585319528941   2.1204724226934744e-09       2.1045919762829826       2.1045919762829826       4485.1286889308767                                                 3865.5405710338646                                              619.58811789701178
                       5       2244.7824931088289     0.024573831144693813     0.072960168232826583       58.234290391783638       3.0544414070098349       1.0642848768232309      0.13268850928057935        4.989585319528941   2.1209334831599518e-09       2.1045919762829826       2.1045919762829826       4485.3558022650923                                                 3865.7676843680802                                              619.58811789701178
                       1       2241.4223236890894     0.024609673092970501     0.072705307827901952       58.433086119915345       3.0532673258243332       1.0638763244642191      0.13210140535310627       4.9796084155682694   2.1184447963077592e-09       2.1045919762829826       2.1045919762829826       4478.6354634256131                                                 3890.3498921302826                                              588.28557129533078
                       1       2241.6006734422449     0.024609673092970501     0.072705307827901952       58.433086119915345       3.0850355783308046       1.0303523449214791      0.13210140535310627       4.9796084155682694   2.1868244863884699e-09       2.1045919762829826       2.1045919762829826       4478.9921629319242                                                 3890.7065916365932                                              588.28557129533078
                       1         2240.15333370496     0.024609673092970501     0.072705307827901952       58.433086119915345       3.0746222281023674       1.0413913707693532      0.13210140535310627       4.9796084155682694    2.164170473918902e-09       2.1045919762829826       2.1045919762829826       4476.0974834573544                                                 3887.8119121620234                                              588.28557129533078
                       3       2237.1644407009439     0.024613272541139798     0.072747024947252562       58.438042844481103       3.0694990224499477       1.0411592440513675      0.12944060202741595       4.9766020675364411   2.1531113368202731e-09       2.1045919762829826       2.1045919762829826       4470.1196974493223                                                 3881.9927964292328                                              588.12690102008969
                       2       2230.0192695071228     0.024772806232455053     0.073499984127594786       58.665589562280367       3.0823022079466105       1.0317076878145559      0.13297868731102833       4.9021222104856088   2.1808552468896809e-09       2.1045919762829826       2.1045919762829826         4455.82935506168                                                 3884.0932407001383                                              571.73611436154204
                       1       2223.5609941116327     0.024710462529186766     0.072945030784008866        58.85237487193762       3.0798306686019994       1.0348928138201687      0.13309534401600831       4.8984419424834611   2.1754718327424129e-09       2.1045919762829826       2.1045919762829826       4442.9128042706998                                                 3910.3829814680548                                              532.52982280264519
                       5       2219.9713371976968     0.024374631703715316     0.072196590676455286        59.15149685047075       3.0586074604369418        1.046154444423824      0.12653733267517564       4.8665340846307927    2.129787836414152e-09       2.1045919762829826       2.1045919762829826        4435.733490442828                                                 3981.6751651906234                                              454.05832525220484
                      16       2170.5048862857507     0.024477270229268371     0.069407313613989816        59.24587342868876       3.0495076218080981       1.0530336420394877      0.12552940361020298       4.9975543423742463   2.1104950246575234e-09       2.1045919762829826       2.1045919762829826       4336.8005886189358                                                 3906.5026723335791                                              430.29791628535634
                       1       2169.2903611863198     0.024522943633083973     0.069399882164567273       59.402579456719472       3.0478914652620022        1.051460722339314      0.12424916520261857       4.9804211214857288   2.1070868890900509e-09       2.1045919762829826       2.1045919762829826       4334.3715384200741                                                 3921.7356759383624                                              412.63586248171134
                       6       2119.0981284930126     0.024317010336697996     0.069721322167221572       58.749354148253751       3.0382030562635634       1.0525161919803188       0.1207542314964692       4.9771564514646762   2.0867711420581481e-09       2.1045919762829826       2.1045919762829826       4233.9870730334596                                                 3745.9172379983024                                              488.06983503515698
                       4       2110.0622252462199     0.024408873910020171     0.069426270470334228       58.895944145344345        3.040792745936626       1.0503483725674367      0.12161206646110896       4.9755256596992199   2.0921822352367224e-09       2.1045919762829826       2.1045919762829826       4215.9152665398742                                                 3743.5739258174758                                              472.34134072239851
                       7       2090.3130509008438     0.024447577635453775     0.070524769231544285       58.470998724895935        3.030613448053999       1.0434764199034097      0.11444991694739441        4.946283613882807      2.0709933161617e-09       2.1045919762829826       2.1045919762829826        4176.416917849122                                                 3629.3861622389418                                              547.03075561018034
                       1       2078.3083020440349     0.024376753465174976     0.070760113563228352       58.225038698338302       3.0316241795081589       1.0429528429365993      0.11519843823078822       4.9369393128069241   2.0730875924448673e-09       2.1045919762829826       2.1045919762829826       4152.4074201355043                                                 3571.5330239203522                                              580.87439621515216
                       1       2054.1303807896584     0.024307714443724062     0.070036760979173551       58.225360279818986       3.0155135624004181       1.0465204886860391      0.10887429057517421       4.9540568547048727   2.0399564700269374e-09       2.1045919762829826       2.1045919762829826       4104.0515776267512                                                 3535.7165131991719                                              568.33506442757903
                       3       2054.3749016627307     0.024442408442597693     0.070080836819739686       58.093040792418122       3.0157806170043715       1.0430780450972261      0.10781131487015144       4.9812605960203724   2.0405013225435711e-09       2.1045919762829826       2.1045919762829826       4104.5406193728959                                                  3501.179503428838                                              603.36111594405804
                       3       2048.6837396428368     0.024401461758888323     0.070100880640112079       58.020863514050113         3.01284544146682       1.0435321195242668      0.10666709824751995       4.9774370226112863   2.0345208741038718e-09       2.1045919762829826       2.1045919762829826       4093.1582953331081                                                 3481.8250046665084                                               611.3332906665994
                       1       2045.2723996153863     0.024328460729990922     0.069889135967610233       57.937976464886894       3.0021568341926299       1.0466735472153741       0.1023695964128294       4.9936916466633114   2.0128904847900314e-09       2.1045919762829826       2.1045919762829826       4086.3356152782067                                                 3469.9304712627259                                              616.40514401548069
                       9       2044.9038352242139     0.024328460729990922     0.069889135967610233       57.937976464886894       3.0092170753704388       1.0412931602490456       0.1023695964128294       4.9936916466633114   2.0271522636340994e-09       2.1045919762829826       2.1045919762829826       4085.5984864958618                                                  3469.193342480381                                              616.40514401548069
                       1       2022.5641519252167     0.025343622737422015     0.068918258334171381       59.907263390613352       2.9930137606214351       1.0157001714170841      0.08601280300853395       4.8928521801670364    1.994570357755115e-09       2.1045919762829826       2.1045919762829826       4040.9191198978674                                                 3637.2691641175024                                              403.64995578036485
                       2        2019.726870661189     0.025343622737422015     0.068918258334171381       59.907263390613352       2.9716166988906703       1.0438073650228989      0.08601280300853395       4.8928521801670364   1.9523457647716351e-09       2.1045919762829826       2.1045919762829826       4035.2445573698119                                                 3631.5946015894469                                              403.64995578036485
                       3       2005.6383494905706     0.025165894830914384     0.069169265163518331       59.761309193849776       2.9675661606616819       1.0459517614095268     0.085108362430620685       4.8604682585870522   1.9444537079444856e-09       2.1045919762829826       2.1045919762829826       4007.0675150285751                                                 3596.8701092437691                                              410.19740578480622
                       8       1945.2892944772298     0.024253259882717208       0.0668712252087105       59.351496244384137       2.9163990788917351       1.0758772862572308     0.071317710792439731       4.9001293028268922   1.8474641811234035e-09       2.1045919762829826       2.1045919762829826       3886.3694050018935                                                 3509.6080339457162                                               376.7613710561771
                       2       1937.6821104267565     0.024293016196332649     0.066500783077266229       59.358508617354445       2.9174212258804628       1.0758646908393923     0.072055841596211159       4.9181144929681597   1.8493535265027695e-09       2.1045919762829826       2.1045919762829826       3871.1550369009469                                                 3494.6993377729668                                              376.45569912798021
                       2       1934.7745595192378     0.024603762822190168     0.066423734930499551       59.784808003828786       2.9313987931021992       1.0668621844253532     0.076200258664209375       4.8940969169708337   1.8753844907026078e-09       2.1045919762829826       2.1045919762829826       3865.3399350859095                                                 3519.7100934182536                                              345.62984166765591
                       1       1902.1868395939896     0.023829275813846224     0.062900959713548837       60.612893053501629       2.9028399689026907       1.0972575986788355     0.073996460988712862       4.8749907691213217     1.82258327376444e-09       2.1045919762829826       2.1045919762829826       3800.1644952354131                                                 3609.8402993310983                                              190.32419590431468
                       4        1901.956465761295     0.023829275813846224     0.062900959713548837       60.612893053501629       2.8986413154986237       1.1053601578282239     0.073996460988712862       4.8749907691213217   1.8149469207159527e-09       2.1045919762829826       2.1045919762829826        3799.703747570024                                                 3609.3795516657092                                              190.32419590431468
                       1       1901.7191657159674     0.023829275813846224     0.062900959713548837       60.612893053501629       2.9029769080645211       1.1003949586047872     0.073996460988712862       4.8749907691213217   1.8228328738799407e-09       2.1045919762829826       2.1045919762829826       3799.2291474793687                                                 3608.9049515750539                                              190.32419590431468
                       1       1894.3467629703705     0.023897464748093032     0.063077750487924578       60.558620662128021       2.9004709110287115       1.0974618155572149     0.071846098664396632       4.8719631994312298   1.8182705790375057e-09       2.1045919762829826       2.1045919762829826       3784.4843419881749                                                 3585.0370163879761                                              199.44732560019881
                       1       1894.8528723038598     0.023897464748093032     0.063077750487924578       60.558620662128021       2.9014536488323772       1.1027872978419495     0.071846098664396632       4.8719631994312298   1.8200583405793634e-09       2.1045919762829826       2.1045919762829826       3785.4965606551536                                                 3586.0492350549548                                              199.44732560019881
                       1       1894.2003516288617     0.023797669048568365     0.063080543504596798       60.569005732200715       2.8980845735964098       1.1051015889595968     0.071017107832371473       4.8576363421145485   1.8139367449445792e-09       2.1045919762829826       2.1045919762829826       3784.1915193051573                                                 3591.1086688029854                                              193.08285050217174
                       1       1884.9556768201639     0.023743826837887567     0.063019886197097294       60.592839441778679       2.8834592337866156       1.1059247415098421      0.06422376967750848        4.841383354170353   1.7876003623741046e-09       2.1045919762829826       2.1045919762829826       3765.7021696877619                                                 3578.1265276671534                                              187.57564202060871
                       2       1884.4879728595836     0.023742425870958775     0.062985466078435234       60.596592206256808       2.8833066204448023       1.1060662574496734     0.064212974682610169       4.8423186482994875   1.7873275715252671e-09       2.1045919762829826       2.1045919762829826       3764.7667617666011                                                 3577.7550268946034                                              187.01173487199799
                       1       1877.3088662322357     0.024229340695885008     0.062626659699129533       61.201775234294125       2.8965236128047898       1.0929471695313546     0.066782009870790457       4.8232630179203078    1.811107469575686e-09       2.1045919762829826       2.1045919762829826       3750.4085485119053                                                 3591.2061188650605                                              159.20242964684473
                       2       1865.9201815457156     0.024356248026012703     0.062502640036301349       61.097567802500905       2.8941680908262688       1.0898230037818164     0.064709107884837996       4.8490003824627079   1.8068463866331109e-09       2.1045919762829826       2.1045919762829826       3727.6311791388653                                                 3554.4046496766859                                              173.22652946217943
                       2        1765.292360898057     0.023937721469531558     0.060720186532886834       60.384752867668603       2.9186242597133232       1.0991977818519383     0.083289826884623885       4.8874815303976256   1.8515797001767028e-09       2.1045919762829826       2.1045919762829826        3526.375537843548                                                 3323.2440983004599                                              203.13143954308825
                       1       1766.9787651380072     0.023097721352672556     0.059787442511398906       60.832087205747818       2.8893002574378701        1.123375831625431     0.077317799404655593       4.7902101082127464   1.7980723321080162e-09       2.1045919762829826       2.1045919762829826       3529.7483463234485                                                 3407.6799885082019                                              122.06835781524683
                       3       1705.6514464395459     0.022825362943481312     0.056393845222379849        60.58947862540316       2.8707915450160506       1.1404555600983068     0.075909058302693538       4.9306091844469009   1.7650984220329161e-09       2.1045919762829826       2.1045919762829826       3407.0937089265258                                                 3293.1008873486589                                              113.99282157786662
                       4         1704.90415872059     0.022825850221711606     0.056402151866450104        60.58089539446658        2.869827928659419       1.1403708798250203     0.075410369803498675       4.9305114505387655   1.7633983635560082e-09       2.1045919762829826       2.1045919762829826       3405.5991334886139                                                 3291.0022944273187                                              114.59683906129538
                       1       1677.3467802235555     0.022213789134756388     0.055763046426838693        60.34101609197873       2.8506475124752284       1.1555885121133747     0.072159324412042689       4.8926084796758502   1.7298979519905729e-09       2.1045919762829826       2.1045919762829826       3350.4843764945449                                                 3247.6017502835107                                              102.88262621103426
                       1       1658.3984153520721     0.022571351273209309     0.054530640256649221       61.005354790739339       2.8653753513388969        1.147915475354532     0.077950196470247202       4.8865189493227534   1.7555641501589005e-09       2.1045919762829826       2.1045919762829826       3312.5876467515782                                                 3239.4937153212504                                              73.093931430327814
                       1       1633.3407112244038     0.022426155756654135     0.053374530814451704       60.608374726692062       2.8777595127480851       1.1542835287364037     0.087339803118283155       4.9568902922467091   1.7774405206171655e-09       2.1045919762829826       2.1045919762829826       3262.4722384962415                                                 3176.7220835667858                                              85.750154929455476
                       5       1628.6204722825839     0.022343932102878685     0.052368878321950384       60.734504939842097       2.8645995527563173        1.160358446937729     0.083085144799762908       4.9870661186829315   1.7542027141479266e-09       2.1045919762829826       2.1045919762829826       3253.0317606126018                                                  3179.756215860265                                              73.275544752336856
                       1       1628.2094292772456     0.022343932102878685     0.052368878321950384       60.734504939842097       2.8780323608628358       1.1418863372020971     0.083085144799762908       4.9870661186829315    1.777925558080067e-09       2.1045919762829826       2.1045919762829826       3252.2096746019251                                                 3178.9341298495883                                              73.275544752336856
                       1       1624.1947417187362     0.022287237977086718      0.05244159135735408       60.730714184795957       2.8762403329396053       1.1423172808393061     0.082526295956315138       4.9692175085904413   1.7747423189131773e-09       2.1045919762829826       2.1045919762829826       3244.1802994849063                                                 3172.4525017795713                                              71.727797705335192
                       3       1622.4200020867072     0.022447933897186838     0.052272298525619439       60.931133663202324       2.8853871100310395        1.138130882603182     0.085845150832131442       4.9657413844436711   1.7910499587762996e-09       2.1045919762829826       2.1045919762829826       3240.6308202208484                                                 3174.5296496428841                                              66.101170577964027
                       3       1605.2477692697191      0.02218729753169843     0.053595435089708168       59.987301991096587       2.8820961610914471       1.1378730997601951     0.084569044418586967       4.9497476490744505   1.7851653930274019e-09       2.1045919762829826       2.1045919762829826       3206.2863545868722                                                 3091.2316053470431                                              115.05474923982901
                       9       1601.8132358826822      0.02223596716645105     0.053497367635954841       60.072926595727246        2.881789538217705       1.1364658682730553     0.084084553460504155       4.9442838456201361   1.7846181043943815e-09       2.1045919762829826       2.1045919762829826       3199.4172878127983                                                 3088.5886043435303                                              110.82868346926792
                       1       1598.5631479601911     0.022190055822184362     0.053351905285629275       60.004538577047349        2.877813911319266        1.137994380088486     0.082751044771872229       4.9516665452241329   1.7775372134717989e-09       2.1045919762829826       2.1045919762829826       3192.9171119678163                                                 3079.9997864683023                                              112.91732549951384
                       3       1575.0102930398073     0.022493589357269132     0.051543816508455367        60.61705840339966       2.8689656952698845       1.1344152112437944     0.078221156096299677       4.9777514861682066   1.7618785579156421e-09       2.1045919762829826       2.1045919762829826       3145.8114021270485                                                 3065.5090724190495                                              80.302329707998794
                       4       1574.0849940869896     0.022478505288595265     0.051535183217562827       60.643965763027744       2.8707519326694131       1.1344917295772596     0.079230208548133077       4.9701920286605041   1.7650285037271964e-09       2.1045919762829826       2.1045919762829826       3143.9608042214131                                                 3065.7290867698343                                              78.231717451578817
                       3       1577.2885911082146     0.022478505288595265     0.051535183217562827       60.643965763027744        2.879161657118412       1.1174960403187832     0.079230208548133077       4.9701920286605041   1.7799344968855337e-09       2.1045919762829826       2.1045919762829826       3150.3679982638632                                                 3072.1362808122844                                              78.231717451578817
                       6       1576.9749719162614     0.022461430538284727     0.051457006272471038        60.69836256677948       2.8764594168674056       1.1181847697910197     0.078134311966078659       4.9657669472933881   1.7751311790261836e-09       2.1045919762829826       2.1045919762829826       3149.7407598799568                                                 3075.2120193170445                                              74.528740562912404
                       1       1576.7905925027462     0.022606430577700287     0.051386956196123129       60.739698281965175       2.8742452085825003       1.1150978446871733     0.075873841817438184       4.9830507363334675   1.7712050171369534e-09       2.1045919762829826       2.1045919762829826       3149.3720010529264                                                 3072.4327436653507                                              76.939257387575594
                       4        1575.448278584613     0.022606430577700287     0.051386956196123129       60.739698281965175       2.8751296654886218       1.1286967593341606     0.075873841817438184       4.9830507363334675   1.7727722646257828e-09       2.1045919762829826       2.1045919762829826         3146.68737321666                                                 3069.7481158290843                                              76.939257387575594
                       7       1574.2898460125839     0.022606430577700287     0.051386956196123129       60.739698281965175       2.8698228734559086       1.1326645856529649     0.075873841817438184       4.9830507363334675   1.7633894492409425e-09       2.1045919762829826       2.1045919762829826       3144.3705080726018                                                  3067.431250685026                                              76.939257387575594
                       3       1575.2198850757532     0.022606430577700287     0.051386956196123129       60.739698281965175       2.8730424910644872       1.1315594380248932     0.075873841817438184       4.9830507363334675   1.7690760383715142e-09       2.1045919762829826       2.1045919762829826       3146.2305861989403                                                 3069.2913288113646                                              76.939257387575594
                       8       1572.3946828503356     0.022551828883896174     0.051168876304864108       60.754257593216771       2.8736036685198809       1.1333281463271927     0.076956556419741182       4.9822739952133306   1.7700690825720736e-09       2.1045919762829826       2.1045919762829826       3140.5801817481051                                                 3066.9199956635962                                              73.660186084508894
                       2       1572.4188051147642     0.022551828883896174     0.051168876304864108       60.754257593216771       2.8722239692356992       1.1357196793066386     0.076956556419741182       4.9822739952133306   1.7676286034766622e-09       2.1045919762829826       2.1045919762829826       3140.6284262769623                                                 3066.9682401924533                                              73.660186084508894
                       1       1551.0181055004939     0.022720258676681454     0.048882269297807437       61.619417296798169       2.8715345438807343       1.1355646625492133     0.078267487923594628       4.9729290734032441   1.7664103754861494e-09       2.1045919762829826       2.1045919762829826       3097.8270270484218                                                 3062.3633879607505                                               35.46363908767141
                       3       1536.0334300127577     0.022884156635542951     0.048510393625109539       61.669651424885323       2.8795473911640719       1.1295894727153666     0.081228757863850032       4.9676675112914213   1.7806212106559528e-09       2.1045919762829826       2.1045919762829826       3067.8576760729493                                                 3031.9959851529093                                               35.86169092003999
                       4       1530.9184815150991     0.022684455997591214      0.04821741314069266       61.950736814461116       2.8465385924328346       1.1349326327209592     0.066807309828629022       4.9173195510452681   1.7228045227710804e-09       2.1045919762829826       2.1045919762829826       3057.6277790776321                                                  3033.558605103668                                              24.069173973964244
                       3       1519.3898345708042     0.022165217553867585     0.047605906775547699       60.986384536160045       2.7948211005086572       1.1510271507238135     0.046900049632526288       4.9978270864201289   1.6359701749023825e-09       2.1045919762829826       2.1045919762829826       3034.5704851890423                                                 2992.4688852897284                                              42.101599899313989
                      11       1519.5192451373548     0.022165217553867585     0.047605906775547699       60.986384536160045       2.7799830627904742       1.1700074942516827     0.046900049632526288       4.9978270864201289   1.6118747939104409e-09       2.1045919762829826       2.1045919762829826       3034.8293063221436                                                 2992.7277064228297                                              42.101599899313989
                       6       1507.1851987313025     0.022031877229882625     0.046141911350365702       61.241960472550893       2.7969778344095828         1.17575124069743     0.058662790061094566       4.9991442334231477    1.639502334834879e-09       2.1045919762829826       2.1045919762829826        3010.161213510039                                                  2981.905171299838                                              28.256042210201066
                      13       1506.3289601330721     0.022031877229882625     0.046141911350365702       61.241960472550893       2.8013728858880516       1.1678125230838505     0.058662790061094566       4.9991442334231477   1.6467238899241538e-09       2.1045919762829826       2.1045919762829826       3008.4487363135781                                                 2980.1926941033771                                              28.256042210201066
                       9       1509.4308165799671     0.022031877229882625     0.046141911350365702       61.241960472550893       2.8223053279526327       1.1433903325873715     0.058662790061094566       4.9991442334231477   1.6815571429825447e-09       2.1045919762829826       2.1045919762829826       3014.6524492073681                                                 2986.3964069971671                                              28.256042210201066
                       3       1507.1364412177863     0.022031877229882625     0.046141911350365702       61.241960472550893       2.8141301624716419       1.1478614683946931     0.058662790061094566       4.9991442334231477   1.6678661742912454e-09       2.1045919762829826       2.1045919762829826       3010.0636984830066                                                 2981.8076562728056                                              28.256042210201066
                       5       1507.0241745795386      0.02201829921679873     0.046155967437758343       61.240317938668277       2.8143367760237159       1.1480754131952513     0.058858294679945723       4.9963599010728936   1.6682108136482545e-09       2.1045919762829826       2.1045919762829826       3009.8391652065111                                                 2981.7505057517942                                              28.088659454716748
                       2       1508.6255481820137      0.02201829921679873     0.046155967437758343       61.240317938668277       2.8201480393581346        1.138955093936928     0.058858294679945723       4.9963599010728936   1.6779334490191777e-09       2.1045919762829826       2.1045919762829826       3013.0419124114615                                                 2984.9532529567446                                              28.088659454716748
                       2       1504.6177788255234     0.021934557871049445     0.045720023102045169       61.208229535302785       2.8121659496560376       1.1415800125805995     0.056256277814802552       4.9993141867335789    1.664593345495372e-09       2.1045919762829826       2.1045919762829826       3005.0263736984807                                                 2978.3118993064722                                               26.71447439200842
                       4       1498.6385933182075     0.022273133727400717     0.045980072880229088       61.266840448715584        2.826382440483985       1.1298063403994112     0.059815218654879834       4.9909476300185327   1.6884270358290621e-09       2.1045919762829826       2.1045919762829826        2993.068002683849                                                 2962.1213260676905                                              30.946676616158502
                       1       1496.6058312328707     0.022290795883706464     0.045109900782898546       61.588546592238281       2.8251015048346697        1.131440256921634     0.060245872787235547       4.9892495752343722   1.6862656540386269e-09       2.1045919762829826       2.1045919762829826       2989.0024785131754                                                 2967.3754389111232                                              21.627039602052065
                       1       1493.4821822463475     0.022462553690462319     0.045583449074001706       61.686452537639724       2.8164103293415255       1.1234712466188568     0.053480141019034817        4.949177901572698   1.6716735265349012e-09       2.1045919762829826       2.1045919762829826        2982.755180540129                                                 2960.6057532362111                                              22.149427303918021
                       1       1492.5605264123451     0.023030264110428623     0.044915837534590081       61.929137018699528       2.8326938283799126       1.1097643820021286     0.057525998723296445        4.997030391839357    1.699117052722619e-09       2.1045919762829826       2.1045919762829826       2980.9118688721242                                                 2957.3043056941601                                              23.607563177964014
                      14       1489.5932848702141     0.023030264110428623     0.044915837534590081       61.929137018699528       2.8129488772249656       1.1372629139004775     0.057525998723296445        4.997030391839357   1.6658971118273186e-09       2.1045919762829826       2.1045919762829826       2974.9773857878622                                                 2951.3698226098982                                              23.607563177964014
                       7       1487.2981314514789     0.023028142016715433     0.044628378639723167       62.317713262985158       2.8172657440063138       1.1363626600070791     0.059905583869415482       4.9473383540619098   1.6731041123690546e-09       2.1045919762829826       2.1045919762829826       2970.3870789503917                                                 2954.8054010856799                                              15.581677864711757
                       1       1486.7406088923826     0.022981724176170351     0.044562960165920727       62.271186369292643       2.8195044682716235       1.1375929725926814     0.061543630169506487       4.9491452565987766   1.6768539269781454e-09       2.1045919762829826       2.1045919762829826       2969.2720338321992                                                 2953.4963210345813                                               15.77571279761797
                       3       1486.5687426944144     0.022188480954909336     0.043964162327548351       62.398535235121081       2.7682541564962087        1.156731952991382     0.043622376043356448        4.839989729139452   1.5930797038846614e-09       2.1045919762829826       2.1045919762829826       2968.9283014362627                                                 2957.9539225285266                                               10.97437890773609
                       1       1486.4485359940261     0.022188480954909336     0.043964162327548351       62.398535235121081       2.7705345090220326        1.155424955500707     0.043622376043356448        4.839989729139452   1.5967166323747833e-09       2.1045919762829826       2.1045919762829826       2968.6878880354861                                                 2957.7135091277501                                               10.97437890773609
                       1       1483.1793607604659     0.022039211219087182     0.043493635130953848        62.08614532725008       2.8023095176855946       1.1575956730119892     0.061490620965274398       4.8489984761398599   1.6482669864250447e-09       2.1045919762829826       2.1045919762829826       2962.1495375683658                                                  2951.013185351188                                              11.136352217177551
                       2       1483.0749037471708     0.022537902807210627      0.04718049165968622       61.085789014536111        2.815266136854659       1.1343223287439244     0.058156910024337469       4.8560265080991751   1.6697619040859228e-09       2.1045919762829826       2.1045919762829826       2961.9406235417755                                                 2918.3459411974359                                              43.594682344339525
                       5       1482.6423706783219     0.022563356690207717     0.047278381583993057       61.129527522152813       2.8169105121826972       1.1333961536762627     0.058585455850089334       4.8501650462301722   1.6725098780958285e-09       2.1045919762829826       2.1045919762829826       2961.0755574040777                                                 2918.3208420090509                                              42.754715395026743
                       1        1481.854189200679     0.022334808673695285      0.04673246325097935       61.194236254161687        2.785819637495857       1.1389992896843841     0.045781455606862642       4.8170398598044235     1.62131012979719e-09       2.1045919762829826       2.1045919762829826        2959.499194448792                                                 2925.5313638103535                                              33.967830638438564
                       2       1482.4569271370735     0.022286369179370775     0.046563885944875524       61.180617757234515       2.7813131378679183       1.1413502865780683     0.044262327980175167        4.827138416547764   1.6140201348177414e-09       2.1045919762829826       2.1045919762829826        2960.704670321581                                                 2927.5383424012994                                              33.166327920281461
                       5       1480.0235635113211     0.022770373344954183     0.046616219745283523       61.651392853131121       2.8022204282318435       1.1296169682750909       0.0502517181784514       4.8352028731816912   1.6481201497604844e-09       2.1045919762829826       2.1045919762829826       2955.8379430700761                                                 2927.4343987677316                                              28.403544302344319
                       5       1479.3579486385813     0.022742097917425083      0.04679740041545366       61.641468763818992       2.8068052769618688       1.1296439900230058     0.052499772374781283       4.8247339239645735   1.6556938802732287e-09       2.1045919762829826       2.1045919762829826       2954.5067133245966                                                 2926.0293950838709                                              28.477318240725761
                       1       1478.9739856994174     0.022675433932603156     0.046795623948320514       61.619234310086526       2.8078827770700721       1.1313938006753297     0.053637304365135953       4.8212322978661009   1.6574788520893403e-09       2.1045919762829826       2.1045919762829826       2953.7387874462688                                                 2925.8105627805794                                              27.928224665689225
                       2       1478.6321916686593     0.022821093994712049     0.046623284192614932       61.944020605057176       2.8153841052201751       1.1284955497699074     0.056278397338570214       4.8131067232450384   1.6699588947876559e-09       2.1045919762829826       2.1045919762829826       2953.0551993847525                                                 2931.1862992728848                                              21.868900111867919
                       1        1479.500717452356     0.022821093994712049     0.046623284192614932       61.944020605057176       2.8215436809855956       1.1210788962894149     0.056278397338570214       4.8131067232450384   1.6802768777016678e-09       2.1045919762829826       2.1045919762829826       2954.7922509521459                                                 2932.9233508402781                                              21.868900111867919
                      10       1478.8167770724538     0.022821093994712049     0.046623284192614932       61.944020605057176       2.8003917646836021       1.1536255145006655     0.056278397338570214       4.8131067232450384   1.6451090465059726e-09       2.1045919762829826       2.1045919762829826       2953.4243701923415                                                 2931.5554700804737                                              21.868900111867919
                       2       1478.3693969671147     0.022821093994712049     0.046623284192614932       61.944020605057176       2.8044011578052546        1.148935659881346     0.056278397338570214       4.8131067232450384   1.6517181758466557e-09       2.1045919762829826       2.1045919762829826       2952.5296099816633                                                 2930.6607098697955                                              21.868900111867919
                       4       1478.4020305141089     0.022886124231739545     0.046792351755331307       61.986210233737673       2.8017822254108711       1.1465422506092371     0.054102139608201781       4.8047707760394669   1.6473980970758735e-09       2.1045919762829826       2.1045919762829826       2952.5948770756518                                                 2930.5520873428327                                              22.042789732819102
                       3       1478.0610687864182     0.022878493619855781     0.046175791830059834       62.111811765525964       2.8105401984139835       1.1482105267825236     0.059452317521355255       4.8141254044219099   1.6618893294207383e-09       2.1045919762829826       2.1045919762829826       2951.9129536202704                                                 2933.3590815843104                                              18.553872035960215
                       3       1478.1225411241812     0.022878493619855781     0.046175791830059834       62.111811765525964       2.8113858431361538       1.1479505285008202     0.059452317521355255       4.8141254044219099   1.6632952917495204e-09       2.1045919762829826       2.1045919762829826       2952.0358982957964                                                 2933.4820262598364                                              18.553872035960215
                       3       1478.3074327251945      0.02287789117385778     0.046193082735247554       62.076291158938226       2.8069494774416484       1.1480203392366544     0.057232395859988711       4.8175954915516819   1.6559326493400256e-09       2.1045919762829826       2.1045919762829826        2952.405681497823                                                 2933.1547152553444                                              19.250966242478736
                       3       1478.6088185944229      0.02287789117385778     0.046193082735247554       62.076291158938226       2.8056586872376479       1.1505137301401593     0.057232395859988711       4.8175954915516819   1.6537965666116875e-09       2.1045919762829826       2.1045919762829826       2953.0084532362798                                                 2933.7574869938012                                              19.250966242478736
                       8       1478.6359604196311      0.02287789117385778     0.046193082735247554       62.076291158938226       2.8092534086017147       1.1351413602027318     0.057232395859988711       4.8175954915516819   1.6597522024740057e-09       2.1045919762829826       2.1045919762829826       2953.0627368866963                                                 2933.8117706442176                                              19.250966242478736
                       1       1478.5337069095494     0.023003830485215142     0.046238362208566079       62.665755865913042       2.8068234813050204       1.1293327365337622     0.054477391139161647       4.7363591464930028   1.6557240213671278e-09       2.1045919762829826       2.1045919762829826       2952.8582298665328                                                 2940.8098305926751                                              12.048399273857562
                       4       1479.3482852786369     0.023165383845700781     0.045824941801246792       62.665045405899292       2.8369958010843308       1.1243674327079947     0.068667949387959892       4.7513839323557665   1.7064423532290357e-09       2.1045919762829826       2.1045919762829826       2954.4873866047078                                                 2941.8593650449711                                              12.628021559736634
                       2       1479.8274259230448     0.023165383845700781     0.045824941801246792       62.665045405899292       2.8434021487479262       1.1347296945823373     0.068667949387959892       4.7513839323557665   1.7174095084073568e-09       2.1045919762829826       2.1045919762829826       2955.4456678935235                                                 2942.8176463337868                                              12.628021559736634
                       1       1473.8510407666306     0.023034875406221806     0.048250256339525018       61.969646746813702       2.8289765463763001       1.1287546322652293     0.058905041073991603       4.6831462595896802   1.6928126803051484e-09       2.1045919762829826       2.1045919762829826       2943.4928975806952                                                 2917.1751825799379                                               26.31771500075741
                       2       1473.5674886668155     0.023034875406221806     0.048250256339525018       61.969646746813702       2.8299182497089603       1.1259699045951077     0.058905041073991603       4.6831462595896802   1.6944075584809459e-09       2.1045919762829826       2.1045919762829826        2942.925793381065                                                 2916.6080783803077                                               26.31771500075741
                       7       1473.5690597428297     0.023087100908449423     0.048280318165759187       62.024972094915448       2.8309357916685602       1.1244256216642099     0.058879888681386675       4.6799141415878109   1.6961325667536741e-09       2.1045919762829826       2.1045919762829826       2942.9289355330934                                                 2917.1588926433692                                              25.770042889724376
                       1       1472.8887828257641     0.023025930741452334     0.048167147605675795       62.036580162051742       2.8331417875767366       1.1260684774004075     0.060678887400384789       4.6748324985568601   1.6998783583370614e-09       2.1045919762829826       2.1045919762829826       2941.5683816989622                                                 2917.2701016981287                                              24.298280000833728
                       3       1473.2153608087131     0.023025930741452334     0.048167147605675795       62.036580162051742       2.8351708242624207       1.1239714529433771     0.060678887400384789       4.6748324985568601   1.7033309754461833e-09       2.1045919762829826       2.1045919762829826       2942.2215376648601                                                 2917.9232576640266                                              24.298280000833728
                       3       1474.7408849186688     0.023245344381651465     0.047818881701447553       62.272874056656491       2.8337900557875071       1.1189794965144302     0.058499511058859761       4.6810283240754282   1.7009806927045074e-09       2.1045919762829826       2.1045919762829826       2945.2725858847716                                                 2923.7783711754637                                              21.494214709307734
                       1       1474.8225212407233     0.023241486267693817     0.047753877651214423       62.277165513818858       2.8341597967878922       1.1192149654651833     0.058815898216619533       4.6823629226219712   1.7016097312909753e-09       2.1045919762829826       2.1045919762829826       2945.4358585288805                                                 2924.1790028781438                                              21.256855650736558
                       1       1474.4865822908034     0.023241486267693817     0.047753877651214423       62.277165513818858       2.8119166100291593       1.1412821213120075     0.058815898216619533       4.6823629226219712   1.6641783481514935e-09       2.1045919762829826       2.1045919762829826       2944.7639806290408                                                 2923.5071249783041                                              21.256855650736558
                       2       1472.6330550619957     0.023134084818147816     0.047661527595240602       62.461907797012721       2.8056465752728448       1.1448938136071758     0.056739003327028796       4.6616123705933115   1.6537765360071863e-09       2.1045919762829826       2.1045919762829826       2941.0569261714254                                                 2924.6923837841036                                              16.364542387321759
                       9       1469.0247466894818     0.022331090881637903     0.049311689439652195       61.783058601329898       2.8050128817754652       1.1601304900604925     0.061097097578442977       4.5800305531805767   1.6527288805514833e-09       2.1045919762829826       2.1045919762829826       2933.8403094263977                                                 2912.2192854606133                                              21.621023965784246
                       5       1468.7396191866762     0.022331090881637903     0.049311689439652195       61.783058601329898       2.8115057357791331       1.1505544525944369     0.061097097578442977       4.5800305531805767   1.6634947205728885e-09       2.1045919762829826       2.1045919762829826       2933.2700544207864                                                  2911.649030455002                                              21.621023965784246
                       1       1469.3735208826347     0.023036995873032134     0.050710484812325408       62.200834513029235       2.8344067355634204       1.1271783603366623     0.063909655364977308       4.5362065081424925   1.7020299765997429e-09       2.1045919762829826       2.1045919762829826       2934.5378578127034                                                 2910.4198723854797                                              24.117985427223704
                       2       1469.5437503645746     0.023036995873032134     0.050710484812325408       62.200834513029235       2.8332706717166993       1.1282741562200977     0.063909655364977308       4.5362065081424925   1.7000974598163665e-09       2.1045919762829826       2.1045919762829826       2934.8783167765832                                                 2910.7603313493596                                              24.117985427223704
                       4       1470.5166649449413     0.023047293648127389     0.050704883650531031       62.058820083421445       2.8377806591451114       1.1282339469825144     0.066146509157285677       4.5558148298945049   1.7077821939888565e-09       2.1045919762829826       2.1045919762829826       2936.8241459373166                                                 2908.8261128030099                                              27.998033134306951
                       2       1468.1355555920668     0.022719020286171284     0.049578460713877753       62.119503679715564       2.8147650800198778       1.1404737775626967     0.059313460133220738       4.5664916031049119   1.6689254680399213e-09       2.1045919762829826       2.1045919762829826       2932.0619272315676                                                 2912.1008689189061                                              19.961058312661283
                       3        1468.093059603985     0.022321896847286176     0.050151198948619566       61.901859570366149       2.8229393040115034       1.1478303847094242     0.065997923667647812        4.514903248949917   1.6826235479547116e-09       2.1045919762829826       2.1045919762829826        2931.976935255404                                                 2911.9728311095264                                              20.004104145877758
                       4        1468.540864202274     0.022321896847286176     0.050151198948619566       61.901859570366149       2.8289575194056038       1.1394553600409316     0.065997923667647812        4.514903248949917   1.6927804715143047e-09       2.1045919762829826       2.1045919762829826       2932.8725444519819                                                 2912.8684403061043                                              20.004104145877758
                       1       1466.9055224638316     0.022321896847286176     0.050151198948619566       61.901859570366149       2.8148084395658683       1.1649408974179596     0.065997923667647812        4.514903248949917   1.6689978334593624e-09       2.1045919762829826       2.1045919762829826       2929.6018609750972                                                 2909.5977568292196                                              20.004104145877758
                       1       1467.0062914011389     0.022384651971850557     0.050047427925529533       62.171380751247185       2.8117450918487537       1.1641427521920582     0.064010214905387747        4.501888389176476   1.6638929357867527e-09       2.1045919762829826       2.1045919762829826       2929.8033988497118                                                 2913.8806843338457                                              15.922714515866067
                       3       1467.0161193254178     0.022381289784526328     0.049998679580815927       62.168572968824861       2.8113819789114851       1.1643921147397409     0.063937375809880667       4.5040788840442367    1.663288864415241e-09       2.1045919762829826       2.1045919762829826       2929.8230546982695                                                 2913.9361474247116                                              15.886907273557902
                       4       1468.4266832658816     0.022381289784526328     0.049998679580815927       62.168572968824861        2.804767513317092       1.1743033779992746     0.063937375809880667       4.5040788840442367   1.6523234027617178e-09       2.1045919762829826       2.1045919762829826       2932.6441825791971                                                 2916.7572753056393                                              15.886907273557902
                       4       1468.4301223219613     0.022289358623304747     0.049597703076136174        62.12606001170019       2.8042721764359357       1.1775049280830756     0.065125834291535262       4.5125560437795267   1.6515051487131672e-09       2.1045919762829826       2.1045919762829826       2932.6510606913566                                                 2917.3709102957255                                              15.280150395631173
                       1       1465.8509498881244     0.022289358623304747     0.049597703076136174        62.12606001170019       2.8176197276777661       1.1606976027095015     0.065125834291535262       4.5125560437795267   1.6736964687415292e-09       2.1045919762829826       2.1045919762829826       2927.4927158236828                                                 2912.2125654280517                                              15.280150395631173
                       1       1466.1106156756141     0.023092875630129857     0.049355619322237941       63.137007292658488        2.826518586840943       1.1374790864305089     0.062323255048982375       4.4566292342674823   1.6886569246678885e-09       2.1045919762829826       2.1045919762829826       2928.0120473986622                                                 2917.4079741467644                                              10.604073251897521
                       9       1465.7319302057908     0.023090490967662091     0.049452201402925035       63.105672329758853       2.8279838018025671        1.137106860028672     0.062926793889639315       4.4542097994228707    1.691132983595277e-09       2.1045919762829826       2.1045919762829826       2927.2546764590156                                                 2916.5400782497959                                              10.714598209219767
                       4       1464.8778009338196     0.022627070470797702     0.048745392463382553       62.408637820982769       2.8217976118048669       1.1493482787107434     0.065176130357163492       4.4922389201042039   1.6807036059632605e-09       2.1045919762829826       2.1045919762829826       2925.5464179150731                                                  2912.253109794071                                              13.293308121002038
                       2       1465.3141136088343     0.022566161951031543     0.048584576700649675       62.390756159185294       2.8157415329121185       1.1508042865410948     0.062910377724425315       4.4872494731845816   1.6705558910261982e-09       2.1045919762829826       2.1045919762829826       2926.4190432651026                                                 2913.4890627566815                                              12.929980508421121
                       4       1460.5675182536374     0.022480816814923133     0.051362549249788614       62.006094572725495       2.8300623935070468       1.1441252869337937     0.066536479347115859       4.3974011614161377   1.6946518144254985e-09       2.1045919762829826       2.1045919762829826       2916.9258525547089                                                 2895.9693630729771                                              20.956489481731754
                       4       1459.7805180257308     0.022727872576721975      0.05213269001927566       62.055214269404694       2.8368940542182539       1.1334009512006356     0.066420093904822841       4.3606458273608659   1.7062687369000624e-09       2.1045919762829826       2.1045919762829826       2915.3518520988955                                                 2890.9963603247111                                              24.355491774184479
                       5       1463.3641934662494     0.023210617921784839      0.05339468265506947        62.29306417306902       2.8565924146725501       1.1195268363918107     0.070076663608608272       4.3582913699353512   1.7402126557004934e-09       2.1045919762829826       2.1045919762829826       2922.5192029799327                                                 2894.1747965123441                                               28.34440646758874
                       1       1462.7280742104399     0.023102046435721703      0.05314325769258698       62.244782672762945       2.8581156779245043       1.1227456763098684     0.072188340763041911       4.3601451713706547   1.7428654776496502e-09       2.1045919762829826       2.1045919762829826       2921.2469644683138                                                 2893.9009880578606                                              27.345976410453428
                       5       1462.5364147138366     0.023102046435721703      0.05314325769258698       62.244782672762945        2.858036916328861       1.1233903453572132     0.072188340763041911       4.3601451713706547   1.7427282121893332e-09       2.1045919762829826       2.1045919762829826       2920.8636454751072                                                  2893.517669064654                                              27.345976410453428
                       1       1462.4460103360404     0.022889366413700454     0.053829141171041837       62.614115851674086        2.870576745936511       1.1250566264872841     0.079002228059471602       4.2525718126260132   1.7647193212332756e-09       2.1045919762829826       2.1045919762829826       2920.6828367195149                                                 2903.5255093148567                                              17.157327404657988
                       1       1463.0659171192331     0.022619864644211611     0.054170430717699052       62.270286393834667       2.8685577507881983       1.1314548424005071     0.079979194335801959       4.2538517194265717   1.7611599558653751e-09       2.1045919762829826       2.1045919762829826       2921.9226502859001                                                 2901.0019278473028                                              20.920722438597217
                       4       1461.5172703470701     0.022878258905206918     0.056719937166794389       61.858093479215242       2.8401719997371457       1.1147609821003797     0.059498314363963564       4.1814764268921305   1.7118709697509462e-09       2.1045919762829826       2.1045919762829826       2918.8253567415741                                                 2876.9614861697682                                              41.863870571805812
                       3       1461.0746015549817     0.022962619371432996     0.056649922792998006       61.962135289537763       2.8438155148900757       1.1125288624152223     0.060633666487124281       4.1790275916090716    1.718119574098785e-09       2.1045919762829826       2.1045919762829826       2917.9400191573973                                                   2878.09956485056                                              39.840454306837387
                       2       1460.6734070920463     0.022705827894234244     0.056892731520988914       62.074660384583538       2.8462635563625125       1.1183325652918923     0.063686057579986674       4.1311825925650298   1.7223307545398673e-09       2.1045919762829826       2.1045919762829826       2917.1376302315266                                                  2885.785682213037                                              31.351948018489381
                       4       1459.4960296953368     0.022738985003545941     0.056720653842914241        62.06726833575221       2.8486308473278603       1.1172235063660956     0.064806246232473899       4.1340737773194363   1.7264128424129436e-09       2.1045919762829826       2.1045919762829826       2914.7828754381076                                                 2882.9733971327473                                              31.809478305360031
                       1       1459.5466004248888     0.022865642656354906     0.055182903346289447       62.855797693353999       2.8593937725740526       1.1183439285835899     0.071198771617083059       4.1269503732374613   1.7450944488061478e-09       2.1045919762829826       2.1045919762829826       2914.8840168972115                                                 2900.4086742629906                                              14.475342634220908
                       1       1459.1944708162519     0.022833643163359531     0.055087237001810313       62.835733374685496       2.8579096617425348       1.1194397727809677     0.070896162374420008       4.1296646846991996   1.7425064561416485e-09       2.1045919762829826       2.1045919762829826       2914.1797576799377                                                 2899.7830819776173                                              14.396675702320239
                       4       1458.7448176277867     0.023010018694171425     0.054345173571579343       62.785484982800057       2.8626620616561098       1.1176463407257906     0.072942438264252396       4.1907402201822572   1.7508072524019394e-09       2.1045919762829826       2.1045919762829826       2913.2804513030073                                                 2897.3097114593993                                              15.970739843607999
                       3       1464.5389940032214      0.02340525310173382     0.055308417617916279       62.794884003656627       2.8735684918116529       1.1065865837196924     0.073510658746016394       4.2117883682022885   1.7700068184635421e-09       2.1045919762829826       2.1045919762829826       2924.8688040538768                                                 2903.2020171667186                                               21.66678688715832
                       3       1464.5431406499911      0.02340525310173382     0.055308417617916279       62.794884003656627         2.88945868603223       1.0905996103751263     0.073510658746016394       4.2117883682022885   1.7983572207468072e-09       2.1045919762829826       2.1045919762829826       2924.8770973474161                                                 2903.2103104602579                                               21.66678688715832
                       6       1464.5451480880286     0.023405095578229257     0.055310665100125431       62.798344498283349         2.88953890423323       1.0905795795735211     0.073546280118516896        4.211120305356288    1.798501487514144e-09       2.1045919762829826       2.1045919762829826       2924.8811122234911                                                 2903.2900150993132                                              21.591097124177846
                       4       1461.7530675152011     0.023263430329465574     0.055572253334985305       62.705790720293258       2.8726162922933756        1.093154504428854      0.06593790736137306       4.1898879433768821   1.7683222209873893e-09       2.1045919762829826       2.1045919762829826       2919.2969510778362                                                 2897.3020508628006                                              21.994900215035798
                       3       1460.4421347861385      0.02319815990481042     0.055450100411532983        62.25177727927197       2.8708167589690472       1.0946222346575885     0.065937757727396157       4.2304133421340095   1.7651429277026432e-09       2.1045919762829826       2.1045919762829826       2916.6750856197109                                                 2883.9356513928115                                              32.739434226899547
                       2       1457.0600252305392      0.02319815990481042     0.055450100411532983        62.25177727927197       2.8661415717044685       1.1097403343748689     0.065937757727396157       4.2304133421340095   1.7569098146357473e-09       2.1045919762829826       2.1045919762829826       2909.9108665085123                                                 2877.1714322816129                                              32.739434226899547
                       3       1455.7736727590236     0.023128805101721283     0.053408804111445073       62.859724309879873       2.8667368352366274       1.1175685334970478     0.069843799515860186       4.2451709181133825   1.7579559503100097e-09       2.1045919762829826       2.1045919762829826       2907.3381615654812                                                 2892.2045877543646                                              15.133573811116666
                       6       1455.6764162696836     0.023128805101721283     0.053408804111445073       62.859724309879873        2.866013585030855       1.1182818186452135     0.069843799515860186       4.2451709181133825   1.7566849679817279e-09       2.1045919762829826       2.1045919762829826       2907.1436485868012                                                 2892.0100747756846                                              15.133573811116666
                       4       1454.7177941774232     0.023111482882085758     0.052669578429188423       62.987033981092949       2.8437494260306857       1.1203688051673992     0.059956029951659995        4.251073533944389    1.718006029287902e-09       2.1045919762829826       2.1045919762829826       2905.2264044022804                                                 2892.3978753738152                                              12.828529028465175
                       7       1460.4796164071188     0.023111482882085758     0.052669578429188423       62.987033981092949        2.861183739984587       1.0936477293505116     0.059956029951659995        4.251073533944389   1.7482209082933511e-09       2.1045919762829826       2.1045919762829826       2916.7500488616715                                                 2903.9215198332063                                              12.828529028465175
                       2       1459.5696052879227     0.022669829358792797     0.053348713348256922        62.66029029233308       2.8477032017254587       1.1045727475850438     0.056244643105328909       4.2301697168431645   1.7248120857139967e-09       2.1045919762829826       2.1045919762829826       2914.9300266232794                                                  2900.928028499141                                              14.001998124138321
                       2       1459.3559029869368     0.022583991476904753     0.053590565571217455       62.946094638395152       2.8456705872596024       1.1031553650597785     0.055323570101899811       4.1471210348031446   1.7213097683539808e-09       2.1045919762829826       2.1045919762829826       2914.5026220213076                                                 2903.3332806380868                                              11.169341383220759
                       2       1458.6156094364712     0.022583991476904753     0.053590565571217455       62.946094638395152       2.8454764761885398       1.1047070994115973     0.055323570101899811       4.1471210348031446   1.7209756754978253e-09       2.1045919762829826       2.1045919762829826       2913.0220349203764                                                 2901.8526935371556                                              11.169341383220759
                       1       1459.0356622184192     0.022583991476904753     0.053590565571217455       62.946094638395152       2.8507616948294379       1.1047943473058581     0.055323570101899811       4.1471210348031446   1.7300954870885697e-09       2.1045919762829826       2.1045919762829826       2913.8621404842725                                                 2902.6927991010516                                              11.169341383220759
                       1       1459.8610156154512     0.023463243154282686     0.054643243787340985       62.905145158776492       2.8756802292667394       1.0749560456827798     0.058154009828483795       4.1493952037792985   1.7737485575526375e-09       2.1045919762829826       2.1045919762829826       2915.5128472783363                                                  2896.578682092379                                              18.934165185957365
                       1       1460.6334685106128      0.02350039379547306     0.054386104540986357       62.950318064443678       2.8778194835319959       1.0747510042320072     0.059285085011236402       4.1593074303193891   1.7775471183148835e-09       2.1045919762829826       2.1045919762829826       2917.0577530686596                                                 2898.8244854942004                                              18.233267574459141
                       4       1455.9124577518046      0.02350039379547306     0.054386104540986357       62.950318064443678       2.8672967448217346        1.088781562570255     0.059285085011236402       4.1593074303193891   1.7589405223067118e-09       2.1045919762829826       2.1045919762829826       2907.6157315510432                                                 2889.3824639765839                                              18.233267574459141
                       2       1456.9383534728097     0.023733575560051474     0.055283223500744758       63.533334242219489       2.8885619717333446       1.0794267388461471     0.066190972773367732       4.0771233938843627    1.796745330922796e-09       2.1045919762829826       2.1045919762829826       2909.6675229930534                                                 2896.8773841838224                                              12.790138809230893
                       2       1454.9430322410724     0.023525782382205408     0.055115159108119163       63.425204377976037       2.8887634778896998          1.0850057940097     0.068408305319191343       4.0726075491263964     1.79710742264901e-09       2.1045919762829826       2.1045919762829826       2905.6768805295787                                                 2893.2367192640886                                              12.440161265490005
                       6       1455.0785810056595     0.023525782382205408     0.055115159108119163       63.425204377976037       2.8384551360659911       1.1523892455812079     0.068408305319191343       4.0726075491263964   1.7089344422033237e-09       2.1045919762829826       2.1045919762829826       2905.9479780587531                                                 2893.5078167932629                                              12.440161265490005
                       2       1450.4618515465768     0.023525782382205408     0.055115159108119163       63.425204377976037       2.8548364020605339       1.1301852139881627     0.068408305319191343       4.0726075491263964   1.7371595018024227e-09       2.1045919762829826       2.1045919762829826       2896.7145191405875                                                 2884.2743578750974                                              12.440161265490005
                       4       1448.1988175868748     0.023076941170518839     0.055219257018032639       62.905276567978554       2.8547102120394681       1.1416587398859339     0.072333110420910063       4.0829031035205912   1.7369403034389094e-09       2.1045919762829826       2.1045919762829826       2892.1884512211836                                                 2876.8211609227551                                              15.367290298428735
                       5       1447.7397609735137     0.022995279119786702     0.055999746204621607       62.864621071563533       2.8380875158609635       1.1436535053838464     0.063658011871907116       4.0688102167566225   1.7083063188357967e-09       2.1045919762829826       2.1045919762829826       2891.2703379944614                                                 2875.2079402667246                                              16.062397727737032
                       4       1444.9447586994056      0.02299609031490912     0.055732477688231759       62.885237956817285       2.8245227597220022       1.1418998358214434     0.057135051174770517       4.0466174199180127   1.6852900183821089e-09       2.1045919762829826       2.1045919762829826       2885.6803334462452                                                 2870.3157370789368                                              15.364596367308303
                       1       1444.5812218800424      0.02299609031490912     0.055732477688231759       62.885237956817285       2.8274368951128994       1.1403050730662949     0.057135051174770517       4.0466174199180127   1.6902083445221256e-09       2.1045919762829826       2.1045919762829826       2884.9532598075189                                                 2869.5886634402104                                              15.364596367308303
                       7       1444.2911315589013     0.022919083151529226     0.055826774991562078       62.811789860280456        2.825791939764128       1.1421510209358916     0.056876880899785508       4.0443771166467091    1.687430312760786e-09       2.1045919762829826       2.1045919762829826       2884.3730791652365                                                 2868.5411357165412                                              15.831943448695426
                       3       1443.5759605483427     0.022754585711341903      0.05576460276821732       62.659518213765651       2.8384725188420554       1.1451932041375283     0.064733285192496604       4.0336587162430488   1.7089641484862292e-09       2.1045919762829826       2.1045919762829826       2882.9427371441193                                                 2866.4720408107864                                              16.470696333332963
                       2       1443.6703289986513     0.022852469311458568     0.055986137495314399       62.723176856453698       2.8451681811288192        1.142027894715796     0.066846400140561882       4.0282179827964084   1.7204451889765582e-09       2.1045919762829826       2.1045919762829826       2883.1314740447365                                                 2866.4556935428318                                                16.6757805019048
                       2       1443.4767378495033     0.022852469311458568     0.055986137495314399       62.723176856453698       2.8583298831839792       1.1274925040367487     0.066846400140561882       4.0282179827964084   1.7432388485891019e-09       2.1045919762829826       2.1045919762829826       2882.7442917464405                                                 2866.0685112445358                                                16.6757805019048
                       3       1442.9905954472192     0.022939644461942393     0.056278783105848343       62.806259914989852       2.8529864087710726       1.1246718197073664     0.062933955469557323       4.0178119937717733   1.7339487392416896e-09       2.1045919762829826       2.1045919762829826       2881.7720069418724                                                 2865.2360032076808                                              16.536003734191574
                       2       1442.9950998382096     0.022939774590249991      0.05628039305094755       62.805091599275748       2.8529218736789228       1.1246710944735427     0.062898885457535497       4.0179556157271525   1.7338368423106979e-09       2.1045919762829826       2.1045919762829826       2881.7810157238532                                                 2865.2228458447694                                              16.558169879083867
                       8       1442.7247363322481     0.022659244100888303     0.055573448306227471       62.769130593323716       2.8331651521321217       1.1337089087471284     0.056604489364749676       4.0179756627505219   1.6999180757031003e-09       2.1045919762829826       2.1045919762829826       2881.2402887119301                                                 2867.3380958909079                                              13.902192821022377
                       4        1442.588956395404     0.022647161370388177      0.05562331761661625        62.96420372229165       2.8340867625388766       1.1340338221154744     0.057030719215495879       3.9958247453140467    1.701485460040217e-09       2.1045919762829826       2.1045919762829826        2880.968728838242                                                 2869.0291441843806                                              11.939584653861244
                       5       1441.0959815044348     0.022163458198749125     0.057171901618926151       62.241735752220883       2.8349959887071092       1.1398224404427058     0.059436720470939036       3.9368443652761904   1.7030331986609553e-09       2.1045919762829826       2.1045919762829826       2877.9827790563036                                                 2859.2262382643953                                              18.756540791908108
                       1       1440.9420684541992     0.022232936702323819     0.058320560144659216       62.290521748525727       2.8413562688815661       1.1359050316786055     0.060249521940740416       3.9054368139211726   1.7138994866375485e-09       2.1045919762829826       2.1045919762829826       2877.6749529558324                                                 2857.4527940990192                                              20.222158856812946
                       2       1442.0932714867524     0.022556425370897415     0.057791522184949998       62.533345951520225       2.8264505458419671       1.1306027552122555     0.050787347980169165       3.9475041420969519   1.6885420306726018e-09       2.1045919762829826       2.1045919762829826       2879.9773590209388                                                 2861.1426795936377                                              18.834679427301005
                       5       1443.8137696262213     0.022556425370897415     0.057791522184949998       62.533345951520225       2.8077182616525822        1.161583057171869     0.050787347980169165       3.9475041420969519    1.657206193692878e-09       2.1045919762829826       2.1045919762829826       2883.4183552998766                                                 2864.5836758725754                                              18.834679427301005
                       3       1443.9429863946796     0.022640482995127619      0.05752651586318195       62.624027394632336        2.803604171070921       1.1598711008643412     0.048356953791066803       3.9526457108415896   1.6504023028079782e-09       2.1045919762829826       2.1045919762829826       2883.6767888367931                                                 2865.8734952565901                                              17.803293580202908
                       1       1443.7730627184978     0.022640482995127619      0.05752651586318195       62.624027394632336       2.8017618302379548       1.1599099749394106     0.048356953791066803       3.9526457108415896   1.6473644984494478e-09       2.1045919762829826       2.1045919762829826       2883.3369414844296                                                 2865.5336479042267                                              17.803293580202908
                       5       1444.5905882271331     0.022970438550821079     0.058121825664258067       62.878655876780037       2.8153186764316502       1.1498821109040684     0.051211052458967975       3.9371284758067775   1.6698496349746911e-09       2.1045919762829826       2.1045919762829826       2884.9719925017002                                                 2867.3048400158495                                              17.667152485850853
                       3       1444.5120393909028      0.02297203978715975     0.058113954729424405       62.878957082531727        2.815126146460837       1.1498054194551295     0.051109550471269076        3.936875222088974   1.6695281698200382e-09       2.1045919762829826       2.1045919762829826       2884.8148948292396                                                  2867.148045380452                                              17.666849448787808
                       5       1442.7677059540695     0.022281664945441249     0.057797808662826758       62.906629094320806       2.8405035471434794        1.166789807647985     0.070251200967038144       3.8647915740196903   1.7124386302289245e-09       2.1045919762829826       2.1045919762829826       2881.3262279555729                                                 2869.3928529320615                                              11.933375023511259
                       4       1441.1312565866983     0.023035252647216564     0.057469712427625275       63.312213864501935       2.8410759163828834       1.1471854591289339     0.064207860369143777       3.8949417663323929   1.7134190579818121e-09       2.1045919762829826       2.1045919762829826       2878.0533292208306                                                  2866.054910872233                                              11.998418348597731
                       2       1438.7959113506708     0.023089945725442453      0.05950554976825944       63.185378752505109       2.8378274586375607       1.1387253480267947     0.058875642629173101       3.8152229110977518   1.7078621191989642e-09       2.1045919762829826       2.1045919762829826       2873.3826387487757                                                 2858.1135706276209                                              15.269068121154753
                       3       1438.5873638671328     0.023089945725442453      0.05950554976825944       63.185378752505109       2.8400542193377394       1.1344546470973347     0.058875642629173101       3.8152229110977518   1.7116693567776579e-09       2.1045919762829826       2.1045919762829826       2872.9655437816996                                                 2857.6964756605448                                              15.269068121154753
                       3       1436.9832707591568     0.022759733710625805     0.059116751691665845        62.82462118240484       2.8212962358517171       1.1438925876746739     0.053138223820895968       3.8326124482533377   1.6798611528013849e-09       2.1045919762829826       2.1045919762829826       2869.7573575657475                                                   2852.52586756138                                              17.231490004367323
                      17       1436.8309753801566     0.022622297394910788     0.058640047299612877        62.63232469970567       2.8277807523904595       1.1484967408084084      0.05839029385448645       3.8571881486999566   1.6907896348967174e-09       2.1045919762829826       2.1045919762829826       2869.4527668077471                                                 2850.9214345001128                                              18.531332307634347
                       1       1436.8497043200121     0.022618607149242229     0.058602491359951027       62.625753943431711       2.8271460707766707       1.1486603266236983     0.058164686221692331       3.8585255765935167   1.6897168622732049e-09       2.1045919762829826       2.1045919762829826       2869.4902246874581                                                 2850.9289333410329                                              18.561291346425307
                       1       1437.1381422878253     0.022575190279513335     0.059094857729774727       62.487472837397554       2.8242591608700063       1.1484795839734043     0.056386881923047777       3.8496003112819537   1.6848458364134835e-09       2.1045919762829826       2.1045919762829826       2870.0671006230846                                                   2848.64051984662                                              21.426580776464338
                       4       1436.8696753531217     0.022575190279513335     0.059094857729774727       62.487472837397554       2.8376255681509344       1.1290965726984021     0.056386881923047777       3.8496003112819537   1.7075173528883186e-09       2.1045919762829826       2.1045919762829826       2869.5301667536773                                                 2848.1035859772128                                              21.426580776464338
                       4        1436.802874219977     0.022507248445545306     0.059166996763015824       62.530297540129595       2.8336514422531835       1.1307384629192649     0.054875016694863936       3.8359154962297577   1.7007449300991968e-09       2.1045919762829826       2.1045919762829826       2869.3965644873879                                                 2849.6291337850298                                              19.767430702358283
                       5       1436.7003233563842     0.022627219241385083     0.059346557304413967       62.611964718552407       2.8359797652340695       1.1270664115771643     0.054667017602437341       3.8310042281639141   1.7047094271283521e-09       2.1045919762829826       2.1045919762829826       2869.1914627602023                                                 2849.3183748343845                                              19.873087925817984
                       3       1438.7767489738183     0.022457234736234368     0.061076512487265783       62.069125984191537       2.8340699938664797       1.1251202267515072     0.052604978114635763       3.7851848301382667    1.701456928627167e-09       2.1045919762829826       2.1045919762829826       2873.3443139950705                                                 2839.5003598279905                                              33.843954167080042
                       8       1437.8839492072232     0.022757680963896024     0.058050330831145969        63.02900664537475       2.8207277666724844       1.1275537185477693     0.047789915362415628       3.8514219579260818   1.6789064748888208e-09       2.1045919762829826       2.1045919762829826       2871.5587144618803                                                 2858.1940079396772                                               13.36470652220318
                       6        1437.679011684005     0.022812744240708484     0.058222708573952495       63.075164925590471       2.8246446789898405       1.1255738092222407     0.048971143635698523       3.8445889978234056   1.6854955002330894e-09       2.1045919762829826       2.1045919762829826       2871.1488394154439                                                 2857.7870113919867                                               13.36182802345734
                       7       1437.8642238880418      0.02278541750101986     0.058012991447146812       63.047167550281472       2.8231725967253061       1.1270618005181263     0.048826780005028395       3.8554527856029397   1.6830161375608888e-09       2.1045919762829826       2.1045919762829826       2871.5192638235176                                                 2858.1868743501104                                              13.332389473406996
                      13       1439.1904196178391     0.022408526223318015     0.057745197391011777       62.691726174585412       2.8180728885538682       1.1394782613665579     0.050260626135866585       3.8895403733575393   1.6744550943763794e-09       2.1045919762829826       2.1045919762829826       2874.1716552831122                                                 2859.4925762345742                                              14.679079048538018
                       2       1439.1515784527717     0.022293834812899597     0.057433006009112102       62.710347535336936       2.8161333080869202       1.1427106866240446     0.050747471330083518       3.8818913477195776   1.6712105015741291e-09       2.1045919762829826       2.1045919762829826       2874.0939729529773                                                 2860.7547718410706                                              13.339201111906938
                       1       1439.3133703139385     0.022293834812899597     0.057433006009112102       62.710347535336936       2.8085429644416786       1.1516904882462289     0.050747471330083518       3.8818913477195776   1.6585734599795907e-09       2.1045919762829826       2.1045919762829826       2874.4175566753111                                                 2861.0783555634043                                              13.339201111906938
                       4       1439.1286796027352      0.02223290026719487     0.058113528797162389         62.6573426210322       2.8171989631952377       1.1514978579471902     0.054570161278312726       3.8572202134386879   1.6729923848500843e-09       2.1045919762829826       2.1045919762829826       2874.0481752529045                                                 2859.9687423754804                                              14.079432877424177
                       1       1438.5818908511342     0.022229353592868328     0.058370843649077846       62.417209839240158        2.841019385891725       1.1494905374847917     0.066108890584655092       3.8603476708062905   1.7133222002986361e-09       2.1045919762829826       2.1045919762829826       2872.9545977497023                                                 2855.2467070307512                                              17.707890718951141
                       7       1441.4124337131132     0.022412600210080728     0.056586530094565497       63.485582039784241       2.8472845154282425       1.1454379494167635     0.069777011869344027       3.7872215363978645   1.7240900816855792e-09       2.1045919762829826       2.1045919762829826       2878.6156834736603                                                 2867.4807440441205                                              11.134939429539839
                       1       1437.0633387640783      0.02230278602548106     0.057684202931825135       62.914335589074255       2.8366295391996146       1.1465085876339347     0.063983928162138271       3.8066044158403689   1.7058174628803265e-09       2.1045919762829826       2.1045919762829826       2869.9174935755905                                                  2858.320108789108                                              11.597384786482442
                       1       1436.1347291029097     0.022418108695458978     0.059177701861674765       62.671756911187565       2.8611098791304017       1.1366690909660142     0.072790526436453576       3.7564592883222048   1.7480917879722875e-09       2.1045919762829826       2.1045919762829826       2868.0602742532533                                                 2851.9971756043697                                              16.063098648883734
                       2       1434.9709828463781     0.022418108695458978     0.059177701861674765       62.671756911187565       2.8744189107163849       1.1259243526718639     0.072790526436453576       3.7564592883222048   1.7715127059503052e-09       2.1045919762829826       2.1045919762829826       2865.7327817401901                                                 2849.6696830913065                                              16.063098648883734
                       1       1434.9855046323682     0.022420953833152787     0.059163452970232247       62.671238203338312       2.8743254858973692       1.1258658603848697     0.072739851204360328       3.7570625678825906    1.771347210427183e-09       2.1045919762829826       2.1045919762829826       2865.7618253121705                                                 2849.6793740704729                                              16.082451241697541
                       3       1437.1765084357119     0.022459345501095174     0.058923166925161745       62.886272555387201       2.8895938686597944       1.1255623929657692     0.080331916164538955       3.7502452422279515   1.7986003438338457e-09       2.1045919762829826       2.1045919762829826       2870.1438329188577                                                 2856.7804948687349                                              13.363338050122806
                       1       1436.5544323202421     0.022444981754153891     0.059538165330473396       62.850524154432364       2.8933849509347653        1.122883307947389      0.08132227044993727       3.7131261451390336   1.8054319270820608e-09       2.1045919762829826       2.1045919762829826       2868.8996806879181                                                 2854.7848696277665                                              14.114811060151705
                       4       1439.2061077542426     0.022444981754153891     0.059538165330473396       62.850524154432364       2.8623735003791806       1.1585297994084478      0.08132227044993727       3.7131261451390336   1.7503021101112867e-09       2.1045919762829826       2.1045919762829826       2874.2030315559191                                                 2860.0882204957675                                              14.114811060151705
                       1       1439.4296755835446     0.022274455434827284      0.05948432432067078       62.463972115968609       2.8458062750360318        1.162617433936199     0.074741287278075136       3.7321001584616509   1.7215433448953771e-09       2.1045919762829826       2.1045919762829826       2874.6501672145232                                                 2856.3624046706905                                              18.287762543832798
                       4       1438.9148948895179     0.022274455434827284      0.05948432432067078       62.463972115968609       2.8464518636255978       1.1629058517505768     0.074741287278075136       3.7321001584616509   1.7226551124689007e-09       2.1045919762829826       2.1045919762829826       2873.6206058264697                                                  2855.332843282637                                              18.287762543832798
                       3        1440.775063190734      0.02205791630249157     0.057701191902253958       63.218857737462926       2.8115639213919432        1.173264441335558     0.061716862257062827       3.6941641091386122   1.6635915148486014e-09       2.1045919762829826       2.1045919762829826       2877.3409424289021                                                 2866.5740806081049                                              10.766861820797315
                       2         1439.15071569467      0.02205791630249157     0.057701191902253958       63.218857737462926       2.8145004190584375       1.1726661744457365     0.061716862257062827       3.6941641091386122   1.6684838270661183e-09       2.1045919762829826       2.1045919762829826        2874.092247436774                                                 2863.3253856159768                                              10.766861820797315
                       1       1437.8758702757561      0.02191270556232397     0.058603849358395306       62.849290686780904       2.8146567793713269       1.1727965081337202     0.061727447833228866       3.6706506929935241    1.668744732116435e-09       2.1045919762829826       2.1045919762829826       2871.5425565989462                                                 2860.6461168842666                                              10.896439714679619
                       2        1432.054698794683     0.022437757036581591     0.059723257022974048       63.199190367959169       2.8040122068454583       1.1558243529919039     0.049885708612857058       3.6332683545464253    1.651075863398966e-09       2.1045919762829826       2.1045919762829826       2859.9002136367999                                                 2848.8454139240193                                              11.054799712780367
                       2       1431.5958428559263     0.022437757036581591     0.059723257022974048       63.199190367959169        2.802298141484743       1.1617408143120367     0.049885708612857058       3.6332683545464253   1.6482482355154072e-09       2.1045919762829826       2.1045919762829826       2858.9825017592866                                                 2847.9277020465061                                              11.054799712780367
                       2       1431.6206759985671     0.022440068879330005     0.059711206759753201       63.204257578075037       2.8021964504765524       1.1616278776840196     0.049826395501771502       3.6324170747783366   1.6480806320126186e-09       2.1045919762829826       2.1045919762829826       2859.0321680445682                                                 2848.0033643950178                                              11.028803649550371
                       5       1433.1614475016054     0.022411092968666516     0.059321277627647752       63.187817968517642       2.7965084144882306       1.1635333087597586     0.047860160762496461       3.6469725984310943   1.6387329003858623e-09       2.1045919762829826       2.1045919762829826       2862.1137110506447                                                 2851.2283305657484                                              10.885380484896544
                       1       1431.0292806015354     0.022398205126153401     0.060793104032844048       63.156196086453882       2.8149522864224057       1.1622821313473619     0.055045780456680363       3.6218597443683711   1.6692379308194841e-09       2.1045919762829826       2.1045919762829826       2857.8493772505049                                                 2846.0764452478852                                              11.772932002619845
                       9       1428.9996823459012     0.022398205126153401     0.060793104032844048       63.156196086453882       2.8247609357537629        1.157472120992129     0.055045780456680363       3.6218597443683711   1.6856914618762645e-09       2.1045919762829826       2.1045919762829826       2853.7901807392363                                                 2842.0172487366167                                              11.772932002619845
                       1        1429.526463439993     0.022398205126153401     0.060793104032844048       63.156196086453882       2.8201943254878037       1.1602742699606416     0.055045780456680363       3.6218597443683711   1.6780111158618099e-09       2.1045919762829826       2.1045919762829826         2854.84374292742                                                 2843.0708109248003                                              11.772932002619845
                       2       1428.6440877733846     0.022334820237213907     0.061066537489202766       62.967145485572054       2.8253681691930033       1.1605649288020241     0.057795262997646715       3.6191248063280157   1.6867153809476448e-09       2.1045919762829826       2.1045919762829826       2853.0789915942032                                                 2839.8645170362652                                               13.21447455793786
                       5       1428.3696515876115     0.022334820237213907     0.061066537489202766       62.967145485572054       2.8269148145925342       1.1583556678249205     0.057795262997646715       3.6191248063280157   1.6893261499784232e-09       2.1045919762829826       2.1045919762829826        2852.530119222657                                                  2839.315644664719                                               13.21447455793786
                       7       1428.1256667932503     0.022334820237213907     0.061066537489202766       62.967145485572054       2.8285930364921166       1.1578276594622208     0.057795262997646715       3.6191248063280157   1.6921635943835689e-09       2.1045919762829826       2.1045919762829826       2852.0421496339345                                                 2838.8276750759965                                               13.21447455793786
                       4       1428.0946665133138     0.022298256532631597     0.060668566647938738       62.916255085599943       2.8166116226508731       1.1582930833829674     0.052676780075012627        3.616788739933011   1.6720100571007458e-09       2.1045919762829826       2.1045919762829826       2851.9801490740615                                                 2838.8545308188177                                              13.125618255243944
                       5       1427.4384702503392     0.022927058310057348     0.061479102701938931        63.37285663275793        2.815314972751024       1.1389171873826045     0.045004219129171359       3.5852732848678124   1.6698434503964023e-09       2.1045919762829826       2.1045919762829826       2850.6677565481123                                                 2837.6707585243144                                              12.996998023797916
                       1       1426.3558140765253     0.022706007604382843     0.062107202457815959        62.91087944837264       2.8206807216156475       1.1427827984693144      0.04881054876813689       3.5879875894774944   1.6788274924961658e-09       2.1045919762829826       2.1045919762829826       2848.5024442004847                                                 2830.3236377701855                                              18.178806430299243
                      10       1426.1630666668459     0.022706007604382843     0.062107202457815959        62.91087944837264       2.8290394807970176        1.128123147998304      0.04881054876813689       3.5879875894774944   1.6929192198430332e-09       2.1045919762829826       2.1045919762829826       2848.1169493811258                                                 2829.9381429508267                                              18.178806430299243
                       2       1427.4064201721712     0.022713204774388075     0.061196614787534589       63.009856493815867       2.8232967454902025       1.1309831584501902     0.047298715590666729       3.6197107036444325   1.6832250949062978e-09       2.1045919762829826       2.1045919762829826       2850.6036563917764                                                 2834.9584221409445                                              15.645234250831741
                       1       1427.4115209745842     0.022713204774388075     0.061196614787534589       63.009856493815867       2.8227899434851582       1.1315980891770174     0.047298715590666729       3.6197107036444325   1.6823722491834736e-09       2.1045919762829826       2.1045919762829826       2850.6138579966023                                                 2834.9686237457704                                              15.645234250831741
                       2        1429.425271583628      0.02296423051355502     0.061700590274100874       63.106536990323704       2.8284668554553063       1.1261644348714255     0.047247514290794178       3.6423683465877428   1.6919500888972323e-09       2.1045919762829826       2.1045919762829826       2854.6413592146901                                                  2837.390594951893                                               17.25076426279707
                       3       1430.2268239937678      0.02296423051355502     0.061700590274100874       63.106536990323704       2.8267600749436093       1.1239919964838492     0.047247514290794178       3.6423683465877428   1.6890647644669286e-09       2.1045919762829826       2.1045919762829826       2856.2444640349695                                                 2838.9936997721725                                               17.25076426279707
                       3       1429.6431274442248     0.023153809110496831     0.061666278510519805       63.334036545367276       2.8398196746816731       1.1185005702538626      0.05203530082853676       3.6318802095218423   1.7112679409538817e-09       2.1045919762829826       2.1045919762829826       2855.0770709358835                                                 2839.5771776800716                                               15.49989325581169
                       2       1430.0766935646018     0.023151511574134497     0.061618146335862316       63.319757585711521       2.8351011534893567       1.1188607616745128     0.049787891746961417       3.6362463148137967   1.7032123071942426e-09       2.1045919762829826       2.1045919762829826       2855.9442031766375                                                 2840.2998977776342                                              15.644305399003391
                       3       1429.6601270111589     0.022693980765175144     0.060396712383873917       63.297003092878072       2.8264585419216588       1.1347290642045424     0.051456966827881728       3.6500174007236379   1.6885555324432226e-09       2.1045919762829826       2.1045919762829826       2855.1110700697518                                                 2843.3008642133241                                              11.810205856427617
                       1       1430.0758602033927     0.022889503196016271     0.060768942461261931       63.399078896986047       2.8306779894852268       1.1288906038523026     0.051238856029331668        3.646431539092386   1.6956953564340509e-09       2.1045919762829826       2.1045919762829826       2855.9425364542194                                                   2843.77059609974                                              12.171940354479554
                       2       1430.0935942872438     0.022846286600216724     0.061159061426393713       63.256106978322343       2.8248909694619067       1.1288932989496987     0.048166126527458289       3.6405502913667225   1.6859106728399368e-09       2.1045919762829826       2.1045919762829826       2855.9780046219216                                                 2842.3880929279362                                              13.589911693985423
                       2       1430.3582338214655     0.022846286600216724     0.061159061426393713       63.256106978322343       2.8260076022959812       1.1265894571160509     0.048166126527458289       3.6405502913667225   1.6877942674986513e-09       2.1045919762829826       2.1045919762829826       2856.5072836903651                                                 2842.9173719963796                                              13.589911693985423
                       1       1431.4327478888119     0.022673481451437216     0.061597722060389021       62.988868797037149       2.8312989252248517       1.1314510316056894     0.051838444553536749       3.6544281545129884   1.6967486012492104e-09       2.1045919762829826       2.1045919762829826       2858.6563118250579                                                 2842.4569300432786                                              16.199381781779103
                       2       1429.5855319244301     0.022717586782275298     0.062413729029431056       62.668752540312525       2.8600930620061424       1.1252801928763132     0.064514969584326856       3.6331468215846434   1.7463152016922465e-09       2.1045919762829826       2.1045919762829826       2854.9618798962942                                                   2831.03752138953                                              23.924358506764442
                       1       1429.1674356110932     0.022891849349606249     0.061234092444876244       62.873363922744872       2.8579991986651581       1.1233623062872966       0.0636672746073568       3.6671209980481816   1.7426624817923068e-09       2.1045919762829826       2.1045919762829826       2854.1256872696204                                                 2834.0107831832388                                              20.114904086381689
                       2       1429.3420288302236     0.022891849349606249     0.061234092444876244       62.873363922744872       2.8626604010394208       1.1309197351771207       0.0636672746073568       3.6671209980481816   1.7508043449846109e-09       2.1045919762829826       2.1045919762829826       2854.4748737078812                                                 2834.3599696214997                                              20.114904086381689
                       1       1427.8123952565418     0.023098345728179537     0.061579104011016211       63.218382225697795       2.8880373192693938       1.1198387167513049     0.073580165251907109       3.5852937674791274   1.7958029113008413e-09       2.1045919762829826       2.1045919762829826       2851.4156065605175                                                 2834.8915082866647                                              16.524098273852637
                       9       1426.1053985793912     0.023477594426923994     0.062394526925509966       63.686805364684908       2.8827858440144389       1.1083094692273074     0.066199621927639271       3.5439677625279487   1.7863970157794591e-09       2.1045919762829826       2.1045919762829826       2848.0016132062165                                                 2833.9314702144957                                              14.070142991720878
                       3       1424.1723439508082      0.02335856816924237     0.063676296016669881       63.377114336815737       2.9018986011404251       1.1035968690747424     0.074652163024581344       3.4686674964823641   1.8208683599354128e-09       2.1045919762829826       2.1045919762829826       2844.1355039490504                                                 2825.1100664924875                                              19.025437456562976
                       2       1419.6471407250326     0.023149227177072039     0.064575681073216401       63.360446788854183       2.8492120763702977       1.1061464070201028     0.048737299649598068       3.4010153905673759   1.7274165753673054e-09       2.1045919762829826       2.1045919762829826       2835.0850974974992                                                 2817.1568808964157                                               17.92821660108342
                       8       1419.4558209659194     0.023254123331620819     0.064260646274058822       63.689198901845423       2.8519362433768376       1.1039511487787408     0.049527251075705325       3.3848842518273541    1.732128762086137e-09       2.1045919762829826       2.1045919762829826       2834.7024579792728                                                 2820.9621724655549                                              13.740285513717838
                       1       1420.1367374886577     0.023413156813400855     0.065151263168103102       63.940518286110972       2.8651645707384836       1.0984233074242316     0.053313770103370781       3.3517925398607944   1.7551941502890333e-09       2.1045919762829826       2.1045919762829826       2836.0642910247493                                                 2823.2928162131684                                              12.771474811581008
                       7       1421.7513780511301     0.023360886104592804      0.06415621891644839       64.032591911287938       2.8537089939007529       1.1035529697684121     0.049634734776792228       3.3867174010228429    1.735202117598039e-09       2.1045919762829826       2.1045919762829826       2839.2935721496942                                                 2828.0700523245796                                              11.223519825114671
                       1       1422.2305662859897     0.023380793851517263     0.064136615022784935       64.051671518963673       2.8503057028472933       1.1030506345533519     0.047779781144340318       3.3863048555348381   1.7293067572590187e-09       2.1045919762829826       2.1045919762829826       2840.2519486194133                                                 2829.0770347209491                                               11.17491389846402
                       2       1422.3167508388669     0.023380793851517263     0.064136615022784935       64.051671518963673       2.8531447585280034       1.1081706816754957     0.047779781144340318       3.3863048555348381   1.7342233313433014e-09       2.1045919762829826       2.1045919762829826       2840.4243177251678                                                 2829.2494038267037                                               11.17491389846402
                       2       1422.1728534110989     0.023380793851517263     0.064136615022784935       64.051671518963673       2.8520056632245243       1.1095305331428416     0.047779781144340318       3.3863048555348381   1.7322490103747356e-09       2.1045919762829826       2.1045919762829826       2840.1365228696318                                                 2828.9616089711676                                               11.17491389846402
                       1       1421.1211455086102     0.022925859139214865     0.063586057254685774       63.382463911384136       2.8378316439010529       1.1221460132255343     0.045768341857870216       3.4263496523563126   1.7078692670668993e-09       2.1045919762829826       2.1045919762829826       2838.0331070646544                                                 2823.6352671934583                                              14.397839871196293
                       2       1421.0163341973641     0.022929343725970993     0.063630744776002432       63.378211536914371       2.8381361922993769       1.1218427688422363     0.045816091696585966       3.4243660795106332   1.7083894751269761e-09       2.1045919762829826       2.1045919762829826       2837.8234844421622                                                 2823.3032871559453                                               14.52019728621681
                       1       1420.1706709097805     0.022925545125170966     0.063621640798769682       63.747436552712678       2.8339121229379809       1.1211560428667859     0.043568833844874255       3.3747887368965719   1.7011883392438296e-09       2.1045919762829826       2.1045919762829826       2836.1321578669949                                                  2825.083988543975                                              11.048169323019701
                       6       1414.4119237565239      0.02263159458757405     0.065148971691349422       63.416714723737776       2.8716796350089027       1.1234693812276968     0.062697395039532963       3.3149795320136897   1.7666666845539733e-09       2.1045919762829826       2.1045919762829826       2824.6146635604819                                                 2811.5514833988645                                               13.06318016161751
                       5       1414.8562118517934      0.02253712275816586      0.06539208952532094       63.065919613976639        2.878007138630712       1.1228100490080997     0.066294362443845886       3.3068308132207571    1.777880715394461e-09       2.1045919762829826       2.1045919762829826       2825.5032397510208                                                 2808.3352301892246                                              17.168009561796282
                       1       1414.8845715817597     0.022604971550519059     0.065477746061382749       63.112010217532074       2.8844984733206114       1.1208176098894489     0.068790269984934871       3.3060480942420538   1.7894590729971629e-09       2.1045919762829826       2.1045919762829826       2825.5599592109534                                                 2808.3417595607416                                              17.218199650211851
                       2       1414.9137166668359     0.022604971550519059     0.065477746061382749       63.112010217532074       2.8769980356768921       1.1346718460435681     0.068790269984934871       3.3060480942420538    1.776087555606599e-09       2.1045919762829826       2.1045919762829826       2825.6182493811057                                                 2808.4000497308939                                              17.218199650211851
                       2       1414.3829328167369     0.022731277788413568     0.067161603646160431       63.430153311838261       2.8883190048508527       1.1290195122995073     0.070717305700538566       3.2446096971080265    1.796308834340364e-09       2.1045919762829826       2.1045919762829826       2824.5566816809078                                                  2809.141664119752                                              15.415017561155807
                       3       1414.2820204155173     0.022709906089086396     0.067103538904307744       63.459720007404883       2.8880356961991893       1.1296679019518892     0.070840082808578494       3.2409335142024651    1.795799996589008e-09       2.1045919762829826       2.1045919762829826       2824.3548568784686                                                  2809.581146043527                                              14.773710834941589
                       2       1410.8870092882514     0.022980483956578823     0.068706257890343236        63.95603420121968       2.8710503698039256       1.1156339029983724     0.057120908528547121       3.1164977325182255   1.7655553323848888e-09       2.1045919762829826       2.1045919762829826       2817.5648346239368                                                 2805.1979638771509                                              12.366870746785764
                       1       1410.9453758531099     0.022980483956578823     0.068706257890343236        63.95603420121968       2.8629800034977335       1.1299718033834791     0.057120908528547121       3.1164977325182255   1.7513639957854146e-09       2.1045919762829826       2.1045919762829826       2817.6815677536538                                                 2805.3146970068678                                              12.366870746785764
                       1       1410.9583913713625     0.022980483956578823     0.068706257890343236        63.95603420121968       2.8626943670323937       1.1301790772446654     0.057120908528547121       3.1164977325182255   1.7508638138026429e-09       2.1045919762829826       2.1045919762829826        2817.707598790159                                                  2805.340728043373                                              12.366870746785764
                       2        1410.322311720498     0.022991084722247378     0.068621452163479049       63.953008415099269       2.8642565118170036       1.1298268209274533     0.057923662944775994       3.1179032660480845   1.7536010540040494e-09       2.1045919762829826       2.1045919762829826       2816.4354394884299                                                 2804.0478970885397                                              12.387542399890174
                      17       1409.8571718268843     0.022655726393322626     0.069913790381787161       63.335245083455426       2.8635052389681221       1.1347901755930061     0.058694258057969184       3.0984225854290375   1.7522841158962695e-09       2.1045919762829826       2.1045919762829826       2815.5051597012025                                                 2796.2259903350864                                              19.279169366116154
                       7       1406.0398938690873     0.022781506110134124     0.071697317222160203       63.579403324965824       2.9023267493958662       1.1219508668834632     0.073828491162375179       2.9657823648257082    1.821648128463463e-09       2.1045919762829826       2.1045919762829826       2807.8706037856086                                                 2789.4061323247961                                              18.464471460812486
                       2       1400.8840184081578     0.022622855397854202     0.070069231902551543       63.627195968311639       2.8771588043801444       1.1280088571297671     0.065027422724363224       2.9771665086865955   1.7763731178538977e-09       2.1045919762829826       2.1045919762829826       2797.5588528637495                                                 2783.1766968399406                                              14.382156023808927
                       2       1400.4138054258754     0.022800213906854681     0.070298245586819186       63.661748671239351       2.8761301497345664       1.1224554012798356     0.062560750864769282       2.9772318643780653    1.774546782888952e-09       2.1045919762829826       2.1045919762829826       2796.6184268991847                                                 2780.9609015044739                                              15.657525394710605
                       2       1401.2064270903113     0.022712177266397696     0.071364550605830829       63.915388073069366       2.8611737651784268       1.1229495261793558     0.054166633543189339       2.9097625115089789   1.7482034702156367e-09       2.1045919762829826       2.1045919762829826       2798.2036702280566                                                 2785.3436891913166                                              12.859981036740004
                       2       1397.2611374985956     0.022612366195292635     0.072549324475508145         63.7286726019002       2.8893023681972139       1.1173030909254698     0.067020845697848483       2.8204421890404041   1.7980761274099976e-09       2.1045919762829826       2.1045919762829826       2790.3130910446253                                                 2775.0415311126767                                              15.271559931948534
                       1       1397.1838850901224     0.022630889188249265     0.072897347407760535       63.703544032039147       2.8881543001587788       1.1159934731368311     0.065755871705222374       2.8122660295816622   1.7960129982104026e-09       2.1045919762829826       2.1045919762829826       2790.1585862276788                                                 2773.9858116747173                                              16.172774552961322
                       5       1395.0257905000515     0.022630889188249265     0.072897347407760535       63.703544032039147       2.8942580126600745       1.1263619347623264     0.065755871705222374       2.8122660295816622   1.8070088688788434e-09       2.1045919762829826       2.1045919762829826       2785.8423970475369                                                 2769.6696224945754                                              16.172774552961322
                       2       1394.8229868479098     0.022918456939727237     0.074277004588022499       64.089589756560031       2.8949569807316782       1.1156344473407047     0.061302114794244855         2.74926629554552    1.808272351898999e-09       2.1045919762829826       2.1045919762829826       2785.4367897432535                                                 2770.7164546564927                                              14.720335086760622
                       3       1391.6333897591896     0.022371760360669492     0.075916415023812758       63.311915934754651       2.8679136260320188       1.1212524317422086     0.050077786345710806       2.6639214340653656   1.7600259144095077e-09       2.1045919762829826       2.1045919762829826       2779.0575955658132                                                 2754.2134945008775                                               24.84410106493592
                       4       1388.6068625681307     0.022606124001241484     0.076257778571762427       63.460345485757898        2.889049388186482       1.1123399411617734      0.05787523329801094       2.6383916040135751   1.7976213076245717e-09       2.1045919762829826       2.1045919762829826       2773.0045411836954                                                 2747.5401141831476                                               25.46442700054785
                       4       1387.5279989250075     0.022828944588447701     0.075574666973508023       63.807204030964698       2.8773093173748694       1.1073091446234746     0.050920088302216858       2.6346440093301804   1.7766405052137462e-09       2.1045919762829826       2.1045919762829826        2770.846813897449                                                 2750.9217915703898                                              19.925022327059157
                       3        1387.492019963812     0.022820318262522621     0.075591859623929433       63.805632440977966       2.8771902263074018       1.1075582035164186     0.050914529040493518       2.6341237872272161   1.7764289357977379e-09       2.1045919762829826       2.1045919762829826        2770.774855975058                                                 2750.9040104450228                                              19.870845530035151
                       8       1385.7114710049384     0.022551240656495424     0.075308013644280636       63.928485374001419       2.8752703589013611       1.1138743568403133     0.052638050125202965       2.5898468987809071   1.7730216995522168e-09       2.1045919762829826       2.1045919762829826       2767.2137580573108                                                 2752.4582818044864                                              14.755476252824439
                       1       1385.3414379790856     0.022886355179125139     0.075077153991042381       64.725611784647469       2.8715475184836676       1.1042695075489792     0.047802630365537654       2.5270342182734891   1.7664332941080685e-09       2.1045919762829826       2.1045919762829826       2766.4736920056052                                                 2756.1248881688443                                              10.348803836760814
                       1       1384.9234490757019     0.022551208546828422     0.079184880223779716       63.838180047159582       2.8600948470053034       1.0987790053344657     0.038752483006091715       2.3910078976289277   1.7463183188661984e-09       2.1045919762829826       2.1045919762829826       2765.6377141988378                                                 2744.4559988575134                                              21.181715341324587
                      17       1385.1260688975467      0.02235152769247763      0.07862691224388324       63.415096461047064        2.884976385523363       1.1064185555842747     0.054030758950775866       2.4545664916114633   1.7903144817133236e-09       2.1045919762829826       2.1045919762829826       2766.0429538425274                                                 2739.0564993359758                                              26.986454506551514
                       2       1385.0500682673371     0.022259893224238627     0.078325272705318319       63.462342276080221       2.9073401968012806       1.1091017290374663     0.066438777740719449       2.4506587957512735   1.8308037971012352e-09       2.1045919762829826       2.1045919762829826       2765.8909525821082                                                 2742.0017286594953                                              23.889223922612747
                       1       1383.2761319345916     0.022305101979647819     0.078378231157399225       63.691000787713875       2.9078823285076449       1.1088049921808638     0.066205662397379461       2.4402086137684726    1.831796602979232e-09       2.1045919762829826       2.1045919762829826       2762.3430799166172                                                 2742.5876488230192                                              19.755431093598069
                       3         1386.04561067998     0.021799958831735002      0.07846162688874482       63.816937163696856       2.8877964472343529       1.1202222653345097     0.060352216069966345       2.3553227312474467   1.7953704046905288e-09       2.1045919762829826       2.1045919762829826       2767.8820374073939                                                  2754.531026945775                                              13.351010461618671
                       1       1384.8949177466052     0.021910200605872104     0.078286592637633573       63.906283818632737       2.8772580811192077       1.1176618481481719     0.054344696661792355       2.3592998282114941   1.7765494791385398e-09       2.1045919762829826       2.1045919762829826       2765.5806515406443                                                 2752.5918992613051                                              12.988752279339211
                       3       1384.0660792119024     0.022459910083809265     0.080029522986418619        63.42877236666034         2.89778735032059       1.0980851709139636     0.057178672870724562       2.3903653224871979   1.8133976808382851e-09       2.1045919762829826       2.1045919762829826       2763.9229744712388                                                 2732.5857365088364                                              31.337237962402352
                       1        1381.486214060817     0.022459910083809265     0.080029522986418619        63.42877236666034       2.8895594564857086       1.1176498155964214     0.057178672870724562       2.3903653224871979   1.7985384511506397e-09       2.1045919762829826       2.1045919762829826        2758.763244169068                                                 2727.4260062066655                                              31.337237962402352
                       2       1384.0092477922522     0.022459910083809265     0.080029522986418619        63.42877236666034       2.8756275539386835       1.1297211386096235     0.057178672870724562       2.3903653224871979   1.7736551272262379e-09       2.1045919762829826       2.1045919762829826       2763.8093116319383                                                 2732.4720736695358                                              31.337237962402352
                       1        1384.554960753828     0.022443609117417357     0.080137242010059048       63.372660172529812       2.8764496040333691       1.1296628653954344     0.057574005867010142       2.3885362011095665   1.7751137600439953e-09       2.1045919762829826       2.1045919762829826         2764.90073755509                                                 2731.9915054546937                                              32.909232100396196
                       2       1382.1723507500549     0.023072571903387688     0.082556122984527969       63.933414417663734       2.8929397215069081       1.1067190570997834     0.056284569782868041       2.2945828996190976   1.8046282745762793e-09       2.1045919762829826       2.1045919762829826       2760.1355175475437                                                 2726.6846007341428                                              33.450916813400923
                       1       1381.1259369188394     0.022662005015234792     0.083138395794060516       63.971140442679491       2.8814565911223951       1.1161693271076143     0.053259844816983981       2.2310493034951873   1.7840240198851298e-09       2.1045919762829826       2.1045919762829826       2758.0426898851128                                                 2731.5499933641013                                              26.492696521011492
                       1        1376.148944197176     0.022778435499046134     0.081995278981747383       64.470692042192169       2.9115099733455043       1.1140691607972637     0.068728657349502106       2.2137712382045542    1.838453778102931e-09       2.1045919762829826       2.1045919762829826       2748.0887044417859                                                 2731.7269508467612                                              16.361753595024922
                       8       1376.7155451418541     0.022586214043781281     0.081439887856118484       64.441288215642786       2.8950957320937576       1.1217525171561273     0.063168036954708628       2.2315597986073787   1.8085232695580169e-09       2.1045919762829826       2.1045919762829826       2749.2219063311422                                                 2734.7306795625209                                              14.491226768621285
                       1       1376.4662213701688     0.022586214043781281     0.081439887856118484       64.441288215642786       2.8965738209428595       1.1199318065253043     0.063168036954708628       2.2315597986073787   1.8111984041923873e-09       2.1045919762829826       2.1045919762829826       2748.7232587877716                                                 2734.2320320191502                                              14.491226768621285
                       4       1376.2995151271905     0.022463753788884874     0.080250191574455648       64.541741908565612       2.8820137248865443       1.1196427049016493     0.058393602352128419        2.176628081355489   1.7850182368328594e-09       2.1045919762829826       2.1045919762829826       2748.3898463018149                                                 2736.5335588685916                                                11.8562874332232
                      11       1372.4014808492284     0.022647967708182056     0.081826836213443638       64.728597175843277       2.8934162610652749        1.110278458544145     0.059918064319001776        2.110178514154192   1.8054884562762876e-09       2.1045919762829826       2.1045919762829826       2740.5937777458907                                                 2728.2848205993819                                              12.308957146508767
                       1       1373.0366144996863     0.022627811799680313     0.081546818663609438        64.67352094030791       2.8878767265054561       1.1116375944981531     0.057789551253364865       2.1251661218804445   1.7955145415034991e-09       2.1045919762829826       2.1045919762829826       2741.8640450468065                                                 2729.3752866993987                                              12.488758347407936
                       1       1370.6472944573586     0.022627811799680313     0.081546818663609438        64.67352094030791       2.8823154822754744       1.1368738559617639     0.057789551253364865       2.1251661218804445   1.7855569605530423e-09       2.1045919762829826       2.1045919762829826       2737.0854049621512                                                 2724.5966466147433                                              12.488758347407936
                       1        1371.138843443809     0.023192201681559318     0.081238803305301865        65.39584589772339       2.8807951356778498       1.1235620695134041      0.05230482282143957       2.1189069954121571   1.7828443576739845e-09       2.1045919762829826       2.1045919762829826        2738.068502935052                                                 2727.6606145399123                                              10.407888395139892
                       2       1370.7101168128609     0.023077950655621342     0.082289796890348793       65.277933954469603       2.8708926381338928       1.1252938017230698     0.046858533268239515       2.0961410546410244   1.7652768703554946e-09       2.1045919762829826       2.1045919762829826       2737.2110496731557                                                 2726.4509441421101                                              10.760105531045696
                       3       1369.5962408022212     0.023077950655621342     0.082289796890348793       65.277933954469603       2.8730930685644531       1.1174063292288456     0.046858533268239515       2.0961410546410244   1.7691655160775452e-09       2.1045919762829826       2.1045919762829826       2734.9832976518765                                                 2724.2231921208308                                              10.760105531045696
                       1       1369.4415292929277     0.022969078349791641     0.081180392850588451       65.351753134303337       2.8773401687600675       1.1215643914205822     0.051547560932154568       2.1031767893321116     1.77669531787985e-09       2.1045919762829826       2.1045919762829826       2734.6738746332894                                                 2724.3902994216614                                              10.283575211628062
                       1       1368.7047785982306     0.023138089607615028     0.081960857326510622       65.756059728732211       2.8790599350402086       1.1141643235843819     0.049496363802536712       2.0350159334598321   1.7797534474579628e-09       2.1045919762829826       2.1045919762829826       2733.2003732438952                                                 2722.4395218213335                                              10.760851422561663
                       2       1370.9152571535456     0.023267008530616699     0.081519061931065881       66.024285902175109        2.884465800378273        1.112684943995784     0.051694771023033437       2.0445689333371697   1.7894006070591865e-09       2.1045919762829826       2.1045919762829826       2737.6213303545251                                                 2725.4951286403502                                              12.126201714174725
                       3       1370.7004343863744     0.023255964157994486     0.081557181735139719       66.001884516687511       2.8845307482934714       1.1128796063488253     0.051773815348407588       2.0445589466005254   1.7895168286722047e-09       2.1045919762829826       2.1045919762829826       2737.1916848201827                                                  2725.211725128634                                              11.979959691548487
                       1       1369.4624469577429     0.023255964157994486     0.081557181735139719       66.001884516687511       2.8924379213350919       1.1039782444157618     0.051773815348407588       2.0445589466005254   1.8037229389658124e-09       2.1045919762829826       2.1045919762829826       2734.7157099629198                                                 2722.7357502713712                                              11.979959691548487
                       5       1370.6014380879503     0.023484982801885768     0.081226238215315702       66.101684926982685       2.9285373588994279       1.0976950935543064     0.068205791672527508       2.0605243909449871   1.8700258717016863e-09       2.1045919762829826       2.1045919762829826       2736.9936922233346                                                 2725.1477534368505                                              11.845938786483952
                       1       1369.6829618504307     0.023547922524498378     0.081684366579703793       66.154715286803807       2.9303624743464955       1.0939155851260296     0.067773998552854028       2.0326093009788386   1.8734420012736968e-09       2.1045919762829826       2.1045919762829826       2735.1567397482954                                                 2723.4830875590528                                              11.673652189242548
                       1       1369.5823549760366     0.023547922524498378     0.081684366579703793       66.154715286803807       2.9397741155671442       1.0899651106983084     0.067773998552854028       2.0326093009788386   1.8911573999581437e-09       2.1045919762829826       2.1045919762829826       2734.9555259995072                                                 2723.2818738102646                                              11.673652189242548
                       4       1371.1816944810007     0.023801945326964058     0.082000572008624789       66.348086069263985        2.936882291862295       1.0832344022851972      0.06356881780612067        2.031245190160651   1.8856964060808126e-09       2.1045919762829826       2.1045919762829826       2738.1542050094354                                                 2726.4101252114178                                              11.744079798017475
                       2       1367.2027363088646     0.023646076050049043     0.082900027478245375       66.041458736096857       2.9274110589059568       1.0850872980932811     0.058929119180275678       2.0150245735295629   1.8679208472416436e-09       2.1045919762829826       2.1045919762829826       2730.1962886651631                                                 2719.7407608246044                                              10.455527840558652
                       1       1367.6329783869098     0.023646076050049043     0.082900027478245375       66.041458736096857       2.9148464228007009       1.0951263888405574     0.058929119180275678       2.0150245735295629   1.8445979303363018e-09       2.1045919762829826       2.1045919762829826       2731.0567728212536                                                 2720.6012449806949                                              10.455527840558652
                       2       1367.4286525698385     0.023463642647232039     0.084570671291560651        65.91556046535149       2.9506080361384432       1.0956696847487193     0.075863893979339056         1.95526100969651   1.9117574371085221e-09       2.1045919762829826       2.1045919762829826        2730.648121187111                                                 2720.3546528599036                                              10.293468327207229
                       3       1366.9276872378732     0.023463642647232039     0.084570671291560651        65.91556046535149       2.9682276709688353       1.0812408687931949     0.075863893979339056         1.95526100969651   1.9457404096503726e-09       2.1045919762829826       2.1045919762829826       2729.6461905231804                                                  2719.352722195973                                              10.293468327207229
                       2       1367.2831492951623     0.023309817021130864     0.083703445539961091        65.55814394269629       2.9623724789084762         1.08833830981744     0.075824344754998135       2.0209040224989168   1.9343810140268879e-09       2.1045919762829826       2.1045919762829826       2730.3571146377585                                                 2719.6563182790201                                               10.70079635873836
                       5       1362.2687633451683     0.022862503171262469     0.083603167542944876        65.05785904821137       2.9139888995513403       1.0973051085761079     0.055749203876440445       1.9942817791653014   1.8430168227404661e-09       2.1045919762829826       2.1045919762829826       2720.3283427377705                                                 2708.3632640893793                                              11.965078648391277
                       2       1361.9724657222919     0.022897690653025642     0.083872779938877554       64.987993972674317       2.9218912939966248       1.0944829527648217     0.058922703324331895       1.9822227028984978   1.8576387667352382e-09       2.1045919762829826       2.1045919762829826       2719.7357474920177                                                 2706.7065137770219                                              13.029233714995799
                       5       1361.6547898154347     0.022802576887244772     0.084019770192741788       64.947884164014908       2.9162608282235793       1.0964077554755596     0.056722680304471453       1.9690807166947115   1.8472087856206755e-09       2.1045919762829826       2.1045919762829826       2719.1003956783034                                                 2706.1668360642925                                              12.933559614010912
                       3       1361.5430899109867     0.022802576887244772     0.084019770192741788       64.947884164014908       2.9024885205279158       1.1096714047814693     0.056722680304471453       1.9690807166947115   1.8219428423808597e-09       2.1045919762829826       2.1045919762829826       2718.8769958694074                                                 2705.9434362553966                                              12.933559614010912
                       6       1362.3965007231875     0.022308449380142627     0.084854462820715335       64.657655174545908       2.9159260682633592       1.1229615458769147     0.066755306647105467       1.9541654000173565   1.8465905175725504e-09       2.1045919762829826       2.1045919762829826        2720.583817493809                                                 2707.3277586936047                                              13.256058800204132
                       2       1363.5111774645438     0.022153486030744084     0.085133244144655174       64.406181329974601       2.8892343205128599       1.1261625122354089     0.054432506277458888       1.9501153351689717   1.7979537766561251e-09       2.1045919762829826       2.1045919762829826       2722.8131709765216                                                 2707.4498964838021                                              15.363274492719404
                       1       1363.6435323765686     0.022153486030744084     0.085133244144655174       64.406181329974601       2.8919143747312512       1.1282934602984129     0.054432506277458888       1.9501153351689717    1.802778853104885e-09       2.1045919762829826       2.1045919762829826       2723.0778808005712                                                 2707.7146063078517                                              15.363274492719404
