#                 weight             minuslogpost                 omegabh2                 omegach2                       H0                     logA                       ns                      tau               mnu_sample                 A_planck               TT_tSZ_Amp               TT_kSZ_Amp                       As                      mnu                chi2__CMB            minuslogprior         minuslogprior__0                     chi2 chi2__sbt_spt_audit.likelihoods.candl_cobaya.CandlCobayaLikelihood chi2__sbt_spt_audit.likelihoods.desi_dr2_bao.DESIDR2BAOGaussian chi2__planck_2018_lowl.TT chi2__planck_2018_lowl.EE_sroll2 chi2__planck_2018_highl_plik.TT_lite_native chi2__planckpr4lensing.PlanckPR4Lensing
                       7        946.5303198646485      0.02222224559094358       0.1171773217274617       68.528117368507921        3.051409381792122      0.96549423582920357     0.057742763264430737     0.041137767828319745       1.0055051957000549       1.4110478889455831       2.2477589087355048    2.114512498566627e-09     0.041137767828319745       489.73371239570838       5.7934714303969193       5.7934714303969193       1881.4736968685031                                                  1381.397508559332                                              10.342475913462746         23.18277666030923               390.08443870631248                          67.458590693906572                      9.0079063351800972
                       1       947.47005528188163     0.022256871291118158      0.11685399764603081        68.54598518205097       3.0535631842012037      0.96700550921944806     0.059952082580438583     0.050065713563971985        1.004657593284171        1.401500175121392       2.1908423848498799   2.1190716486718733e-09     0.050065713563971985       490.22421766648336       5.7934714303969193       5.7934714303969193       1883.3531677029694                                                 1382.8129974694598                                              10.315952567026159        22.943294274582911               390.47291206324837                          67.646007256321965                      9.1620040723300882
                       7       948.00825975170937     0.022261091567116951      0.11718824746230115       68.461649692475234       3.0537209399416456      0.96889340883508668     0.059894298062681962     0.042274659702839883       1.0041475951753658        1.391062634094828       1.9991977566993318   2.1194059707587797e-09     0.042274659702839883       489.72454801523168       5.7934714303969193       5.7934714303969193       1884.4295766426249                                                 1384.1462888508179                                              10.558739776575608        22.600058422855057               390.43575175582657                          68.068590608452993                      8.6201472280970322
                       1       948.04666250113394     0.022252531650502221      0.11725763381952757       68.477304160750421       3.0541745054780169      0.96895001166215977     0.060040248340858401     0.036152678229150831       1.0041662134238938       1.3891330441178686       1.9932173624846323   2.1203674783015543e-09     0.036152678229150831       489.77452392891763       5.7934714303969193       5.7934714303969193        1884.506382141474                                                 1384.1978132914944                                              10.534044921061961        22.597452738618529               390.50852562288117                          68.173514896086544                      8.4950306713313939
                       2       948.26647491885524     0.022236633769947844      0.11702129862573867       68.542795620213582       3.0526477593398806      0.96892091466078301     0.059162238020560753      0.03415909368056607       1.0046337197182575       1.3924384122817299       2.0155163036810984   2.1171326854247398e-09      0.03415909368056607       489.81006661624116       5.7934714303969193       5.7934714303969193       1884.9460069769166                                                 1384.7850609313118                                              10.350879429363429        22.560659655266818               390.35278146635602                          68.236110457495101                      8.6605150371232344
                      10       947.11069848341481     0.022184572629107953      0.11710462081992261       68.840838478993277       3.0456436709421335      0.96618586805072537     0.055332076682287699      0.01247054968355113       1.0051861824169106       1.4341076512068109       2.3539219794476698   2.1023559102749089e-09      0.01247054968355113       489.86189509247322       5.7934714303969193       5.7934714303969193       1882.6344541060357                                                 1382.0678833924583                                              10.704675621104133        22.982388747907407               390.05050864451783                          67.568112936102992                      9.2608847639450182
                       4       947.06720503477118     0.022181539657188869      0.11715438584030759       68.813185810606342       3.0458106842440311      0.96580332979949168     0.055056077052769159     0.012579197379969532        1.005503557548221       1.4325655862769293        2.345131673882292   2.1027070609998527e-09     0.012579197379969532       489.93151777920878       5.7934714303969193       5.7934714303969193       1882.5474672087485                                                 1382.0131852875879                                              10.602764141951743        23.048833774491186               390.05418505091023                          67.626780650687977                      9.2017183031194012
                       6       947.16634983345068     0.022181539657188869      0.11715438584030759       68.813185810606342       3.0458106842440311      0.96580332979949168     0.055056077052769159     0.012579197379969532       1.0057107301517338       1.4325655862769293        2.345131673882292   2.1027070609998527e-09     0.012579197379969532       490.12980737656801       5.7934714303969193       5.7934714303969193       1882.7457568061075                                                 1382.0131852875879                                              10.602764141951743         23.01908729875538               390.05418505091023                          67.773541459000199                      9.2829935679021531
                       2       946.99564181496453     0.022182751129428566      0.11716278484451718       68.836886378886007       3.0458394510144844      0.96581226369930517     0.055142992395725877    0.0085179791947456399       1.0056298882180605       1.4312327713439827       2.3468500676193451   2.1027675499612385e-09    0.0085179791947456399       489.99074308552633       5.7934714303969193       5.7934714303969193       1882.4043407691352                                                 1381.7507960528114                                              10.662801630797317        23.022023413384602               390.07024291917486                           67.67321780613382                      9.2252589468330282
                       2       946.78769079509834     0.022182751129428566      0.11716278484451718       68.836886378886007       3.0458394510144844      0.96581226369930517     0.055142992395725877    0.0085179791947456399       1.0046136809281121       1.4312327713439827       2.3468500676193451   2.1027675499612385e-09    0.0085179791947456399       489.57484104579419       5.7934714303969193       5.7934714303969193       1881.9884387294028                                                 1381.7507960528114                                              10.662801630797317        23.169475569509359               390.04823845376643                          67.488031936380125                      8.8690950861382696
                       2       947.41243258463646     0.022160823644166661       0.1168267465692345       68.758603476117131       3.0468969905175602      0.96423008976792124     0.054760692618045143     0.026564547505408112       1.0061469944694441       1.4311839861574365       2.4059396132363178   2.1049924859826136e-09     0.026564547505408112       490.55361730476545       5.7934714303969193       5.7934714303969193        1883.237922308479                                                 1382.0879985679364                                              10.596306435777311        23.442750149456231               390.03714380900453                          67.751665129418299                      9.3220582168863491
                       2       949.50344422469152      0.02226443168251303      0.11599971503116308       69.009841431571758       3.0483274228325659      0.96846114507885206     0.057810622614913418     0.047184435017318227       1.0044712415584653       1.4336662049408131       2.2510899995434763   2.1080056898357034e-09     0.047184435017318227       491.14068720100113       5.7934714303969193       5.7934714303969193       1887.4199455885891                                                 1384.2342604659395                                              12.044997921648587        22.704655777035157               390.12007503656901                          67.685664249126376                       10.63029213827061
                       1       948.87185551770904      0.02226443168251303      0.11599971503116308       69.009841431571758       3.0483274228325659      0.96846114507885206     0.057810622614913418     0.047184435017318227        1.004699950049706       1.1149505775462081       2.6961958206812793   2.1080056898357034e-09     0.047184435017318227       491.14034700595028       5.7934714303969193       5.7934714303969193       1886.1567681746242                                                 1382.9714232470253                                              12.044997921648587        22.673402632278851               390.12846212910733                          67.566949144680336                      10.771533099883779
                       6       948.57393418024344     0.022299763619794671      0.11623546625820128       68.936797602901152       3.0522394403971989       0.9673955306475841      0.05901225278391381     0.048953212464716851       1.0051580348387572        1.101911187553215        2.630598334717142    2.116268396509886e-09     0.048953212464716851       490.69129890132803       5.7934714303969193       5.7934714303969193        1885.560925499693                                                 1383.5696926529026                                               11.29993394546238        22.939247012031842               390.24119173052156                          67.452221987938259                      10.058638170836312
                       7       948.57176150505313     0.022299763619794671      0.11623546625820128       68.936797602901152       3.0522394403971989       0.9673955306475841      0.05901225278391381     0.048953212464716851       1.0050933167951834        1.101911187553215        2.630598334717142    2.116268396509886e-09     0.048953212464716851       490.68695355094769       5.7934714303969193       5.7934714303969193       1885.5565801493124                                                 1383.5696926529026                                               11.29993394546238        22.948428840958627               390.24119173052156                          67.472859433741263                      10.024473545726204
                       4       949.38445728083366     0.022299763619794671      0.11623546625820128       68.936797602901152       3.0522394403971989       0.9673955306475841      0.05901225278391381     0.048953212464716851       1.0035676140270398        1.101911187553215        2.630598334717142    2.116268396509886e-09     0.048953212464716851       492.31234510250863       5.7934714303969193       5.7934714303969193       1887.1819717008734                                                 1383.5696926529026                                               11.29993394546238        23.168927076760667               390.25063644600294                          69.581068429665137                      9.3117131500798447
                       1       949.19997373022693     0.022282507993866097      0.11649199750903197       68.840044121189791       3.0577457776385919      0.96665265199809614     0.061049066627602816     0.046079680782616851       1.0041118471282258       1.0871904814775584       2.6037887699858109   2.1279534253251235e-09     0.046079680782616851       491.93648413299786       5.7934714303969193       5.7934714303969193         1886.81300459966                                                 1384.1024455359932                                               10.77407493066878         23.38584657127376               390.63317268833987                          69.243717180694631                      8.6737476926896218
                       1       949.30654039972876     0.022255136895000426       0.1165230075055509       68.797453995074122       3.0584873019268524      0.96561554543894523      0.06042823273705461     0.050176631013210599       1.0052113446573576       1.0900634860760834       2.6275691160679986   2.1295319396553169e-09     0.050176631013210599        492.0759984138744       5.7934714303969193       5.7934714303969193       1887.0261379386636                                                   1384.25931916381                                              10.690820360979345         23.56337143508091               390.54814515930252                          69.220240996089899                      8.7442408234010518
                       1       948.43794342820343     0.022255136895000426       0.1165230075055509       68.797453995074122       3.0584873019268524      0.96561554543894523      0.06042823273705461     0.050176631013210599       1.0050726704783208       1.2949421391103204       2.1053499638785542   2.1295319396553169e-09     0.050176631013210599       492.38292106337377       5.7934714303969193       5.7934714303969193        1885.288943995613                                                 1382.2152025712596                                              10.690820360979345        23.584872522605508               390.54817298735338                          69.543929831614733                      8.7059457218001803
                       9       946.68571372259873     0.022189506715181925      0.11702654653356098       68.618059953387828       3.0549978691643949       0.9649236490598887      0.05828693854427635     0.037505650459979716       1.0048793181215583       1.2956202124460936       2.1560702286707762   2.1221140308102509e-09     0.037505650459979716       491.81549808346716       5.7934714303969193       5.7934714303969193       1881.7844845844036                                                 1379.6781413689266                                              10.290845132009698        23.649154361338731               390.15202956588058                          69.628255660678477                      8.3860584955694115
                       1       946.52925626010767     0.022161493356560164      0.11693441269478491       68.723923555056615       3.0521790461787428      0.96632637393132481     0.057641997069795385     0.023266932344927604       1.0041952983683695       1.3003853789514808        2.169046715693582    2.116140589993462e-09     0.023266932344927604       491.76243109675806       5.7934714303969193       5.7934714303969193       1881.4715696594214                                                 1379.2452454038746                                              10.463893158788462        23.323713147501792               390.05993839969659                          69.999980353978742                      8.3787991955809549
                       1       949.36149809570384     0.022135275239363462      0.11675278808376258       68.807801687760644       3.0543924960071505      0.96808668700175526     0.057407155566650388     0.022798079956773503       1.0057820522784657       1.2992475167026269       1.9739432189851123    2.120829748713562e-09     0.022798079956773503       491.95110292371919       5.7934714303969193       5.7934714303969193       1887.1360533306138                                                 1384.3342037514071                                              10.850746655487413         22.93797329898689               390.11677749881846                          70.508045558263419                       8.388306567650412
                       2       951.19707746774475      0.02204856059164487      0.11706924204957905        68.91863929490691       3.0607934284759271       0.9634639565115769     0.058084645897633069   0.00046899843453133624         1.00862826435941       1.3021890767146507       2.2063276725039316   2.1344485768132198e-09   0.00046899843453133624       491.84285633146584       5.7934714303969193       5.7934714303969193       1890.8072120746956                                                 1387.4354629544912                                              11.528892788738602        23.909414022155033               390.13786689373745                          69.539990706397106                      8.2555847091762971
                       5       951.21344461260298     0.022042586159693789      0.11719415910130347       68.865613915898933       3.0613026176124962      0.96275012372155433     0.057897539177379817    0.0028536832322908321       1.0089619126239753       1.3026475380730793       2.2211872881703929   2.1355356915911281e-09    0.0028536832322908321       491.82513587782705       5.7934714303969193       5.7934714303969193       1890.8399463644121                                                   1387.81924857732                                              11.195561909265198        24.064793332391503               390.09628789413347                          69.423907850658111                      8.2401468006439647
                       3       949.97195762222373     0.022121768431493397      0.11661453442225968       68.892998172073064       3.0592516292782368      0.96377218886046934     0.058910408988255926     0.034377626548113147       1.0074113429142013       1.3127713316559888       2.2782094137200937   2.1311602213532911e-09     0.034377626548113147       492.29325817547129       5.7934714303969193       5.7934714303969193       1888.3569723836536                                                  1384.557220048762                                               11.50649415942031        23.881698185711855               390.22864765799568                          69.539442115071864                       8.643470216691945
                       3       948.50553464568429     0.022108275781437158      0.11681583422717934       68.700087496956499       3.0591408498246144       0.9624343266664126     0.058710946766606251     0.037607438099220195       1.0073422407315424        1.303657656121505       2.3264248131770477   2.1309241456647973e-09     0.037607438099220195       492.61390129268449       5.7934714303969193       5.7934714303969193       1885.4241264305747                                                 1382.2369699270025                                              10.573255210887716        24.163563107328343               390.18526801258287                          69.778082000688372                      8.4869881720849403
                       3       948.83200084819953     0.022108275781437158      0.11681583422717934       68.700087496956499       3.0591408498246144       0.9624343266664126     0.058710946766606251     0.037607438099220195       1.0070846136500318        1.303657656121505       2.3264248131770477   2.1309241456647973e-09     0.037607438099220195       493.26683369771473       5.7934714303969193       5.7934714303969193       1886.0770588356052                                                 1382.2369699270025                                              10.573255210887716        24.206190943048739               390.19430206085525                          70.428548253411051                      8.4377924403996936
                       2       948.66983371310687     0.022114468504981052      0.11679777661491132       68.715165087293968       3.0584011416847079      0.96252822024040319     0.058493783860791647     0.036727134543460625       1.0069222223204175       1.3045435798900942       2.3274499075052448   2.1293484665718979e-09     0.036727134543460625       493.24150683560794       5.7934714303969193       5.7934714303969193       1885.7527245654198                                                 1381.9028853517664                                              10.608332378045558        24.181145841714624               390.15482031423613                          70.444352906221098                       8.461187773436043
                       9        949.6887790643724     0.022114468504981052      0.11679777661491132       68.715165087293968       3.0584011416847079      0.96252822024040319     0.058493783860791647     0.036727134543460625       1.0070760140711488       1.1014809936678602       2.3825935647058505   2.1293484665718979e-09     0.036727134543460625       492.83999233835249       5.7934714303969193       5.7934714303969193       1887.7906152679509                                                 1384.3422905515527                                              10.608332378045558        24.155741161773733               390.14908183068923                          70.043721947903521                      8.4914473979860112
                       3       950.21879708032634     0.022090444953592973      0.11693516805235769       68.752796050950323       3.0609866805290071      0.96046445605371111      0.05911613181059594     0.025253738004753994       1.0078441799088633       1.0984753846151472        2.494413499352842   2.1348611032423885e-09     0.025253738004753994       493.29692228115749       5.7934714303969193       5.7934714303969193       1888.8506512998588                                                 1384.8372109143863                                               10.71651810431481        24.673150785524285               390.29817669407299                          70.010974903600498                      8.3146198979597301
                       1       949.20520321957235     0.022090444953592973      0.11693516805235769       68.752796050950323       3.0609866805290071      0.96046445605371111      0.05911613181059594     0.025253738004753994        1.009264151358362       1.0984753846151472        2.494413499352842   2.1348611032423885e-09     0.025253738004753994       491.26973455964952       5.7934714303969193       5.7934714303969193       1886.8234635783508                                                 1384.8372109143863                                               10.71651810431481        24.428765851449157               390.31832143276114                          67.954051844901812                      8.5685954305374157
                       1       949.01509830209807     0.022060189703170613      0.11733800440360287       68.610836466220533       3.0620178738366395      0.96068869800994616     0.059389364579277605     0.024979440773235436       1.0090055621017056       1.0973212831388415       2.4746988317043495   2.1370636931775984e-09     0.024979440773235436       490.65952434579788       5.7934714303969193       5.7934714303969193       1886.4432537434022                                                  1385.448650297624                                              10.335079099980506        24.381937871847811               390.34792467210542                           67.58145680552559                      8.3482049963190583
                       4       949.49565434974261     0.022060189703170613      0.11733800440360287       68.610836466220533       3.0620178738366395      0.96068869800994616     0.059389364579277605     0.024979440773235436       1.0086847310964824       1.5295176572338562       2.1735101269105295   2.1370636931775984e-09     0.024979440773235436       490.86798548080009       5.7934714303969193       5.7934714303969193       1887.4043658386913                                                 1386.2013012579109                                              10.335079099980506        24.436414251821191               390.34420477335641                          67.778852074678142                      8.3085143809443736
                       2       949.54347684841468     0.022060189703170613      0.11733800440360287       68.610836466220533       3.0620178738366395      0.96068869800994616     0.059389364579277605     0.024979440773235436       1.0087234149154325       1.4694647203856279       2.3821303912646439   2.1370636931775984e-09     0.024979440773235436       490.83475043802912       5.7934714303969193       5.7934714303969193       1887.5000108360355                                                 1386.3301812980258                                              10.335079099980506        24.429828564917216               390.34420477335641                          67.747830383655028                      8.3128867161004685
                       6       949.93196416587773     0.022060189703170613      0.11733800440360287       68.610836466220533       3.0620178738366395      0.96068869800994616     0.059389364579277605     0.024979440773235436       1.0081092493521797       1.4694647203856279       2.3821303912646439   2.1370636931775984e-09     0.024979440773235436       491.61172507295521       5.7934714303969193       5.7934714303969193       1888.2769854709616                                                 1386.3301812980258                                              10.335079099980506        24.534931413139418               390.34509853301017                          68.474806001382461                      8.2568891254232106
                       4       949.13234626232304     0.022093906410545937      0.11712277885043923       68.560827775348315       3.0594456624535153      0.96262715347141081     0.060286212708369979     0.039662301673560163       1.0059347985500147       1.4728951035642508       2.4030339382343895   2.1315737772585528e-09     0.039662301673560163       491.64938710446393       5.7934714303969193       5.7934714303969193       1886.6777496638522                                                 1384.7349540730809                                              10.293408486307762        24.109698525577073               390.54497251516051                          68.577219441133423                      8.4174966225929069
                       2       948.48930156439656     0.022284739365382836      0.11756203625914091       68.508984049155046       3.0615613135586512      0.96227407501455819     0.061323063446158857     0.034337704197494934       1.0048363913225276       1.4393990093972999       2.1051648819986131   2.1360882174824346e-09     0.034337704197494934       492.06316508379956       5.7934714303969193       5.7934714303969193       1885.3916602679992                                                   1382.77230136253                                              10.556193821669645        24.386411645478802               390.83540852331862                          68.611861617029334                      8.2294832979728412
                       1       950.10420642684062     0.022284739365382836      0.11756203625914091       68.508984049155046       3.0615613135586512      0.96227407501455819     0.061323063446158857     0.034337704197494934       1.0048759141353771       1.3713859748012012       2.4627613560967627   2.1360882174824346e-09     0.034337704197494934       491.98359327070949       5.7934714303969193       5.7934714303969193       1888.6214699928873                                                 1386.0816829005082                                              10.556193821669645        24.379690153756997               390.82942657330597                          68.546039475219644                      8.2284370684269028
                       2       950.12772478953002     0.022287894443426277      0.11783314767086896       68.237423322883501       3.0567452276328648      0.96045918212523596     0.057679099713651767      0.05472227622103544       1.0056651201749371       1.3789371493330795       2.4556782802427253   2.1258253663054931e-09      0.05472227622103544       492.21293467869276       5.7934714303969193       5.7934714303969193       1888.6685067182661                                                 1384.4971941191729                                              11.958377920400634        24.667347130972075               390.06220989110176                          69.201765451558259                      8.2816122050606555
                       1       950.00900298580905     0.022319339211909713      0.11796767324239237       68.354992906244192       3.0555062555085808      0.96077387739716369     0.057913811404285497     0.035125828828973894       1.0045307262248879       1.3751941943870953       2.4621587463243686    2.123193158888067e-09     0.035125828828973894       492.27078887211189       5.7934714303969193       5.7934714303969193       1888.4310631108242                                                 1384.6314254144647                                              11.528848824247774        24.668243158030236               390.07136089525534                          69.288599834383021                      8.2425849844433046
                       7       949.86047507082969     0.022319339211909713      0.11796767324239237       68.354992906244192       3.0555062555085808      0.96077387739716369     0.057913811404285497     0.035125828828973894         1.00454071667392       1.3613893573721958       2.4790566754606247    2.123193158888067e-09     0.035125828828973894       492.25085267557478       5.7934714303969193       5.7934714303969193       1888.1340072808655                                                  1384.354305781043                                              11.528848824247774        24.666499882323933               390.07136089525534                          69.270652563512783                      8.2423393344827218
                       1       951.05624665099651      0.02232161697867039      0.11840182897414467       68.171521707494946       3.0589288626457405      0.96115368303414828     0.059233686784693672     0.034613482541550639       1.0043049727714966       1.3450832696125963       2.3582751661294203   2.1304724649437158e-09     0.034613482541550639       492.58548867177564       5.7934714303969193       5.7934714303969193       1890.5255504411991                                                 1384.6203858923327                                              13.319675877090759        24.658259607861055               390.33788695182079                          69.094548618958811                        8.49479349313496
                       4       949.17830277304631     0.022330960730937946      0.11819050311936991       68.563150947729255       3.0529149734618657      0.96476699642634545     0.058704289795861231   0.00025929014547908247       1.0018498063558563       1.3595173231980391       2.3661063855973232   2.1176984887683569e-09   0.00025929014547908247       490.93926723444753       5.7934714303969193       5.7934714303969193       1886.7696626852987                                                 1385.0454073575665                                              10.784988093284895        23.832170075390536               390.21483248797608                          68.507438860718239                      8.3848258103626829
                      13       948.63240004642398     0.022272587893932987       0.1179176326310144        68.62118803469761       3.0537543911760694      0.96512767945214128     0.058977752400661165    0.0031313098349336288       1.0025505420724774       1.3677773869384078        2.432023206093894   2.1194768686905521e-09    0.0031313098349336288       490.39131407399157       5.7934714303969193       5.7934714303969193       1885.6778572320541                                                 1384.8672890037394                                              10.419254154322937        23.693423077025329               390.24590990169867                          68.154151394809233                      8.2978297004583759
                       1       948.09088319925308     0.022272587893932987       0.1179176326310144        68.62118803469761       3.0537543911760694      0.96512767945214128     0.058977752400661165    0.0031313098349336288       1.0043584400957504       1.3677773869384078        2.432023206093894   2.1194768686905521e-09    0.0031313098349336288       489.30828037964977       5.7934714303969193       5.7934714303969193       1884.5948235377123                                                 1384.8672890037394                                              10.419254154322937        23.413803028728694               390.22913631426559                          67.383124764413466                      8.2822162722420298
                       9       948.59653403188497     0.022301667556648114       0.1176048231400152       68.707826648667321       3.0522129734091799      0.96545535703349272     0.059201294645960668     0.008777608777762673        1.003692850083038       1.3730789003686004       2.4864814854169817    2.116212386000809e-09     0.008777608777762673        489.4734774059869       5.7934714303969193       5.7934714303969193        1885.606125202976                                                 1385.8285636340013                                              10.304084162988246        23.349898845282837               390.27512987454435                          67.465192185425195                      8.3832565007344897
                       8        947.0743598034843     0.022301667556648114       0.1176048231400152       68.707826648667321       3.0522129734091799      0.96545535703349272     0.059201294645960668     0.008777608777762673       1.0039100145637314       1.0781121114980632       2.7428831157598816    2.116212386000809e-09     0.008777608777762673       489.67294544468996       5.7934714303969193       5.7934714303969193       1882.5617767461747                                                 1382.5847471384968                                              10.304084162988246        23.317199632639131               390.29083382531513                          67.647284625943769                      8.4176273607919168
                       5       946.98044031635675     0.022258867600454639      0.11796418560419109       68.311914196373664       3.0494477415100643      0.96558438784266154     0.057690155049760702     0.034558616091955971       1.0034771647264311       1.0828700890450051        2.739567661461459   2.1103686513701205e-09     0.034558616091955971       489.50469861099276       5.7934714303969193       5.7934714303969193       1882.3739377719196                                                 1381.3241952317023                                              11.545043929224542        23.213787919669073               390.10638179300207                          67.698762694334434                      8.4857662039871418
                       4       945.98201102291841     0.022258867600454639      0.11796418560419109       68.311914196373664       3.0494477415100643      0.96558438784266154     0.057690155049760702     0.034558616091955971       1.0033380998500296       1.3038053196511712       1.8800198879406969   2.1103686513701205e-09     0.034558616091955971        489.3968561794253       5.7934714303969193       5.7934714303969193       1880.3770791850429                                                 1379.4351790763933                                              11.545043929224542        23.234410709068811               390.10638179300207                          67.594410260077268                      8.4616534172771356
                       3       945.62345862391828     0.022260108658241115      0.11797299534432247       68.489804406851931       3.0523949951892062      0.96112125124827641     0.057548101668137654    0.0089290280086137333       1.0053640058976119       1.2941431121223743       2.0388351842395442   2.1165976178054481e-09    0.0089290280086137333       490.38917024817454       5.7934714303969193       5.7934714303969193       1879.6599743870427                                                 1378.4759481010283                                              10.794856037839667        24.222004717038772               390.04613145023546                          67.833699558951039                      8.2873345219492514
                       3       946.64444108351597     0.022154093927155439      0.11826132733013719       68.227558087593209       3.0484685069204782      0.95638626956698236     0.052949917021925891     0.018691472970013223       1.0080722044237662       1.3097763032256216       2.2611938525744653   2.1083031168763858e-09     0.018691472970013223       491.95406156820712       5.7934714303969193       5.7934714303969193        1881.701939306238                                                 1377.8185878619167                                              11.929289876114218        25.133153573998811               390.00993382515037                           68.41123403856129                      8.3997401304966122
                       2       947.05145812400826     0.022154093927155439      0.11826132733013719       68.227558087593209       3.0484685069204782      0.95638626956698236     0.052949917021925891     0.018691472970013223       1.0065154962402794       1.3097763032256216       2.2611938525744653   2.1083031168763858e-09     0.018691472970013223       492.76809564919193       5.7934714303969193       5.7934714303969193       1882.5159733872226                                                 1377.8185878619167                                              11.929289876114218        25.419371437398524               390.00698344537892                          69.093730088044012                      8.2480106783704752
                       1       947.15718735672067     0.022148112026133784      0.11829529676140547       68.233352062806262       3.0470577851808143      0.95621796905245104     0.052208652164090964     0.015162318976779858       1.0065053726333992        1.311935679574513          2.2767370507916   2.1053309847542181e-09     0.015162318976779858       492.96867792788032       5.7934714303969193       5.7934714303969193       1882.7274318526474                                                  1377.850100763452                                              11.908653161315028        25.435339963267836               390.15638749622519                          69.124799534853253                      8.2521509335340486
                       1       946.47414931334606      0.02213257551293376      0.11820311551276788        68.30626602164881       3.0474076097494942      0.95722761434225467     0.052904824623979947    0.0082877664639142527       1.0061150031172637       1.3119409671700379        2.278166636520897   2.1060676100951972e-09    0.0082877664639142527       492.04829615970732       5.7934714303969193       5.7934714303969193       1881.3613557658982                                                 1377.9476901114383                                               11.36536949475264        25.183266559595495               390.00611258996372                          68.611529803124341                      8.2473872070237206
                       6       946.99511348376348      0.02213257551293376      0.11820311551276788        68.30626602164881       3.0474076097494942      0.95722761434225467     0.052904824623979947    0.0082877664639142527       1.0060777862146093       1.3697457807761688       2.0768254789705218   2.1060676100951972e-09    0.0082877664639142527       492.10906643282021       5.7934714303969193       5.7934714303969193       1882.4032841067331                                                   1378.92884817916                                               11.36536949475264        25.190061460671302               390.00611258996372                          68.666904216640248                      8.2459881655449134
                       6       947.29576601461019     0.022120070203691101       0.1183492883984161       68.257389923796424       3.0464859487958238      0.95702121796810069      0.05228913633605798    0.0069362161358856259       1.0060485147487697       1.3714447613152496       2.0866202538688197   2.1041274240473864e-09    0.0069362161358856259       492.24578643876032       5.7934714303969193       5.7934714303969193       1883.0045891684265                                                 1379.0580028843135                                              11.700799845352677        25.223449481648345               390.19293630825211                          68.582480142170482                      8.2469205066893849
                      11       946.80152021415768     0.022120070203691101       0.1183492883984161       68.257389923796424       3.0464859487958238      0.95702121796810069      0.05228913633605798    0.0069362161358856259        1.007123427143187       1.3714447613152496       2.0866202538688197   2.1041274240473864e-09    0.0069362161358856259       491.25729483785483       5.7934714303969193       5.7934714303969193       1882.0160975675215                                                 1379.0580028843135                                              11.700799845352677        25.028255562831589               390.19564769278139                          67.721089685052362                      8.3123018971895402
                       3       947.57565399299244     0.022117046376427259      0.11860003787925942       68.048898243137145       3.0444829741133073      0.95704242519282112      0.05097743216191019     0.019765475993407965       1.0069849989613038       1.3726737583246831       2.0376154301035827   2.0999171280539808e-09     0.019765475993407965       491.45963256211348       5.7934714303969193       5.7934714303969193        1883.564365125191                                                 1378.6008545488223                                               13.50387801425507        24.982690382923181               390.43093260178597                          67.729907218301662                       8.316102359102663
                       2       948.43808030019034     0.022117046376427259      0.11860003787925942       68.048898243137145       3.0444829741133073      0.95704242519282112      0.05097743216191019     0.019765475993407965       1.0087118758706091       1.3726737583246831       2.0376154301035827   2.0999171280539808e-09     0.019765475993407965       493.18448517650916       5.7934714303969193       5.7934714303969193       1885.2892177395868                                                 1378.6008545488223                                               13.50387801425507        24.677645473983432               390.50878982998142                          69.411378995269743                      8.5866708772745657
                       3       948.11107270543778     0.022134469625423949      0.11811440368638784       68.387251575277887       3.0547922262302305       0.9588867236476849     0.057487913181443993     0.012584024037823528       1.0081892303899769       1.3652591389551327       2.0635004911405526   2.1216776779223056e-09     0.012584024037823528       492.66135508215029       5.7934714303969193       5.7934714303969193       1884.6352025500817                                                 1381.1032371468159                                              10.870610321115516        24.461008600026446                 390.056080815043                          69.679150676061894                      8.4651149910189183
                       6       947.75814147265783     0.022134469625423949      0.11811440368638784       68.387251575277887       3.0547922262302305       0.9588867236476849     0.057487913181443993     0.012584024037823528       1.0081375015016014       1.4180822713480785       2.3807876491772664   2.1216776779223056e-09     0.012584024037823528       492.53548458675709       5.7934714303969193       5.7934714303969193       1883.9293400845218                                                 1380.5232451766492                                              10.870610321115516        24.469845611165624                 390.056080815043                          69.553860665859801                      8.4556974946886232
                       1       948.76396283851318     0.022107439245573225      0.11802779443141456       68.279159786148256       3.0573777853946202      0.95710089623393368     0.057691532576988974     0.029255846347130125       1.0095689597081219       1.4192377521888107       2.4477217934595439   2.1271704990333079e-09     0.029255846347130125       493.44115938580205       5.7934714303969193       5.7934714303969193       1885.9409828162325                                                 1381.3181645067818                                              11.181658923648659        24.871452256064345               390.09902990881409                          69.896210263579192                      8.5744669573444572
                       6       948.58949328853612     0.022107439245573225      0.11802779443141456       68.279159786148256       3.0573777853946202      0.95710089623393368     0.057691532576988974     0.029255846347130125       1.0095747331175324       1.4195011240427278       2.2786791648703599   2.1271704990333079e-09     0.029255846347130125       493.45508547768242       5.7934714303969193       5.7934714303969193       1885.5920437162783                                                 1380.9552993149473                                              11.181658923648659        24.870428620954101               390.09902990881409                          69.909860437632204                       8.575766510281996
                       5       949.91153371265102     0.022107439245573225      0.11802779443141456       68.279159786148256       3.0573777853946202      0.95710089623393368     0.057691532576988974     0.029255846347130125       1.0104589139107474       1.4195011240427278       2.2786791648703599   2.1271704990333079e-09     0.029255846347130125       496.09916632591234       5.7934714303969193       5.7934714303969193       1888.2361245645081                                                 1380.9552993149473                                              11.181658923648659        24.714904538355881               390.06971103210691                          72.510519235043859                      8.8040315204056796
                       1       949.80326168701868     0.022144894236466761      0.11810802220076538       68.225629529537713       3.0579430909340846      0.95726066302519663     0.057881888651886787     0.035143124369154642       1.0103130035298591       1.4141590689850676       2.1984475433835171   2.1283733402541663e-09     0.035143124369154642       496.24007971132357       5.7934714303969193       5.7934714303969193       1888.0195805132435                                                 1380.1244497355665                                              11.655051066353328         24.70965806059553               390.11561785848647                          72.659704508525692                      8.7550992837159036
                       9       949.83699401182298     0.022144894236466761      0.11810802220076538       68.225629529537713       3.0579430909340846      0.95726066302519663     0.057881888651886787     0.035143124369154642       1.0103026806322604       1.4263417778141108       2.2261499913125862   2.1283733402541663e-09     0.035143124369154642       496.20287369339047       5.7934714303969193       5.7934714303969193       1888.0870451628521                                                  1380.229120403108                                              11.655051066353328        24.711459710997929               390.11561785848647                          72.623554981124158                      8.7522411427818891
                       2       947.78757792864565     0.022203690782654106      0.11847900935597758       68.265197150332966       3.0503065918149708      0.95994384109262931     0.054842801657344717     0.016847971306069024        1.008496658832611       1.4283587283141423       2.0129668114012973   2.1121819206818064e-09     0.016847971306069024       494.41767396374684       5.7934714303969193       5.7934714303969193       1883.9882129964974                                                 1377.5606800205785                                              12.009859012171912        24.065056128221329               389.95897686575921                          71.811133828334533                      8.5825071414318153
                       1       948.83791820856152     0.022203690782654106      0.11847900935597758       68.265197150332966       3.0503065918149708      0.95994384109262931     0.054842801657344717     0.016847971306069024       1.0087578968015878       1.0564385711364346       2.6922069283966379   2.1121819206818064e-09     0.016847971306069024       495.39399344283385       5.7934714303969193       5.7934714303969193       1886.0888935563291                                                 1378.6850411013233                                              12.009859012171912        24.022463105521751               389.98239137811987                          72.747167328820737                      8.6419716303714758
                       7       948.73886759127481     0.022216173651981044      0.11837058248311985       68.271352018795739       3.0501190137267926      0.96052556303559555     0.054917963121320593     0.022229310829901906       1.0086573224482041       1.0570693295356115        2.656751445076535   2.1117857587920474e-09     0.022229310829901906        495.2791739616448       5.7934714303969193       5.7934714303969193       1885.8907923217557                                                 1378.6918062479631                                              11.919812112148026        23.890229094513984               389.99077668069702                          72.645914673339618                      8.7522535130941357
                       2       950.01850013000569     0.022210719861271492      0.11864878365839319       68.214695289392154       3.0550065313981896      0.95790496275513515     0.054542491240151807     0.016852613781914962       1.0113517745285616       1.0428823923520381       2.5632772210312136   2.1221324131377407e-09     0.016852613781914962       496.16773518120431       5.7934714303969193       5.7934714303969193       1888.4500573992175                                                  1379.727105657005                                                12.5552165610081        24.505166954214758               389.92310124038698                           73.33855311493484                      8.4009138716677345
                       1       950.90120129744741     0.022166926023345551      0.11788329172539193       68.234473199906873       3.0616120240719567      0.96207625404220887     0.058946335677113999     0.041805257822770794       1.0112653673348548       1.0365831815798179       2.4450374317682928   2.1361965423589909e-09     0.041805257822770794       495.31485261758093       5.7934714303969193       5.7934714303969193       1890.2154597341009                                                 1383.3574563933421                                              11.543150723177806        23.575570161907763               390.27551073816397                          72.798717567513151                       8.665054149996001
                       3       950.83783798047466     0.022166926023345551      0.11788329172539193       68.234473199906873       3.0616120240719567      0.96207625404220887     0.058946335677113999     0.041805257822770794       1.0111912597608768       1.1587321847858036       1.8912405519770163   2.1361965423589909e-09     0.041805257822770794       495.02908555119632       5.7934714303969193       5.7934714303969193       1890.0887331001554                                                 1383.5164968257809                                              11.543150723177806        23.586978289944341               390.27551073816397                          72.519775749450559                      8.6468207736374652
                       2       951.00202226475608     0.022098441368075539      0.11726907676604324       68.322182038525213       3.0549027081426852      0.96294562482249679     0.055917353241660542     0.038945854480467418       1.0117082914334763       1.1701623389694162       1.9602171476788097   2.1219120978791188e-09     0.038945854480467418       495.00547683580623       5.7934714303969193       5.7934714303969193       1890.4171016687183                                                  1384.727889397835                                              10.683735435076866        23.227743974069824               390.05003065730955                          72.300754822958524                      9.4269473814683167
                       5       950.15972150024083     0.022096302200165299      0.11705418487990696       68.436660537037127       3.0488815117936077      0.95959653905710929     0.053832239297819585     0.024983318640854763       1.0112496246492877       1.1799111817164809       2.2915587063751488   2.1091740361722667e-09     0.024983318640854763       496.52250501418831       5.7934714303969193       5.7934714303969193       1888.7325001396878                                                 1381.8203066216752                                              10.389688503824415         23.88251259727906               390.10254847113447                          72.508668912077297                      10.028775033697512
                       1       948.70973177869234     0.022096302200165299      0.11705418487990696       68.436660537037127       3.0488815117936077      0.95959653905710929     0.053832239297819585     0.024983318640854763       1.0070094698646861       1.1799111817164809       2.2915587063751488   2.1091740361722667e-09     0.024983318640854763       493.62252557109122       5.7934714303969193       5.7934714303969193       1885.8325206965908                                                 1381.8203066216752                                              10.389688503824415        24.587480699257753               389.98849647920008                          70.556341348081716                      8.4902070445516653
                       6       948.74178589912242     0.022096302200165299      0.11705418487990696       68.436660537037127       3.0488815117936077      0.95959653905710929     0.053832239297819585     0.024983318640854763       1.0070067965351137       1.1842062480808437       2.2739959588731682   2.1091740361722667e-09     0.024983318640854763       493.62871623187044       5.7934714303969193       5.7934714303969193       1885.8966289374509                                                 1381.8782242017562                                              10.389688503824415        24.587942017796422               389.98849647920008                          70.562612409278159                      8.4896653255958014
                       1       949.93343681078954     0.022096302200165299      0.11705418487990696       68.436660537037127       3.0488815117936077      0.95959653905710929     0.053832239297819585     0.024983318640854763       1.0070433160471608         1.14018733795755       2.1959518333337664   2.1091740361722667e-09     0.024983318640854763       493.54864934069559       5.7934714303969193       5.7934714303969193       1888.2799307607852                                                 1384.3415929162654                                              10.389688503824415        24.581641862262472               389.99212143587988                          70.477773199715401                      8.4971128428378364
                       2       951.16646968045791     0.022096302200165299      0.11705418487990696       68.436660537037127       3.0488815117936077      0.95959653905710929     0.053832239297819585     0.024983318640854763       1.0068799779732238       1.3799793635793436       1.6139484022886523   2.1091740361722667e-09     0.024983318640854763       493.94001881566913       5.7934714303969193       5.7934714303969193       1890.7459965001219                                                 1386.4162891806286                                              10.389688503824415        24.609849652071716               389.99446902256989                          70.871104842214294                       8.464595298813224
                       1       951.76334754821278     0.022084174095020906      0.11698041482672791       68.444480224118323       3.0514471162115395      0.95933901729906346     0.054855660507100674     0.024829208325524404       1.0073453635066982       1.3748320993345586       1.6190915792784388   2.1145922899735434e-09     0.024829208325524404       494.12704650840845       5.7934714303969193       5.7934714303969193       1891.9397522356317                                                 1387.4564136804058                                              10.356292046817421        24.695899120125205               389.93537028111069                          71.087301875955518                      8.4084752312170483
                       5        951.8488163279477      0.02199252392957337      0.11678618874824165        68.62223384179498       3.0517615325396794      0.96161676948020092     0.056762845209389887     0.014516274007686431       1.0060623552218984       1.3942179311261176       1.7956306609373383   2.1152572568496133e-09     0.014516274007686431       493.16522571363453       5.7934714303969193       5.7934714303969193       1892.1106897951015                                                 1388.4608675142772                                              10.484596567189902        24.169924399309366                390.0161731723345                          70.479305516048342                      8.4998226259423273
                       4       950.32450542747449      0.02209891045476298      0.11740554040361917       68.614628252822314        3.051755606881998      0.96268859627937764     0.055943136990117499      0.02174959957262736       1.0056614427685682       1.4015550393885161       1.5435040033434957   2.1152447225963381e-09      0.02174959957262736       491.37594800138334       5.7934714303969193       5.7934714303969193       1889.0620679941551                                                 1387.3872127311192                                              10.298907261652328        24.012854218257019               389.94897196495907                          69.030096191317583                      8.3840256268496969
                       2       948.10990550539123      0.02209891045476298      0.11740554040361917       68.614628252822314        3.051755606881998      0.96268859627937764     0.055943136990117499      0.02174959957262736       1.0055762374182604       1.4768523317422972        2.320207042733978   2.1152447225963381e-09      0.02174959957262736       491.56808603979141       5.7934714303969193       5.7934714303969193       1884.6328681499886                                                 1382.7658748485446                                              10.298907261652328        24.026755217588914               389.95514547898756                          69.214362644934766                      8.3718226982802211
                       8       947.26985123602503      0.02209891045476298      0.11740554040361917       68.614628252822314        3.051755606881998      0.96268859627937764     0.055943136990117499      0.02174959957262736       1.0068375064954633       1.4768523317422972        2.320207042733978   2.1152447225963381e-09      0.02174959957262736       489.88797750105908       5.7934714303969193       5.7934714303969193       1882.9527596112562                                                 1382.7658748485446                                              10.298907261652328        23.823162392527081               389.97715001635703                           67.47840631204528                      8.6092587801296574
                       3       945.70390236411879      0.02209891045476298      0.11740554040361917       68.614628252822314        3.051755606881998      0.96268859627937764     0.055943136990117499      0.02174959957262736       1.0070128287224362       1.2445932386874343       2.3997390902403031   2.1152447225963381e-09      0.02174959957262736       489.82291573174638       5.7934714303969193       5.7934714303969193       1879.8208618674437                                                 1379.6990388740448                                              10.298907261652328        23.795256103908002               389.97098041467331                          67.404810180403871                       8.651869032761228
                       6       945.57180264173405     0.022110559215943813      0.11772260705171102       68.647603978391089       3.0510129435397717      0.96311761100242521     0.055996446843040962    0.0002654160955255086       1.0060805248319011       1.2363767241152785       2.3612295615902137   2.1136743910670354e-09    0.0002654160955255086       489.57125091315731       5.7934714303969193       5.7934714303969193       1879.5566624226742                                                 1379.6958297336043                                              10.289581775912611        23.735651448840997               389.98812044766197                          67.436810456425363                       8.410668560228979
                       1       944.97479843425458     0.022163088267189057      0.11735167667229389       68.741348954156578       3.0513158534863871      0.96353340420906164      0.05623071024743713     0.004752207564247133       1.0063475299112969         1.22971451521803       2.2751778264904567   2.1143147410432881e-09     0.004752207564247133       489.51846659638596       5.7934714303969193       5.7934714303969193       1878.3626540077153                                                 1378.4520685534121                                              10.392118857917053        23.661871926612264               389.97396882148735                          67.400002349566378                      8.4826234987200078
                       2       944.99172045979003     0.022163088267189057      0.11735167667229389       68.741348954156578       3.0513158534863871      0.96353340420906164      0.05623071024743713     0.004752207564247133       1.0063484321963596       1.2291618168550769       2.2616443792295153   2.1143147410432881e-09     0.004752207564247133       489.51821588087358       5.7934714303969193       5.7934714303969193       1878.3964980587862                                                 1378.4861633199955                                              10.392118857917053        23.661731052618165               389.97396882148735                          67.399714023949286                      8.4828019828187582
                       3       945.08612664203019     0.022163088267189057      0.11735167667229389       68.741348954156578       3.0513158534863871      0.96353340420906164      0.05623071024743713     0.004752207564247133       1.0062560503849181       1.3617361561522419       1.9986211536227758   2.1143147410432881e-09     0.004752207564247133       489.54983276117804       5.7934714303969193       5.7934714303969193       1878.5853104232665                                                 1378.6433588041716                                              10.392118857917053        23.676169250624525               389.97396882148735                           67.43484439678727                      8.4648502922788555
                       4       945.59892821463973     0.022214093428526146       0.1172261626277134       68.820143551149727       3.0496136818700914      0.96245733645625775     0.054594442099314106     0.010983830089744202       1.0071311971520343       1.3681710030400605       1.9684267249369301   2.1107188757612965e-09     0.010983830089744202       490.01559930190302       5.7934714303969193       5.7934714303969193       1879.6109135684856                                                 1379.0580376330147                                              10.537276633567688        23.891081547549788               390.02487661239667                          67.397036339294502                      8.7026048026620426
                      13       945.88334140256904     0.022214093428526146       0.1172261626277134       68.820143551149727       3.0496136818700914      0.96245733645625775     0.054594442099314106     0.010983830089744202       1.0064314045286349       1.3681710030400605       1.9684267249369301   2.1107188757612965e-09     0.010983830089744202       490.58442567776189       5.7934714303969193       5.7934714303969193       1880.1797399443442                                                 1379.0580376330147                                              10.537276633567688        24.004230780870273               389.96128494430366                          68.086800535247363                       8.532109417340541
                      16       946.76535962306014     0.022352086234149384       0.1173368403051661       68.878955182521238       3.0414717146621073      0.96956155106471376     0.054490421138789921    0.0048700369230860515       1.0012648285258094       1.3646710836180691        1.628698553257502   2.0936032438980852e-09    0.0048700369230860515       490.06251277810964       5.7934714303969193       5.7934714303969193       1881.9437763853264                                                 1381.4460159147789                                              10.435247692437807         22.63997781184338               390.20527467661623                          68.697010392576431                      8.5202498970736151
                       2       946.24562848286121     0.022339976295780339      0.11730766707682777       68.890535013240765       3.0440921176254396      0.96683324074452437      0.05582373414856525    0.0043225126474010335       1.0015879129399623       1.3643352836163742       1.8441706384826879   2.0990965222005045e-09    0.0043225126474010335       489.82307734927701       5.7934714303969193       5.7934714303969193       1880.9043141049285                                                 1380.6002814437929                                              10.480955311858782        23.200453511066712               390.03732366064474                          68.079817944052579                      8.5054822335129874
                       1       946.00443040249024     0.022339976295780339      0.11730766707682777       68.890535013240765       3.0440921176254396      0.96683324074452437      0.05582373414856525    0.0043225126474010335       1.0019982598817072       1.3643352836163742       1.8441706384826879   2.0990965222005045e-09    0.0043225126474010335       489.34068118853514       5.7934714303969193       5.7934714303969193       1880.4219179441866                                                 1380.6002814437929                                              10.480955311858782        23.139962882764394               390.03732366064474                          67.567472194453373                      8.5959224506725924
                       2       946.05765869387221     0.022269955187668077      0.11732590974672681       68.659557467202816       3.0446260844648352       0.9690826169041955     0.057100826688190734     0.026146325591468362         1.00095472660838       1.3705153684901485       1.8610629286952278   2.1002176694371348e-09     0.026146325591468362       489.62315543517093       5.7934714303969193       5.7934714303969193       1880.5283745269505                                                 1380.6159429502241                                              10.289276141555797         22.68425493218507                390.0662076735216                          68.214156691392702                      8.6585361380715362
                       3       946.22631284927434     0.022224254217591631      0.11736483241794712       68.659756058041296       3.0414104796255721      0.96995340995877011     0.056202328865797672     0.015407103995209472       1.0001945928039226       1.3751335069936048       1.9136448779441013    2.093475045952098e-09     0.015407103995209472        490.1343698423621       5.7934714303969193       5.7934714303969193       1880.8656828377548                                                 1380.4406060537915                                              10.290706941601053        22.479673757491071               390.09350421344118                          68.918483532159811                      8.6427083392700528
                       6       945.99909886281364     0.022199032513512282      0.11762718371234926       68.574965469988086       3.0440438527504594      0.96705912280174688     0.056274176741546458     0.016124606717462922       1.0013928320254313       1.3747056960693538       2.0315239103596414   2.0989952120141702e-09     0.016124606717462922       489.72829823379766       5.7934714303969193       5.7934714303969193       1880.4112548648334                                                 1380.3399157118151                                              10.343040919220522        23.027684484907979               390.03587925367043                          68.156228079111941                      8.5085064161073074
                       2       946.75111032018754     0.022222976501164025      0.11708350975644435       68.445031187733179       3.0500924353890642      0.96810859909359492      0.05940202822517978     0.057276689034734582        1.001972051449894       1.3666081964440822       1.9439044929915263   2.1117296317828248e-09     0.057276689034734582       490.26255538847158       5.7934714303969193       5.7934714303969193       1881.9152777795812                                                 1381.2064271509082                                              10.446295240201191        22.859198322759198                390.3388025125729                          68.067266813490633                      8.9972877396488755
                       1       946.19300258917315     0.022239454242794065       0.1176680670014565       68.473228670275859        3.057163637472224      0.96541920023726335     0.061273212897720024     0.026143504126137786       1.0031180699371423       1.3396452827111685       1.9009424455292603   2.1267150186621851e-09     0.026143504126137786       490.16678873641592       5.7934714303969193       5.7934714303969193       1880.7990623175524                                                 1379.9991376330454                                              10.633135948091198         23.53457935483226               390.84070860285476                           67.54287679535409                       8.248623983374813
                       1       946.22991202165554     0.022239454242794065       0.1176680670014565       68.473228670275859        3.057163637472224      0.96541920023726335     0.061273212897720024     0.026143504126137786       1.0030892709292492       1.3778498599979287       1.8867297822465476   2.1267150186621851e-09     0.026143504126137786       490.19231888764938       5.7934714303969193       5.7934714303969193       1880.8728811825172                                                 1380.0474263467765                                              10.633135948091198         23.53903091707457               390.84070860285476                          67.564175334358708                      8.2484040333613233
                       1       946.98910249956543     0.022305325555706246      0.11667433864264004       69.125888899729134       3.0513014688903501      0.96620560217471418     0.058086342444256242    0.0032349834156264884       1.0045330706004887       1.3973376466828167       1.8366527560978538   2.1142843276985853e-09    0.0032349834156264884       489.72785804397915       5.7934714303969193       5.7934714303969193        1882.391262138337                                                  1380.700327123918                                              11.963076970440095        23.290052700326783               390.07594975806666                          67.606702578835936                      8.7551530067497652
                       4       946.79045733676469     0.022305325555706246      0.11667433864264004       69.125888899729134       3.0513014688903501      0.96620560217471418     0.058086342444256242    0.0032349834156264884       1.0045810473495425       1.3241809601291832       2.0666920057995908   2.1142843276985853e-09    0.0032349834156264884       489.69316412451195       5.7934714303969193       5.7934714303969193       1881.9939718127355                                                 1380.3377307177834                                              11.963076970440095        23.282884343251226               390.07594975806666                          67.565187624582521                      8.7691423986115584
                       4       946.78854760147306     0.022190148331677723      0.11679193009390509       68.876293653816191       3.0507257357460813      0.96361815019036146     0.054990049833603623    0.0061434662855792601       1.0076086361402119       1.3199857529218335       2.0911783200714842   2.1130674144769731e-09    0.0061434662855792601       490.34421561455889       5.7934714303969193       5.7934714303969193       1881.9901523421522                                                 1380.7532128070568                                              10.892723920536517        23.644957729834914                390.0072931289543                          68.020851707020697                      8.6711130487489729
                       9       946.29306397369851     0.022170893639208055      0.11728997036005383       68.737345063771784       3.0544140573951357      0.96085696310044189     0.055433259617291245    0.0062353648249893852       1.0086201340470711       1.3168656116286188       2.1674644051997012   2.1208754772396081e-09    0.0062353648249893852       490.48356110327416       5.7934714303969193       5.7934714303969193       1880.9991850866031                                                 1380.1291821684772                                              10.386441814851542        24.293102137927235               389.92061076193687                          67.906911791712574                      8.3629364116975076
                       5       947.76181244457678     0.022170893639208055      0.11728997036005383       68.737345063771784       3.0544140573951357      0.96085696310044189     0.055433259617291245    0.0062353648249893852       1.0087003430603867       1.2276490464803682       1.8341144206076663   2.1208754772396081e-09    0.0062353648249893852       490.41996982317556       5.7934714303969193       5.7934714303969193       1883.9366820283597                                                 1383.1302703903327                                              10.386441814851542        24.279694384436254               389.92061076193687                          67.844316845819861                      8.3753478309825553
                       4       947.67856742030813     0.022170893639208055      0.11728997036005383       68.737345063771784       3.0544140573951357      0.96085696310044189     0.055433259617291245    0.0062353648249893852       1.0090955953506084       1.2276490464803682       1.8341144206076663   2.1208754772396081e-09    0.0062353648249893852       490.25347977463798       5.7934714303969193       5.7934714303969193       1883.7701919798224                                                 1383.1302703903327                                              10.386441814851542        24.213934774837469               389.93576608586739                          67.660141550125289                      8.4436373638078699
                       5       948.40128561491895     0.022223204537197883      0.11688488034126707       68.845342793788376       3.0459136770964244      0.96198433237313608     0.052142562193112182     0.024705740718842722       1.0083364872837639       1.2554280662733719       1.8491448869872049   2.1029236359504568e-09     0.024705740718842722        491.5320837715538       5.7934714303969193       5.7934714303969193        1885.215628369044                                                 1382.9457580836286                                              10.737786513861758        23.866127926994125               390.42334667872382                           67.68558410401512                      9.5570250618207524
                       1       947.74353259554198     0.022223204537197883      0.11688488034126707       68.845342793788376       3.0459136770964244      0.96198433237313608     0.052142562193112182     0.024705740718842722       1.0083702087352844       1.2012440813033571        2.070809908703708   2.1029236359504568e-09     0.024705740718842722       491.52756116831677       5.7934714303969193       5.7934714303969193       1883.9001223302901                                                 1381.6347746481115                                              10.737786513861758        23.860740685279097               390.42334667872382                          67.671259563025146                      9.5722142412887123
                       5       946.61104911085533     0.022251365379676896      0.11719334848530492       68.892711572459248       3.0503240405732255      0.96103274498798652     0.055476047570469908    0.0021362132417211306       1.0069274189058983        1.182725971181176         2.16189642297295   2.1122187759550689e-09    0.0021362132417211306       490.65498539726144       5.7934714303969193       5.7934714303969193       1881.6351553609168                                                 1380.3073445508696                                              10.672825412785913        24.233596902523743               389.91927101730033                          67.771217292561502                      8.7309001848758481
                       5       946.64719772862031     0.022251365379676896      0.11719334848530492       68.892711572459248       3.0503240405732255      0.96103274498798652     0.055476047570469908    0.0021362132417211306       1.0070106688179961       1.0455086026239981       2.7839989791508173   2.1122187759550689e-09    0.0021362132417211306       490.65377525566265       5.7934714303969193       5.7934714303969193       1881.7074525964467                                                  1380.380851927998                                              10.672825412785913        24.219754277505103               389.91927101730033                          67.760316883229265                      8.7544330776279224
                       6       946.73488022434253     0.022245125232412961      0.11713120914749858       68.908186928950542       3.0512683534931906      0.96123003726083522     0.056181776160204588    0.0020554618600707366       1.0068931775128298       1.0444655601976327       2.8007987575880851   2.1142143134926459e-09    0.0020554618600707366       490.58142781629994       5.7934714303969193       5.7934714303969193       1881.8828175878912                                                 1380.5392665836728                                               10.76212318791838        24.191246337251926                389.9251398351991                          67.719703998443265                      8.7453376454056393
                       9        946.2935210308475     0.022139306804918765      0.11793883480923788       68.466361796574873       3.0491579178371473       0.9613826364036957     0.056004078567843771    0.0020190468968760006       1.0050296413893391       1.0428117029033943        2.924556311716227   2.1097571052009311e-09    0.0020190468968760006        489.6939519246605       5.7934714303969193       5.7934714303969193       1881.0000992009011                                                 1380.7112299747498                                               10.59491730149076        24.108934115624777               389.92205456857153                           67.33255231557844                      8.3304109248857543
                      15       946.68435838909386     0.022101877641895865      0.11807025370139533         68.3890391993001       3.0502410618020508      0.96179858720037004     0.056635871640537544    0.0081172402243878828       1.0048476977752545       1.0484088309258026       2.9600161451915294   2.1120435139082036e-09    0.0081172402243878828       489.60517652672456       5.7934714303969193       5.7934714303969193       1881.7817739173938                                                  1381.392808352155                                               10.78378903851411        24.018714657728822                389.9990229965569                          67.273352651362615                      8.3140862210762059
                       1       946.80603053947539     0.022051318307102916      0.11835017602658474        68.25587199878855       3.0536777077351247      0.96333959450551321      0.05733568189259846     0.010925667350981173       1.0055322133316407       1.0429794587927901       2.8035440982852946   2.1193143461427318e-09     0.010925667350981173       489.96001853855739       5.7934714303969193       5.7934714303969193       1882.0251182181569                                                 1380.7045394635581                                               11.36056021604122        23.679725975956217                390.0993324469847                           67.85534402581807                      8.3256160897983928
                       6       946.92098610311689     0.022064851468764798      0.11825113405080785       68.251850025735806       3.0554077742092494      0.96384378986479236     0.058554117629153052     0.015757547520395314       1.0052752956297328       1.0384088352888676       2.7793876101811694   2.1229840743626748e-09     0.015757547520395314       490.05576345835868       5.7934714303969193       5.7934714303969193       1882.2550293454399                                                 1380.8355473423576                                              11.363718544723728        23.608931011404593               390.25586909442643                          67.870878804820904                      8.3200845477067382
                       1       946.94203800911839     0.022065198723272717      0.11822002470826831        68.26774387355465       3.0554310432688627      0.96408869018086318     0.058697189378380837     0.015909566770353375       1.0051752589563316       1.0392674468652936       2.7781374580337586   2.1230334747804081e-09     0.015909566770353375       490.07959775181627       5.7934714303969193       5.7934714303969193       1882.2971331574429                                                 1380.9605938326547                                              11.256941572972053        23.560382486432559               390.27225322448646                          67.928659847137652                      8.3183021937596386
                       5       947.41244574849964     0.022069816759054933      0.11801039689560279       68.267330416428507       3.0443100469873761       0.9705703618188587     0.055726618494476937     0.017154293039783847       1.0021544808402085       1.0526208205767238       2.5508046778577906   2.0995540268162643e-09     0.017154293039783847       492.00144190971025       5.7934714303969193       5.7934714303969193       1883.2379486362054                                                  1380.036443125322                                              11.200063601173047        22.209859536051397               390.16741689699677                          71.182777870774743                      8.4413876058873587
                       5       947.53453513982276     0.022069816759054933      0.11801039689560279       68.267330416428507       3.0443100469873761       0.9705703618188587     0.055726618494476937     0.017154293039783847       1.0019840363842172       1.3150545148140145       1.6785801119005677   2.0995540268162643e-09     0.017154293039783847       492.04820941290865       5.7934714303969193       5.7934714303969193       1883.4821274188516                                                   1380.23385440477                                              11.200063601173047        22.231314425703033               390.16238575128648                          71.228413168293642                       8.426096067625533
                       8       949.00140173894579     0.022066183051842027      0.11811747107257693       68.206337702609417       3.0545250276846314       0.9693335122407335     0.058965428070340872     0.035425008443745867         1.00400386409307       1.3085808067611735       1.6218741111812773   2.1211108444644451e-09     0.035425008443745867        491.7326286651562       5.7934714303969193       5.7934714303969193       1886.4158606170977                                                 1383.2496537574107                                              11.433578194530771        22.534522861289361               390.33009038236901                           70.45708758766996                      8.4109278338278735
                       1       948.63445948921924     0.022154380139703837      0.11725232796466939       68.260536891263826       3.0568414858039374      0.96951285534783549     0.061985607274611172      0.05917989715350902       1.0031262162657077       1.2938500458106357       1.6586378036777323   2.1260300042161507e-09      0.05917989715350902       490.94212635650666       5.7934714303969193       5.7934714303969193       1885.6819761176446                                                 1383.7549448132675                                              10.984904947869989        22.561717900546171               391.01479936127305                          68.798598401909558                      8.5670106927779113
                       2       949.00770463483741     0.022253981405184621        0.117245514720862       68.462680280281745       3.0527948308977675      0.97198988208165726     0.061744698023636496     0.046376917238769869       1.0008815217440505       1.2960038702812862       1.5369123226604633    2.117444078324997e-09     0.046376917238769869       490.68961251587842       5.7934714303969193       5.7934714303969193       1886.4284664088809                                                 1385.2132103824219                                              10.525643510580782        22.191917594497284               390.85763213183827                          69.101256294239292                      8.5388064953035805
                       1       949.86081217556364     0.022149989898528222      0.11703964953747725       68.605423497392735       3.0542067421904497      0.97324977864043638     0.063104637056318316     0.018137977973991783       1.0007820467562245       1.2905989265253246       1.6247120589094206   2.1204358330799652e-09     0.018137977973991783       492.62679503203924       5.7934714303969193       5.7934714303969193       1888.1346814903334                                                 1385.2114069615986                                              10.296479496695451        21.972256881688565               391.31869596678769                          70.991820357475504                      8.3440218260874826
                       5       949.99481535841039     0.022149989898528222      0.11703964953747725       68.605423497392735       3.0542067421904497      0.97324977864043638     0.063104637056318316     0.018137977973991783       1.0008133788508029       1.2467326969390424         1.69010587050171   2.1204358330799652e-09     0.018137977973991783       492.61914305163214       5.7934714303969193       5.7934714303969193       1888.4026878560269                                                 1385.4870653076994                                              10.296479496695451        21.968497945873935               391.31869596678769                          70.984705722743612                      8.3472434162268812
                       1       950.06569055176669     0.022149989898528222      0.11703964953747725       68.605423497392735       3.0542067421904497      0.97324977864043638     0.063104637056318316     0.018137977973991783       1.0014388494457853       1.2467326969390424         1.69010587050171   2.1204358330799652e-09     0.018137977973991783       492.76089343834468       5.7934714303969193       5.7934714303969193       1888.5444382427395                                                 1385.4870653076994                                              10.296479496695451        21.894040372343852               391.32155149576636                          71.117658751299501                      8.4276428189349968
                       1       950.31275904625056     0.022145104341776557      0.11701544686254077       68.624342543863193       3.0529447654505799      0.97406677789597018     0.062741434316243308     0.015748654055858652        1.001137920834982       1.2486091500000174       1.6648101766844614   2.1177615801576382e-09     0.015748654055858652       493.14438331961992       5.7934714303969193       5.7934714303969193       1889.0385752317072                                                  1385.586088699763                                              10.308103212324291        21.753510475584278               391.17299318203925                          71.764869516920157                      8.4530101450762292
                       8       950.80448224066083     0.022179446418843712      0.11703582595729151       68.723109316798784       3.0524904234693055       0.9744367260199901     0.063176659453306236    0.0070679409453120109       1.0003522278367523       1.2477980123261887        1.661138706364774   2.1167996107135422e-09    0.0070679409453120109       493.08227351530144       5.7934714303969193       5.7934714303969193       1890.0220216205278                                                 1386.5474950786202                                              10.392253026606102        21.729851698521827               391.29013096253482                          71.631463469425967                      8.4308273848188353
                       8       950.28279857127552     0.022179446418843712      0.11703582595729151       68.723109316798784       3.0524904234693055       0.9744367260199901     0.063176659453306236    0.0070679409453120109       1.0003142401466223       1.2982313919690653       1.6415417430101735   2.1167996107135422e-09    0.0070679409453120109       493.05778814688642       5.7934714303969193       5.7934714303969193       1888.9786542817571                                                 1385.5286131082646                                              10.392253026606102        21.734188741882122               391.29013096253482                          71.608310038195796                      8.4251584042737004
                       7        948.4120876691278     0.022130587092781904      0.11657100179808855       68.788940241049175       3.0572792112432219       0.9675701328801386     0.062029946738434753    0.0070087116401493475       1.0052106765490543       1.2900480107575829        1.866910210159467   2.1269608253408589e-09    0.0070087116401493475       491.04222291169071       5.7934714303969193       5.7934714303969193       1885.2372324774617                                                 1383.4337322043411                                               10.76127736142991        22.846110255878898               390.96651196811752                           68.70505074351108                      8.5245499441832173
                       6       947.34474705665343     0.022155339418143214      0.11681076866077224       68.738399475616674       3.0559589185293916      0.96620346087358944     0.060871006196309564    0.0048881775701777016       1.0053626704525704       1.2891031752418904        1.873369064995597   2.1241544674751439e-09    0.0048881775701777016       490.45611368942076       5.7934714303969193       5.7934714303969193        1883.102551252513                                                 1382.1559108964964                                              10.490526666595581        23.105624358214698               390.67871677683678                           68.21063042306119                      8.4611421313081223
                       7       947.57721932207028     0.022166223102523839      0.11673779450781203       68.755865838985528       3.0559607916866525      0.96608508010534222     0.060900989597793109    0.0058515989855555577       1.0054148522796751       1.2880380837760044       1.8712359234828613   2.1241584463542343e-09    0.0058515989855555577        490.5398898351674       5.7934714303969193       5.7934714303969193       1883.5674957833467                                                 1382.4923901753232                                              10.535215772856096        23.132752647906727                390.6873417724276                          68.225883865047862                      8.4939115497851745
                       7       947.45164459287275     0.022166223102523839      0.11673779450781203       68.755865838985528       3.0559607916866525      0.96608508010534222     0.060900989597793109    0.0058515989855555577       1.0054016437823678       1.3054033768685593       1.8681241153480017   2.1241584463542343e-09    0.0058515989855555577       490.53256349496036       5.7934714303969193       5.7934714303969193       1883.3163463249516                                                 1382.2485670571352                                              10.535215772856096        23.134682389830573                390.6873417724276                          68.219463320720735                      8.4910760119814253
                       1       947.43199823290115     0.022166223102523839      0.11673779450781203       68.755865838985528       3.0559607916866525      0.96608508010534222     0.060900989597793109    0.0058515989855555577       1.0053802538738954       1.3054033768685593       1.8681241153480017   2.1241584463542343e-09    0.0058515989855555577       490.49327077501692       5.7934714303969193       5.7934714303969193       1883.2770536050084                                                 1382.2485670571352                                              10.535215772856096        23.137808692595058               390.65939376881732                          68.209555846860667                      8.4865124667438874
                       2       947.43539685668964      0.02216037236323537      0.11677293646795499       68.740271934197537       3.0558517047221905      0.96600114329536624     0.060731699412319616    0.0038917980065438051        1.005458427999268       1.3037516813980972       1.8628461890066337   2.1239267409955322e-09    0.0038917980065438051       490.47238240856939       5.7934714303969193       5.7934714303969193       1883.2838508525854                                                  1382.317017964808                                              10.494450479207607        23.146032802755485               390.63076252338232                          68.237719166727601                      8.4578679157040177
                       3       947.50807033610988      0.02213213568936755      0.11674632620932529       68.749389534446152       3.0538577838499523      0.96763691277252961     0.060447945951478496    0.0012996261388936036       1.0047107201582415        1.309518903009018       1.8545244633819797   2.1196960184002808e-09    0.0012996261388936036       490.59610733805431       5.7934714303969193       5.7934714303969193       1883.4291978114259                                                 1382.2677216275692                                              10.565368845802354        22.797854331067072               390.61374979843686                          68.649628455813442                      8.5348747527369486
                       4       947.31741807129777      0.02213213568936755      0.11674632620932529       68.749389534446152       3.0538577838499523      0.96763691277252961     0.060447945951478496    0.0012996261388936036       1.0047167595947553       1.2986095849798265       1.9203710913677408   2.1196960184002808e-09    0.0012996261388936036       490.59921338954075       5.7934714303969193       5.7934714303969193       1883.0478932818016                                                 1381.8833110464584                                              10.565368845802354        22.797011769754363               390.61374979843686                           68.65220550133624                      8.5362463200132588
                       1       950.33353993123944     0.022272876239653541      0.11603694152402343       68.875069292023866       3.0539861760835962      0.97036767320251605     0.061051745224410599     0.032632479918762933       1.0045814759617855       1.2962180680410842       1.6385771688499133   2.1199681883786115e-09     0.032632479918762933       490.96121347992153       5.7934714303969193       5.7934714303969193        1889.080137001685                                                 1387.0847963785639                                              11.034127143199548        22.346155007992593               390.66891102912916                          68.685801178799551                       9.260346264000173
                       4       950.25355565987468     0.022294819185302239      0.11645382758981541       68.729928461173273       3.0586039738521511      0.96883011533641605     0.062338819512872755     0.033193227650966453       1.0051216343399632       1.2803332496574269       1.5825861648103636     2.12978041074122e-09     0.033193227650966453       490.54782388101364       5.7934714303969193       5.7934714303969193       1888.9201684589555                                                 1387.9596732882055                                              10.412671289736501        22.690774653137169               391.03838975341012                          68.196044834002834                      8.6226146404635617
                       2       949.39069041876098     0.022211652962580177      0.11685820160614094       68.440956222285649       3.0622491833789862      0.96892777824000609     0.064481058344170103     0.047335227703312929       1.0044861902700981       1.2817203601368514       1.6890061663730156   2.1375580735776812e-09     0.047335227703312929       491.37144413303611       5.7934714303969193       5.7934714303969193       1887.1944379767281                                                  1385.369450951114                                               10.45354289257798        22.689714145958192               391.83680689789833                          68.408956298413031                      8.4359667907665674
                       5       949.35501178673712     0.022211652962580177      0.11685820160614094       68.440956222285649       3.0622491833789862      0.96892777824000609     0.064481058344170103     0.047335227703312929       1.0038181118131737       1.2817203601368514       1.6890061663730156   2.1375580735776812e-09     0.047335227703312929       491.30008686898844       5.7934714303969193       5.7934714303969193       1887.1230807126803                                                  1385.369450951114                                               10.45354289257798        22.782117112894412                391.8301323627831                           68.35587510832066                      8.3319622849902437
                       5       949.33940024678088     0.022093739441840697      0.11697212765873274       68.588072829243956       3.0680253614400308      0.95808432840848012     0.062861730412814218      0.02163253885720821       1.0094523981608856       1.2886239740553891        2.227358970467666   2.1499407173761136e-09      0.02163253885720821       493.64327515646102       5.7934714303969193       5.7934714303969193       1887.0918576327679                                                 1383.1426600011607                                              10.305922475145941        25.112931906846029                 391.438251622113                          68.861962513389244                       8.230129114112728
                       2       947.77792320213644     0.022216796235302372      0.11722541882728038       68.565346001326361       3.0663381413859248       0.9616937036829718      0.06269703430604158     0.025814228176737262       1.0077602824127698       1.2785628865642384       1.8559439943854192   2.1463163526927994e-09     0.025814228176737262       491.61236780007016       5.7934714303969193       5.7934714303969193        1883.968903543479                                                 1382.0264940297939                                              10.330041713615142        24.313342926706866               391.29998335378434                          67.800425848653603                      8.1986156709253475
                       4       948.36087675647775     0.022227126841564474      0.11703525156837095       68.558705774921322       3.0670099536930264      0.96292330376208635     0.063942872377573456     0.033765471107187764       1.0070099737349263       1.2767573391927531        1.839841048680974   2.1477587588923401e-09     0.033765471107187764        491.7970147224421       5.7934714303969193       5.7934714303969193       1885.1348106521616                                                 1383.0162664664874                                              10.321529463232057         24.06557258228321               391.72699184234972                          67.787807936478728                      8.2166423613304502
                       2       950.60342455105217     0.022305613084161253      0.11654535842256476       68.888710709134699       3.0710310965237495      0.96223163030243619     0.065554715766289351     0.032500130256370448       1.0080984550534684       1.2767254488851649       1.8149123276404362   2.1564125911147427e-09     0.032500130256370448       493.33994978135797       5.7934714303969193       5.7934714303969193       1889.6199062413104                                                 1385.4482503427428                                               10.83170611720938        24.339048715367198               392.33586121898918                          68.350367412655288                       8.314672434346349
                      15       950.38738640988743     0.022326116288460287      0.11643506330803462       68.857740371809925       3.0687073633916118      0.96258198581732046     0.064883546860709754     0.040754406150793551        1.007618330046842       1.2797382206902668       1.8105896486937345    2.151407481252208e-09     0.040754406150793551       493.43561200724668       5.7934714303969193       5.7934714303969193        1889.187829958981                                                 1385.0276555178398                                              10.724562433894494        24.226702375019556               392.04077687391106                            68.6714915335575                      8.4966412247585339
                       4       950.49227799765617     0.022326116288460287      0.11643506330803462       68.857740371809925       3.0687073633916118      0.96258198581732046     0.064883546860709754     0.040754406150793551       1.0075025890470188       1.4301000823111309       1.8224538174399554    2.151407481252208e-09     0.040754406150793551        493.4665918402186       5.7934714303969193       5.7934714303969193       1889.3976131345185                                                 1385.2064588604053                                              10.724562433894494        24.246016666443779               392.04077687391106                          68.706642030680698                      8.4731562691830398
                       2       950.21190049463314     0.022146946442947422      0.11695000789108397       68.439779373288147       3.0667277327835571      0.96460529377453241     0.064864410889489341     0.030598933253545693        1.006005282134834       1.4206978874219052       1.8893290577228454   2.1471527019870731e-09     0.030598933253545693       492.30060311697167       5.7934714303969193       5.7934714303969193       1888.8368581284724                                                 1386.1071194522774                                              10.429135559223335        23.674408765060036               392.11692289521756                          68.319305171504553                      8.1899662851895556
                       2       950.18680545626853     0.022146946442947422      0.11695000789108397       68.439779373288147       3.0667277327835571      0.96460529377453241     0.064864410889489341     0.030598933253545693       1.0067166226251105       1.4206978874219052       1.8893290577228454   2.1471527019870731e-09     0.030598933253545693       492.25041304024228       5.7934714303969193       5.7934714303969193       1888.7866680517432                                                 1386.1071194522774                                              10.429135559223335        23.563709034847705               392.13651587032757                          68.338633511193947                      8.2115546238730133
                       2       949.72737121120485     0.022153117238407093      0.11687245601416589       68.440809424934088       3.0662006309060899      0.96482593792282667     0.064780617608398247     0.037763300056002029       1.0066059951426178       1.4259034304675169       1.8989067222112261   2.1460212319928227e-09     0.037763300056002029       492.13272686507696       5.7934714303969193       5.7934714303969193       1887.8677995616158                                                 1385.3347110207476                                               10.40036167579099        23.508620213223992               392.08915214689057                          68.252291242421194                      8.2826632625411918
                       4       947.96630401617676     0.022145548297909511      0.11654068479281057       68.697882081781046       3.0533117451180058      0.96680695238270253      0.05947155091692196     0.020188195743931259        1.005619130795379       1.4543343091880967       1.9281527600163753   2.1185388982192502e-09     0.020188195743931259        490.5725061349965       5.7934714303969193       5.7934714303969193       1884.3456651715596                                                 1383.2813962578537                                              10.491762778709544        22.929914220734702                390.3384222729278                          68.490968163193131                       8.813201478140865
                      10       948.08183769444565     0.022145548297909511      0.11654068479281057       68.697882081781046       3.0533117451180058      0.96680695238270253      0.05947155091692196     0.020188195743931259       1.0056035451911436       1.4772828895688679       1.8711474719882766   2.1185388982192502e-09     0.020188195743931259        490.5666997515815       5.7934714303969193       5.7934714303969193       1884.5767325280974                                                 1383.5182699978066                                              10.491762778709544        22.932126329886614                390.3384222729278                          68.487731964029578                      8.8084191847374989
                       1       949.07140570315721     0.022171196148557143      0.11631544034680522        68.96709348852815        3.051167601464817      0.96930600202083983     0.061072571328602374     0.020341871682799266       1.0030882505831891       1.5042231416770191        2.003898669508422   2.1140013128424492e-09     0.020341871682799266       491.09316434436244       5.7934714303969193       5.7934714303969193       1886.5558685455205                                                 1383.6870089237989                                               11.77569527735924        22.535480404557802               390.68997462319373                          68.442629529286478                      9.4250797873243943
                       2       950.23830468369408     0.022171196148557143      0.11631544034680522        68.96709348852815        3.051167601464817      0.96930600202083983     0.061072571328602374     0.020341871682799266        1.003268078010825       1.2284094729888206       2.9009882484823528   2.1140013128424492e-09     0.020341871682799266       491.23504128781678       5.7934714303969193       5.7934714303969193       1888.8896665065943                                                 1385.8789299414184                                               11.77569527735924        22.511510506397428               390.69297124552259                          68.526267057125665                      9.5042924787710881
                       2       950.17808680981784     0.022160411224255296      0.11631301180718009       68.951668093787276       3.0516704668015771      0.96897646440153007      0.06099883226293281     0.024375813106843062       1.0036590035378121       1.2313828184476527       2.9178177889472283   2.1150646381568566e-09     0.024375813106843062       491.31721791049677       5.7934714303969193       5.7934714303969193       1888.7692307588418                                                 1385.6958755622134                                              11.756137286131505        22.562037264080686               390.66116485692822                          68.480513174747543                       9.613502614740284
                       1       947.74897454156223     0.022215723294231274      0.11702743639968043       68.840512949705072       3.0501631739887083      0.96501708999897673      0.05777558668135694     0.016272364565547748         1.00519438794482        1.227697270577615       2.8738594071881653   2.1118790178634224e-09     0.016272364565547748       489.79390669810533       5.7934714303969193       5.7934714303969193       1883.9110062223306                                                 1383.4526980003948                                               10.66440152383028        23.307164265825065               390.04749828645907                           67.39587622031361                      9.0433679255076225
                       1       948.40675262096568     0.022270122510037609      0.11706963207448472       68.918404800440769       3.0482116910230954      0.96685600043490771     0.057825166965014434     0.015990741682954161       1.0038208607002768       1.2327153046875261       2.7887021570551371   2.1077617406394578e-09     0.015990741682954161          489.57492517978       5.7934714303969193       5.7934714303969193       1885.2265623811375                                                  1384.834615647326                                              10.817021554031397        22.980152816121517                390.0907259191344                          67.372788396554185                      9.1312580479698671
                       3       947.86739425843609     0.022270122510037609      0.11706963207448472       68.918404800440769       3.0482116910230954      0.96685600043490771     0.057825166965014434     0.015990741682954161       1.0039533551601236       1.0559198626681903       2.8764193782557905   2.1077617406394578e-09     0.015990741682954161       489.70353804456016       5.7934714303969193       5.7934714303969193       1884.1478456560783                                                 1383.6272860574866                                              10.817021554031397        22.961245224958134                390.0907259191344                          67.470403942136613                      9.1811629583310399
                       6       947.93826706195648     0.022271042658416292      0.11705206092315251       68.933573257071401       3.0483884241205099      0.96679982040396262     0.057875008836651788       0.0152461197624747       1.0040256353355461       1.0558242104249755       2.8777244405604248   2.1081342848199664e-09       0.0152461197624747       489.72125660926372       5.7934714303969193       5.7934714303969193       1884.2895912631191                                                 1383.6867169832703                                              10.881617670584955        22.973583808064518               390.09025479339613                          67.468111927599693                      9.1893060802033748
                       1       946.68664054615567     0.022271042658416292      0.11705206092315251       68.933573257071401       3.0483884241205099      0.96679982040396262     0.057875008836651788       0.0152461197624747       1.0039355559513827        1.192218562124912        2.466682925026483   2.1081342848199664e-09       0.0152461197624747       489.62949399521074       5.7934714303969193       5.7934714303969193       1881.7863382315174                                                 1381.2752265657218                                              10.881617670584955        22.986451510451218               390.09025479339613                          67.397724358691804                      9.1550633326715882
                       5       947.28139289134037     0.022258518833504805       0.1168236699821714       69.081343045106962       3.0480489801723176      0.96851806406792829     0.058382983077156753    0.0024041140533666433       1.0035172018458234       1.1905519101070745        2.428880238852583   2.1074188128331954e-09    0.0024041140533666433       489.73367545754797       5.7934714303969193       5.7934714303969193       1882.9758429218869                                                 1381.4553596847477                                              11.786807779591014        22.658031357363086                390.1531373917494                           67.68053637611871                      9.2419703323167877
                      10       949.85172261786056      0.02242829359257377       0.1159553867166935       69.143083453823763       3.0441295088494549       0.9682226467366758     0.056373393083349946       0.0350994250182948       1.0041958680057026        1.182126650433946       2.2339177595707667   2.0991750114561912e-09       0.0350994250182948       491.75936780226704       5.7934714303969193       5.7934714303969193       1888.1165023749272                                                 1384.2114202449113                                              12.145714327748589        22.694374847980328               390.05759199774809                          68.058476758745783                      10.948924197792858
                       2       950.05114135567715      0.02242829359257377       0.1159553867166935       69.143083453823763       3.0441295088494549       0.9682226467366758     0.056373393083349946       0.0350994250182948       1.0045495284683454        1.182126650433946       2.2339177595707667   2.0991750114561912e-09       0.0350994250182948       492.15820527790032       5.7934714303969193       5.7934714303969193       1888.5153398505604                                                 1384.2114202449113                                              12.145714327748589        22.646251315260088               390.09718731465898                          68.232169899135755                      11.182596748845445
                       1       949.93638997327116     0.022347539828411589      0.11612286529431536       69.155764444866875       3.0336053832805456      0.96931022561039493     0.051057414000342367     0.031266679514568463        1.004328002164556       1.2195403075905085       2.3144028346125767   2.0771988727006942e-09     0.031266679514568463       493.57464569635653       5.7934714303969193       5.7934714303969193       1888.2858370857484                                                 1382.1589571084894                                              12.552234280902336        22.288995752885683               391.22830085405565                          67.559710026736994                      12.497639062678216
                       1       949.70637112035854     0.022344761942060289      0.11618794960160635       69.134567691481323       3.0333695873485844      0.96909558406203467     0.050770844811370237     0.029660771221070262       1.0044161237897813       1.2184127238755247       2.3101911124524332   2.0767091353979383e-09     0.029660771221070262        493.5008311628356       5.7934714303969193       5.7934714303969193       1887.8257993799232                                                 1381.9917457120521                                              12.333222505035542        22.321151553909033               391.31357510947294                          67.548440443822287                      12.317664055631315
                       7       949.23703974644798     0.022299303572547106      0.11620648527794759       69.200617984676327       3.0345180212168388      0.96999880074545697     0.051596984234006264     0.016023746432461794       1.0042491080529101        1.217309878379083        2.325787784068265   2.0790954685141502e-09     0.016023746432461794       492.68905920623206       5.7934714303969193       5.7934714303969193       1886.8871366321021                                                 1381.1727174777625                                              13.025359948107402        22.168638792094896                 391.012520277428                          67.803917362975895                      11.703982773733284
                       1       949.86793280922063     0.022299303572547106      0.11620648527794759       69.200617984676327       3.0345180212168388      0.96999880074545697     0.051596984234006264     0.016023746432461794       1.0049433703822508        1.217309878379083        2.325787784068265   2.0790954685141502e-09     0.016023746432461794       493.95084533177743       5.7934714303969193       5.7934714303969193       1888.1489227576474                                                 1381.1727174777625                                              13.025359948107402        22.083339432349987               391.03291244132225                           68.60297064569086                      12.231622812414349
                       1       949.71560840271559     0.022337707213806145      0.11640861896355295       69.018737005950996       3.0404887066323223      0.96888522394031651     0.052809011456075083     0.036604495605606871       1.0064607408235693       1.2035135582562348       2.1705888207769588   2.0915462262962019e-09     0.036604495605606871       493.09717719723886       5.7934714303969193       5.7934714303969193       1887.8442739446373                                                 1383.2677561669486                                              11.479340580449662        22.313030045093797               390.60493408099705                          68.480349942606864                      11.698863128541159
                       6       947.70470153785936     0.022257503117844461      0.11665965758191207        68.73745480702388       3.0477569965236424      0.96639679126516176     0.055765743320073169     0.028994394301930296       1.0072375086187644       1.1704289103777554       2.2740162697210082   2.1068035708236119e-09     0.028994394301930296       491.68039303739374       5.7934714303969193       5.7934714303969193       1883.8224602149248                                                  1381.719910439225                                              10.422156738306137        22.797420778331229               390.06997349873609                           68.96480753110734                      9.8481912292190898
                       2       947.81122047971814     0.022211080275131561      0.11697600844438864       68.187219958840927       3.0469927823489509      0.96434094036954532     0.054840719536657992     0.073240203563000469       1.0074426519709156       1.1730362774710876       2.3814696980281385   2.1051941367260023e-09     0.073240203563000469       492.52747580223638       5.7934714303969193       5.7934714303969193       1884.0354980986424                                                 1380.0823468120595                                              11.425675484346444        23.095964321468387               390.08356271585455                          68.673620555637385                      10.674328209276057
                       5       947.81609103027779     0.022211080275131561      0.11697600844438864       68.187219958840927       3.0469927823489509      0.96434094036954532     0.054840719536657992     0.073240203563000469       1.0074474787214847       1.1730362774710876       2.3814696980281385   2.1051941367260023e-09     0.073240203563000469       492.53721690335595       5.7934714303969193       5.7934714303969193       1884.0452391997617                                                 1380.0823468120595                                              11.425675484346444        23.095264882706658               390.08356271585455                          68.681127441913532                      10.677261862881197
                       1       947.66184665979131     0.022152673319928422      0.11716159417378674       68.114250464156001       3.0490502264145634      0.96641331653845686     0.056029461807939801     0.072375352577653679       1.0070743207959114       1.1734010449082279       2.3187187147599526   2.1095299146904198e-09     0.072375352577653679       491.85769757915574       5.7934714303969193       5.7934714303969193       1883.7367504587887                                                 1380.1502999790857                                              11.728752900547192         22.70110074830751               390.06554142174792                           68.98980409552037                      10.101251313579962
                       5       947.01274379891549     0.022120576839145381      0.11710926671051701       68.183001069051713       3.0478840864099235      0.96550605929232491     0.055594530897732211     0.070107972469034191       1.0071716657072356       1.1867061881931558       2.4728117702405736   2.1070713412649416e-09     0.070107972469034191       492.32250917850132       5.7934714303969193       5.7934714303969193       1882.4385447370371                                                 1378.9639919576161                                              11.152043600919329         22.85156416638273               390.04889098005305                          68.917598699674841                      10.504455332390712
                       8       947.34723034473927       0.0221159510523769       0.1170173845986076       68.194042984352791       3.0465342408489655      0.96472226663142691     0.054824235611175193      0.07278544097796949       1.0074408112111075       1.1920264866830874       2.5372284858282992   2.1042290391343465e-09      0.07278544097796949        492.9256483655991       5.7934714303969193       5.7934714303969193       1883.1075178286846                                                 1379.1539459903797                                              11.027923472705798        22.973172464008258               390.08003277995539                          68.877582617287587                      10.994860504347853
                       1       948.88192918246114     0.022184402538024898      0.11702259951301698       68.566790579330274       3.0490776240783024      0.97166131994562133     0.057628148300971682     0.054507895019670904       1.0053939177355502       1.1956060599210001       2.1646090734658094   2.1095877116734173e-09     0.054507895019670904         493.111455601741       5.7934714303969193       5.7934714303969193       1886.1769155041284                                                 1382.7850101806869                                               10.28044972170043         21.88571569249558               390.20840320781792                          70.866434670531106                      10.150902030896431
                       1       948.07538678531614     0.022187381966250214       0.1173662928600462        68.55457320802536       3.0505189780554227       0.9699248652101139     0.057437083482532014      0.04179468864286353       1.0059722654200549       1.1892938329244163       2.1799741274172111   2.1126305667005248e-09      0.04179468864286353       492.09792645439984       5.7934714303969193       5.7934714303969193       1884.5638307098384                                                 1382.1710599982343                                              10.294844257204222        22.194388628136835               390.16486531578613                          70.345201028264555                       9.393471482212286
                       3       949.11784704909087     0.022187381966250214       0.1173662928600462        68.55457320802536       3.0505189780554227       0.9699248652101139     0.057437083482532014      0.04179468864286353       1.0058674164075287        1.321472348492942       2.2782329436795394   2.1126305667005248e-09      0.04179468864286353       491.85432819518235       5.7934714303969193       5.7934714303969193       1886.6487512373878                                                 1384.4995787850014                                              10.294844257204222        22.207486371354264               390.16225255614785                          70.133571073413904                      9.3510181942663362
                       1       948.36631735409242     0.022187381966250214       0.1173662928600462        68.55457320802536       3.0505189780554227       0.9699248652101139     0.057437083482532014      0.04179468864286353       1.0049117326723405        1.321472348492942       2.2782329436795394   2.1126305667005248e-09      0.04179468864286353       490.35126880518533       5.7934714303969193       5.7934714303969193       1885.1456918473909                                                 1384.4995787850014                                              10.294844257204222        22.328781364765575                390.1483480798409                          68.871508337119067                      9.0026310234598057
                       1       949.55521792480101      0.02214901093534738       0.1171413086519825       68.643831581410851       3.0550428170647601      0.96737511204620452     0.058219354927373859     0.045269867855132581       1.0071185437852876       1.3257360071234088       2.4105011360501121   2.1222094175239715e-09     0.045269867855132581        490.4612635701389       5.7934714303969193       5.7934714303969193       1887.5234929888081                                                 1386.7062281393437                                              10.356001279325415        22.787277767794706               390.17291696538825                          68.279790556950886                      9.2212782800050572
                       1       949.80023931502262     0.022135941759040621      0.11738200085683839       68.523446796839565        3.055693883439115      0.96710440842152601     0.058146512853170594     0.049820338325098967       1.0072197714498079       1.3248613807683212       2.3960374829236621   2.1235915666016321e-09     0.049820338325098967       490.48132710465558       5.7934714303969193       5.7934714303969193       1888.0135357692513                                                 1387.2387154723317                                              10.293493192264149        22.834014299417333               390.16678310162706                          68.415788166112122                      9.0647415374990832
                       5       950.57451913452951     0.022143864515708985       0.1172165540728211       68.504346260330394       3.0601368160314646      0.96728352004057028     0.059716092754958955     0.054336064723163532       1.0081281152735959       1.3097598806608231       2.2908085990685132   2.1330475313379036e-09     0.054336064723163532       490.50056557768886       5.7934714303969193       5.7934714303969193       1889.5620954082651                                                 1388.7667151565752                                              10.294814674000934        22.829422092514847               390.46183277605923                          68.311324106233243                      8.8979866028815149
                       4       951.02031837249103     0.022163048055657733       0.1172644940902237       68.521181603261354        3.059189248805021      0.96777475583810257     0.059232643506575741      0.05580498110208966       1.0079697054946735       1.3131103208574786         2.24162241159005   2.1310272827166151e-09      0.05580498110208966        490.2856277183248       5.7934714303969193       5.7934714303969193       1890.4536938841882                                                 1389.8739571184913                                              10.294109047372022        22.736154736391939               390.32440105182752                          68.257732835384417                      8.9673390947209413
                       3        949.9519202978297     0.022188392315523494      0.11662649430931203       68.745662210602077       3.0488054901247015      0.97144051021516908     0.057262198905224521     0.054058274943115825       1.0051613302512723       1.3349563278255501       2.2948201412253355   2.1090136993366374e-09     0.054058274943115825         491.507392709079       5.7934714303969193       5.7934714303969193       1888.3168977348655                                                  1386.147385138042                                              10.662119887744382         22.03135977173423               390.10235233125132                          69.089870726217384                      10.283809879876069
                       1       949.88218840919842     0.022198112228201335      0.11666791132669767       68.712847562305043        3.049223771537442      0.97156150100445127     0.057571479864372652     0.056841460505455833       1.0049669579333611       1.3329096059347376        2.276811430246112   2.1098960450878342e-09     0.056841460505455833       491.48832460947779       5.7934714303969193       5.7934714303969193       1888.1774339576029                                                 1386.1530740838352                                              10.536035264290232        22.021372920713986               390.17879707701263                          69.055200431556642                      10.232954180194485
                       1       949.72926041858989     0.022198112228201335      0.11666791132669767       68.712847562305043        3.049223771537442      0.97156150100445127     0.057571479864372652     0.056841460505455833       1.0050236388709364       1.2533531130508315       2.3994688047765904   2.1098960450878342e-09     0.056841460505455833       491.54728174360406       5.7934714303969193       5.7934714303969193       1887.8715779763859                                                 1385.7882609684916                                              10.536035264290232        22.014547840049602               390.17879707701263                           69.08965707673562                      10.264279749806215
                       2       950.78203578443708     0.022250004673226784      0.11719515273952452       68.672647896616951        3.054053855033799      0.96769790501477215     0.056736018376395747     0.047522400356697532       1.0077394981213601       1.2364943660004666       2.2781726469940722   2.1201116704553673e-09     0.047522400356697532        489.5977907946268       5.7934714303969193       5.7934714303969193       1889.9771287080803                                                 1390.0765201149163                                              10.302817798537269        22.733775628538524               390.02283395053252                          67.650169191658165                      9.1910120238976258
                       1       951.21425459031218     0.022222718846965101      0.11725756651449222       68.598151752501138       3.0547708698624283       0.9667529737733912     0.056485439343742609      0.05399055769907353       1.0084023671192572       1.2397507313130103       2.3274298901497978   2.1216323670772974e-09      0.05399055769907353       489.93097376946452       5.7934714303969193       5.7934714303969193       1890.8415663198305                                                 1390.6291104190295                                              10.281482131336258        22.886783849030451               390.02879696752501                          67.711212801796563                      9.3041801511124795
                       1        950.3717408192955     0.022214268397615804      0.11726625230410849       68.561090020578405       3.0547685131532454      0.96594813223678266     0.056304590002303853     0.053973232863905929       1.0086369051858308        1.237598482600081        2.367017216574844    2.121627367012707e-09     0.053973232863905929        489.7837412635381       5.7934714303969193       5.7934714303969193       1889.1565387777971                                                 1389.0838466375067                                              10.288950876752544        23.031704306794438               390.01500218601103                          67.471986691267915                      9.2650480794646857
                       1       950.38442539349444     0.022214268397615804      0.11726625230410849       68.561090020578405       3.0547685131532454      0.96594813223678266     0.056304590002303853     0.053973232863905929       1.0086614747656359        1.237598482600081        2.367017216574844    2.121627367012707e-09     0.053973232863905929       489.80911041193576       5.7934714303969193       5.7934714303969193        1889.181907926195                                                 1389.0838466375067                                              10.288950876752544        23.028186811248759               390.01500218601103                          67.491273111767029                      9.2746483029089166
                       2       949.77821660579514     0.022214268397615804      0.11726625230410849       68.561090020578405       3.0547685131532454      0.96594813223678266     0.056304590002303853     0.053973232863905929       1.0086516232580582       1.2566096414891024       2.2332265268784255    2.121627367012707e-09     0.053973232863905929       489.79883736823848       5.7934714303969193       5.7934714303969193       1887.9694903507964                                                 1387.8817021058051                                              10.288950876752544        23.029596949931545               390.01500218601103                          67.483444733441388                      9.2707934988545269
                       2       950.36577160407126      0.02226006176455016      0.11787039878906516       68.133878652994539       3.0612024084355944       0.9655721149565667     0.059541314198156781     0.074730912826728904       1.0076921431650243       1.2273880146656688       2.1049004906569588   2.1353217020392667e-09     0.074730912826728904        489.7591942434762       5.7934714303969193       5.7934714303969193       1889.1446003473486                                                 1386.9446648569942                                              12.440741246878188        23.231930274629292               390.39811380752832                          67.540933637301535                      8.5882165240170796
                       1       948.07268550625827      0.02224868410688775      0.11742245461990043       68.435666063546392       3.0620275932235486      0.96631681215963838     0.063500002722512425     0.035823888060164982       1.0048692674867681       1.2125655398273869       2.3623968360519045   2.1370844642274226e-09     0.035823888060164982       490.86856273595652       5.7934714303969193       5.7934714303969193       1884.5584281517226                                                 1382.9958953219434                                              10.693970093822783        23.208271091096719               391.53543073397873                          67.844072969229799                      8.2807879416512655
                       1       947.32654713616932      0.02224868410688775      0.11742245461990043       68.435666063546392       3.0620275932235486      0.96631681215963838     0.063500002722512425     0.035823888060164982       1.0048312035611877       1.2768922295533822       2.0435118621163628   2.1370844642274226e-09     0.035823888060164982       490.83668990370239       5.7934714303969193       5.7934714303969193       1883.0661514115448                                                 1381.5354914140194                                              10.693970093822783        23.213909545684942               391.53543073397873                          67.809749421226527                      8.2776002028122235
                       2        947.5282799762922      0.02224868410688775      0.11742245461990043       68.435666063546392       3.0620275932235486      0.96631681215963838     0.063500002722512425     0.035823888060164982       1.0052150265246049       1.2768922295533822       2.0435118621163628   2.1370844642274226e-09     0.035823888060164982       491.24015558394831       5.7934714303969193       5.7934714303969193       1883.4696170917905                                                 1381.5354914140194                                              10.693970093822783        23.157279954734747               391.52450064588521                          68.243525546517517                      8.3148494368108636
                       8       947.84999750133647     0.022155003941664558      0.11835420065919695       67.945113223285773       3.0448164040201506      0.96501724258431976     0.055410617302053503     0.030837845049279042        1.003269157348196       1.2983546018119139       2.2244718790286959   2.1006174199690128e-09     0.030837845049279042       490.12791478461719       5.7934714303969193       5.7934714303969193       1884.1130521418791                                                 1379.3154897866129                                              14.669647570648989        23.152471729159686               390.04457385002115                          68.553110245684437                      8.3777589597519455
                       1       947.83812632772288     0.022155003941664558      0.11835420065919695       67.945113223285773       3.0448164040201506      0.96501724258431976     0.055410617302053503     0.030837845049279042       1.0032956285111272       1.2615247139285586       2.2747118699906568   2.1006174199690128e-09     0.030837845049279042       490.15332872461136       5.7934714303969193       5.7934714303969193       1884.0893097946519                                                 1379.2663334993915                                              14.669647570648989        23.148589594636405               390.04457385002115                          68.579452187174354                      8.3807130927794322
                       1       947.86139739030614     0.022150438561328867      0.11835458121062307       67.933400753959589       3.0453562704078134       0.9648747549451745     0.055690587361699836      0.03107674327289563       1.0033161474146397       1.2602288450715395       2.2879025464013396   2.1017517788809654e-09      0.03107674327289563       490.08879643327663       5.7934714303969193       5.7934714303969193       1884.1358519198184                                                 1379.2724656690968                                              14.774589817445007        23.181310069140295               390.06634116901711                          68.473903843308861                      8.3672413518103852
                       4       948.50249887378266     0.022132960132945738      0.11780454456601622       68.125281766118675       3.0416504560018214      0.96275817604783498     0.053237420178873542     0.019333420519699517       1.0048347803087538       1.2638094098726407       2.4192642054501561   2.0939774907924287e-09     0.019333420519699517       490.77753738381585       5.7934714303969193       5.7934714303969193       1885.4180548867714                                                 1382.1806313670677                                              12.459886135887642        23.506262090125745               390.19368453225212                          68.476498804784001                      8.6010919566539883
                       2        948.8372334885687     0.022132960132945738      0.11780454456601622       68.125281766118675       3.0416504560018214      0.96275817604783498     0.053237420178873542     0.019333420519699517       1.0053542148996037       1.2638094098726407       2.4192642054501561   2.0939774907924287e-09     0.019333420519699517       491.44700661338828       5.7934714303969193       5.7934714303969193       1886.0875241163435                                                 1382.1806313670677                                              12.459886135887642        23.427021272555123               390.21305433470627                          69.071696049732182                      8.7352349563946987
                       2       948.12782910518968     0.022080235564974706      0.11773966188671657       68.186171938447657       3.0418243970535399      0.96249853212895786     0.053168129611282984     0.013241085670313291       1.0057981381778878       1.2711197860330739       2.5111746010636784   2.0943417511184456e-09     0.013241085670313291       491.46052299026462       5.7934714303969193       5.7934714303969193       1884.6687153495855                                                 1381.4820493238665                                              11.726143035454532        23.450314775672382               390.20603735184409                          69.002950457691185                      8.8012204050569434
                       5       947.95364350442242     0.022144922130054607      0.11729103006300504       68.324460866889694       3.0354359330289609      0.96317430600064102     0.050474830003225432     0.031235149816325556       1.0056019558963729        1.293767903044182       2.4991947660626699   2.0810047709548019e-09     0.031235149816325556        493.0882797568687       5.7934714303969193       5.7934714303969193       1884.3203441480509                                                 1380.3621360992265                                              10.869928291955841        23.250618323796289               391.03112582985568                          68.601341872927648                      10.205193730289063
                       1       947.78791557332943     0.022152567055798465      0.11734425480036258       68.348800678703853        3.034851080784696      0.96328377192376924     0.050228062299435446     0.027347151685129745       1.0054496194166804       1.2942466171311111       2.4867938872506326   2.0797880464808843e-09     0.027347151685129745       493.01729776178968       5.7934714303969193       5.7934714303969193        1883.988888285865                                                 1380.1469342436117                                              10.824656280463678        23.232806819798782               391.13412441130953                          68.548406728247784                      10.101959802433601
                       6       947.17796930512327     0.022076579566804835      0.11720387330589127       68.358264898961806       3.0375158382344143      0.96408180893380502     0.050579396783303435     0.032893393272120444       1.0068379201402513       1.3013333168944934       2.4671788055784698   2.0853375679520231e-09     0.032893393272120444       493.15802067057609       5.7934714303969193       5.7934714303969193       1882.7689957494526                                                 1379.0794325026336                                              10.531542576242757        23.028060963872349               391.00311949386713                          68.794885113697845                      10.331955099138789
                       5       947.30438066329737     0.022120517248745603      0.11724600030069465       68.657030927708959       3.0345206078519764      0.96308044121154568     0.048708322774738001     0.012660187451936679       1.0071466901541881       1.3164202723482465       2.5093633518375715   2.0791008463824987e-09     0.012660187451936679       494.02986002676209       5.7934714303969193       5.7934714303969193       1883.0218184658008                                                 1378.6649110919393                                              10.327047347099413        23.233999590576275                391.8518293901833                          68.334903554868077                      10.609127491134467
                       6       946.95674186718327     0.022237688866088554      0.11720078018161599       68.543988322860841       3.0386099427175646      0.96495400742528736     0.053282667794666116     0.034586592001521116       1.0042805378235229       1.2985283417134168       2.4265458094891716   2.0876203937312365e-09     0.034586592001521116       492.11524999750884       5.7934714303969193       5.7934714303969193       1882.3265408735726                                                 1379.8546180082149                                              10.356672867849108        23.037971856450326                390.2911264812189                           68.43915460536148                      10.346997054478159
                       1       946.55211968495428     0.022237688866088554      0.11720078018161599       68.543988322860841       3.0386099427175646      0.96495400742528736     0.053282667794666116     0.034586592001521116        1.001935991209969       1.2985283417134168       2.4265458094891716   2.0876203937312365e-09     0.034586592001521116       491.30600563305069       5.7934714303969193       5.7934714303969193       1881.5172965091147                                                 1379.8546180082149                                              10.356672867849108        23.384118660167701               390.24272148896745                          68.456470720109067                       9.222694763806464
                       3       946.63083873044388      0.02214981742304746      0.11774589757886081       68.084712079364593       3.0454118535924981      0.96201622283068533     0.054311662869802844     0.045949187134291324       1.0039875581778497       1.2741202083719088       2.4288323292697171   2.1018686041849837e-09     0.045949187134291324       490.94426910481667       5.7934714303969193       5.7934714303969193       1881.6747346000939                                                  1378.203851380064                                              12.526614115212977        23.984404999103447               390.01848520530405                           68.43195336358707                      8.5094255368220839
                       5       946.64978929125061      0.02214981742304746      0.11774589757886081       68.084712079364593       3.0454118535924981      0.96201622283068533     0.054311662869802844     0.045949187134291324       1.0039848050035398       1.2773364895331984       2.4369348905182959   2.1018686041849837e-09     0.045949187134291324       490.93995353396224       5.7934714303969193       5.7934714303969193       1881.7126357217073                                                 1378.2460680725319                                              12.526614115212977         23.98485244385779               390.01009990272689                          68.436122574009417                      8.5088786133681378
                       1       947.52462463425877      0.02214981742304746      0.11774589757886081       68.084712079364593       3.0454118535924981      0.96201622283068533     0.054311662869802844     0.045949187134291324       1.0041153329802728       1.0865707158894988       2.8833992333824638   2.1018686041849837e-09     0.045949187134291324       490.76724364995061       5.7934714303969193       5.7934714303969193       1883.4623064077236                                                 1380.1684486425602                                              12.526614115212977         23.96366165845086               390.01848520530405                          68.249645299386742                      8.5354514868089151
                       3       947.68091357865876     0.022150188346795933       0.1177398601185748       68.088990220733336       3.0451251217475059      0.96209377099852533     0.054259093008984391      0.04592957405742714       1.0040228909832307       1.0874602589001374       2.8875917203035271   2.1012660179166391e-09      0.04592957405742714        490.8723020313401       5.7934714303969193       5.7934714303969193       1883.7748842965236                                                 1380.4146987129327                                               12.48788355225059        23.945029920796856               390.02857342552721                           68.34601649023729                      8.5526821947787308
                       6       948.25652798461476     0.022150188346795933       0.1177398601185748       68.088990220733336       3.0451251217475059      0.96209377099852533     0.054259093008984391      0.04592957405742714          1.0037636239604       1.4509493919009351       2.3355229273720672   2.1012660179166391e-09      0.04592957405742714       491.24736021115757       5.7934714303969193       5.7934714303969193       1884.9261131084356                                                 1381.1908693450275                                               12.48788355225059        23.987085946770662               390.02018812295006                          68.740564282101118                       8.499521859335772
                       1       948.24858397542948     0.022028377967006612      0.11742652799269326       68.182560707858414       3.0464218292148355      0.96352287164903083     0.054610152063564114       0.0386317321998308       1.0047881184801144       1.4596683357902742       2.3911676852350188   2.1039925126038894e-09       0.0386317321998308       491.39144132103877       5.7934714303969193       5.7934714303969193       1884.9102250900651                                                 1382.3587208188071                                              11.160062950219341        23.599092930057395               390.02470715736723                          69.201298050448983                      8.5663431831651486
                       6       949.77603467809138     0.022028377967006612      0.11742652799269326       68.182560707858414       3.0464218292148355      0.96352287164903083     0.054610152063564114       0.0386317321998308        1.003545874485946       1.4596683357902742       2.3911676852350188   2.1039925126038894e-09       0.0386317321998308       494.44634272636239       5.7934714303969193       5.7934714303969193       1887.9651264953889                                                 1382.3587208188071                                              11.160062950219341        23.794203113320577                390.0132888813057                          72.287540580213019                      8.3513101515230588
                       4       949.97888952499306     0.022246258233657324      0.11730014444727678       68.675933763688718       3.0494234920317163      0.97241112105198513     0.058675223922253363     0.021418491580142668       1.0001180654893025       1.4474760948101466       1.7717168482589041   2.1103174766516859e-09     0.021418491580142668       493.73948026251907       5.7934714303969193       5.7934714303969193       1888.3708361891922                                                 1384.3410047369987                                              10.290351189674615        22.318266067628485               390.23838850338416                          72.886707429519717                       8.296118261986706
                       1       951.16203129300663     0.022246258233657324      0.11730014444727678       68.675933763688718       3.0494234920317163      0.97241112105198513     0.058675223922253363     0.021418491580142668       1.0001150545545086       1.4432358179422742       1.9488971525595553   2.1103174766516859e-09     0.021418491580142668       493.74907339486612       5.7934714303969193       5.7934714303969193       1890.7371197252194                                                 1386.6976951406789                                              10.290351189674615        22.318653393871557               390.23838850338416                          72.895926220177003                      8.2961052774333854
                       5       950.14300143660523     0.022246258233657324      0.11730014444727678       68.675933763688718       3.0494234920317163      0.97241112105198513     0.058675223922253363     0.021418491580142668       1.0008921595875788       1.4432358179422742       1.9488971525595553   2.1103174766516859e-09     0.021418491580142668       491.71101368206314       5.7934714303969193       5.7934714303969193       1888.6990600124166                                                 1386.6976951406789                                              10.290351189674615        22.219582631982746               390.24250512743436                           70.92560129940513                      8.3233246232409321
                       3       949.27682098551384     0.022276576731589361      0.11756366712308447       68.765943976975109       3.0515231411238037      0.96531069807946968     0.055966927257134903     0.013049176960831771       1.0047747283170494       1.4461500898542072       2.0952970189025031   2.1147530577779649e-09     0.013049176960831771       490.32101140323903       5.7934714303969193       5.7934714303969193       1886.9666991102338                                                 1386.3323242413196                                              10.313363465675032        23.554470064391523               390.02406114691871                          68.465451452727777                      8.2770287392009916
                       7       948.83951872282762     0.022276576731589361      0.11756366712308447       68.765943976975109       3.0515231411238037      0.96531069807946968     0.055966927257134903     0.013049176960831771       1.0052950002123628       1.4461500898542072       2.0952970189025031   2.1147530577779649e-09     0.013049176960831771       489.44640687786642       5.7934714303969193       5.7934714303969193       1886.0920945848613                                                 1386.3323242413196                                              10.313363465675032        23.474561492521332               389.98173217863416                          67.668426563208996                      8.3216866435019465
                       1       948.77663015610221     0.022270146876869467      0.11763375862710539       68.745298570459369        3.051586326569466      0.96497740265772536     0.055838573080831837     0.012777748891695027        1.005397300917213       1.4468550237662348       2.1111763619181527   2.1148866836139459e-09     0.012777748891695027       489.47014202114224       5.7934714303969193       5.7934714303969193       1885.9663174514105                                                 1386.2006383872229                                              10.295537043045604        23.543052293497624               389.97055139411816                          67.644936708159577                      8.3116016253668406
                       1       949.23091802489989     0.022263605152038204      0.11780874465359041       68.590708894984132       3.0502766333267193      0.96681614847898012     0.055526095759437323     0.023040418844889179       1.0046237884493228       1.4475078907254415       2.0041275546687602   2.1121186438523949e-09     0.023040418844889179        489.4318693970414       5.7934714303969193       5.7934714303969193       1886.8748931890059                                                 1387.0556298942502                                              10.387393897714322        23.152742794397795               390.06490979050966                          67.888298449424354                      8.3259183627095794
                       3       947.65099085056977     0.022263605152038204      0.11780874465359041       68.590708894984132       3.0502766333267193      0.96681614847898012     0.055526095759437323     0.023040418844889179       1.0048619054276378       1.1193744460855064       2.3874091993357331   2.1121186438523949e-09     0.023040418844889179       489.16408113072202       5.7934714303969193       5.7934714303969193       1883.7150388403456                                                 1384.1635638119094                                              10.387393897714322        23.117933601499317               390.06490979050966                          67.634689696355153                      8.3465480423578864
                       1       949.46813387125769     0.022263605152038204      0.11780874465359041       68.590708894984132       3.0502766333267193      0.96681614847898012     0.055526095759437323     0.023040418844889179       1.0031582113110622       1.1193744460855064       2.3874091993357331   2.1121186438523949e-09     0.023040418844889179       492.79836717209798       5.7934714303969193       5.7934714303969193       1887.3493248817215                                                 1384.1635638119094                                              10.387393897714322        23.370392888507581               390.00591176084708                          71.125871988323794                      8.2961905344195017
                       5       949.88887495508368     0.022282681638602149      0.11834464196277626       68.446707281585461       3.0511992679809583      0.96527929740315832      0.05517264814261956     0.011606304618061138       1.0032518102058687       1.1033806670336881       2.3340067494628767   2.1140682569590831e-09     0.011606304618061138       493.51350209220027       5.7934714303969193       5.7934714303969193       1888.1908070493735                                                 1383.5232250588751                                              11.154079898298146        23.742108988323309               390.01795612833376                          71.176537360083458                      8.5768996154597339
                       2       950.68505683297462     0.022273483617335308      0.11858074398851291       68.348869672428719       3.0517120056019329      0.96637812844581161     0.055636947341668956     0.012013269208156612       1.0026470069114908       1.0997845974869651       2.2662451582211962   2.1151524972293685e-09     0.012013269208156612        493.8616399211142       5.7934714303969193       5.7934714303969193       1889.7831708051554                                                 1384.0932372916341                                               11.82829359240686         23.53100245684044               389.97704635440795                          71.507048251042534                      8.8465428588232875
                       1       952.26059354304903      0.02226630159102785      0.11878301741600783       68.309872353781628       3.0524112343646173      0.96458050056850264     0.054152597219847609     0.011370630361945067       1.0043420499451043       1.0999273983382392        2.234379767150303   2.1166319898845251e-09     0.011370630361945067       494.09008015179984       5.7934714303969193       5.7934714303969193       1892.9342442253042                                                  1386.654478894952                                              12.189685178552365          23.8851349203685               390.03913479336467                          71.218512614544053                      8.9472978235225877
                      10        952.7223951916751      0.02226630159102785      0.11878301741600783       68.309872353781628       3.0524112343646173      0.96458050056850264     0.054152597219847609     0.011370630361945067       1.0042786862910664       1.2224299986702363       1.3689682070773528   2.1166319898845251e-09     0.011370630361945067       494.31764228728377       5.7934714303969193       5.7934714303969193       1893.8578475225563                                                 1387.3505200567201                                              12.189685178552365        23.895299067616349               390.03913479336467                          71.416377035512127                      8.9668313907906363
                       8       952.59489144246209      0.02226630159102785      0.11878301741600783       68.309872353781628       3.0524112343646173      0.96458050056850264     0.054152597219847609     0.011370630361945067       1.0041098824623391       1.4562939045246328       1.0702126014078746   2.1166319898845251e-09     0.011370630361945067       494.93987716071757       5.7934714303969193       5.7934714303969193       1893.6028400241303                                                 1386.4732776848602                                              12.189685178552365        23.922426593357841               390.02702191585558                          71.970008314078925                      9.0204203374252163
                       4       952.87947970915002      0.02226630159102785      0.11878301741600783       68.309872353781628       3.0524112343646173      0.96458050056850264     0.054152597219847609     0.011370630361945067       1.0040954848033594       1.4778998103678136        1.008732815815224   2.1166319898845251e-09     0.011370630361945067       495.00051077999819       5.7934714303969193       5.7934714303969193       1894.1720165575061                                                 1386.9818205989559                                              12.189685178552365        23.924743814565602               390.03165711107141                          72.019014359044661                      9.0250954953165259
                       1       953.03296706613855     0.022280336048148597      0.11878922534932837       68.315544327430388       3.0523357501365367      0.96457090371437593     0.054139635430752869      0.01233741623710451       1.0040236213863583       1.4776397826338441      0.99516416503947203   2.1164722235826315e-09      0.01233741623710451       494.98866597357454       5.7934714303969193       5.7934714303969193       1894.4789912714832                                                 1387.2778640498091                                              12.212461248099494        23.937782640831358               390.01324417804864                          72.023781206552201                       9.013857948142352
                       6       950.47381174160887     0.022280336048148597      0.11878922534932837       68.315544327430388       3.0523357501365367      0.96457090371437593     0.054139635430752869      0.01233741623710451       1.0072295966181251       1.4776397826338441      0.99516416503947203   2.1164722235826315e-09      0.01233741623710451         489.870355324515       5.7934714303969193       5.7934714303969193       1889.3606806224238                                                 1387.2778640498091                                              12.212461248099494        23.436398189407214                390.0778466005836                          67.974542904441819                      8.3815676300823991
                       2         948.194856709438      0.02225140220124424      0.11857671213971878       68.326626397233255       3.0518819399959423      0.96648125433340004     0.056235463118094228     0.011460170521343462        1.005158230588185       1.4785797051673091       1.1048926889761548   2.1155119649293206e-09     0.011460170521343462       489.74633718923593       5.7934714303969193       5.7934714303969193       1884.8027705580821                                                 1383.1693742033865                                              11.887059165459531        23.069953548542458               390.04185852246655                            68.2648608503319                      8.3696642678950184
                       1       946.87117199062743      0.02225140220124424      0.11857671213971878       68.326626397233255       3.0518819399959423      0.96648125433340004     0.056235463118094228     0.011460170521343462       1.0052219219022056        1.369678416677711       1.6659256620804515   2.1155119649293206e-09     0.011460170521343462       489.79160095995917       5.7934714303969193       5.7934714303969193        1882.155401120461                                                 1380.4767409950423                                              11.887059165459531        23.060753876173067               390.04185852246655                          68.322577366190302                      8.3664111951292259
                       6       946.63578424587593     0.022074446453047975      0.11877239412976538       68.045030555980446       3.0473394005059706      0.96207631591385101     0.052005505436618166    0.0054767269295790694       1.0075285531529006       1.3771825873635291       1.9750566031251329   2.1059239617158323e-09    0.0054767269295790694       490.28346334368013       5.7934714303969193       5.7934714303969193        1881.684625630958                                                  1377.842974899721                                              13.558187387556863        23.715686153387082               390.39435620886479                          67.842156224011859                      8.3312647574163741
                       1       947.77129585524779     0.022062157513648813      0.11861796386327758         68.0269117217385       3.0391713931892133      0.96080890224457616     0.047738525019966414     0.015426966246891034       1.0078795345276983       1.4003375406454854       2.0999625637155979   2.0887928182842809e-09     0.015426966246891034       491.92853775591277       5.7934714303969193       5.7934714303969193       1883.9556488497017                                                 1378.6038593008461                                              13.423251792942864        23.843338012806953               392.11996077548616                          67.489079720058882                      8.4761592475607479
                       7       948.63622858997144     0.022062157513648813      0.11861796386327758         68.0269117217385       3.0391713931892133      0.96080890224457616     0.047738525019966414     0.015426966246891034       1.0077812248947322       1.5434873622822975       1.7751784217111402   2.0887928182842809e-09     0.015426966246891034       491.88710589032803       5.7934714303969193       5.7934714303969193        1885.685514319149                                                 1380.3751566358778                                              13.423251792942864        23.858987995549739               392.11996077548616                          67.447551257947822                      8.4606058613443569
                       3       948.06370213456466     0.022099246198220075      0.11879421508568157       68.032227312932861        3.039639677997453       0.9611988776029271     0.048336188537828798     0.010398954531191901       1.0070556269102711       1.5377357907621581       1.7198663332073081   2.0897711972907774e-09     0.010398954531191901       491.43419440891682       5.7934714303969193       5.7934714303969193       1884.5404614083354                                                 1379.2814095123465                                              13.824857487072114        23.839179940056567               391.76610276499491                          67.454360006885736                      8.3745516969796121
                       3       948.89047876528559     0.022060021897379132      0.11810102419686144       67.875248324589535       3.0435141149110425      0.96623348733354675     0.054787987545577524     0.043169316877882641       1.0033063761042516       1.5309143112959871        1.809613105411114    2.097883589285918e-09     0.043169316877882641       490.48690289734492       5.7934714303969193       5.7934714303969193       1886.1940146697773                                                 1381.3631338328789                                              14.343977939553707        22.866205192259542               390.07612111223705                          68.984988254107847                      8.5595883387404701
                       2       948.85261187887522     0.022060021897379132      0.11810102419686144       67.875248324589535       3.0435141149110425      0.96623348733354675     0.054787987545577524     0.043169316877882641       1.0030243694356631       1.5309143112959871        1.809613105411114    2.097883589285918e-09     0.043169316877882641       490.41116912452389       5.7934714303969193       5.7934714303969193       1886.1182808969565                                                 1381.3631338328789                                              14.343977939553707        22.905895155116809               390.05612102353405                          68.941385536840812                      8.5077674090322155
                       2       948.93184492640523     0.022049080170060003      0.11812012030160617       67.850265234280911       3.0434262296379315       0.9659735648535176     0.054501153732538235     0.045076756470573263        1.003280748970067       1.5325106289995456       1.8209972935308825   2.0976992243153203e-09     0.045076756470573263       490.51273889978324       5.7934714303969193       5.7934714303969193       1886.2767469920166                                                 1381.2252210412082                                              14.538787051025311        22.940570608513895               390.11823933150896                          68.922075899238735                      8.5318530605216445
                       1       948.98788460524713     0.021987066236688561      0.11794112196935604       68.063801644773605       3.0421090189191142      0.96805618834052509     0.054940503527900135     0.031600606667223932       1.0025211287086702       1.5506905534102009       1.9121749117840043   2.0949379314137483e-09     0.031600606667223932         491.904084447164       5.7934714303969193       5.7934714303969193       1886.3888263497004                                                 1382.4450641891196                                              12.039677713416417        22.539615834617337               390.12411605020395                          70.585716765480996                      8.6546357968617471
                       1       946.46048644589848     0.022086901635748002      0.11750647187078692       68.450635327612815       3.0445278463084122      0.96562360206183606     0.054026341184031476     0.025032941910960789       1.0052879405431447       1.5522974882704834       1.8334726728375192   2.1000113580591931e-09     0.025032941910960789       490.28474721231635       5.7934714303969193       5.7934714303969193       1881.3340300310031                                                 1380.6618531073434                                              10.387429711343442        23.032040571846949               390.19420552921582                          68.139736048792471                      8.9187650624611052
                       1       947.79343754175682     0.022086901635748002      0.11750647187078692       68.450635327612815       3.0445278463084122      0.96562360206183606     0.054026341184031476     0.025032941910960789       1.0052098126785938       1.6618962000481838       1.6657138129601505   2.1000113580591931e-09     0.025032941910960789       490.26493798603747       5.7934714303969193       5.7934714303969193       1883.9999322227197                                                 1383.3475645253388                                              10.387429711343442         23.04326573363943               390.19420552921582                          68.133173972441526                      8.8942927507406981
                       7       948.83135889643916     0.022086901635748002      0.11750647187078692       68.450635327612815       3.0445278463084122      0.96562360206183606     0.054026341184031476     0.025032941910960789       1.0052521716378193       1.5809764549219176       2.2231147898795083   2.1000113580591931e-09     0.025032941910960789       490.27461201016479       5.7934714303969193       5.7934714303969193       1886.0757749320844                                                 1385.4137332105763                                              10.387429711343442        23.037177036772903               390.19420552921582                          68.135726254418159                      8.9075031897578754
                       3       947.67193782044978     0.022086901635748002      0.11750647187078692       68.450635327612815       3.0445278463084122      0.96562360206183606     0.054026341184031476     0.025032941910960789       1.0052613012628091        1.575293396613455       2.0881460685118811   2.1000113580591931e-09     0.025032941910960789       490.27702782018537       5.7934714303969193       5.7934714303969193       1883.7569327801057                                                 1383.0924752485769                                              10.387429711343442        23.035865579077154               390.19420552921582                          68.136588332921519                      8.9103683789708814
                       1       947.51763015866209     0.022085796191934206      0.11750767696663009       68.452489585813723       3.0445796917207484      0.96564030836461856     0.054053865900099134     0.024500019702557007       1.0052614025624811       1.5750558591949155        2.087925707202956   2.1001202368363702e-09     0.024500019702557007       490.17252292042525       5.7934714303969193       5.7934714303969193       1883.4483174565303                                                 1382.8917472619848                                              10.384047274120109        23.033239626067314               390.19420552921582                          68.051056362296976                      8.8940214028450999
                       4       947.67504891794385     0.022085799161177217      0.11747699581302685       68.466480916913483        3.045008535552288      0.96575388732499001     0.054214278646505298     0.024887104667653332        1.005362234254132        1.574990541339889       2.0785369440998815   2.1010210535864771e-09     0.024887104667653332       490.25297207262327       5.7934714303969193       5.7934714303969193       1883.7631549750938                                                 1383.1552215360941                                              10.354961366376422         23.01400885015147               390.15846574363417                          68.171471346158881                      8.9090261326787115
                       2       947.49676099345379      0.02210228678718551      0.11755649280750943       68.515688850716174       3.0424643846104771      0.96426602249013005     0.052259102101606926    0.0093942104455487473       1.0059397575202387       1.5699997532439893        2.077825367437494   2.0956825327751602e-09    0.0093942104455487473       490.30717210009283       5.7934714303969193       5.7934714303969193       1883.4065791261137                                                 1382.7562867486588                                              10.343120277362155        23.274406082002201               390.46802148919551                           67.76893615579732                      8.7958083730978096
                       4       948.56357669664612      0.02210947281202081      0.11834265455349341       68.294856426547298       3.0477071831843894      0.96309218555110843     0.052062461675277297     0.010004658931758304       1.0077590199669297       1.5553811948180958       1.8500667492865817    2.106698626516434e-09     0.010004658931758304       489.91266127231688       5.7934714303969193       5.7934714303969193       1885.5402105324983                                                 1384.2579893276743                                              11.369559932507357        23.568144353396121               390.42942492262216                            67.5795690739847                      8.3355229223138974
                       2       949.27243589536909     0.022206350958336396      0.11819137899521771       68.483018107242088       3.0420969321959968      0.96538503549931154     0.050370100780397997     0.010597967050086685       1.0063648160319358       1.5678663683016418       1.7132441310098847   2.0949126106320462e-09     0.010597967050086685       490.34195012910232       5.7934714303969193       5.7934714303969193       1886.9579289299443                                                 1385.9120075877959                                              10.703971213045884        23.117332297557141               391.05790519029387                          67.637372342736285                      8.5293402985149953
                       3       948.26967728865873     0.022206350958336396      0.11819137899521771       68.483018107242088       3.0420969321959968      0.96538503549931154     0.050370100780397997     0.010597967050086685       1.0064447100844096        1.454560886447994       1.9114642050641411   2.0949126106320462e-09     0.010597967050086685       490.36153577750855       5.7934714303969193       5.7934714303969193       1884.9524117165236                                                 1383.8869047259691                                              10.703971213045884        23.105735296691194               391.05790519029387                          67.653687873557317                      8.5442074169661684
                       1       948.46592453275332     0.022206350958336396      0.11819137899521771       68.483018107242088       3.0420969321959968      0.96538503549931154     0.050370100780397997     0.010597967050086685       1.0069937639409783        1.454560886447994       1.9114642050641411   2.0949126106320462e-09     0.010597967050086685       490.75403026569802       5.7934714303969193       5.7934714303969193       1885.3449062047127                                                 1383.8869047259691                                              10.703971213045884        23.026651673200433               391.07387961563956                          67.993918126649874                      8.6595808502081688
                       4       949.34499784170714      0.02222341758815239      0.11915536658939749       67.995766895041967       3.0386970533977085      0.96542335357052789     0.049762940213853593     0.016556113258781466       1.0043072068949805       1.4413269241397224        1.877559089844586    2.087802255684561e-09     0.016556113258781466        491.4709443443632       5.7934714303969193       5.7934714303969193       1887.1030528226204                                                 1380.1748678331123                                              15.457240645144765        23.071288266919282               391.33785270653703                          68.651240427850297                       8.410562943056604
                       3       949.62065989616781      0.02222341758815239      0.11915536658939749       67.995766895041967       3.0386970533977085      0.96542335357052789     0.049762940213853593     0.016556113258781466       1.0042698284603044       1.5229908969031616        1.163112805350019    2.087802255684561e-09     0.016556113258781466       491.44273062938112       5.7934714303969193       5.7934714303969193       1887.6543769315417                                                 1380.7544056570159                                              15.457240645144765        23.076689154653423               391.33785270653703                           68.61865881146251                       8.409529956728127
                       7       949.65121933513956      0.02222341758815239      0.11915536658939749       67.995766895041967       3.0386970533977085      0.96542335357052789     0.049762940213853593     0.016556113258781466       1.0030770954195201       1.5229908969031616        1.163112805350019    2.087802255684561e-09     0.016556113258781466       491.50384950732462       5.7934714303969193       5.7934714303969193       1887.7154958094852                                                 1380.7544056570159                                              15.457240645144765        23.251093331083723               391.26507581846295                          68.554057649931153                      8.4336227078468049
                       1       948.91407202280573      0.02225614090096591      0.11909625345808783       68.033499619972375       3.0408650472185355      0.96378102075794625     0.051100044494150031     0.011746486549420966       1.0029877632654052       1.5126272769385447       1.2426021167480679   2.0923335081628654e-09     0.011746486549420966       490.97411687183785       5.7934714303969193       5.7934714303969193       1886.2412011848176                                                 1379.9688523621383                                              15.298231950841425        23.648621673620767               390.71045990905259                          68.202008458933165                      8.4130268302313045
                       7       947.56811382903868     0.022256666944855001      0.11868397415162298       68.229168471562772       3.0416102272868208      0.96562514509182074     0.052282902955874636    0.0069271169327386004       1.0026882494902103       1.5146024399916307       1.2164170078942886    2.093893254463105e-09    0.0069271169327386004       490.17969841929425       5.7934714303969193       5.7934714303969193       1883.5492847972835                                                 1380.5002309675685                                              12.869355410420695        23.271530144145004               390.44844049567024                          68.117661850976745                      8.3420659285022758
                       1       947.34372707819557        0.022275356588073      0.11850585080768831       68.321497787325114       3.0417002805725182      0.96577801903171634     0.052883034009206138    0.0076491980684359117       1.0023541366646973       1.5178208464105589       1.2541983742028826   2.0940818249211362e-09    0.0076491980684359117       489.97506490329698       5.7934714303969193       5.7934714303969193       1883.1005112955972                                                 1381.0515969593598                                              12.073849432940456        23.260985075846747               390.33839110585484                          68.058374801266794                      8.3173139203286421
                       6       947.41640291811723        0.022275356588073      0.11850585080768831       68.321497787325114       3.0417002805725182      0.96577801903171634     0.052883034009206138    0.0076491980684359117       1.0024210730935172          1.4283127656949        1.302651328707449   2.0940818249211362e-09    0.0076491980684359117       489.92370767390554       5.7934714303969193       5.7934714303969193       1883.2458629754406                                                 1381.2483058685943                                              12.073849432940456        23.251057599613148               390.33839110585484                          68.016039572139135                      8.3182193962984154
                      13       946.91371223735428     0.022236387588121107      0.11843487385436509       68.251521810758661        3.044524862945114      0.96475991203561406     0.054121725428791546     0.009580995315810064        1.002909289808507       1.4211736579719578       1.3869657230040411   2.1000050929717269e-09     0.009580995315810064       489.61081543430521       5.7934714303969193       5.7934714303969193       1882.2404816139147                                                 1380.2474615795229                                              12.382204600086594        23.451937675813724               390.08162598905369                          67.779739214495336                      8.2975125549424185
                       3       947.39637772707295     0.022277739744008269      0.11776139321768106       68.593701275005927       3.0512788075786319      0.96209468558508249      0.05800338094084001    0.0026887314570420082        1.003668427167931        1.414874405541144       1.6148454205732674   2.1142364157852502e-09    0.0026887314570420082       490.22346503256637       5.7934714303969193       5.7934714303969193        1883.205812593352                                                  1382.498171206151                                              10.484176354634593        24.153872072597153               390.11662419575515                          67.701509523022253                      8.2514592411918315
                      10       947.62840376621511     0.022277739744008269      0.11776139321768106       68.593701275005927       3.0512788075786319      0.96209468558508249      0.05800338094084001    0.0026887314570420082       1.0049406075803491        1.414874405541144       1.6148454205732674   2.1142364157852502e-09    0.0026887314570420082       490.68751711085076       5.7934714303969193       5.7934714303969193       1883.6698646716363                                                  1382.498171206151                                              10.484176354634593        23.945411541421038               390.11519218414963                          68.228319709421456                      8.3985936758586277
                       5       947.35990774647007     0.022194951577719075       0.1174829504026563       68.514363532746017       3.0506229108795542      0.96226399005923879     0.057636267982915483     0.014521416421773087         1.00554715517907        1.423576483229404       1.7160677979452761   2.1128501497724152e-09     0.014521416421773087       490.59021309144362       5.7934714303969193       5.7934714303969193       1883.1328726321462                                                  1382.089493617613                                              10.453165923089724        23.809252788096956               390.10037277775081                          68.080327375779518                      8.6002601498163287
                       4       949.69511379108917     0.022292731431133226      0.11729285622130005       68.570117769280841       3.0459750881667826      0.96525959446204146     0.058236533618652588     0.015990520356923325       1.0023206447073374       1.4199441343935186       1.6332689546136758   2.1030527827073018e-09     0.015990520356923325       490.47383023908094       5.7934714303969193       5.7934714303969193       1887.8032847213844                                                 1386.8558271571271                                              10.473627325176201        23.242597413260512               390.17423664448296                          68.292540396833985                      8.7644557845034523
                       2        949.9977683394701     0.022326449955118278      0.11741126767306728       68.475844754296588       3.0457011571476853      0.96319844072259742     0.057154229983787837      0.02315580874537548       1.0031103302044933       1.4157366216548861        1.632099144305371   2.1024767702127664e-09      0.02315580874537548        491.2598642423053       5.7934714303969193       5.7934714303969193       1888.4085938181463                                                 1386.2956128177507                                               10.85311675809019        23.661860615738306                390.0657731425888                           68.75011195107362                      8.7821185329045797
                       2        950.4766941446062      0.02229797810834714      0.11777456183018221       68.328321543186718        3.044113940827605       0.9625730675554024     0.056410785353744372     0.024069807405173227       1.0026195810832395       1.4203985020025511       1.7022181893123531   2.0991423317081264e-09     0.024069807405173227       490.91286444029186       5.7934714303969193       5.7934714303969193       1889.3664454284185                                                 1386.7800975838506                                              11.673483404275903        23.776420800474853               390.01720236069991                          68.476550440274622                      8.6426908388424533
                       3       951.11590716594685     0.022310278847626507      0.11781875298657969       68.289760917974419       3.0486471736751306      0.96353725861952966     0.059092548257327099     0.031965692249053525       1.0021315406557814        1.413913429651962        1.654188082333867   2.1086798342045306e-09     0.031965692249053525       490.79111266047994       5.7934714303969193       5.7934714303969193       1890.6448714710998                                                 1387.9132194846256                                              11.940539325994225         23.66328213835078               390.27059919669381                          68.358397077174146                      8.4988342482612111
                       4       950.80980909001187     0.022147428481100268      0.11916711171803623       67.659757077473714       3.0536325718076132      0.96090546541875455     0.056284518148275939     0.043328916296568543        1.006103014305918       1.4076288732671554       1.4843279087973817   2.1192186910827867e-09     0.043328916296568543       490.72271071580798       5.7934714303969193       5.7934714303969193       1890.0326753192298                                                 1379.9369778079692                                              19.372986795452739         24.12356535482752               390.00789831703872                          68.201491464165699                      8.3897555797760468
                       3       950.55481304811394     0.022143597124992333      0.11915257874759508       67.665945501448562       3.0536865107968434      0.96095002805601482     0.056315681851426921     0.042879043818054761       1.0061295641330592       1.4078960400998395       1.4876361288265545   2.1193330026798395e-09     0.042879043818054761       490.61658656174723       5.7934714303969193       5.7934714303969193        1889.522683235434                                                 1379.6940724905121                                                19.2120241831744        24.111859339265493               390.00718303260345                          68.107267896174051                      8.3902762937042397
                       1       951.26032522494017     0.022143597124992333      0.11915257874759508       67.665945501448562       3.0536865107968434      0.96095002805601482     0.056315681851426921     0.042879043818054761       1.0069947659256242       1.4078960400998395       1.4876361288265545   2.1193330026798395e-09     0.042879043818054761       492.02761091539992       5.7934714303969193       5.7934714303969193       1890.9337075890865                                                 1379.6940724905121                                                19.2120241831744        23.970674502567988               390.00789831703872                          69.697929345898558                       8.351108749894621
                       1       951.31782993742354      0.02204396361183272      0.11924377008954866        67.86615876739485       3.0532884407083967      0.96156644330793151     0.055175732999048488     0.026438474789759296       1.0081253038250491       1.4332169483201502       1.5634648537270024   2.1184895274962731e-09     0.026438474789759296       492.61202493488838       5.7934714303969193       5.7934714303969193       1891.0487170140532                                                 1382.9814719297844                                              15.455220149380509        23.772830921628383               390.00807910487839                          70.404762683722623                      8.4263522246589861
                       3       951.70347348564542     0.022292658017060749      0.11796751118160985       68.594967488566979       3.0577486756815846      0.96852018049366506     0.060181970609942056     0.025399702525779066       1.0062107521315458       1.4213237957515461       1.1071685825316857   2.1279595922345724e-09     0.025399702525779066       492.27195456647212       5.7934714303969193       5.7934714303969193       1891.8200041104969                                                 1389.1184166155592                                              10.429632928465375        22.610750100025427               390.50159333069013                          70.673626465936209                      8.4859846698203967
                       2       950.58578688373927     0.022292658017060749      0.11796751118160985       68.594967488566979       3.0577486756815846      0.96852018049366506     0.060181970609942056     0.025399702525779066       1.0061376949547545       1.4969451882815796       1.5331709791840582   2.1279595922345724e-09     0.025399702525779066       492.06151247558603       5.7934714303969193       5.7934714303969193       1889.5846309066847                                                  1387.093485502633                                              10.429632928465375        22.620604184865158                390.4857354404445                          70.480435529447178                      8.4747373208291972
                       1       951.33262908926372     0.022290304693861486        0.118415466660869       68.573177048150271        3.056196497405459      0.97029593011019633     0.060408528934510479    0.0058224810123818985        1.004365328855257       1.4922399253625105       1.4693760187203695   2.1246591816584604e-09    0.0058224810123818985       493.25203881010697       5.7934714303969193       5.7934714303969193       1891.0783153177335                                                 1387.1771604217383                                              10.649116085888265        22.345567400739526               390.55943420483692                          71.933820913269543                      8.4132162912609907
                       7       950.95940001645909     0.022290304693861486        0.118415466660869       68.573177048150271        3.056196497405459      0.97029593011019633     0.060408528934510479    0.0058224810123818985       1.0045175216726467       1.2718240241268288       1.9462698782114944   2.1246591816584604e-09    0.0058224810123818985       493.65149892764003       5.7934714303969193       5.7934714303969193       1890.3318571721243                                                 1386.0312421585959                                              10.649116085888265        22.325938458152336                390.5532959409515                          72.356001599487698                      8.4162629290485178
                      12       949.61081047986715     0.022290304693861486        0.118415466660869       68.573177048150271        3.056196497405459      0.97029593011019633     0.060408528934510479    0.0058224810123818985       1.0024057431205238       1.2718240241268288       1.9462698782114944   2.1246591816584604e-09    0.0058224810123818985       490.95431985445651       5.7934714303969193       5.7934714303969193       1887.6346780989404                                                 1386.0312421585959                                              10.649116085888265        22.603989274833395               390.58932831525487                          69.226467379201097                      8.5345348851671385
                       4       948.76185351553329     0.022288769731134837      0.11857601833732868        68.41595552718762       3.0556921509497368      0.96835427629434323      0.06002708105696946     0.016398126114738912       1.0024070276966623       1.2729648528203041       2.0584388224038168   2.1235878875049863e-09     0.016398126114738912       490.57682645157939       5.7934714303969193       5.7934714303969193       1885.9367641702727                                                 1383.9709673392474                                              11.388970379445805        22.965585519948604               390.48935634668777                          68.605224039570558                      8.5166605453724582
                       2       948.59791365605361     0.022303184638391177      0.11835823678814029        68.41680956293834       3.0542910606734011      0.97033480024678254     0.060742984624329074     0.017728138392125663       1.0010730376362798       1.2676393110482729       2.0111598891866431   2.1206146325505501e-09     0.017728138392125663        490.7684939675475       5.7934714303969193       5.7934714303969193       1885.6088844513133                                                 1383.4803000490535                                              11.360090434712177        22.594813367040445               390.66392959978305                          69.035237017149726                      8.4745139835742869
                       2       948.75991165576409     0.022303184638391177      0.11835823678814029        68.41680956293834       3.0542910606734011      0.97033480024678254     0.060742984624329074     0.017728138392125663       1.0019903232896441       1.2676393110482729       2.0111598891866431   2.1206146325505501e-09     0.017728138392125663       491.09248996696857       5.7934714303969193       5.7934714303969193       1885.9328804507343                                                 1383.4803000490535                                              11.360090434712177        22.472371068097516               390.68921108503463                          69.533592263837633                      8.3973155499987655
                       5       948.28974642750211     0.022297223133126102      0.11845750406231764       68.399374378345357       3.0504362712737327      0.97035749069174082     0.059064250492434286     0.014925984122539399       1.0015391092965875       1.2753487485416291       2.0426826666793367   2.1124558450508856e-09     0.014925984122539399       490.84666689453633       5.7934714303969193       5.7934714303969193       1884.9925499942103                                                 1382.6380393204806                                               11.50784377919342         22.42854086515689               390.35641788200383                          69.662295459937738                      8.3994126874378718
                       1       950.01378358126999     0.022315198579419625      0.11830373458532299       68.490890095890606       3.0533358663380694      0.97261202296661398     0.060253422355520808    0.0064078827302250212       1.0018581567222613       1.2598709615042685       1.8166924752884208   2.1185900005785506e-09    0.0064078827302250212       491.70825078147459       5.7934714303969193       5.7934714303969193       1888.4406243017461                                                 1385.6657762683924                                               11.06659725187918        22.066326773539629               390.54940795408953                          70.642816120834127                      8.4496999330112779
                       2       950.15332493334517     0.022315198579419625      0.11830373458532299       68.490890095890606       3.0533358663380694      0.97261202296661398     0.060253422355520808    0.0064078827302250212       1.0021201255317169       1.2598709615042685       1.8166924752884208   2.1185900005785506e-09    0.0064078827302250212       491.98733348562507       5.7934714303969193       5.7934714303969193       1888.7197070058965                                                 1385.6657762683924                                               11.06659725187918        22.034478033365986               390.54259776734727                          70.979592158102577                      8.4306655268092126
                       1       949.55015971727141     0.022065663852969045      0.11822778557585835       68.296592763910795       3.0593109319354204      0.96657042982043018     0.058330339769614513     0.010478316490606437       1.0083120412120952       1.2666531833405881       2.1147337706012959   2.1312866085648131e-09     0.010478316490606437        491.4284939631695       5.7934714303969193       5.7934714303969193       1887.5133765737489                                                 1384.9438302296812                                              11.141052380898088        22.889248586067481                390.2853491095313                          69.884791123563943                      8.3691051440067792
                       1       949.73677463325635     0.022065663852969045      0.11822778557585835       68.296592763910795       3.0593109319354204      0.96657042982043018     0.058330339769614513     0.010478316490606437       1.0081698023420262       1.4734662058852701       1.6513885517988647   2.1312866085648131e-09     0.010478316490606437       491.25459767312572       5.7934714303969193       5.7934714303969193       1887.8866064057188                                                 1385.4909563516949                                              11.141052380898088        22.909301166653961                390.2853491095313                          69.682886520371213                      8.3770608765692476
                       1       949.55274754076697     0.022061088912048474      0.11770501776994026        68.27143037432711       3.0559072431954757      0.96772042037820305     0.057836773864745575      0.02353154534171472       1.0075223674014748       1.4749305676478108        1.681120020952539   2.1240447039198066e-09      0.02353154534171472       490.95940842825706       5.7934714303969193       5.7934714303969193         1887.51855222074                                                 1385.5555407714853                                              11.003603020997685        22.630427493543152               390.17840929719739                          69.812502250986896                      8.3380693865296607
                       4       950.05493027521049     0.022155253683966539      0.11746111651811361       68.389757448504184       3.0661274305987591      0.96157187700001878     0.061014068089643908     0.024199818285064255        1.010199424006484       1.4478962454917477       1.8029198359384448    2.145864148328459e-09     0.024199818285064255       491.40661979520377       5.7934714303969193       5.7934714303969193       1888.5229176896271                                                 1386.4139983581717                                              10.702299536251733        24.055644805416705               390.81168143562502                          68.336496030565954                      8.2027975235960611
                       6       951.49402982354411     0.022155253683966539      0.11746111651811361       68.389757448504184       3.0661274305987591      0.96157187700001878     0.061014068089643908     0.024199818285064255       1.0101113307968774       1.5684821759179726        1.678687040583571    2.145864148328459e-09     0.024199818285064255       491.32048297522812       5.7934714303969193       5.7934714303969193       1891.4011167862943                                                 1389.3783342748143                                              10.702299536251733        24.070018986987407               390.81168143562502                          68.237737605185842                      8.2010449474298568
                       1       951.79694792081511     0.022149506966634501      0.11730609867664213       68.376550997186669       3.0655823747453779      0.96228149234091653     0.060965784249047208      0.03126067491624708       1.0100484173250988       1.5707686548589765       1.6627032078805533   2.1446948512089198e-09      0.03126067491624708       491.11687289772681       5.7934714303969193       5.7934714303969193       1892.0069529808363                                                 1390.2253413855385                                               10.66473869757105        23.888619227965762               390.75453125116206                          68.238638819765484                      8.2350835988334996
                       1       952.19791161112596     0.022141931849978213      0.11716262772263732       68.324203140534493       3.0646454158022092      0.96446824396818587     0.062847218328838869     0.031355062984915832       1.0077332074377907        1.564518886713572       1.7014826459243391   2.1426863012990531e-09     0.031355062984915832       491.58041542656588       5.7934714303969193       5.7934714303969193        1892.808880361458                                                 1390.3975966648354                                              10.830868270056698        23.457890833372176               391.38018542576293                          68.519656279683417                      8.2226828877473377
                       6       954.70858135078493     0.022141931849978213      0.11716262772263732       68.324203140534493       3.0646454158022092      0.96446824396818587     0.062847218328838869     0.031355062984915832       1.0098897818560895        1.564518886713572       1.7014826459243391   2.1426863012990531e-09     0.031355062984915832       496.60175490588364       5.7934714303969193       5.7934714303969193        1897.830219840776                                                 1390.3975966648354                                              10.830868270056698        23.135579848897464               391.31431519094389                          73.620583544016313                      8.5312763220259562
                       2       953.27985649558264     0.022141931849978213      0.11716262772263732       68.324203140534493       3.0646454158022092      0.96446824396818587     0.062847218328838869     0.031355062984915832       1.0099542088419775       1.4900559867067149       1.4944901189985147   2.1426863012990531e-09     0.031355062984915832       496.84633602560586       5.7934714303969193       5.7934714303969193       1894.9727701303714                                                 1387.2955658347087                                              10.830868270056698        23.126200416019628               391.30842767532607                          73.865814927165701                      8.5458930070945129
                       3       952.15342091853574     0.022233865746540314      0.11715284241301128       68.444243698019534       3.0661744502332366      0.96046540379661649     0.061688446094186854     0.046627781361203449       1.0120024624631359       1.5028079223246493       1.5561074053487312   2.1459650484484766e-09     0.046627781361203449       498.22669056159373       5.7934714303969193       5.7934714303969193       1892.7198989762776                                                 1383.9683788856564                                              10.524829529027617        24.008440321174987               390.94811480458225                          74.204912401445981                      9.0652230343904954
                       7       952.29155376798963     0.022233865746540314      0.11715284241301128       68.444243698019534       3.0661744502332366      0.96046540379661649     0.061688446094186854     0.046627781361203449       1.0120338975943977       1.4648313608802965       1.4907975529909288   2.1459650484484766e-09     0.046627781361203449       498.35575720825045       5.7934714303969193       5.7934714303969193       1892.9961646751854                                                 1384.1155779379071                                              10.524829529027617        24.003347566324578               390.94776770114902                          74.328174275396037                      9.0764676653808465
                       4       949.17434598091143     0.022233865746540314      0.11715284241301128       68.444243698019534       3.0661744502332366      0.96046540379661649     0.061688446094186854     0.046627781361203449       1.0091398174975748       1.4648313608802965       1.4907975529909288   2.1459650484484766e-09     0.046627781361203449       492.12134163409422       5.7934714303969193       5.7934714303969193        1886.761749101029                                                 1384.1155779379071                                              10.524829529027617        24.485220462448808               390.94591289385539                           68.34060177370884                      8.3496065040812066
                       1           948.9769297437     0.022267631278791746      0.11670293667417862       68.551765410295332       3.0576420785858596      0.96293473040407696     0.058818985111858409     0.071061294818974621       1.0079717103083914       1.4998819859087309       1.4959455936963739     2.12773277001173e-09     0.071061294818974621       491.45404557960518       5.7934714303969193       5.7934714303969193       1886.3669166266061                                                 1384.6304185830168                                              10.282452463984001        23.791661549650826               390.19080565177802                           67.67650299770753                      9.7950753804688251
                       1       949.03131194990112      0.02228066716765471       0.1168019544246674       68.580652072258133       3.0578065215970858      0.96324761391403579     0.058738080689738577      0.06701935410458118       1.0079508139184761       1.4992553629677872       1.4444095545809177   2.1280826895656393e-09      0.06701935410458118       491.02498879786043       5.7934714303969193       5.7934714303969193       1886.4756810390084                                                 1385.1705112464142                                              10.280180994733321        23.741289057845393               390.17840257019128                          67.535109320084189                      9.5701878497395594
                       5       949.11164729060329      0.02228066716765471       0.1168019544246674       68.580652072258133       3.0578065215970858      0.96324761391403579     0.058738080689738577      0.06701935410458118       1.0082359200054996       1.4992553629677872       1.4444095545809177   2.1280826895656393e-09      0.06701935410458118       491.18565947926504       5.7934714303969193       5.7934714303969193       1886.6363517204127                                                 1385.1705112464142                                              10.280180994733321        23.696520539061623               390.19206934961062                          67.595995395624442                      9.7010741949683332
                      10       949.11994159195126     0.022303556762334031      0.11719209371013233       68.302840066671948       3.0523530566618149      0.96354001993951643     0.055659203642003365     0.076788183541570021       1.0077444668404487       1.4959097302362701       1.3073477986425621   2.1165088526796299e-09     0.076788183541570021       490.70178785354955       5.7934714303969193       5.7934714303969193       1886.6529403231086                                                  1384.805689208368                                              11.145463261191006        23.539706435638834               389.97701381813999                          67.510824947368334                      9.6742426524023521
                      13       949.42259438292797     0.022303556762334031      0.11719209371013233       68.302840066671948       3.0523530566618149      0.96354001993951643     0.055659203642003365     0.076788183541570021       1.0083913592829692       1.4959097302362701       1.3073477986425621   2.1165088526796299e-09     0.076788183541570021       491.30709343550308       5.7934714303969193       5.7934714303969193        1887.258245905062                                                  1384.805689208368                                              11.145463261191006        23.440948443613138               389.96409335028329                          67.911797876012429                      9.9902537655942254
                       3       948.38166404457388     0.022303556762334031      0.11719209371013233       68.302840066671948       3.0523530566618149      0.96354001993951643     0.055659203642003365     0.076788183541570021       1.0085765972086673       1.2257844938576001       1.9279532757934759   2.1165088526796299e-09     0.076788183541570021       491.59960896473041       5.7934714303969193       5.7934714303969193       1885.1763852283539                                                 1382.4313130024325                                              11.145463261191006        23.412939166632498               389.97223109852587                          68.127901739061201                      10.086536960510863
                       4       948.34296762697204     0.022303556762334031      0.11719209371013233       68.302840066671948       3.0523530566618149      0.96354001993951643     0.055659203642003365     0.076788183541570021       1.0062246643814761       1.2257844938576001       1.9279532757934759   2.1165088526796299e-09     0.076788183541570021        491.5222161295265       5.7934714303969193       5.7934714303969193       1885.0989923931502                                                 1382.4313130024325                                              11.145463261191006        23.776584661759614               389.94141526001152                          68.747765295873734                       9.056450911881635
                       2       948.31350462757985      0.02230366607451487      0.11697905567290943       68.306074667177157       3.0510972505212064      0.96299634790409383     0.055464515117017485     0.085586032161600059       1.0061065875768882       1.2321862851409193       2.0225872172236312   2.1138525960865404e-09     0.085586032161600059       492.54993239436408       5.7934714303969193       5.7934714303969193       1885.0400663943658                                                 1381.4914741379098                                              10.998659862091834        23.864934099044831               389.95720943573843                           69.09915408757341                      9.6286347720074072
                       2       948.15813186412163     0.022298994837568975      0.11699329398320046       68.281999188967475       3.0511344946943995      0.96292906681168489     0.055638458675556571     0.086402791848988206       1.0059450178357952       1.2317207598833995       2.0428068782898192   2.1139313262448439e-09     0.086402791848988206       492.41706441448474       5.7934714303969193       5.7934714303969193       1884.7293208674494                                                 1381.2056274805077                                              11.106628972457237        23.881575933337956               389.93575300654499                          68.985375956608664                      9.6143595179931598
                       2       948.64599406214495     0.022298994837568975      0.11699329398320046       68.281999188967475       3.0511344946943995      0.96292906681168489     0.055638458675556571     0.086402791848988206       1.0058666255896487       1.3486964586958665       1.7224679969382128   2.1139313262448439e-09     0.086402791848988206       492.54877251475102       5.7934714303969193       5.7934714303969193        1885.705045263496                                                 1382.0496437762877                                              11.106628972457237        23.894155207423125               389.93575300654499                          69.139800779948629                      9.5790635208342607
                       3       948.75279147613571     0.022298994837568975      0.11699329398320046       68.281999188967475       3.0511344946943995      0.96292906681168489     0.055638458675556571     0.086402791848988206         1.00576488238372       1.4790442300771331       1.7725862285611371   2.1139313262448439e-09     0.086402791848988206       492.73272218156018       5.7934714303969193       5.7934714303969193       1885.9186400914775                                                 1382.0792889374602                                              11.106628972457237        23.910508118165694               389.93575300654499                          69.352507921334023                      9.5339531355154303
                       3       948.97585136350051     0.022335987382967135      0.11697725634863711       68.304738961420583       3.0512882838161484      0.96405912233330571     0.056383096332213195     0.088841427841315337       1.0049474147128068       1.4770974683223299        1.708589262194653   2.1142564508866204e-09     0.088841427841315337       492.57366474387902       5.7934714303969193       5.7934714303969193       1886.3647598662071                                                 1382.6959562166701                                               11.09513890565788         23.70747061154475               389.96522960950227                           69.36337837421415                       9.537586148617855
                       2       948.41238338485289     0.022232502742202488      0.11769813968759139       68.130199983611078       3.0458847914160696      0.97008043820181022     0.056774578325463614     0.066710319532815338       1.0005872286868573       1.4847992123270521       1.6542011937183962   2.1028628924478108e-09     0.066710319532815338       491.52636496077957       5.7934714303969193       5.7934714303969193       1885.2378239089119                                                 1381.3849827501053                                              12.326476198026679        22.528293654162894               390.05283804392712                          70.338840491990496                      8.6063927706990491
                       1       951.14981187332251     0.022232502742202488      0.11769813968759139       68.130199983611078       3.0458847914160696      0.97008043820181022     0.056774578325463614     0.066710319532815338       1.0008389324416167       1.0988879937310787       2.9067273138203715   2.1028628924478108e-09     0.066710319532815338       491.09169669982765       5.7934714303969193       5.7934714303969193       1890.7126808858511                                                 1387.2945079879969                                              12.326476198026679        22.494934526753298               390.06940984869317                          69.865329304264591                      8.6620230201165676
                       5       951.18341545999374     0.022283878376604178      0.11738184255554403       68.521854047462213       3.0431423460069071      0.97102215168237804     0.056148352171375968     0.053171080237618233        1.000403728502359       1.1179645319858982       2.9316250536033777   2.0971038063614289e-09     0.053171080237618233       490.79491861476754       5.7934714303969193       5.7934714303969193       1890.7798880591936                                                 1389.5690053448561                                              10.415964099569894        22.360135401542777               390.12598253291441                          69.310235442228418                       8.998565238081957
                       1       950.66790451269719     0.022283878376604178      0.11738184255554403       68.521854047462213       3.0431423460069071      0.97102215168237804     0.056148352171375968     0.053171080237618233        1.000523877057174      0.95769826543582481       3.0099692969877601   2.0971038063614289e-09     0.053171080237618233       490.63505749622158       5.7934714303969193       5.7934714303969193       1889.7488661646005                                                 1388.6978445688089                                              10.415964099569894        22.344640905174515               390.12963301829922                          69.122148865531344                       9.038634707216497
