#                 weight             minuslogpost                 omegabh2                 omegach2                       H0                     logA                       ns                      tau                      mnu                       As            minuslogprior         minuslogprior__0                     chi2 chi2__sbt_spt_audit.likelihoods.candl_cobaya.CandlCobayaLikelihood chi2__sbt_spt_audit.likelihoods.desi_dr2_bao.DESIDR2BAOGaussian
                       1       698.60353613691916               0.02208835               0.11613327       68.761624999999995       3.0497913335939595      0.96993604966649216     0.058678189999999998     0.043870311000000002   2.1110938819174352e-09       2.1045919762829826       2.1045919762829826       1392.9978883212723                                                 1381.9103588423834                                              11.087529478888994
                       1        698.6241746768311               0.02208835               0.11613327       68.761624999999995       3.0513090437911994      0.96890318233984452     0.058678189999999998     0.043870311000000002   2.1143003432533931e-09       2.1045919762829826       2.1045919762829826       1393.0391654010962                                                 1381.9516359222073                                              11.087529478888994
                       1       698.25638433832876     0.022081502397261692      0.11686129593106061       68.371826710682612       3.0574137082345838      0.96606345704412522     0.060598971695052961     0.048337508105466123   2.1272469144112402e-09       2.1045919762829826       2.1045919762829826       1392.3035847240915                                                  1381.898982044421                                              10.404602679670496
                       1       697.14884481252295     0.022326672236155334      0.11734199519383356       68.516117272489126       3.0628190142245724      0.95652091763342406     0.060018118685565142      0.03853988650129643   2.1387764672084054e-09       2.1045919762829826       2.1045919762829826       1390.0885056724799                                                 1379.4993750664244                                              10.589130606055495
                      12       697.72307135911103     0.022342802726181242      0.11707279617416656       68.490136695451042        3.064821238454897      0.95698235672144427      0.06131141449144123     0.056255297083919305   2.1430630672094455e-09       2.1045919762829826       2.1045919762829826        1391.236958765656                                                 1380.6645270197091                                                 10.572431745947
                       1       698.93652476174157     0.022357514574622834      0.11782433651621836       68.240184321558345       3.0712570350360116      0.95491860848638488     0.063293876848661237     0.061206654190787281   2.1568998628120506e-09       2.1045919762829826       2.1045919762829826       1393.6638655709171                                                 1381.3952454764658                                              12.268620094451311
                       4       698.61964827729184      0.02243443872617196      0.11783551998944709       68.312596469636574       3.0653983125435289      0.95286378687429474     0.059576372145135566     0.064227328195759367    2.144300130280028e-09       2.1045919762829826       2.1045919762829826       1393.0301126020177                                                 1380.9580056024661                                               12.07210699955167
                       1       699.01854914509454     0.022490255957603872      0.11701617884628254       68.572944680044657       3.0647587401536507      0.95351919453099865     0.059971519424696806      0.07585056451443839   2.1429291335936368e-09       2.1045919762829826       2.1045919762829826        1393.827914337623                                                 1383.3010479545303                                              10.526866383092704
                       9       698.06686723797509     0.022300167091600199      0.11703511165758315       68.899650884572836       3.0286247084590667      0.95920717484908069     0.043603628190396197    0.0082778927692880311   2.0668787425168951e-09       2.1045919762829826       2.1045919762829826       1391.9245505233841                                                 1381.2868123068918                                              10.637738216492391
                       1       698.12268406543774     0.022214158639762911      0.11650223619656003       68.810575716792584       3.0491531117382671      0.96509077177971025     0.055852110856840172     0.048853014437334016   2.1097469655240364e-09       2.1045919762829826       2.1045919762829826       1392.0361841783094                                                 1381.1973219191743                                              10.838862259135057
                       3       698.02906806256146     0.022218249837275585      0.11653281723812109       68.783945305451709        3.049284682072781      0.96484135184146913     0.055826708017501718     0.050699102676467898   2.1100245638994855e-09       2.1045919762829826       2.1045919762829826       1391.8489521725569                                                 1381.1294337546383                                              10.719518417918502
                       3       698.27551012581853     0.022356741994823924      0.11597440514144536       68.778208585533818       3.0491515095466504      0.96082004985286307     0.055101564833058031      0.07801319176988164   2.1097435853078426e-09       2.1045919762829826       2.1045919762829826        1392.341836299071                                                 1381.7190108668194                                              10.622825432251647
                       1       697.16842847898556     0.022432829705022507      0.11762292446171554       68.507985931491973       3.0435775106600795      0.95242875016722284     0.048795848366267144     0.036885032408815639   2.0980165904032618e-09       2.1045919762829826       2.1045919762829826       1390.1276730054051                                                 1379.1249714080052                                              11.002701597399778
                       4       697.24653219701747     0.022377121327926623      0.11775338917605531        68.31407161820708       3.0444579159279632       0.9540236948776285     0.049634324205366287     0.048395665367012543   2.0998645086006559e-09       2.1045919762829826       2.1045919762829826       1390.2838804414689                                                 1378.3728861921968                                              11.910994249272122
                       4       697.12329672138731     0.022390512160504604      0.11724126042352838       68.437593023786391       3.0471111327143201       0.9551985231596416     0.051651399517817047     0.058875599969034485   2.1054433019653649e-09       2.1045919762829826       2.1045919762829826       1390.0374094902086                                                 1379.1031324995292                                              10.934276990679411
                       2       697.40677553985472     0.022457918334784908      0.11742029692365898        68.48265495254104       3.0503481451184364      0.95153138400399617     0.052205351587625744     0.045696337874192153   2.1122696906416844e-09       2.1045919762829826       2.1045919762829826       1390.6043671271434                                                 1379.4994738404166                                               11.10489328672673
                       1       697.76466414675076     0.022429849890388306       0.1177523248517315       68.273419158168508       3.0562370176625189      0.95149649281301985     0.054952599744066702     0.053285524712777338   2.1247452751389191e-09       2.1045919762829826       2.1045919762829826       1391.3201443409355                                                 1378.8311143211326                                              12.489030019802936
                       3       698.06104392027498     0.022429849890388306       0.1177523248517315       68.273419158168508        3.059085628547932      0.95021183860478609     0.054952599744066702     0.053285524712777338    2.130806476561909e-09       2.1045919762829826       2.1045919762829826       1391.9129038879839                                                 1379.4238738681811                                              12.489030019802936
                       4        697.9717677910927     0.022429849890388306       0.1177523248517315       68.273419158168508       3.0579217347507304      0.95153192800695663     0.054952599744066702     0.053285524712777338   2.1283278868082237e-09       2.1045919762829826       2.1045919762829826       1391.7343516296194                                                 1379.2453216098165                                              12.489030019802936
                       4       698.10406243734519     0.022429849890388306       0.1177523248517315       68.273419158168508       3.0551542478936216      0.95499327722159255     0.054952599744066702     0.053285524712777338   2.1224459102544296e-09       2.1045919762829826       2.1045919762829826       1391.9989409221243                                                 1379.5099109023215                                              12.489030019802936
                       1       698.67495548951081     0.022488178957492652      0.11846804593716855        68.62103391558361       3.0398201490995742      0.95316131180355601     0.045689151638864327    0.0093896755238403878   2.0901483746357156e-09       2.1045919762829826       2.1045919762829826       1393.1407270264556                                                 1382.0864886206659                                              11.054238405789652
                       4        698.9010869712813     0.022470970329426906      0.11855136642992241       68.534565755587181       3.0377866164076637      0.95364787500579662     0.044731164096418551     0.014699428835170131   2.0859023083055116e-09       2.1045919762829826       2.1045919762829826       1393.5929899899966                                                 1382.1281544218325                                              11.464835568164158
                       3       699.32336144755527     0.022470970329426906      0.11855136642992241       68.534565755587181        3.042041890768433      0.94651094617594722     0.044731164096418551     0.014699428835170131    2.094797306824608e-09       2.1045919762829826       2.1045919762829826       1394.4375389425445                                                 1382.9727033743804                                              11.464835568164158
                       3          698.74392945667     0.022542249761076962      0.11844717850623153       68.550121203409233       3.0544279288196265      0.94366600701387393      0.05032342342690125     0.019634680492870864   2.1209048970076918e-09       2.1045919762829826       2.1045919762829826        1393.278674960774                                                 1381.6712220016796                                              11.607452959094411
                       1        698.1301472825869     0.022538220186006867      0.11769147866096177       68.777284599158961       3.0495673239162051      0.94459769277193328     0.048950264497482646     0.011424867646160427   2.1106210294209824e-09       2.1045919762829826       2.1045919762829826       1392.0511106126078                                                 1381.5697033013275                                              10.481407311280265
                       2       698.01681218771853     0.022538220186006867      0.11769147866096177       68.777284599158961       3.0508338500186811      0.94540530015808344     0.048950264497482646     0.011424867646160427   2.1132958795733899e-09       2.1045919762829826       2.1045919762829826        1391.824440422871                                                 1381.3430331115908                                              10.481407311280265
                       2       698.75243978391666     0.022566325105247257      0.11722053396123254        68.73807394813096       3.0541247217352221      0.94516298229144446      0.05099649086912255     0.031982122598405806   2.1202619210999221e-09       2.1045919762829826       2.1045919762829826       1393.2956956152673                                                 1382.7986312184605                                              10.497064396806746
                       1       698.90237451737937     0.022566325105247257      0.11722053396123254        68.73807394813096       3.0506895770911009      0.94542106774616952      0.05099649086912255     0.031982122598405806   2.1129910101827295e-09       2.1045919762829826       2.1045919762829826       1393.5955650821927                                                 1383.0985006853859                                              10.497064396806746
                       2       699.44231955062958     0.022560179096464072      0.11702742159871198       68.827272106175599       3.0456187154746179      0.94572888855651349     0.048754965987302445     0.024300272336039028   2.1023034456549261e-09       2.1045919762829826       2.1045919762829826       1394.6754551486931                                                 1384.2859825274124                                              10.389472621280657
                       4       698.02575215267757     0.022403496429998025      0.11710020168123006       68.764793460517936       3.0496481943795741        0.950505205798852      0.05227479547081524     0.011455031044782673   2.1107917232235784e-09       2.1045919762829826       2.1045919762829826       1391.8423203527891                                                 1381.4855946583471                                              10.356725694442105
                      12       697.37330802733072     0.022403496429998025      0.11710020168123006       68.764793460517936       3.0492232707652942      0.95265801927364635      0.05227479547081524     0.011455031044782673   2.1098949885109245e-09       2.1045919762829826       2.1045919762829826       1390.5374321020954                                                 1380.1807064076534                                              10.356725694442105
                       3       699.06632592456776     0.022403496429998025      0.11710020168123006       68.764793460517936       3.0574007249042237      0.94720412177677649      0.05227479547081524     0.011455031044782673   2.1272192958410837e-09       2.1045919762829826       2.1045919762829826       1393.9234678965695                                                 1383.5667422021274                                              10.356725694442105
                       1       698.88373865168182     0.022397342422285679      0.11720204632143827       68.737939873653076       3.0570972488704746      0.94717658143106542     0.052032433113923776     0.010149981083978632   2.1265738337123646e-09       2.1045919762829826       2.1045919762829826       1393.5582933507976                                                 1383.1911167225787                                              10.367176628218896
                       8       698.83038279135894     0.022395293265948548      0.11721483868949673       68.740022342185895       3.0575199204634775      0.94719235076873021     0.052244874099712846    0.0091503800063630885   2.1274728660466281e-09       2.1045919762829826       2.1045919762829826       1393.4515816301518                                                 1383.0852787043034                                              10.366302925848384
                       8       698.51887732740727     0.022145584045362297      0.11796872726666825        68.24366994525937       3.0538084454897905      0.95509251113276683     0.051980814988693495      0.02340829012391199   2.1195914386546093e-09       2.1045919762829826       2.1045919762829826       1392.8285707022485                                                 1381.2052253682218                                               11.62334533402662
                      14       698.19074640727342     0.022226478111551845      0.11810126365936777       68.298733098406089       3.0573923414922088      0.95245413135208856     0.052783598857216729     0.024797011016739572   2.1272014625600327e-09       2.1045919762829826       2.1045919762829826       1392.1723088619808                                                 1380.5126641233915                                              11.659644738589423
                       4       698.55499081638652     0.022332109197423004      0.11840745253976603       68.308744618822303       3.0661171343246059      0.94665899818213073     0.055459570678037841     0.010651712303393105   2.1458420540366368e-09       2.1045919762829826       2.1045919762829826        1392.900797680207                                                 1380.4378904597372                                              12.462907220469692
                       4       698.96658042283298     0.022332109197423004      0.11840745253976603       68.308744618822303       3.0664625700212236      0.94714836204977526     0.055459570678037841     0.010651712303393105   2.1465834325233294e-09       2.1045919762829826       2.1045919762829826       1393.7239768930999                                                 1381.2610696726301                                              12.462907220469692
                       4       699.57565648966386     0.022332109197423004      0.11840745253976603       68.308744618822303       3.0608177942353354      0.95470160880940014     0.055459570678037841     0.010651712303393105   2.1345005849073178e-09       2.1045919762829826       2.1045919762829826       1394.9421290267617                                                 1382.4792218062919                                              12.462907220469692
                       3       700.45909778348266     0.022418031416912686      0.11850097098654441       68.316049842827226       3.0673187631874486      0.95123298113253552     0.057665030440324443     0.012731382371637442   2.1484221096080421e-09       2.1045919762829826       2.1045919762829826       1396.7090116143993                                                 1383.7438148504195                                              12.965196763979742
                       1        699.7263712646045     0.022418031416912686      0.11850097098654441       68.316049842827226       3.0500162056990945      0.96028991962415555     0.057665030440324443     0.012731382371637442   2.1115686614231322e-09       2.1045919762829826       2.1045919762829826        1395.243558576643                                                 1382.2783618126632                                              12.965196763979742
                       1       699.74242213908133     0.022405721452670595      0.11857531345675569       68.266342469548334       3.0492424921922274      0.96066860804166321     0.057306845072276215      0.01543325956110448     2.10993554409305e-09       2.1045919762829826       2.1045919762829826       1395.2756603255966                                                 1381.8969245031967                                              13.378735822399861
                       1       699.52961881344561     0.022405408424395496      0.11872137351144488       68.426712015082529        3.049422764648333      0.96112013271029362     0.057250807907082035   0.00013121580786986005   2.1103159416423778e-09       2.1045919762829826       2.1045919762829826       1394.8500536743252                                                 1382.7178365547595                                              12.132217119565658
                       3       698.32099954418118     0.022337730173904394      0.11727094112608143        68.64619161071127       3.0325415258528126      0.96835820177180831     0.051801158388235125      0.03220434584251719   2.0749902043135403e-09       2.1045919762829826       2.1045919762829826       1392.4328151357963                                                 1382.0990362257503                                              10.333778910046107
                       3       698.82691706357809     0.022330109284120915      0.11781297698410788       68.642328766475075       3.0216435948934177      0.96654215209771732     0.045473310855009469    0.0031015220444867049   2.0524998759364893e-09       2.1045919762829826       2.1045919762829826       1393.4446501745902                                                 1382.9734784141551                                              10.471171760435052
                       1       698.67080585215558     0.022456013962921229      0.11802253101364886       68.663441813698924       3.0393787874779408      0.96166137866803114     0.052773470227606076    0.0075627987958153432   2.0892260669102206e-09       2.1045919762829826       2.1045919762829826       1393.1324277517451                                                 1382.4403832340704                                              10.692044517674827
                       3       699.01315367505219     0.022476030222340765      0.11824452558136682       68.635079587044515       3.0392281993398771      0.96013240399732491     0.052117594382032201    0.0015580258840864163   2.0889114779340891e-09       2.1045919762829826       2.1045919762829826       1393.8171233975384                                                 1382.8638561521825                                              10.953267245355748
                       3       698.18084060840033     0.022476030222340765      0.11824452558136682       68.635079587044515       3.0478098085111531      0.95143978376634764     0.052117594382032201    0.0015580258840864163   2.1069148382455832e-09       2.1045919762829826       2.1045919762829826       1392.1524972642346                                                 1381.1992300188788                                              10.953267245355748
                       3       700.22124548875206     0.022476030222340765      0.11824452558136682       68.635079587044515       3.0393974188987722      0.95832265130611916     0.052117594382032201    0.0015580258840864163   2.0892649925229042e-09       2.1045919762829826       2.1045919762829826       1396.2333070249381                                                 1385.2800397795822                                              10.953267245355748
                       6       699.52575744365026     0.022211453263783189      0.11708513095487902       68.446011405913637        3.032370888918499      0.97079602520645081     0.053191768022225784     0.044373477261399286   2.0746361645533344e-09       2.1045919762829826       2.1045919762829826       1394.8423309347345                                                 1384.3537327191434                                              10.488598215591011
                       9       698.50555212854954     0.022211453263783189      0.11708513095487902       68.446011405913637       3.0323768768363211      0.97254756464243175     0.053191768022225784     0.044373477261399286   2.0746485873413917e-09       2.1045919762829826       2.1045919762829826        1392.801920304533                                                  1382.313322088942                                              10.488598215591011
                       4       697.27192136879125     0.022211453263783189      0.11708513095487902       68.446011405913637       3.0383151290056638       0.9671965042907521     0.053191768022225784     0.044373477261399286   2.0870050253278992e-09       2.1045919762829826       2.1045919762829826       1390.3346587850165                                                 1379.8460605694254                                              10.488598215591011
                       4       697.12484725826312      0.02223377323478273      0.11757495774290307       68.342950941162073       3.0422208908506163      0.96493626102188912     0.054151333253501209     0.037786468814289959   2.0951723092764201e-09       2.1045919762829826       2.1045919762829826       1390.0405105639602                                                 1378.9219162745499                                              11.118594289410435
                       1       698.24813596127979      0.02223377323478273      0.11757495774290307       68.342950941162073       3.0388598695735154      0.96690711161809761     0.054151333253501209     0.037786468814289959   2.0881422113380613e-09       2.1045919762829826       2.1045919762829826       1392.2870879699935                                                 1381.1684936805832                                              11.118594289410435
                       1       698.38961561773453     0.022166148041661882      0.11737782112330844       68.412628781305543       3.0419967146623303      0.96995499008234287     0.056765411022057732     0.034306902230117328   2.0947026741767947e-09       2.1045919762829826       2.1045919762829826        1392.570047282903                                                 1381.9851315484136                                              10.584915734489327
                       7       698.47885260694193     0.022161595137535964      0.11741122937362024       68.402013756024047        3.042647930284081       0.9696796474835091     0.057054248996492266     0.030748549791734248   2.0960672215401977e-09       2.1045919762829826       2.1045919762829826       1392.7485212613178                                                 1382.1119586352438                                              10.636562626073912
                       2        698.4478646490777     0.022183525463045348        0.117731308719146       68.352671031990312       3.0443407811866243      0.96770622524878502     0.057144295554427606     0.022719721149003017   2.0996185559196773e-09       2.1045919762829826       2.1045919762829826       1392.6865453455894                                                 1381.6366302537019                                              11.049915091887522
                       1       698.79191498788498      0.02225012692464582         0.11734920618185       68.607605932836108       3.0490790303298931      0.96578680190465371     0.059349365475305539     0.010644870868449485   2.1095906782865786e-09       2.1045919762829826       2.1045919762829826       1393.3746460232039                                                 1383.0072030726469                                              10.367442950556953
                       3        698.9252119264014     0.022306918932072622      0.11737706345486341       68.633062449198064       3.0530324375669982      0.96413999424151076     0.060743638523499559     0.016134773512870525   2.1179472569366593e-09       2.1045919762829826       2.1045919762829826       1393.6412399002368                                                 1383.2645245689012                                              10.376715331335667
                       1       698.83346712699552     0.022150043208439919      0.11697900267873719       68.468931562349653       3.0251456119858577      0.97234395331208634     0.049133290954431953     0.045752447687459119   2.0597003663455186e-09       2.1045919762829826       2.1045919762829826        1393.457750301425                                                 1383.1226211697372                                              10.335129131687868
                       7       699.06817314272882      0.02222058162615376      0.11671364950510232       68.565323090294754       3.0237966001933523      0.97036386930373408     0.048094568739507897      0.04901717331115478   2.0569236795749816e-09       2.1045919762829826       2.1045919762829826       1393.9271623328916                                                 1383.6381498486419                                              10.289012484249712
                       4       698.22048407449961      0.02222058162615376      0.11671364950510232       68.565323090294754       3.0384586528114541      0.96173536167592488     0.048094568739507897      0.04901717331115478   2.0873045817280611e-09       2.1045919762829826       2.1045919762829826       1392.2317841964332                                                 1381.9427717121835                                              10.289012484249712
                       1       698.44298940927968     0.022231791136012109      0.11680401657358844       68.575278294881855       3.0352343011140688      0.96121442435223203     0.046220435236963113      0.04577245120561222   2.0805852162771624e-09       2.1045919762829826       2.1045919762829826       1392.6767948659933                                                 1382.3851395096569                                              10.291655356336339
                       3       698.34922595991782     0.022234569260449172      0.11651101608160039       68.645784547413626       3.0389476351825646      0.96217073600614778      0.04854510863514231     0.052876320631224515   2.0883254864535288e-09       2.1045919762829826       2.1045919762829826       1392.4892679672696                                                 1382.1477517907574                                               10.34151617651216
                       3       698.75510054161089     0.022133822661772575      0.11661147637246017       68.611423273572683       3.0353933733772367      0.96597414151385974     0.047716335150141766     0.048736086569608421   2.0809162060011733e-09       2.1045919762829826       2.1045919762829826       1393.3010171306557                                                 1382.9313463801338                                              10.369670750521809
                       2       698.51070736664167     0.022133822661772575      0.11661147637246017       68.611423273572683       3.0361996118209893      0.96331240345019886     0.047716335150141766     0.048736086569608421   2.0825945971454958e-09       2.1045919762829826       2.1045919762829826       1392.8122307807173                                                 1382.4425600301954                                              10.369670750521809
                       1       699.25517754415114     0.022133822661772575      0.11661147637246017       68.611423273572683       3.0293852165024417      0.97304294564363736     0.047716335150141766     0.048736086569608421   2.0684512182897068e-09       2.1045919762829826       2.1045919762829826       1394.3011711357362                                                 1383.9315003852143                                              10.369670750521809
                       5       699.41782786138049      0.02222515940986013      0.11752914220180695       68.875776531327858       3.0328687251505206      0.96816972738453888     0.047145944822572318   0.00026345308519731825   2.0756692507368412e-09       2.1045919762829826       2.1045919762829826       1394.6264717701949                                                 1384.0427754685579                                              10.583696301636992
                       8       699.53759915177454      0.02222515940986013      0.11752914220180695       68.875776531327858       3.0235723584522125      0.97307747826439517     0.047145944822572318   0.00026345308519731825    2.056462483139361e-09       2.1045919762829826       2.1045919762829826       1394.8660143509831                                                  1384.282318049346                                              10.583696301636992
                       4       698.81412644516172      0.02222515940986013      0.11752914220180695       68.875776531327858       3.0321484053653487        0.964436905560352     0.047145944822572318   0.00026345308519731825   2.0741746434702796e-09       2.1045919762829826       2.1045919762829826       1393.4190689377574                                                 1382.8353726361204                                              10.583696301636992
                       8       698.33584760469103     0.022243251402128544      0.11731580761221527       68.907525152786079       3.0330770629368966      0.96456147126705227     0.047774099472145296    0.0084309044831053365   2.0761017361237479e-09       2.1045919762829826       2.1045919762829826        1392.462511256816                                                 1381.7346283920483                                              10.727882864767755
                       1       699.81044151210983     0.022243251402128544      0.11731580761221527       68.907525152786079       3.0349844788926004      0.96032162193738879     0.047774099472145296    0.0084309044831053365   2.0800655047769214e-09       2.1045919762829826       2.1045919762829826       1395.4116990716536                                                 1384.6838162068859                                              10.727882864767755
                       1       701.98473779582775     0.022243251402128544      0.11731580761221527       68.907525152786079       3.0193840970640613      0.97467762131706448     0.047774099472145296    0.0084309044831053365   2.0478674923232361e-09       2.1045919762829826       2.1045919762829826       1399.7602916390895                                                 1389.0324087743218                                              10.727882864767755
                       5        701.3775028112666     0.022235629432939007      0.11743578614956192       68.780311808466209       3.0205062143229635      0.97461637265882439     0.048240122912261346     0.017125410894088193   2.0501667295459451e-09       2.1045919762829826       2.1045919762829826       1398.5458216699672                                                 1388.1612574069077                                              10.384564263059518
                       2       701.27340750183009      0.02222706673704301      0.11754607083975185       68.791461304563697       3.0256620029875942       0.9744685360650992      0.05074233573103034     0.010624551349285534   2.0607642517477561e-09       2.1045919762829826       2.1045919762829826       1398.3376310510941                                                 1387.9497432554269                                              10.387887795667311
                       7       701.26009412258816     0.022245802464239104      0.11758690475022805       68.812294898660994       3.0352347371496058      0.97330577869937895     0.055266899235209263    0.0066385468502279891   2.0805861234864524e-09       2.1045919762829826       2.1045919762829826       1398.3110042926103                                                 1387.9200807026207                                              10.390923589989663
                       1       700.57724603359361     0.022214422011410297      0.11792663372172374       68.617182926716168       3.0355568067961682      0.97300030407650073     0.055189997321819652    0.0076197748046835777   2.0812563250438823e-09       2.1045919762829826       2.1045919762829826       1396.9453081146212                                                 1386.6025188906981                                              10.342789223923022
                       2       700.64855577529556     0.022214422011410297      0.11792663372172374       68.617182926716168       3.0355545706238076      0.97291374149575272     0.055189997321819652    0.0076197748046835777   2.0812516710012167e-09       2.1045919762829826       2.1045919762829826       1397.0879275980251                                                  1386.745138374102                                              10.342789223923022
                       3       699.98948194492061     0.022214422011410297      0.11792663372172374       68.617182926716168       3.0616543488160808      0.94936385087957886     0.055189997321819652    0.0076197748046835777    2.136286958244446e-09       2.1045919762829826       2.1045919762829826       1395.7697799372752                                                 1385.4269907133521                                              10.342789223923022
                       5        697.0610943787317     0.022214422011410297      0.11792663372172374       68.617182926716168        3.053239984667854      0.96186407193431755     0.055189997321819652    0.0076197748046835777   2.1183868763688933e-09       2.1045919762829826       2.1045919762829826       1389.9130048048974                                                 1379.5702155809743                                              10.342789223923022
                       3       697.08296883864102     0.022260316906997483      0.11797047866345214       68.645260682740883       3.0553328218538831      0.96008905245728793     0.055686663661459357    0.0066318629226067337   2.1228249576690564e-09       2.1045919762829826       2.1045919762829826        1389.956753724716                                                  1379.600922532275                                              10.355831192441062
                      12       698.32020233606818     0.022260316906997483      0.11797047866345214       68.645260682740883        3.049089049981645      0.96077374122753612     0.055686663661459357    0.0066318629226067337   2.1096118157564087e-09       2.1045919762829826       2.1045919762829826       1392.4312207195703                                                 1382.0753895271293                                              10.355831192441062
                       1       698.38666379953315     0.022228543300476824      0.11819228315513061       68.529556880358669       3.0465955062056458      0.96159265912260428     0.054456098323690257     0.010267635944624685   2.1043579594260996e-09       2.1045919762829826       2.1045919762829826       1392.5641436465003                                                 1381.9620167793198                                              10.602126867180354
                       2       698.36907615079849     0.022245558439807231      0.11815497738651573       68.535221906786333       3.0459566756587977       0.9612534006787683     0.054028811365413751     0.013801109544111132   2.1030140605876341e-09       2.1045919762829826       2.1045919762829826       1392.5289683490309                                                 1381.9314231802032                                              10.597545168827821
                       2       698.83901489872494     0.022245558439807231      0.11815497738651573       68.535221906786333       3.0363525392384361      0.97329753564209054     0.054028811365413751     0.013801109544111132    2.082913107312674e-09       2.1045919762829826       2.1045919762829826       1393.4688458448838                                                 1382.8713006760561                                              10.597545168827821
                       1       699.01559470086022     0.022245558439807231      0.11815497738651573       68.535221906786333       3.0358138454305661      0.97362221091278955     0.054028811365413751     0.013801109544111132   2.0817913570865106e-09       2.1045919762829826       2.1045919762829826       1393.8220054491544                                                 1383.2244602803266                                              10.597545168827821
                       1        698.8146118633548      0.02220819692216611      0.11779541218789571       68.514362699294978       3.0335695406356074      0.97584238314308624     0.053847173507006879     0.025886039900538081   2.0771244217333018e-09       2.1045919762829826       2.1045919762829826       1393.4200397741436                                                  1382.949380151945                                              10.470659622198497
                       3       699.28512192573669      0.02218409698846463      0.11762685667374814       68.635397194831796       3.0326313257254012      0.97756037840600962     0.053927840979448902      0.02098863908328677    2.075176546536139e-09       2.1045919762829826       2.1045919762829826       1394.3610598989073                                                 1384.0809893969742                                              10.280070501932986
                       2       699.68631769950855      0.02222844528095088      0.11689410557605154       68.415813134543711       3.0199553198609679      0.97753621249327138     0.048177180080784344     0.069997066588277174   2.0490376150884773e-09       2.1045919762829826       2.1045919762829826       1395.1634514464511                                                 1384.6985344512671                                              10.464916995184034
                       3       699.59386216894995     0.022216307053065806      0.11690179827073288       68.405852162932362        3.020053665999749      0.97777187699307955     0.048325625290138091     0.068246297240228126   2.0492391399355715e-09       2.1045919762829826       2.1045919762829826       1394.9785403853339                                                 1384.5012576145737                                              10.477282770760214
                       2       699.53022473483918     0.022196698372649714      0.11697040562595945       68.480488819888151        3.019449591492144      0.97849571720899176     0.048139255393005335     0.057828272513712829   2.0480016206257155e-09       2.1045919762829826       2.1045919762829826       1394.8512655171123                                                 1384.5151505139859                                              10.336115003126363
                       7       699.61428278160315      0.02223047587933686       0.1171201980592018       68.459074998633383       3.0220060935906252      0.97730812420877811     0.048881947900213357     0.061337357401368579   2.0532440393385174e-09       2.1045919762829826       2.1045919762829826       1395.0193816106403                                                 1384.5953847423546                                              10.423996868285634
                       8       699.88835406913392     0.022291747984881389      0.11689377053526993       68.537370332603402       3.0264768070807562      0.97606417238666221     0.050870707996596633     0.070245565676159749    2.062444055157533e-09       2.1045919762829826       2.1045919762829826       1395.5675241857018                                                 1385.2501447603734                                              10.317379425328362
                       4       700.03682076122459     0.022274585943520685      0.11707656980346313       68.226656979478278       3.0262616666890119      0.97560430996244729     0.050616580595619139     0.090127080205988697   2.0620003878626451e-09       2.1045919762829826       2.1045919762829826       1395.8644575698831                                                 1384.5154078476812                                              11.349049722201979
                       5       700.03584105066818     0.022274575061832995      0.11707692609062582       68.226782105816724       3.0262602978344844      0.97560337121219765      0.05061540344597612     0.090095289842655496     2.06199756528601e-09       2.1045919762829826       2.1045919762829826       1395.8624981487703                                                 1384.5138683621374                                              11.348629786632875
                       8        700.4693521263664     0.022319819807159219      0.11691945197786567       68.329589648194926       3.0233911082788487      0.97487393110148213     0.048976238469462967     0.092148801119933635   2.0560897827348026e-09       2.1045919762829826       2.1045919762829826       1396.7295203001668                                                 1385.8365388513255                                               10.89298144884129
                       1         700.121485112031     0.022340694345771565      0.11728002224503929       68.257304428991901        3.023301919325518      0.97247113799559748     0.048079298845038532     0.081296993973456466   2.0559064104166402e-09       2.1045919762829826       2.1045919762829826        1396.033786271496                                                 1384.4355980655057                                              11.598188205990159
                       5          700.32763513031     0.022449262807299475      0.11771586314112621       68.293370887438982       3.0475955010689777      0.96535758565477203     0.058282605135931739     0.054773046348569047    2.106463359095116e-09       2.1045919762829826       2.1045919762829826        1396.446086308054                                                 1384.0514833553709                                              12.394602952683098
                       3        700.1118258099408     0.022410472675429859      0.11776906992641897       68.314694007623345       3.0500828005306762      0.96701198166334501     0.059907618558377312     0.051778133548240957   2.1117092856648848e-09       2.1045919762829826       2.1045919762829826       1396.0144676673156                                                 1383.9639248828623                                              12.050542784453331
                       5       702.49261060710944     0.022443110338898759      0.11655948513517327       68.331489051540188       3.0549655909092839      0.97063639928655676     0.064072004541058755      0.11424315436831205   2.1220455337776779e-09       2.1045919762829826       2.1045919762829826       1400.7760372616528                                                 1389.7292371614737                                              11.046800100179016
                       2       702.49142597091782     0.022443110338898759      0.11655948513517327       68.331489051540188       3.0810684819448815      0.94795536457748686     0.064072004541058755      0.11424315436831205   2.1781663281011615e-09       2.1045919762829826       2.1045919762829826       1400.7736679892696                                                 1389.7268678890905                                              11.046800100179016
                       1       702.78848453420733     0.022439588412498716      0.11653199237443337       68.367131601659707       3.0821920170306352      0.94838892699759203     0.064741358568783464      0.11356285159773685   2.1806149496919438e-09       2.1045919762829826       2.1045919762829826       1401.3677851158486                                                 1390.5107044748263                                              10.857080641022423
                       1       702.40357661983512     0.022439588412498716      0.11653199237443337       68.367131601659707       3.0808584905817478      0.94993416396202401     0.064741358568783464      0.11356285159773685    2.177708980006047e-09       2.1045919762829826       2.1045919762829826       1400.5979692871042                                                 1389.7408886460819                                              10.857080641022423
                       1        699.9080256496303      0.02224320302551766      0.11634898606449205       68.998502799077116       3.0658252733659546      0.95570959362619889     0.059309462793314692      0.01837382368254338   2.1452158579031785e-09       2.1045919762829826       2.1045919762829826       1395.6068673466946                                                 1384.0003216314458                                              11.606545715248679
                       1       700.04650643042658     0.022276277787707632      0.11618772772581988       69.063247623637452       3.0629298200657873      0.95522706206701069     0.057773634419610878     0.021941712651851422   2.1390134692643887e-09       2.1045919762829826       2.1045919762829826       1395.8838289082871                                                 1383.8634561969764                                               12.02037271131071
                       1       699.77225096053792     0.022319246035580328      0.11638651275333302       69.090307562870635       3.0645566314317487      0.95309255377558022       0.0578195650139312     0.014335341678558076   2.1424960726894864e-09       2.1045919762829826       2.1045919762829826       1395.3353179685098                                                 1383.4916208624222                                              11.843697106087642
                       1       698.60017111168486     0.022319246035580328      0.11638651275333302       69.090307562870635        3.056274013532323      0.95718003232856785       0.0578195650139312     0.014335341678558076   2.1248238833925663e-09       2.1045919762829826       2.1045919762829826       1392.9911582708037                                                 1381.1474611647161                                              11.843697106087642
                       7       699.74668851147931     0.022114150137784842      0.11605048210634809       68.767752765204492       3.0373791452334529      0.96423837987213323     0.050886332024000336     0.032009394556516406   2.0850525363831959e-09       2.1045919762829826       2.1045919762829826       1395.2841930703926                                                 1384.3009551406908                                              10.983237929701867
                       2       701.82209057930197     0.021893792798876377      0.11738989246356916       68.045994298403016       3.0288320660703416      0.96781447548726063     0.046793180884413463     0.033647234002492296   2.0673073699937871e-09       2.1045919762829826       2.1045919762829826       1399.4349972060379                                                   1387.95274489241                                              11.482252313627889
                       5        700.4413154890417     0.022161398778656364      0.11821105970773405       67.892976102925843       3.0441866391945411      0.95546223322580259     0.050364546983205832     0.036568941849291728   2.0992949414747813e-09       2.1045919762829826       2.1045919762829826       1396.6734470255174                                                 1381.4390133423849                                              15.234433683132385
                       5       701.35300532376959     0.022161398778656364      0.11821105970773405       67.892976102925843        3.030693897300818       0.9713306712910228     0.050364546983205832     0.036568941849291728   2.0711599327161505e-09       2.1045919762829826       2.1045919762829826       1398.4968266949732                                                 1383.2623930118407                                              15.234433683132385
                       6       701.49962355855041     0.022591264210677919      0.11685293375649249        68.64932760453901       3.0538204944760063      0.96056003808050194     0.059640608208190823     0.052965283993217871   2.1196169777364967e-09       2.1045919762829826       2.1045919762829826       1398.7900631645348                                                 1388.1366697057115                                              10.653393458823261
                       1       701.54506063569841      0.02263520089663635      0.11666126782867037       68.789910373063776       3.0550736955961835      0.96038575708593099     0.060189379177495922     0.056830327807251453   2.1222749492459143e-09       2.1045919762829826       2.1045919762829826       1398.8809373188308                                                 1388.4929277000276                                              10.388009618803254
                       6       700.93392484164553     0.022569037938341679      0.11622484460524062       68.706102710949835       3.0490519997676984      0.96431763795869629     0.058581577789230337     0.080124868900704319   2.1095336556352239e-09       2.1045919762829826       2.1045919762829826        1397.658665730725                                                 1387.3135250525916                                              10.345140678133385
                       9       700.33402133956122     0.022486610277639714      0.11605823987565515       68.896537107315922       3.0463659249209352      0.96789640585130865     0.058369641037112091     0.060860424646505901   2.1038748936758328e-09       2.1045919762829826       2.1045919762829826       1396.4588587265564                                                 1385.7920343333776                                              10.666824393178839
                       2       697.71146945270186     0.022312285870163994       0.1174717631559854        68.68596875321974       3.0447906331192733      0.96901471688962948     0.057094323583449673    0.0035664105778770022    2.100563285863247e-09       2.1045919762829826       2.1045919762829826       1391.2137549528377                                                 1380.8603504629195                                               10.35340448991826
                      10        697.7004174920188     0.022312285870163994       0.1174717631559854        68.68596875321974       3.0452546954682598      0.96894987815901046     0.057094323583449673    0.0035664105778770022    2.101538304413081e-09       2.1045919762829826       2.1045919762829826       1391.1916510314716                                                 1380.8382465415534                                               10.35340448991826
                       3       697.63017032803737     0.022301584557418257      0.11762689316372957       68.637213404077954       3.0459101989442456      0.96937519848956644     0.057347449486795321    0.0064246334967048733   2.1029163216747506e-09       2.1045919762829826       2.1045919762829826       1391.0511567035087                                                  1380.641186493187                                              10.409970210321784
                       5        697.7888748692709     0.022435237244288996      0.11799350490387324       68.606042020080324        3.042027550462354      0.96366798595578917     0.053405957054255736    0.0054777511244341361   2.0947672670054447e-09       2.1045919762829826       2.1045919762829826       1391.3685657859758                                                 1380.4877345918749                                              10.880831194100887
                       7       698.01261436076561     0.022445262737660836      0.11805313882008774       68.570403407844921       3.0443786934315198      0.96311178282989929     0.054390581921265009    0.0079286592144706056   2.0996981586815065e-09       2.1045919762829826       2.1045919762829826       1391.8160447689652                                                 1380.7322109035861                                              11.083833865379059
                       1       696.68307453667751     0.022445262737660836      0.11805313882008774       68.570403407844921       3.0559145290334389      0.95051940715823358     0.054390581921265009    0.0079286592144706056   2.1240601794217219e-09       2.1045919762829826       2.1045919762829826        1389.156965120789                                                 1378.0731312554099                                              11.083833865379059
                       2       697.03664887519324     0.022445262737660836      0.11805313882008774       68.570403407844921       3.0590744043223723      0.94940913414529371     0.054390581921265009    0.0079286592144706056   2.1307825600436145e-09       2.1045919762829826       2.1045919762829826       1389.8641137978204                                                 1378.7802799324413                                              11.083833865379059
                       2       700.27937493692389     0.022061786490080348      0.11615262391137775       68.958097061646157       3.0600120347577482      0.96810826961840257     0.061864609405998326    0.0093873702098698272   2.1327813835555206e-09       2.1045919762829826       2.1045919762829826       1396.3495659212817                                                 1384.1437217914793                                              12.205844129802475
                       3        700.7966287881186     0.022061786490080348      0.11615262391137775       68.958097061646157       3.0630651075814814      0.96530217574432664     0.061864609405998326    0.0093873702098698272   2.1393028706584383e-09       2.1045919762829826       2.1045919762829826       1397.3840736236712                                                 1385.1782294938687                                              12.205844129802475
                       2       700.98969278180641     0.022093336725310303      0.11620851555028071        69.02600188577361       3.0673992707152169      0.96413312977771504      0.06363604094730016    0.0041566525375942133   2.1485950807233349e-09       2.1045919762829826       2.1045919762829826       1397.7702016110468                                                 1385.2536731730142                                              12.516528438032584
                       2       700.95294729640034     0.022093336725310303      0.11620851555028071        69.02600188577361       3.0542586738564492      0.97256434179422557      0.06363604094730016    0.0041566525375942133   2.1205459537047708e-09       2.1045919762829826       2.1045919762829826       1397.6967106402346                                                 1385.1801822022021                                              12.516528438032584
                       1       705.47414401430592     0.022093336725310303      0.11620851555028071        69.02600188577361       3.0648291200185902      0.95874351230244925      0.06363604094730016    0.0041566525375942133   2.1430799579640709e-09       2.1045919762829826       2.1045919762829826       1406.7391040760458                                                 1394.2225756380133                                              12.516528438032584
                       5       706.17673421211202     0.022025590093167225      0.11776333174331952       68.039621884330103       3.0195127600506777      0.95787985440558976     0.039222969835703621     0.044821730204607842   2.0481309940220877e-09       2.1045919762829826       2.1045919762829826        1408.144284471658                                                 1395.9124449460112                                              12.231839525646775
                       2       706.52352666086529     0.022008188174560239       0.1179228863573937       68.006180096052162       3.0186521317761139      0.95803427380432904      0.03872248859050427     0.040442662294320586   2.0463690728669551e-09       2.1045919762829826       2.1045919762829826       1408.8378693691645                                                 1396.2855746488967                                              12.552294720267849
                       8       707.13662582887628     0.022010683709778357      0.11798781905991423       67.867989224054455       3.0208916255277201      0.95693093632108561     0.039644591948983759     0.045808519464772192   2.0509570390624203e-09       2.1045919762829826       2.1045919762829826       1410.0640677051865                                                 1396.1188615301296                                              13.945206175056907
                       1       707.24995343976514     0.022006345131718532      0.11807019508880388       67.873871576576477       3.0200446783882655      0.95688850148088489     0.039137031255096079     0.041715189003117978   2.0492207222531105e-09       2.1045919762829826       2.1045919762829826       1410.2907229269642                                                 1396.3266514364359                                              13.964071490528406
                       2       706.84984602758436     0.022547687871227517      0.11913062097269742       68.114199700310252        3.040019418775294       0.9352115017993039     0.041852088001336218     0.024622278253166933   2.0905649193255197e-09       2.1045919762829826       2.1045919762829826       1409.4905081026027                                                 1392.6979928083224                                              16.792515294280232
                       1       704.65683617435479     0.022453042879365091      0.11877406754061785        68.38204437155018       3.0373306027441132      0.94098582350439453     0.042190941627783231     0.014878945609320638   2.0849513251992173e-09       2.1045919762829826       2.1045919762829826       1405.1044883961436                                                 1392.4477600896453                                              12.656728306498394
                       8        704.3774157707503     0.022453042879365091      0.11877406754061785        68.38204437155018       3.0375420216195472      0.94100062184546873     0.042190941627783231     0.014878945609320638    2.085392169863525e-09       2.1045919762829826       2.1045919762829826       1404.5456475889346                                                 1391.8889192824363                                              12.656728306498394
                       1       704.47374979480128     0.022453042879365091      0.11877406754061785        68.38204437155018        3.048647018818631      0.93376029778229064     0.042190941627783231     0.014878945609320638   2.1086795076617778e-09       2.1045919762829826       2.1045919762829826       1404.7383156370365                                                 1392.0815873305382                                              12.656728306498394
                       2       704.45841795972035     0.022428449657299468      0.11880698626090247       68.228561855228705       3.0489946631768978      0.93427878308667678     0.042556575237862951     0.025928983202361318   2.1094127056346945e-09       2.1045919762829826       2.1045919762829826       1404.7076519668747                                                 1390.7958651287206                                              13.911786838154104
                       2       699.73166566701093     0.022428449657299468      0.11880698626090247       68.228561855228705        3.036909692313611      0.95028627922035247     0.042556575237862951     0.025928983202361318   2.0840739321042579e-09       2.1045919762829826       2.1045919762829826       1395.2541473814558                                                 1381.3423605433018                                              13.911786838154104
                       1          699.56409879383     0.022428449657299468      0.11880698626090247       68.228561855228705       3.0347607811876776      0.95235570382940138     0.042556575237862951     0.025928983202361318   2.0796002509374618e-09       2.1045919762829826       2.1045919762829826        1394.919013635094                                                 1381.0072267969399                                              13.911786838154104
                       3       699.62172805232319     0.022391721936322939      0.11926995675715382       68.061948703083857       3.0395749964746597      0.95187707676090938      0.04460478901815533     0.019285535840435804   2.0896360320788403e-09       2.1045919762829826       2.1045919762829826       1395.0342721520803                                                 1378.8298913889462                                              16.204380763134115
                       3       699.24812943647635     0.022391721936322939      0.11926995675715382       68.061948703083857       3.0384459530390679       0.9510176859841053      0.04460478901815533     0.019285535840435804   2.0872780736032965e-09       2.1045919762829826       2.1045919762829826       1394.2870749203867                                                 1378.0826941572525                                              16.204380763134115
                       2       698.14886513579984     0.022393803759355312       0.1189691811900863       68.385333247900391       3.0400190361331587      0.95229883349477185     0.045883647368936256    0.0013984461838986613    2.090564119387448e-09       2.1045919762829826       2.1045919762829826       1392.0885463190336                                                 1379.5698808591069                                              12.518665459926812
                       1       698.01404154086947     0.022312380904171512       0.1168159370079981       68.545392396738109       3.0296978731239128      0.96083259253208875      0.04487565151708385     0.057309452161183036   2.0690980343696911e-09       2.1045919762829826       2.1045919762829826       1391.8188991291729                                                 1381.4619915673873                                              10.356907561785539
                       2       698.14662919737884     0.022312380904171512       0.1168159370079981       68.545392396738109       3.0314832978637858      0.95900421235198718      0.04487565151708385     0.057309452161183036   2.0727955530278937e-09       2.1045919762829826       2.1045919762829826       1392.0840744421916                                                  1381.727166880406                                              10.356907561785539
                       3          699.04943585561     0.022312380904171512       0.1168159370079981       68.545392396738109       3.0343729000332398       0.9588488298053337      0.04487565151708385     0.057309452161183036   2.0787937696109245e-09       2.1045919762829826       2.1045919762829826        1393.889687758654                                                 1383.5327801968683                                              10.356907561785539
                       2       699.28725804867986     0.022312380904171512       0.1168159370079981       68.545392396738109       3.0378162091805883      0.95298544310276312      0.04487565151708385     0.057309452161183036   2.0859640368522187e-09       2.1045919762829826       2.1045919762829826       1394.3653321447937                                                  1384.008424583008                                              10.356907561785539
                       9       698.99995774370518      0.02210749994418313      0.11705146756617431       68.420317893078888       3.0407074785127199      0.95817946261829923     0.047991845621707108     0.033097626752098104   2.0920038478526058e-09       2.1045919762829826       2.1045919762829826       1393.7907315348443                                                 1383.3758719848295                                              10.414859550014857
                       1       698.46033891030856      0.02210749994418313      0.11705146756617431       68.420317893078888       3.0321047368435825      0.96393725341764258     0.047991845621707108     0.033097626752098104   2.0740840693073484e-09       2.1045919762829826       2.1045919762829826       1392.7114938680511                                                 1382.2966343180362                                              10.414859550014857
                       1       698.33346240780725     0.022115353705043389      0.11730634735722935       68.412028853500331       3.0322689765645601      0.96266613048342642     0.047562086099046885     0.021982769412463382     2.07442474427159e-09       2.1045919762829826       2.1045919762829826       1392.4577408630485                                                 1381.9274669114134                                              10.530273951635037
                       5       698.26281453700199     0.022246481508563617      0.11783452916534579       68.171428337863091       3.0376502147739455      0.95696676295188343     0.048117204093096798     0.042422152152499726   2.0856178072265292e-09       2.1045919762829826       2.1045919762829826       1392.3164451214379                                                 1379.8575451803993                                              12.458899941038707
                       1       698.73509888950298     0.022200814962718959      0.11793444560630721       68.074297180088749       3.0354163846407145      0.95830987907546306     0.047322822860083408     0.044986413385321347   2.0809640910632109e-09       2.1045919762829826       2.1045919762829826       1393.2610138264399                                                 1380.1648450465832                                              13.096168779856839
                       3       698.33752678508449     0.022200814962718959      0.11793444560630721       68.074297180088749        3.031260764121892      0.96310762229103331     0.047322822860083408     0.044986413385321347   2.0723343373972211e-09       2.1045919762829826       2.1045919762829826       1392.4658696176029                                                  1379.369700837746                                              13.096168779856839
                       1       699.17731903204481     0.022200814962718959      0.11793444560630721       68.074297180088749       3.0285218507209128      0.96444076927168176     0.047322822860083408     0.044986413385321347   2.0666661589775201e-09       2.1045919762829826       2.1045919762829826       1394.1454541115236                                                 1381.0492853316669                                              13.096168779856839
                       1       699.38664319886959     0.022333158434237908      0.11693470633365956       68.239632217142486       3.0314656063528234      0.96284991701162714     0.049000781343612694     0.080401471386552847   2.0727588824670242e-09       2.1045919762829826       2.1045919762829826       1394.5641024451731                                                 1382.9915849916504                                              11.572517453522693
                       1       699.33742083263485     0.022238257044932954      0.11600461941861737       68.994057071585175        3.040002895075649      0.96955642525866859     0.055806316832885075     0.036682421047840641   2.0905303757440989e-09       2.1045919762829826       2.1045919762829826       1394.4656577127037                                                 1382.5446114213864                                              11.921046291317317
                       1       699.61445683425666      0.02239653043337058      0.11637673242558427       69.200899811544346       3.0361390472079273      0.96356673120199865      0.05165437073663319      0.01726662636054575   2.0824684694290313e-09       2.1045919762829826       2.1045919762829826       1395.0197297159473                                                 1382.6828255069456                                              12.336904209001728
                       3       698.94969821057805      0.02239653043337058      0.11637673242558427       69.200899811544346       3.0445726200723517       0.9608346106188308      0.05165437073663319      0.01726662636054575   2.1001053855769764e-09       2.1045919762829826       2.1045919762829826       1393.6902124685901                                                 1381.3533082595884                                              12.336904209001728
                       6       698.48034829895971     0.022353523337829619      0.11641269615722764       69.107221205743627       3.0400322408417222      0.96158275248394109     0.049697628283938589       0.0154622400311854   2.0905917248596387e-09       2.1045919762829826       2.1045919762829826       1392.7515126453534                                                 1380.9494508055134                                              11.802061839840055
                       3       697.90684759303792     0.022353523337829619      0.11641269615722764       69.107221205743627       3.0386963237806621      0.96108713217347552     0.049697628283938589       0.0154622400311854   2.0878007323890013e-09       2.1045919762829826       2.1045919762829826       1391.6045112335098                                                 1379.8024493936698                                              11.802061839840055
                       1       697.70751281043306      0.02236619001378563      0.11643895585653399       69.058747255830937        3.040093062655985      0.96034080221492901     0.050206257680776238     0.018884943133497895   2.0907188823081614e-09       2.1045919762829826       2.1045919762829826       1391.2058416683001                                                 1379.7613736303158                                              11.444468037984173
                       4       696.64588290788492     0.022233953196234765      0.11782308526958557       68.548235098298022       3.0414228705285282      0.96247966783616268     0.050269214640263224     0.021497135648738171   2.0935009861589441e-09       2.1045919762829826       2.1045919762829826       1389.0825818632038                                                   1378.63153774069                                              10.451044122513879
                       2       698.47888955721533      0.02243198462286046      0.11782006465363233       68.611669869118032       3.0528432253234734      0.95663562565893046     0.054057067185939237     0.043342162070775618   2.1175465532947201e-09       2.1045919762829826       2.1045919762829826       1392.7485951618646                                                 1382.1877563711546                                              10.560838790709935
                       3       698.92548659791828     0.022458269221994627      0.11703421602329667       68.665871934384626       3.0705469712412437      0.95585031951863419     0.063726186999594273     0.055341393701678232   2.1553688699261629e-09       2.1045919762829826       2.1045919762829826       1393.6417892432705                                                 1383.2863199462618                                              10.355469297008719
                       4       699.31968104843725     0.022458269221994627      0.11703421602329667       68.665871934384626       3.0706423617573986      0.95340458421134477     0.063726186999594273     0.055341393701678232   2.1555744814817095e-09       2.1045919762829826       2.1045919762829826       1394.4301781443085                                                 1384.0747088472997                                              10.355469297008719
                       2       699.35118052294695     0.022458269221994627      0.11703421602329667       68.665871934384626       3.0714576729360301      0.95267456140945983     0.063726186999594273     0.055341393701678232   2.1573326620875924e-09       2.1045919762829826       2.1045919762829826       1394.4931770933279                                                 1384.1377077963191                                              10.355469297008719
                       1       699.23383134330754     0.022273188245616807      0.11630322667073596       68.827042511461912       3.0639022132067044      0.95933986896808232      0.06281047490675308     0.032907188702199539   2.1410944428884982e-09       2.1045919762829826       2.1045919762829826        1394.258478734049                                                 1383.5306312653804                                              10.727847468668742
                       1       699.12280465930326     0.022273188245616807      0.11630322667073596       68.827042511461912       3.0576766309261951      0.96604438572180618      0.06281047490675308     0.032907188702199539   2.1278062894286694e-09       2.1045919762829826       2.1045919762829826       1394.0364253660405                                                 1383.3085778973718                                              10.727847468668742
                       7       699.88939181443322     0.022290219452840845      0.11622507245289912       68.822404298595231       3.0613508780567131      0.96542437396276504     0.064582088535024937     0.036421850876017917   2.1356387559791918e-09       2.1045919762829826       2.1045919762829826       1395.5695996763004                                                  1384.862266938271                                              10.707332738029489
                       7       700.24103371700517     0.022290219452840845      0.11622507245289912       68.822404298595231       3.0595210424536283      0.96653416536656322     0.064582088535024937     0.036421850876017917   2.1317344613462307e-09       2.1045919762829826       2.1045919762829826       1396.2728834814443                                                 1385.5655507434149                                              10.707332738029489
                      10        698.7107885336485     0.022280017568304854      0.11657109582626289       69.088971130432526       3.0506421748378498      0.96719874776227777     0.059784747899729082    0.0029732396342789652   2.1128908520216273e-09       2.1045919762829826       2.1045919762829826        1393.212393114731                                                 1381.3757856712568                                              11.836607443474083
                       2       698.69366882783345     0.022280017568304854      0.11657109582626289       69.088971130432526       3.0499421002825819      0.96820168628194581     0.059784747899729082    0.0029732396342789652   2.1114121885457982e-09       2.1045919762829826       2.1045919762829826       1393.1781537031009                                                 1381.3415462596267                                              11.836607443474083
                       5       699.53498783513714     0.022373073647944604      0.11606177574593061       69.198727190140787       3.0485522897698987      0.96694542268055383     0.058957764412263615     0.023931782017899514   2.1084797639188528e-09       2.1045919762829826       2.1045919762829826       1394.8607917177083                                                 1382.1568262942567                                              12.703965423451654
                       2       699.03925713948558     0.022373073647944604      0.11606177574593061       69.198727190140787       3.0545454941508807      0.96128016436412034     0.058957764412263615     0.023931782017899514   2.1211542565521985e-09       2.1045919762829826       2.1045919762829826       1393.8693303264051                                                 1381.1653649029536                                              12.703965423451654
                       2       698.88794557005008     0.022347240086465162      0.11595046698367845       69.146523179405349       3.0516652240062458      0.96262530940211399     0.057968785406097796     0.032461547668500193   2.1150535493349149e-09       2.1045919762829826       2.1045919762829826       1393.5667071875341                                                 1381.0126931934053                                              12.554013994128702
                       4       697.55458124597976     0.022182596177030934      0.11709700252318524       68.766403302971014       3.0546807778543408      0.96572527399277885     0.059501588931918842     0.020316231326482734   2.1214412335668541e-09       2.1045919762829826       2.1045919762829826       1390.8999785393935                                                 1380.4081100513445                                              10.491868488048985
                       1       697.45999008939953     0.022182596177030934      0.11709700252318524       68.766403302971014       3.0534556540859703      0.96860691566857182     0.059501588931918842     0.020316231326482734   2.1188437969039867e-09       2.1045919762829826       2.1045919762829826        1390.710796226233                                                  1380.218927738184                                              10.491868488048985
                       1       697.93944380946357     0.022192959924156895      0.11681468996754027       68.934780226878473       3.0522719581880375      0.96906880152774355     0.059232832179429686     0.014193132044698839    2.116337214001853e-09       2.1045919762829826       2.1045919762829826       1391.6697036663611                                                 1380.4681800479934                                              11.201523618367677
                       3       698.05428056497271     0.022181479882499088      0.11684334846621536       68.931641849415996       3.0525626600181135       0.9694453956076502     0.059461300339721079     0.013018994596846543   2.1169525265349277e-09       2.1045919762829826       2.1045919762829826       1391.8993771773794                                                  1380.691120911918                                              11.208256265461323
                       3       697.94652725275932     0.022181935272215424      0.11690869820012049       68.927663988088014       3.0504887754264205      0.96945298291355952     0.058329524212458482     0.012378232570720595   2.1125667606668601e-09       2.1045919762829826       2.1045919762829826       1391.6838705529526                                                 1380.5267367832114                                              11.157133769741314
                       2       697.71889594972947      0.02216660718313011      0.11698645971780328       68.876408167816777       3.0498353344959672      0.96969773588592201     0.058034448257347403       0.0127693813308272   2.1111867739961148e-09       2.1045919762829826       2.1045919762829826       1391.2286079468929                                                 1380.3021179029026                                              10.926490043990158
                       9       698.55480152014377     0.022241728785817247      0.11601807802536933       68.908082375816008       3.0335126321093795      0.97021974456193205     0.050576597389992643      0.05457530137132479    2.077006219007072e-09       2.1045919762829826       2.1045919762829826       1392.9004190877215                                                 1381.4332699824006                                              11.467149105320908
                       8       698.51052155674233     0.022283527116360471       0.1163979136052522       68.727219639877163       3.0335269260842832      0.96842216124662295     0.049633178785159479     0.069277767374552324    2.077035907894027e-09       2.1045919762829826       2.1045919762829826       1392.8118591609186                                                 1382.3159382185336                                              10.495920942384986
                       4       700.36231531840644     0.022294237705487632      0.11586256653671741       68.762945261260157       3.0337119743493606      0.97038517278482872     0.050541128802253962     0.095251804795887338   2.0774202953493054e-09       2.1045919762829826       2.1045919762829826       1396.5154466842469                                                 1385.6753040089027                                              10.840142675344165
                       4       699.48387101256435     0.022286515331298527      0.11602989058329785       68.714807118544499       3.0310723501956756      0.96965963841869174     0.048975628972264651     0.087804051894617083    2.071943917529704e-09       2.1045919762829826       2.1045919762829826       1394.7585580725627                                                 1384.1633733359206                                              10.595184736642164
                       9       701.33709676664671     0.022147815816554714      0.11712134509567851       68.335134046438426       3.0243810189216482       0.9727966847742967     0.045508270715019075     0.085228299450211598   2.0581261356306963e-09       2.1045919762829826       2.1045919762829826       1398.4650095807274                                                  1387.936986573276                                              10.528023007451404
                       3       701.68497626501471     0.022147815816554714      0.11712134509567851       68.335134046438426       3.0202724222519306      0.97583722915476989     0.045508270715019075     0.085228299450211598   2.0496874728456732e-09       2.1045919762829826       2.1045919762829826       1399.1607685774634                                                  1388.632745570012                                              10.528023007451404
                       4       703.25144088043783     0.022181689981802744      0.11844466758280675        67.43880157099855       3.0433876815319261      0.96899385730073473     0.054578777207931597      0.11939546160691876   2.0976183635417787e-09       2.1045919762829826       2.1045919762829826       1402.2936978083096                                                 1380.9878582496049                                              21.305839558704847
                       2       702.82052583116251     0.022155726097008291      0.11762475577103142       68.322815480191494       3.0377953098166812      0.97490549345462829     0.053551653118681784     0.077824926624648433   2.0859204419862696e-09       2.1045919762829826       2.1045919762829826        1401.431867709759                                                 1390.6992938604171                                              10.732573849341794
                       1       702.87449164012776     0.022154365726329669      0.11762273558331926       68.321006440975651       3.0382359410549244      0.97496697537879162      0.05379238448181925     0.078154454860265718   2.0868397662201124e-09       2.1045919762829826       2.1045919762829826       1401.5397993276895                                                 1390.8054671465047                                              10.734332181184863
                       3       703.95542369992506     0.022205146868762862      0.11689635844363781       68.383825378709361       3.0368253760196464      0.97550972432516569     0.053714245888661978      0.10664130858860144   2.0838982181218345e-09       2.1045919762829826       2.1045919762829826       1403.7016634472841                                                 1393.2867592402288                                               10.41490420705531
                       3       704.38421981651186     0.022205146868762862      0.11689635844363781       68.383825378709361       3.0407256310071307      0.96976681974848122     0.053714245888661978      0.10664130858860144   2.0920418232854348e-09       2.1045919762829826       2.1045919762829826       1404.5592556804577                                                 1394.1443514734024                                               10.41490420705531
                       1       702.04208419775159     0.022119601876238237      0.11723190649049575       68.402252117923965       3.0468728247350838      0.97082842798524693     0.057083578679870843     0.076425957923848403     2.10494161780672e-09       2.1045919762829826       2.1045919762829826       1399.8749844429371                                                  1389.493336377067                                              10.381648065870147
                       1       702.44457656390841     0.022352853208462878      0.11486328409720416       69.027977646948187       3.0264460373663424      0.96477382305780335     0.047536668897809609     0.075830403103812491   2.0623805953192871e-09       2.1045919762829826       2.1045919762829826       1400.6799691752508                                                  1388.085622585379                                              12.594346589871684
                       5       702.25913869963256     0.022352853208462878      0.11486328409720416       69.027977646948187        3.028069735399483      0.96361138625021814     0.047536668897809609     0.075830403103812491   2.0657319987327575e-09       2.1045919762829826       2.1045919762829826       1400.3090934466991                                                 1387.7147468568273                                              12.594346589871684
                       5       701.92499289391776     0.022556149402623276      0.11663583494859636        69.20229724268556       3.0221786215819701      0.95241100642476695     0.039717656712460692     0.010431171453083032   2.0535983119684596e-09       2.1045919762829826       2.1045919762829826       1399.6408018352695                                                  1388.205074671343                                              11.435727163926483
                       8       702.58218950355183     0.022559679747732309      0.11655603047032399       69.173565312979818       3.0195278745837899      0.95209583391619468     0.038427168378281029     0.012624567755849383   2.0481619507997628e-09       2.1045919762829826       2.1045919762829826       1400.9551950545376                                                 1389.6457223414732                                              11.309472713064546
                       2       703.24787813548744     0.022571383757804212      0.11710074396869759       69.322220696897446       3.0391977920347388      0.95370121813922748     0.047730584422597672     0.012577612292945123   2.0888479607310712e-09       2.1045919762829826       2.1045919762829826       1402.2865723184088                                                 1390.3277543113438                                              11.958818007065085
                       2       702.09328602567746      0.02245655912210108      0.11772007138704711       69.002329889044134       3.0346218541418364      0.95631819336540902     0.045712184446708756     0.015348693158638294   2.0793113582860344e-09       2.1045919762829826       2.1045919762829826       1399.9773880987889                                                 1389.4626555161387                                              10.514732582650051
                       5       701.62388224294102      0.02245655912210108      0.11772007138704711       69.002329889044134        3.035919190685243      0.95645207716929148     0.045712184446708756     0.015348693158638294     2.08201067547908e-09       2.1045919762829826       2.1045919762829826        1399.038580533316                                                 1388.5238479506659                                              10.514732582650051
                       3       701.47150545418879     0.022502107178013771      0.11770613275229871       68.769377077756161       3.0287372612443462      0.95448022051746184     0.041601833987213253      0.03955873980639809    2.067111388568435e-09       2.1045919762829826       2.1045919762829826       1398.7338269558115                                                 1388.4079394226001                                              10.325887533211398
                       5       699.52431282388466     0.022239512440027184       0.1176431850080415       67.783570675991271       3.0442805507526711      0.95977805169691721     0.051940168947518295     0.092806776384774609   2.0994920987912397e-09       2.1045919762829826       2.1045919762829826       1394.8394416952033                                                 1378.9183383971967                                              15.921103298006638
                       1       699.27200273761741     0.022225110755066189      0.11738339789208264       67.822468564849601       3.0445409157023589      0.96114370049093523      0.05264345924461869     0.098983134970453163   2.1000388041142749e-09       2.1045919762829826       2.1045919762829826       1394.3348215226688                                                 1379.3902190069084                                              14.944602515760328
                       2       700.29305075736738     0.022083556704980786      0.11723747667596408       67.849302781910026        3.030873492642105      0.96604515766594801     0.047420559476979811     0.083142250283500585   2.0715319367952266e-09       2.1045919762829826       2.1045919762829826       1396.3769175621687                                                 1382.7326363816792                                              13.644281180489463
                       1       698.55372488835951     0.022192080437923395      0.11678309454665739       68.142449968721223       3.0463175854331093      0.96313048086446373     0.054723586553280329      0.07792217901238202   2.1037731958990518e-09       2.1045919762829826       2.1045919762829826        1392.898265824153                                                 1381.3529488090162                                              11.545317015136821
                       3       697.16867421742552      0.02223027165538155      0.11711948153338085       68.242959455374759       3.0463386154255354      0.96222745750418526     0.053940878116325711      0.06955124696617021    2.103817438698639e-09       2.1045919762829826       2.1045919762829826        1390.128164482285                                                 1378.8653858156551                                              11.262778666629753
                      10       696.92756079587411     0.022284152306766152      0.11704791826970271       68.431880696861569        3.042012157398609      0.96018628182403887      0.05125500803351541     0.052212553610934298   2.0947350223675455e-09       2.1045919762829826       2.1045919762829826       1389.6459376391822                                                 1378.9952617950917                                              10.650675844090529
                       4       699.79566537026994     0.022518103598322136      0.11640826003448922       68.816779592311264       3.0586455754715267      0.95189892516427921     0.057965166628733307     0.041140959858776971   2.1298690148982465e-09       2.1045919762829826       2.1045919762829826       1395.3821467879739                                                 1384.9817107319757                                              10.400436055998279
                       7       699.55543253894484     0.022478268937387944      0.11658819916152444       68.803828910491589       3.0583989743453444      0.95243440833362625     0.057941168781006046      0.02881745267605864   2.1293438515561488e-09       2.1045919762829826       2.1045919762829826       1394.9016811253236                                                 1384.5077762401518                                              10.393904885171958
                       5       701.49592636497152     0.022727241263995807      0.11680546112799188       69.026937803953828       3.0618889649518066      0.94339822966134923     0.056753442730605015     0.019933749910534895   2.1367882244356596e-09       2.1045919762829826       2.1045919762829826        1398.782668777377                                                 1388.2870745634802                                              10.495594213896821
                       1       701.59741598839605      0.02273315086232534      0.11680734439141666       69.026371605326062       3.0617279042972361      0.94317128152477436     0.056605459076678119     0.020237741850627638   2.1364440996387799e-09       2.1045919762829826       2.1045919762829826       1398.9856480242261                                                 1388.4920014357331                                              10.493646588492997
                       3       701.59007538237734      0.02273315086232534      0.11680734439141666       69.026371605326062       3.0605194572100891      0.94426247524973272     0.056605459076678119     0.020237741850627638   2.1338638793335764e-09       2.1045919762829826       2.1045919762829826       1398.9709668121886                                                 1388.4773202236956                                              10.493646588492997
                       9       701.31502753878067     0.022722686798269671      0.11687469949226016       69.009052418389999       3.0609366531733491      0.94446562228694697     0.056823930025435024     0.018904170226158781   2.1347543044581491e-09       2.1045919762829826       2.1045919762829826       1398.4208711249953                                                  1387.946760277483                                              10.474110847512296
                       2       701.80483560724144     0.022722686798269671      0.11687469949226016       69.009052418389999        3.062807909476648      0.94154127725954773     0.056823930025435024     0.018904170226158781   2.1387527167667421e-09       2.1045919762829826       2.1045919762829826       1399.4004872619169                                                 1388.9263764144046                                              10.474110847512296
                       1       701.28935950887546     0.022673002782810221      0.11662496467753225       69.185199722696325       3.0623334805274363      0.94406603113280818     0.057499393258852442    0.0063307450770393077   2.1377382712228973e-09       2.1045919762829826       2.1045919762829826       1398.3695350651849                                                 1387.3757517878728                                              10.993783277311994
                       2       698.29107019871844     0.022217703946685409      0.11705189743493792       68.586620267914668       3.0284971673295877      0.96029800135945209      0.04474967987075415     0.023523753261404448   2.0666151472775527e-09       2.1045919762829826       2.1045919762829826       1392.3729564448709                                                 1382.0539345968471                                              10.319021848023716
                       2       699.01033548187888     0.022208257564424124      0.11684817544640179        68.64102458353733       3.0360551093843453      0.95944702900096435     0.048795187497096736     0.010327017796719937   2.0822936788939008e-09       2.1045919762829826       2.1045919762829826       1393.8114870111917                                                 1383.4776030509643                                               10.33388396022746
                       4       698.78008230951548     0.022213977784890874      0.11678210739295657       68.656384138571227       3.0384525405136551      0.95956084747452675     0.050060666211670581     0.013430638666319293   2.0872918235398512e-09       2.1045919762829826       2.1045919762829826       1393.3509806664649                                                 1383.0125118969045                                              10.338468769560427
                       1       698.12405844242983     0.022223916729924686      0.11703988405877402       68.649763242315984       3.0400685794527869      0.95847968669503381     0.050364941238430896    0.0049866845743513858   2.0906676954395476e-09       2.1045919762829826       2.1045919762829826       1392.0389329322936                                                 1381.7058892873595                                              10.333043644934049
                      10       698.40492143517213     0.022223916729924686      0.11703988405877402       68.649763242315984       3.0341035453151295      0.96840787990144761     0.050364941238430896    0.0049866845743513858   2.0782339121046167e-09       2.1045919762829826       2.1045919762829826       1392.6006589177782                                                 1382.2676152728441                                              10.333043644934049
                       5       698.64927862601485     0.022223916729924686      0.11703988405877402       68.649763242315984       3.0355061003322934      0.96774662485117124     0.050364941238430896    0.0049866845743513858   2.0811507945707833e-09       2.1045919762829826       2.1045919762829826       1393.0893732994637                                                 1382.7563296545295                                              10.333043644934049
                       2       699.42214555454927     0.022223916729924686      0.11703988405877402       68.649763242315984       3.0401575720919904      0.96458817557123311     0.050364941238430896    0.0049866845743513858   2.0908537577544283e-09       2.1045919762829826       2.1045919762829826       1394.6351071565325                                                 1384.3020635115984                                              10.333043644934049
                       1       699.49892460168201     0.022223916729924686      0.11703988405877402       68.649763242315984       3.0399671014743266      0.96485038634858411     0.050364941238430896    0.0049866845743513858   2.0904555494724359e-09       2.1045919762829826       2.1045919762829826        1394.788665250798                                                 1384.4556216058638                                              10.333043644934049
                       5       699.66491878647025     0.022235169950248133      0.11683275060576666       68.751444509070865       3.0360160069744593      0.96558042173011083     0.048630029939822218     0.007310006412652531   2.0822122577848564e-09       2.1045919762829826       2.1045919762829826       1395.1206536203745                                                 1384.7037355251894                                              10.416918095185224
                       2       699.73582534201944     0.022236154195194809      0.11680779709582298       68.753735278340528        3.036793900094418      0.96549831901621264     0.049038831574625782    0.0072074274048380222   2.0838326265296206e-09       2.1045919762829826       2.1045919762829826       1395.2624667314728                                                 1384.8381172423035                                              10.424349489169373
                       1        699.1921696881534     0.022236154195194809      0.11680779709582298       68.753735278340528       3.0358259484821941       0.9657994390772392     0.049038831574625782    0.0072074274048380222   2.0818165532672591e-09       2.1045919762829826       2.1045919762829826       1394.1751554237408                                                 1383.7508059345714                                              10.424349489169373
                       6       699.63704895868113      0.02219041001268374      0.11615740499723559       68.751074153250713       3.0440603713845449      0.97048787135413828     0.054829610537853422     0.042823544399581789   2.0990298848343982e-09       2.1045919762829826       2.1045919762829826       1395.0649139647962                                                  1384.343590114956                                              10.721323849840267
                       3       699.08941668165335      0.02219041001268374      0.11615740499723559       68.751074153250713       3.0481065691118818      0.96580280677170893     0.054829610537853422     0.042823544399581789   2.1075401803425238e-09       2.1045919762829826       2.1045919762829826       1393.9696494107407                                                 1383.2483255609004                                              10.721323849840267
                       1       698.05028277794725     0.022149139893800358      0.11693543057917533       68.681811086019593       3.0473419386697556      0.96424682415692387     0.053573469964418856    0.0083925517409154313   2.1059293069025494e-09       2.1045919762829826       2.1045919762829826       1391.8913816033285                                                 1381.5232963708906                                              10.368085232437716
                       6       698.04475137156953     0.022143748542988319      0.11701153740115905        68.63375852198061       3.0489843658387068      0.96421881213737815     0.054341518410208296     0.010439606019928382   2.1093909844105156e-09       2.1045919762829826       2.1045919762829826        1391.880318790573                                                 1381.5645749706641                                              10.315743819908983
                      29       698.10424992898572     0.022163126305195881      0.11677549957550089       68.781261838988272       3.0485832747880237      0.96367701434375586       0.0542425479838715   0.00050041689544710888   2.1085450962147101e-09       2.1045919762829826       2.1045919762829826       1391.9993159054054                                                  1381.413836184242                                              10.585479721163498
                       4       698.03008863256366     0.022163126305195881      0.11677549957550089       68.781261838988272       3.0487245379559633      0.95927208978717293       0.0542425479838715   0.00050041689544710888   2.1088429770140417e-09       2.1045919762829826       2.1045919762829826       1391.8509933125613                                                 1381.2655135913978                                              10.585479721163498
                       3       698.81759309261702     0.022341937407010629      0.11704266334961974       68.772259316700513       3.0342836095402963      0.95262220047073431     0.044692323823117636    0.0059618536948225073   2.0786081613771571e-09       2.1045919762829826       2.1045919762829826        1393.426002232668                                                 1383.0666517440779                                              10.359350488590099
                       7       698.75571272798879      0.02233268470942118       0.1171771048524895       68.737604287319982       3.0319019335157118      0.95297394959851534     0.043421466833369338    0.0068662222535163017   2.0736634808056245e-09       2.1045919762829826       2.1045919762829826       1393.3022415034116                                                 1382.9644463062691                                              10.337795197142404
                       6       698.06046727469129      0.02233268470942118       0.1171771048524895       68.737604287319982       3.0272371622733631      0.95933699445956611     0.043421466833369338    0.0068662222535163017   2.0640128415461904e-09       2.1045919762829826       2.1045919762829826       1391.9117505968165                                                 1381.5739553996741                                              10.337795197142404
                       8       697.86256593136488     0.022314266756342238      0.11728855896650583       68.667291207230335       3.0270665539821708      0.95999329468173977     0.043392266480211793     0.011494903027553221   2.0636607338793931e-09       2.1045919762829826       2.1045919762829826       1391.5159479101637                                                 1381.1614075641862                                              10.354540345977567
                       7       698.59429375698232     0.022314266756342238      0.11728855896650583       68.667291207230335        3.029131776185138      0.96011707154033887     0.043392266480211793     0.011494903027553221   2.0679270557813781e-09       2.1045919762829826       2.1045919762829826       1392.9794035613986                                                 1382.6248632154211                                              10.354540345977567
                       2        699.0283618055264     0.022337594293635077       0.1171932064555553       68.714581938221798       3.0280384396546296      0.95934352687267344     0.042718682691006003    0.0097848541853071611   2.0656673511227926e-09       2.1045919762829826       2.1045919762829826       1393.8475396584868                                                 1383.5067592088606                                               10.34078044962612
                       2       699.16028134205453     0.022337594293635077       0.1171932064555553       68.714581938221798       3.0265739018237636      0.96098714207574176     0.042718682691006003    0.0097848541853071611   2.0626443173550818e-09       2.1045919762829826       2.1045919762829826        1394.111378731543                                                 1383.7705982819168                                               10.34078044962612
                       3       700.10244644276054     0.022337594293635077       0.1171932064555553       68.714581938221798       3.0159709204681042      0.96551400662343456     0.042718682691006003    0.0097848541853071611   2.0408896739641402e-09       2.1045919762829826       2.1045919762829826        1395.995708932955                                                 1385.6549284833288                                               10.34078044962612
                       1       699.70812800487954      0.02214071089097177      0.11624286212810638       68.763687665569734       3.0227180533555909      0.97634111741988072     0.049821186840952908     0.038996090245209794   2.0547063869867556e-09       2.1045919762829826       2.1045919762829826        1395.207072057193                                                 1384.3440355795924                                               10.86303647760071
                       2       699.80580681609558     0.022129962417241945        0.116243069907014       68.731402395628464       3.0215354749258325       0.9767616797043841     0.049344230864441167     0.041768757381466265   2.0522779717127888e-09       2.1045919762829826       2.1045919762829826       1395.4024296796251                                                 1384.6315649992146                                              10.770864680410455
                       6       699.42206046285537     0.022129962417241945        0.116243069907014       68.731402395628464       3.0234862824398063      0.97913889221837791     0.049344230864441167     0.041768757381466265   2.0562854786671782e-09       2.1045919762829826       2.1045919762829826       1394.6349369731447                                                 1383.8640722927344                                              10.770864680410455
                       6       699.52350967300504     0.022170637455958972      0.11611346162504962       68.774538237448823        3.023239165231538      0.97827683492497841     0.049013060462301375     0.047361584112184121   2.0557773979206207e-09       2.1045919762829826       2.1045919762829826        1394.837835393444                                                 1383.9291724940394                                              10.908662899404503
                       7       699.40384648573684     0.022178397696704773      0.11609797314011652       68.769629947735723       3.0249595158090536      0.97802481952859222     0.049821202947717198     0.049278445268388697     2.05931709964532e-09       2.1045919762829826       2.1045919762829826       1394.5985090189076                                                 1383.7198682563383                                              10.878640762569338
                      10       699.40604018492832     0.022176773559461811      0.11609950347851783       68.764417454727791       3.0248568662450603      0.97809347857088047     0.049786126070230544     0.049775539801784292   2.0591057224919894e-09       2.1045919762829826       2.1045919762829826       1394.6028964172906                                                 1383.7403796326223                                              10.862516784668296
                       4       699.49954098330409     0.022176773559461811      0.11609950347851783       68.764417454727791       3.0241666349311767      0.97860692473890165     0.049786126070230544     0.049775539801784292   2.0576849536297142e-09       2.1045919762829826       2.1045919762829826       1394.7898980140421                                                 1383.9273812293739                                              10.862516784668296
                       1       698.28149652856109     0.022261316600758793      0.11666859248904166       68.875822182116352        3.030664860045619      0.97353777654741469     0.051217575681449412     0.018725791835111995   2.0710997927897796e-09       2.1045919762829826       2.1045919762829826       1392.3538091045561                                                  1381.574117267214                                              10.779691837342117
                       1       698.22254382499261     0.022267741050880734      0.11669349796047906       68.855574420378616       3.0312860638955677      0.97324552387581797      0.05142550807898575       0.0206095092681923   2.0723867676501714e-09       2.1045919762829826       2.1045919762829826       1392.2359036974192                                                 1381.5469032397698                                              10.689000457649406
                       2       698.26385611807666     0.022270889198054811      0.11665617477424539       68.876434574932389       3.0320278628496391      0.97335732746849535     0.051836249037279958     0.021322679889622467   2.0739246323095242e-09       2.1045919762829826       2.1045919762829826       1392.3185282835873                                                 1381.5458455873934                                              10.772682696193794
                       3       697.92951535748284     0.022133408795430461      0.11763791586802982       68.625515105633966        3.028549272385229      0.97648482611847054     0.050112750139368362    0.0073869678802937662   2.0667228311802044e-09       2.1045919762829826       2.1045919762829826       1391.6498467623996                                                  1381.367191243605                                              10.282655518794709
                       4       697.95863420500189     0.022132398712735413      0.11759703455516141       68.628936720660036       3.0288644568972787       0.9766817913286997     0.050351384803661886    0.0090505279257929346   2.0673743328735201e-09       2.1045919762829826       2.1045919762829826       1391.7080844574377                                                 1381.4256676008199                                              10.282416856617811
                       7       697.48241385443362     0.022269489504103769      0.11754166345982744       68.675101946458909        3.047067805362357      0.97014560336921385     0.057974994854605139    0.0038267374392013682   2.1053520806585852e-09       2.1045919762829826       2.1045919762829826       1390.7556437563012                                                 1380.4309066236081                                               10.32473713269318
                       1       697.41079600137027     0.022269489504103769      0.11754166345982744       68.675101946458909       3.0463951437146606      0.96846499860510737     0.057974994854605139    0.0038267374392013682   2.1039363672604628e-09       2.1045919762829826       2.1045919762829826       1390.6124080501745                                                 1380.2876709174814                                               10.32473713269318
                       2       698.61057796793045       0.0223248672321513      0.11786464971742897       68.324738893324778       3.0514527428360894      0.96706875028195327     0.059606883402009744     0.047886579578083247   2.1146041880239081e-09       2.1045919762829826       2.1045919762829826       1393.0119719832949                                                 1381.3960107883452                                              11.615961194949641
                       1        699.4983997163406     0.022212889480202651      0.11784918343265063        68.26743881202178       3.0558511424244341      0.97117270745302675     0.063047763901055626     0.047677424555895555   2.1239255467166269e-09       2.1045919762829826       2.1045919762829826       1394.7876154801152                                                 1383.3041712765601                                              11.483444203555189
                       4       700.60470056750944     0.022278298217031943      0.11660406595045614       68.497761305496027       3.0586781939757528      0.97242956972188543     0.065735006491118783     0.078555355311747066   2.1299384891727775e-09       2.1045919762829826       2.1045919762829826       1397.0002171824528                                                 1386.6791258486023                                              10.321091333850411
                       6       699.04829704981296     0.022335637473206646      0.11724697419115056       68.304794092640947       3.0502029787084717       0.9685619687237198       0.0598501629990996      0.07642384597193351   2.1119630822889724e-09       2.1045919762829826       2.1045919762829826       1393.8874101470599                                                 1382.5842412138411                                              11.303168933218876
                       2       699.82936609539809     0.022335637473206646      0.11724697419115056       68.304794092640947       3.0707737484443922       0.9487343750379772       0.0598501629990996      0.07642384597193351   2.1558577138774753e-09       2.1045919762829826       2.1045919762829826       1395.4495482382301                                                 1384.1463793050114                                              11.303168933218876
                       5       700.37052645223389     0.022292608558275046      0.11946417664954077       67.993283285881489       3.0578552214610837      0.94328095247184152     0.050240916701206881    0.0092620581032624022   2.1281863294268009e-09       2.1045919762829826       2.1045919762829826       1396.5318689519017                                                 1379.9357790241222                                              16.596089927779524
                       4       699.98269424782632     0.022292608558275046      0.11946417664954077       67.993283285881489       3.0579157236756496       0.9456522153514032     0.050240916701206881    0.0092620581032624022   2.1283150933079505e-09       2.1045919762829826       2.1045919762829826       1395.7562045430866                                                 1379.1601146153071                                              16.596089927779524
                       3       700.00826015029236     0.022300096876441685      0.11777850483728947       68.272221872948663       3.0384177767909022      0.95040198117770935     0.042991782600810512     0.045114244634998996    2.087219262766842e-09       2.1045919762829826       2.1045919762829826       1395.8073363480187                                                 1383.9339783926794                                              11.873357955339401
                       3       699.91616151395954     0.022295120597101432      0.11776134810988559       68.284368285432507       3.0385793023490715      0.95051185717991471     0.043140186812979153     0.043066828721418142   2.0875564292530511e-09       2.1045919762829826       2.1045919762829826        1395.623139075353                                                 1383.8489824225919                                              11.774156652761073
                       3       701.29832276653292     0.022244892283561919      0.11755830956168854       68.064455772833711       3.0357403252617106      0.95245631450752266       0.0425297257664548     0.066667509410566525   2.0816383090605428e-09       2.1045919762829826       2.1045919762829826       1398.3874615804998                                                 1385.4147151928555                                              12.972746387644367
                       1       701.19938600857813     0.021984002256564602      0.11608529828703026       68.323786793107544       3.0482050168975983      0.96549268178312264     0.053843517179332528     0.075942555171206697   2.1077476732200264e-09       2.1045919762829826       2.1045919762829826       1398.1895880645902                                                 1387.9083703166502                                              10.281217747939907
                       4       701.08808778269099     0.021954186432897704      0.11666741706201214       68.086004331268768       3.0567145551952501      0.96563971348006039     0.057625421372364635     0.084677987961716508   2.1257601630595419e-09       2.1045919762829826       2.1045919762829826       1397.9669916128159                                                 1387.1035393361431                                              10.863452276672966
                      10        699.4948444868636     0.022003200357393105       0.1176410251125916       68.579421490023449       3.0538341329909291      0.96181366502821108     0.054160377195701173    0.0018513628710015717   2.1196458863614131e-09       2.1045919762829826       2.1045919762829826       1394.7805050211612                                                 1384.4872459562971                                              10.293259064863966
                       7       697.96176238622763     0.022003200357393105       0.1176410251125916       68.579421490023449       3.0428582837443789      0.97014786333009118     0.054160377195701173    0.0018513628710015717   2.0965081829105148e-09       2.1045919762829826       2.1045919762829826       1391.7143408198892                                                 1381.4210817550252                                              10.293259064863966
                       1       698.16203315950304     0.022042367230457448      0.11649537499802719       68.722838346680675       3.0378624913595456      0.97196871938765683     0.053019051540546008     0.033735143091298977   2.0860605820472148e-09       2.1045919762829826       2.1045919762829826         1392.11488236644                                                  1381.241300149472                                              10.873582216968027
                      11        699.6752559451694     0.022035945656897395      0.11596620349523441       68.868356443397218       3.0425737040500374      0.97424208989899341     0.056345824509991912     0.044590140675709697   2.0959116441380743e-09       2.1045919762829826       2.1045919762829826       1395.1413279377728                                                 1383.0343036354113                                              12.107024302361344
                       3       699.54874046131613     0.022031167530384338      0.11604784448561672       68.860023944232637       3.0421919079648001      0.97417509779621325     0.056075121133412016     0.041736535362367641   2.0951115860165873e-09       2.1045919762829826       2.1045919762829826       1394.8882969700662                                                 1382.8908433794459                                              11.997453590620268
                       2       699.03988011908916     0.022162894384681393      0.11661734005517252       68.697814761263359       3.0365350876275392      0.96936992777002529     0.051094587809983112     0.059342823128951581   2.0832933744525764e-09       2.1045919762829826       2.1045919762829826       1393.8705762856123                                                 1383.2963228477038                                              10.574253437908515
                       1       698.51166894825951     0.022183549673524854       0.1169886356137982       68.756384659025045       3.0374140781743066      0.96748017856146351     0.050719718186588783      0.03901568349575333   2.0851253746723471e-09       2.1045919762829826       2.1045919762829826        1392.814153943953                                                 1382.2599579550927                                              10.554195988860362
                       1       698.57381197613722     0.022183549673524854       0.1169886356137982       68.756384659025045       3.0401685085232821      0.96587629527971863     0.050719718186588783      0.03901568349575333   2.0908766243579299e-09       2.1045919762829826       2.1045919762829826       1392.9384399997084                                                 1382.3842440108481                                              10.554195988860362
                       1       697.65375422945215     0.022189904294967498      0.11711727919775952       68.646436386088951       3.0355510599254267      0.96444527499906429     0.048039166443619163     0.037586160663839872   2.0812443643671709e-09       2.1045919762829826       2.1045919762829826       1391.0983245063383                                                 1380.7941191176226                                               10.30420538871571
                       1       698.26256623503184     0.022189904294967498      0.11711727919775952       68.646436386088951       3.0289269222429183      0.97260128956660374     0.048039166443619163     0.037586160663839872   2.0675034761592374e-09       2.1045919762829826       2.1045919762829826       1392.3159485174976                                                  1382.011743128782                                               10.30420538871571
                       4       697.90585233572813     0.022133115191368569      0.11771746417432523        68.36229699679005        3.036187589281103      0.97272630566213103     0.051353857174236593     0.039711584962964973   2.0825695592193945e-09       2.1045919762829826       2.1045919762829826       1391.6025207188902                                                 1380.8800383434141                                              10.722482375476099
                       3       697.57613977198525     0.022133115191368569      0.11771746417432523        68.36229699679005       3.0446007354653304      0.96194338021613768     0.051353857174236593     0.039711584962964973   2.1001644316952372e-09       2.1045919762829826       2.1045919762829826       1390.9430955914045                                                 1380.2206132159283                                              10.722482375476099
                      13       697.83172754195175     0.022176020794078481       0.1173906362360131       68.462366613500038       3.0339541870602083      0.96097585893323823      0.04599976512311385     0.039664515004959836   2.0779235338935375e-09       2.1045919762829826       2.1045919762829826       1391.4542711313375                                                 1381.0151134958155                                              10.439157635521958
                       1       697.57291579063337     0.022034027912221879      0.11777182959840021       68.452953295089401       3.0408806656454508      0.96432201992025834     0.050332488381693387     0.010187095157767549   2.0923661873760434e-09       2.1045919762829826       2.1045919762829826       1390.9366476287007                                                  1380.546622087244                                              10.390025541456597
                       4       699.88234939876713     0.022034027912221879      0.11777182959840021       68.452953295089401       3.0410430774996056      0.96994051132337855     0.050332488381693387     0.010187095157767549   2.0927060400454102e-09       2.1045919762829826       2.1045919762829826       1395.5555148449682                                                 1385.1654893035115                                              10.390025541456597
                       5       699.84439690022043     0.022053842181356684      0.11769904578060957       68.461501168978515       3.0392323765840699      0.96935881723904049     0.049314714764268429     0.012557601960549966   2.0889202038456548e-09       2.1045919762829826       2.1045919762829826       1395.4796098478748                                                 1385.0947471745606                                              10.384862673314204
                       1        701.3230931236177     0.022241866810500589      0.11717637074158782       68.575348818459915       3.0271977062611031      0.96370325873353291     0.042022148783388724     0.028996417238845586   2.0639314054367918e-09       2.1045919762829826       2.1045919762829826       1398.4370022946694                                                 1388.0996380560828                                              10.337364238586668
                       4       702.68374375240705     0.022241866810500589      0.11717637074158782       68.575348818459915       3.0087229601987566      0.97983114156960172     0.042022148783388724     0.028996417238845586    2.026150864368987e-09       2.1045919762829826       2.1045919762829826       1401.1583035522481                                                 1390.8209393136615                                              10.337364238586668
                       4       702.14087189545364     0.022362816926777631      0.11772109620394301       68.477094821139261         3.01857760377957      0.97383443235431311     0.045097036197463108     0.022403308535827816   2.0462165667628227e-09       2.1045919762829826       2.1045919762829826       1400.0725598383412                                                 1389.0130593704962                                              11.059500467845055
                       2       702.46289962786409      0.02226485494670408      0.11745725276798595       68.510516143389907         3.01134747181136      0.97606286377010398     0.042024199996409828     0.015576600052444668   2.0314755050757232e-09       2.1045919762829826       2.1045919762829826       1400.7166153031621                                                  1390.099007175045                                               10.61760812811713
                       1       699.25667989186195      0.02226485494670408      0.11745725276798595       68.510516143389907       3.0266332329840595       0.9556260482699106     0.042024199996409828     0.015576600052444668   2.0627667000662266e-09       2.1045919762829826       2.1045919762829826       1394.3041758311579                                                 1383.6865677030407                                               10.61760812811713
                      12       698.80378543386269     0.022136264468929162      0.11611953142415106       69.083932021205158        3.041295186733171      0.96988613889436093     0.054839591907439346     0.012457269004764905   2.0932336970720534e-09       2.1045919762829826       2.1045919762829826       1393.3983869151593                                                 1380.4712776459703                                              12.927109269189124
                       1       698.94139075209603     0.022106159774538333      0.11630798026382334       68.534489397031834       3.0508329337487394      0.97312946847778936     0.060977261506283256     0.070544224267202527   2.1132939432247847e-09       2.1045919762829826       2.1045919762829826        1393.673597551626                                                 1383.3210379999744                                              10.352559551651696
                       1       699.39195564805277     0.022328440050224069      0.11672990613710177       68.222499648098932       3.0303581690122461      0.96258193975819983     0.047262010791593277      0.10288381116972506   2.0704647024473451e-09       2.1045919762829826       2.1045919762829826       1394.5747273435395                                                 1383.2035109860076                                              11.371216357532026
                       8       699.39326929653942     0.022316991700629049       0.1167883678495249       68.188514923299621       3.0301482581092132      0.96223561027961391     0.046980006745595479      0.10121262515882397   2.0700301349437811e-09       2.1045919762829826       2.1045919762829826       1394.5773546405128                                                  1382.997645382856                                              11.579709257656727
                       9       700.73093748616111     0.022316991700629049       0.1167883678495249       68.188514923299621       3.0381939785392431       0.9537436261527571     0.046980006745595479      0.10121262515882397    2.086752199010981e-09       2.1045919762829826       2.1045919762829826       1397.2526910197562                                                 1385.6729817620994                                              11.579709257656727
                       3       701.43026944344444     0.022271419751944146      0.11670460151930505       68.182307867617055       3.0336761252555773       0.9550436151296946     0.045004720943559333      0.10191863404270621   2.0773458230492004e-09       2.1045919762829826       2.1045919762829826       1398.6513549343229                                                 1387.2714497008062                                              11.379905233516611
                       3       701.71680439487773     0.022359247198805776       0.1153047193822984       68.931305893125383       3.0374172243993489      0.96209550008700273     0.050292648983511663     0.099013375230461761   2.0851319349563371e-09       2.1045919762829826       2.1045919762829826       1399.2244248371894                                                 1387.4339670444115                                              11.790457792777955
                       1       702.38734841885116     0.022250559576228592      0.11651175886412012       68.946745936213532       3.0262342537171083      0.95367911582780007     0.040285932762832502     0.019674522514990467   2.0619438630787069e-09       2.1045919762829826       2.1045919762829826       1400.5655128851363                                                 1389.3597734418481                                              11.205739443288179
                       5       698.98373166936324     0.022176759910498615      0.11785641584323386       68.419701642110752       3.0476610579986954      0.95169919421879823     0.049702821158621624     0.017423537245758527   2.1066014568920852e-09       2.1045919762829826       2.1045919762829826       1393.7582793861604                                                 1382.9806281324422                                              10.777651253718096
                       3       700.03892693813839     0.022407935290149811      0.11560749829327406       68.858633684095736       3.0407917825859472      0.95705966753252047     0.050333174299410435      0.08471022226503358   2.0921802197325169e-09       2.1045919762829826       2.1045919762829826       1395.8686699237107                                                 1384.9241265608298                                              10.944543362881026
                       1       700.72974336011089     0.022346761673318942      0.11591924410462755       68.285928523624449        3.038306831375218      0.95701258773310616     0.048957428628787943      0.12553665622168103   2.0869877082033066e-09       2.1045919762829826       2.1045919762829826       1397.2503027676557                                                 1386.5298979687695                                              10.720404798886221
                       3       700.52586119137698     0.022355242719312912      0.11595949215477308        68.27157740036175       3.0441818702188068      0.95879053626003874     0.052582050031211941      0.13484928015831318   2.0992849300120186e-09       2.1045919762829826       2.1045919762829826       1396.8425384301879                                                 1386.0865901259735                                              10.755948304214462
                       1       700.19986905938617       0.0220543171492266      0.11691015319929995       68.189883361675825       3.0438644982303522      0.96052595282113495     0.051328069271938753     0.072684126790442977    2.098618781493479e-09       2.1045919762829826       2.1045919762829826       1396.1905541662063                                                 1385.3571966113545                                              10.833357554851736
                       4       701.03104738319314     0.022022419658463497      0.11631080780037387       68.558469379345084       3.0506357330117604      0.96790620346251577     0.057470461323443287     0.071451366284850867   2.1128772411900523e-09       2.1045919762829826       2.1045919762829826       1397.8529108138202                                                 1387.2989872185351                                              10.553923595285125
                       3       702.26641036120782     0.022022419658463497      0.11631080780037387       68.558469379345084       3.0576858090348833      0.96635732817105402     0.057470461323443287     0.071451366284850867   2.1278258187556818e-09       2.1045919762829826       2.1045919762829826       1400.3236367698496                                                 1389.7697131745645                                              10.553923595285125
                       8       702.03068908643922     0.022047325384270917      0.11656875395995417       68.311122577431163       3.0679573089741599      0.96090940064469343     0.061103824783388327     0.063222849035227069    2.149794413587043e-09       2.1045919762829826       2.1045919762829826       1399.8521942203124                                                 1389.4500900184562                                              10.402104201856142
                       7        702.4671188968349     0.022101897212685104      0.11691881468302778       68.230702919744644       3.0741686293947357      0.95727083133506952     0.063040565275949798     0.056580900174101834   2.1631890315961503e-09       2.1045919762829826       2.1045919762829826       1400.7250538411038                                                 1389.8194615887066                                              10.905592252397216
                       5       702.56544302723171     0.022370337911930854      0.11609849347929185       68.254635442285633       3.0753400579117254      0.95453122830318748     0.064255418901593003      0.10955445080457621   2.1657245377075386e-09       2.1045919762829826       2.1045919762829826       1400.9217021018974                                                 1389.8129472330131                                              11.108754868884184
                       2       702.45199305930589      0.02243821736558993      0.11626219156129299       68.189372404320153       3.0752585210039696      0.95229817055373833     0.063551745613316293       0.1178834417607966   2.1655479584246455e-09       2.1045919762829826       2.1045919762829826       1400.6948021660457                                                  1388.892957663008                                              11.801844503037728
                       1       704.10376615893904      0.02243821736558993      0.11626219156129299       68.189372404320153       3.0822714350176703      0.94262666362337566     0.063551745613316293       0.1178834417607966   2.1807881366187345e-09       2.1045919762829826       2.1045919762829826        1403.998348365312                                                 1392.1965038622743                                              11.801844503037728
                       3       703.82520449689014     0.022394614969564124      0.11604409734987023       68.122048900680596       3.0798652979891794      0.94573846170452081     0.063437228465281228      0.13529700262352459   2.1755471693032302e-09       2.1045919762829826       2.1045919762829826       1403.4412250412142                                                 1391.6401238587391                                              11.801101182475021
                       2       707.58047720614491     0.022207654681138576      0.11800473559401109       67.534464016665993       3.0803425105658193      0.94517499422589435      0.06147606784965156      0.12630288831179401   2.1765856155335888e-09       2.1045919762829826       2.1045919762829826       1410.9517704597238                                                 1391.7749587099108                                              19.176811749812881
                       1       706.87747995093639       0.0222184198168285      0.11769620817334066       67.619391967500249       3.0800050227766964      0.94666243683568552     0.062048218904323028      0.13197761503376718   2.1758511684068048e-09       2.1045919762829826       2.1045919762829826       1409.5457759493067                                                 1392.1128424191782                                              17.432933530128565
                       3        706.7004850920033       0.0222184198168285      0.11769620817334066       67.619391967500249       3.0778918619069628      0.94746507112416745     0.062048218904323028      0.13197761503376718   2.1712580995152664e-09       2.1045919762829826       2.1045919762829826       1409.1917862314406                                                  1391.758852701312                                              17.432933530128565
                       4       707.53620726596057     0.022137228480611056      0.11768085719602872       67.611972059102698       3.0770387393014995      0.95058624118401092     0.062410270029889268      0.13166508962994103   2.1694065400641861e-09       2.1045919762829826       2.1045919762829826       1410.8632305793551                                                 1394.1622485399985                                              16.700982039356692
                       4       707.43368768446157     0.022144072265991372      0.11774039842347167       67.602606466479045       3.0765459351287801       0.9498664017727988     0.061887983130920025      0.12989020396190246   2.1683377108522962e-09       2.1045919762829826       2.1045919762829826       1410.6581914163571                                                 1393.6564955740437                                              17.001695842313364
                       1       706.13498797177556     0.022250075385938265      0.11741559266285793       67.764155058905743       3.0766122756040044      0.94870968699647884     0.062030114369857677      0.13545804283433663   2.1684815641780776e-09       2.1045919762829826       2.1045919762829826       1408.0607919909851                                                 1392.7505218205476                                              15.310270170437523
                       2        705.3279731763879     0.022268885798178668      0.11694314704540097       67.679738280290209       3.0655691021468661      0.94692911484317954     0.056275439087118857      0.14994375128119494   2.1446663857241351e-09       2.1045919762829826       2.1045919762829826       1406.4467624002098                                                 1390.4330137475192                                              16.013748652690619
                       1       705.00917547037034       0.0222731021244768      0.11681197685426535       67.702322021271769       3.0678972948084109      0.94747455186836882     0.057793894288801245      0.15169670499084942     2.14966539934016e-09       2.1045919762829826       2.1045919762829826       1405.8091669881746                                                 1390.2119784987879                                              15.597188489386886
                       5       706.01814622428947     0.022244669298728832      0.11691391359683288       67.579738533816837       3.0676964514344953      0.94807772357507336      0.05779304811960833      0.15967362410987523   2.1492336966423312e-09       2.1045919762829826       2.1045919762829826       1407.8271084960129                                                 1390.7726294244635                                              17.054479071549288
                       3       706.31606600703401     0.022225005591193569      0.11696371270358322       67.530711525252428        3.071541226288609      0.94831232395137066     0.059816244807856044      0.15850520850830552   2.1575129219946928e-09       2.1045919762829826       2.1045919762829826        1408.422948061502                                                  1390.724400177648                                              17.698547883854051
                       3       707.09090069312265     0.022078588077485601      0.11525074008977927       67.864424899880305       3.0741732122760319      0.96346455246748275     0.067124436109948976      0.19109447924843304   2.1631989452574201e-09       2.1045919762829826       2.1045919762829826       1409.9726174336793                                                 1398.6583247377862                                              11.314292695892988
                       4       708.65259900978424     0.022641345929842439      0.11621177243870325        68.23994701097871       3.0479715603883397      0.94107864482503745     0.046465560879490053      0.16652207636812408   2.1072556632395397e-09       2.1045919762829826       2.1045919762829826       1413.0960140670024                                                 1401.1842698965434                                              11.911744170459183
                       9       707.10681128071519     0.022641345929842439      0.11621177243870325        68.23994701097871       3.0420469834298127      0.94644650628698612     0.046465560879490053      0.16652207636812408   2.0948079749451152e-09       2.1045919762829826       2.1045919762829826       1410.0044386088643                                                 1398.0926944384053                                              11.911744170459183
                       1       704.41624675391245     0.022592619781437423      0.11627763235239327        68.28122203636245       3.0449389739558583       0.9461252125427545     0.047665062965575912      0.14691520502582525    2.100874908290966e-09       2.1045919762829826       2.1045919762829826       1404.6233095552589                                                 1393.0262170747578                                                11.5970924805011
                       2       703.35507283538982     0.022592619781437423      0.11627763235239327        68.28122203636245       3.0348136246983692      0.95566771100055214     0.047665062965575912      0.14691520502582525   2.0797101472191839e-09       2.1045919762829826       2.1045919762829826       1402.5009617182136                                                 1390.9038692377126                                                11.5970924805011
                       1       703.18997890315654     0.022595927077369429      0.11617265603262468       68.252525402334356       3.0384041866901406      0.95648496130789151     0.049937251734820456      0.15405233288662787   2.0871908974394934e-09       2.1045919762829826       2.1045919762829826       1402.1707738537471                                                 1390.4665660794005                                              11.704207774346616
                       1       703.21525727096252     0.022585756071115577      0.11620209528704663        68.22645856121396       3.0379809526302699      0.95663398632355534     0.049726592074893029       0.1550442416905741   2.0863077140720699e-09       2.1045919762829826       2.1045919762829826        1402.221330589359                                                 1390.3756561325122                                              11.845674456846917
                       1       703.11289706064679     0.022587298619227328      0.11604304101055386       68.221534586599248       3.0361013919152331      0.95642194288436722       0.0488453690711678      0.15751589167415198   2.0823900549456582e-09       2.1045919762829826       2.1045919762829826       1402.0166101687275                                                 1390.2145196970735                                              11.802090471654097
                       2       704.13732232213499     0.022575008934833832       0.1157540847751877       68.260837601102693       3.0328579371065016      0.95904737993946709      0.04821149196756732      0.17013538451888635   2.0756468584463799e-09       2.1045919762829826       2.1045919762829826       1404.0654606917039                                                 1392.8049638408208                                              11.260496850883046
                       7       705.17446454430114     0.022641793548438011      0.11515222194377558       68.366864128352361         3.04173499436257       0.9615624526501384     0.054349577654321468       0.1900936967399364   2.0941545196997063e-09       2.1045919762829826       2.1045919762829826       1406.1397451360363                                                 1395.4631755157877                                              10.676569620248451
                       2       705.22709156444705      0.02264128280166192      0.11507825093514579        68.37436673803839       3.0416252136199344      0.96189754856929133     0.054466535958825162      0.19191738470764999    2.093924634480056e-09       2.1045919762829826       2.1045919762829826       1406.2449991763281                                                  1395.620404319207                                              10.624594857121068
                       2         705.011573786442      0.02264128280166192      0.11507825093514579        68.37436673803839       3.0441025085805733      0.95950932441089376     0.054466535958825162      0.19191738470764999     2.09911833393161e-09       2.1045919762829826       2.1045919762829826        1405.813963620318                                                 1395.1893687631969                                              10.624594857121068
                       1        704.6720316368361      0.02264128280166192      0.11507825093514579        68.37436673803839       3.0454278841537872      0.96319132842132882     0.054466535958825162      0.19191738470764999    2.101902298588534e-09       2.1045919762829826       2.1045919762829826       1405.1348793211062                                                  1394.510284463985                                              10.624594857121068
                       1       704.93189938682997     0.022456540059336803      0.11484894674007949       68.490967974296211       3.0310075967266057      0.96926911433382823     0.048539306035137737      0.18162215514369998   2.0718097563170746e-09       2.1045919762829826       2.1045919762829826       1405.6546148210939                                                 1395.3571534799601                                              10.297461341133843
                       1       703.18356337624368     0.022452274405635721      0.11453420054186404       68.858509443892245       3.0364993722101965      0.96508147122338517     0.050147030392468275      0.12104435970657665   2.0832189700889599e-09       2.1045919762829826       2.1045919762829826       1402.1579427999213                                                 1390.7436784748832                                              11.414264325038204
                       1         703.111142977491     0.022452274405635721      0.11453420054186404       68.858509443892245       3.0441675738545739      0.95477703659947344     0.050147030392468275      0.12104435970657665   2.0992549180845617e-09       2.1045919762829826       2.1045919762829826        1402.013102002416                                                 1390.5988376773778                                              11.414264325038204
                       3       704.05537234769258     0.022591134273219647      0.11466886088900972       69.311102695933656       3.0596206343599248      0.95111924406536874     0.056960937333210129     0.077568322598116857   2.1319467754171601e-09       2.1045919762829826       2.1045919762829826       1403.9015607428191                                                  1389.898726565455                                               14.00283417736402
                       1        701.6118686524128     0.022575857730801608      0.11552010946836828       68.929851082796233       3.0683086216871565      0.95133860714424023     0.060942345647567529     0.099158240395946617   2.1505497963748844e-09       2.1045919762829826       2.1045919762829826       1399.0145533522596                                                 1388.1365045065718                                              10.878048845687744
                       3       701.38677997211948     0.022375467955774372      0.11541891183096847       68.974030727850831        3.067261138174191      0.95783621099053129     0.062030678462208541     0.085571501698088179   2.1482983103224952e-09       2.1045919762829826       2.1045919762829826       1398.5643759916729                                                  1386.721804865289                                              11.842571126384037
                       1       701.71959799810315     0.022375467955774372      0.11541891183096847       68.974030727850831       3.0687127046318547      0.95639022575932719     0.062030678462208541     0.085571501698088179   2.1514189724671143e-09       2.1045919762829826       2.1045919762829826       1399.2300120436403                                                 1387.3874409172563                                              11.842571126384037
                       8       700.47876942087873     0.022417998069592722      0.11636130657412661       68.374406312349592       3.0717463453039451      0.94865566427454695     0.060748255818651412      0.10100704346275294   2.1579555143113257e-09       2.1045919762829826       2.1045919762829826       1396.7483548891914                                                 1385.9395252345932                                              10.808829654598107
                       2       698.98865817365561     0.022417998069592722      0.11636130657412661       68.374406312349592       3.0619892593642146      0.95897023634061762     0.060748255818651412      0.10100704346275294   2.1370025431023728e-09       2.1045919762829826       2.1045919762829826       1393.7681323947452                                                  1382.959302740147                                              10.808829654598107
                       6       699.07791775063879     0.022326286322399674      0.11562380964837299       68.700755790174355       3.0544914739635494      0.96374307613554955      0.05862749855662476     0.085567737805570435   2.1210396744968011e-09       2.1045919762829826       2.1045919762829826       1393.9466515487115                                                 1383.3986725687705                                               10.54797897994094
                       7       697.53243583284745     0.022282388984906178      0.11657081623825205       68.652981838669319       3.0561974351968968      0.96021907248064009     0.057373478263019341     0.049711425578579771   2.1246611741465836e-09       2.1045919762829826       2.1045919762829826       1390.8556877131289                                                 1380.5416793984407                                               10.31400831468812
                      11       698.14479816311064     0.022392557469966493      0.11668414054950184       68.691340000024638       3.0611905036087701      0.95581865980316028     0.058723627667329206     0.043176091865669369    2.135296281555503e-09       2.1045919762829826       2.1045919762829826       1392.0804123736552                                                 1381.7556395615475                                              10.324772812107721
                       1       698.25799834773875     0.022392557469966493      0.11668414054950184       68.691340000024638       3.0606192326174684       0.9567872672628539     0.058723627667329206     0.043176091865669369   2.1340767970932298e-09       2.1045919762829826       2.1045919762829826       1392.3068127429115                                                 1381.9820399308037                                              10.324772812107721
                       1       698.66602430393436     0.022441349545430634      0.11660364366974973       68.785364608275572       3.0621510448198066      0.95594834940653506     0.059394160057976694     0.040479956961445414   2.1373483070014405e-09       2.1045919762829826       2.1045919762829826       1393.1228646553027                                                 1382.7598401031978                                              10.363024552104928
                       1       698.31996483799912     0.022547265512000078      0.11814461221635959       68.429738005938574       3.0530547830837893      0.94645758724961049     0.050578039392292898     0.037399832068227945   2.1179945840914249e-09       2.1045919762829826       2.1045919762829826       1392.4307457234322                                                 1380.2071178062129                                              12.223627917219348
                       3       698.20927383976164     0.022547265512000078      0.11814461221635959       68.429738005938574       3.0452282051915285      0.95270985294945143     0.050578039392292898     0.037399832068227945   2.1014826348191902e-09       2.1045919762829826       2.1045919762829826       1392.2093637269572                                                 1379.9857358097379                                              12.223627917219348
                       2       698.30221952018712     0.022540334577325905      0.11818129365050598       68.434941274799428       3.0405847242311381      0.95165522362856747     0.047757520376410054     0.031800641746711773   2.0917470611843507e-09       2.1045919762829826       2.1045919762829826       1392.3952550878082                                                 1380.1619562896972                                              12.233298798111059
                       7       698.71835677736999     0.022540334577325905      0.11818129365050598       68.434941274799428       3.0486076058406164      0.94600200524719458     0.047757520376410054     0.031800641746711773   2.1085963999604744e-09       2.1045919762829826       2.1045919762829826       1393.2275296021739                                                 1380.9942308040629                                              12.233298798111059
                       6       698.77926596028169     0.022548158284557467      0.11821386679828141       68.436465542559077       3.0490911525663358      0.94558251564014839     0.047863057047841308     0.030532385792404717   2.1096162513985792e-09       2.1045919762829826       2.1045919762829826       1393.3493479679973                                                 1381.0519937697261                                              12.297354198271261
                       5       698.19095480953365      0.02250714645175278      0.11762382678717227       68.626439894296013       3.0472184670884332      0.95157788971261303     0.049139390979524612     0.042355694975672972    2.105669300532902e-09       2.1045919762829826       2.1045919762829826       1392.1727256665013                                                 1381.5024034053013                                              10.670322261200042
                       3        698.0412123670975      0.02250714645175278      0.11762382678717227       68.626439894296013       3.0449629771361768      0.95371138965193247     0.049139390979524612     0.042355694975672972   2.1009253365754334e-09       2.1045919762829826       2.1045919762829826        1391.873240781629                                                  1381.202918520429                                              10.670322261200042
                       3       697.92110253352701     0.022513561940639897      0.11790499563765969       68.637676662150042       3.0488051209264695      0.94753376754009855      0.04892657937757728     0.003527017349785902   2.1090129206926522e-09       2.1045919762829826       2.1045919762829826        1391.633021114488                                                 1380.6275678180571                                              11.005453296430963
                      14       698.09596155472593     0.022513198304815289      0.11792869223219403       68.635961295917056       3.0461612514804153      0.94715131381175588     0.047398321294655432    0.0028078011939748366   2.1034443304268545e-09       2.1045919762829826       2.1045919762829826       1391.9827391568858                                                 1380.9607611990391                                              11.021977957846657
                       3       697.81649954181398     0.022479014952419454      0.11777414990799054       68.544655688996485       3.0440310762780869      0.95092001241316471     0.047609768943753031     0.027581135530804768   2.0989683944311514e-09       2.1045919762829826       2.1045919762829826       1391.4238151310619                                                 1380.3207938402886                                              11.103021290773414
                       8       697.51266395238679     0.022479014952419454      0.11777414990799054       68.544655688996485       3.0429296280107461      0.95048408910932491     0.047609768943753031     0.027581135530804768   2.0966577620845022e-09       2.1045919762829826       2.1045919762829826       1390.8161439522075                                                 1379.7131226614342                                              11.103021290773414
                       6       697.50513483952011     0.022479014952419454      0.11777414990799054       68.544655688996485        3.038874300449439      0.95342170090316458     0.047609768943753031     0.027581135530804768   2.0881723452766529e-09       2.1045919762829826       2.1045919762829826       1390.8010857264742                                                 1379.6980644357009                                              11.103021290773414
                       7       697.55339952160637     0.022479014952419454      0.11777414990799054       68.544655688996485       3.0375588211532483      0.95608622680904565     0.047609768943753031     0.027581135530804768   2.0854272037738385e-09       2.1045919762829826       2.1045919762829826       1390.8976150906467                                                 1379.7945937998734                                              11.103021290773414
                       2        697.7265863608975     0.022412580745900114      0.11716661753654455       68.672928062362502       3.0329179340324388      0.95947445148105348     0.046616715369911542     0.027123448661114293   2.0757713946130741e-09       2.1045919762829826       2.1045919762829826        1391.243988769229                                                 1380.8419170756677                                              10.402071693561414
                       5       697.57110288960155     0.022415677969797168      0.11693888952395658       68.745841518483928       3.0395804111661664       0.9611527420494822     0.050820982117125914     0.028307659590972794   2.0896473468439483e-09       2.1045919762829826       2.1045919762829826       1390.9330218266371                                                 1380.5975369466178                                              10.335484880019251
                       3       697.04641867579562     0.022357942512435915      0.11726216967575893       68.841820762836136       3.0524945777943584      0.96381989836639415      0.05788480787366565    0.0089789156251988064   2.1168084046054635e-09       2.1045919762829826       2.1045919762829826       1389.8836533990252                                                 1379.5047709278792                                              10.378882471145957
                       3       697.23199540464088     0.022355685752606248      0.11712273178363433       68.916227031634719       3.0525198168409373      0.96425743809383169     0.058120016589629085    0.0048978096732633959   2.1168618315056054e-09       2.1045919762829826       2.1045919762829826       1390.2548068567157                                                 1379.6997875320615                                              10.555019324654166
                       4       696.42940014471515     0.022353457194371758        0.117471715238861       68.754524048175469       3.0505197602050185      0.96172730303413889     0.056029421337868847    0.0040771182554192736   2.1126322190943145e-09       2.1045919762829826       2.1045919762829826       1388.6496163368643                                                 1378.3238540352529                                              10.325762301611292
                      11       696.74863162433667     0.022375967390635177      0.11746924043443141       68.596033169457442       3.0446164998191145      0.96278831989684077     0.053441700007932004     0.034446107323048536   2.1001975396913053e-09       2.1045919762829826       2.1045919762829826       1389.2880792961073                                                 1378.7960795539661                                               10.49199974214106
                       1       697.08564539281429     0.022279448628228074      0.11810101647301655       68.160738280947285       3.0454209297176944      0.96164599029546627     0.052934701439461905     0.041998261502452512   2.1018876810941536e-09       2.1045919762829826       2.1045919762829826       1389.9621068330625                                                 1377.0594457694403                                              12.902661063622254
                       8       696.58040621135069      0.02212263327769113      0.11839217530477852       68.272474855705056       3.0399925674337069      0.96401877258700519     0.050087734322896829    0.0075247478403682386   2.0905087856063973e-09       2.1045919762829826       2.1045919762829826       1388.9516284701353                                                 1377.3167954337978                                              11.634833036337579
                       6       696.92339681673843     0.022165859793623191      0.11841016247466883       68.383812487048459       3.0372143347093399      0.96386790247198462     0.048592557360592245     0.007069492499915112    2.084708926097945e-09       2.1045919762829826       2.1045919762829826       1389.6376096809108                                                 1378.5040780714446                                               11.13353160946615
                       1       697.54501785400691      0.02211622069298963      0.11850578861179029       68.388882984242855       3.0415728622240623      0.96596495679519234     0.051314092844904631    0.0029862709156653153   2.0938150174719167e-09       2.1045919762829826       2.1045919762829826       1390.8808517554478                                                  1379.894796789999                                              10.986054965448837
                      10       698.47903910557136      0.02211622069298963      0.11850578861179029       68.388882984242855       3.0424344552404179      0.96256055105717075     0.051314092844904631    0.0029862709156653153   2.0956198112557231e-09       2.1045919762829826       2.1045919762829826       1392.7488942585767                                                 1381.7628392931279                                              10.986054965448837
                      12       697.61371226592257      0.02211622069298963      0.11850578861179029       68.388882984242855       3.0392709774738909      0.96852261328518086     0.051314092844904631    0.0029862709156653153   2.0890008395805836e-09       2.1045919762829826       2.1045919762829826       1391.0182405792791                                                 1380.0321856138303                                              10.986054965448837
                       7       699.64112919125535      0.02211622069298963      0.11850578861179029       68.388882984242855       3.0312116170692143      0.97292989910804739     0.051314092844904631    0.0029862709156653153   2.0722324907751263e-09       2.1045919762829826       2.1045919762829826       1395.0730744299447                                                 1384.0870194644958                                              10.986054965448837
                       3       701.14331263148495      0.02200182892147726      0.11606420540536025       68.799868216795744       3.0257670263855951      0.98558606750951783     0.054374127103879275     0.034041726647833517    2.060980691577378e-09       2.1045919762829826       2.1045919762829826       1398.0774413104039                                                 1386.4612147078819                                              11.616226602521944
                       5       700.81731020744451     0.022091521941359358      0.11602605790640436       68.937336825510144       3.0278806965308935      0.98152116635440612     0.054357939695259982     0.017991504973835806   2.0653415320007657e-09       2.1045919762829826       2.1045919762829826        1397.425436462323                                                 1385.3887070385294                                              12.036729423793549
                       5       701.73426434923977     0.022048991426030434       0.1159389622332693       68.880346606292406         3.01295750749538      0.98136344387286278     0.046523311979356281     0.022586890133306104   2.0347488875542975e-09       2.1045919762829826       2.1045919762829826       1399.2593447459135                                                 1387.3515197003026                                              11.907825045610959
                       6       701.52370596864785     0.022273752707574226      0.11642052900835539       68.669016579557621       3.0158740584686217      0.97123446790747925     0.045058793462120245     0.033427381743363793   2.0406919988833535e-09       2.1045919762829826       2.1045919762829826       1398.8382279847297                                                 1388.4817021086308                                              10.356525876098935
                       3       701.31241452260974     0.022302234483804476      0.11652377720719539       68.602101363753363       3.0126913623754783      0.97103626591526182     0.043340595659488848     0.046406959549575459   2.0342074211251694e-09       2.1045919762829826       2.1045919762829826       1398.4156450926534                                                 1388.0949059497852                                              10.320739142868236
                       3       701.16962110394411     0.022257549795947559      0.11673398287921698       68.390801719809787       3.0141987295307215      0.97153264095224667      0.04411359770624227      0.05672390706925419   2.0372760307583825e-09       2.1045919762829826       2.1045919762829826       1398.1300582553222                                                 1387.4740466190524                                               10.65601163626989
                       1       701.58793975494712     0.022176899684779899      0.11631843795514561       68.670592590016057       3.0071391651328745      0.97569080536208941     0.041759726052371764     0.041452570682775448   2.0229443964915289e-09       2.1045919762829826       2.1045919762829826       1398.9666955573282                                                 1388.5047455019874                                              10.461950055340923
                       5       700.51408598922046      0.02192985515913044      0.11734802821016047       68.322584472550488       3.0138031303647987      0.97985488709462498     0.045161869249100921     0.026822474134467963   2.0364702454543656e-09       2.1045919762829826       2.1045919762829826       1396.8189880258749                                                 1386.4047545420601                                              10.414233483814783
                       4           700.5757006714      0.02192985515913044      0.11734802821016047       68.322584472550488       3.0175179412669064      0.97541701090137456     0.045161869249100921     0.026822474134467963   2.0440494162011264e-09       2.1045919762829826       2.1045919762829826        1396.942217390234                                                 1386.5279839064192                                              10.414233483814783
                       5       700.53836842754936      0.02192985515913044      0.11734802821016047       68.322584472550488       3.0176169253804259      0.97536422728517547     0.045161869249100921     0.026822474134467963    2.044251754634559e-09       2.1045919762829826       2.1045919762829826       1396.8675529025327                                                 1386.4533194187179                                              10.414233483814783
                       2       700.04069546543201      0.02192985515913044      0.11734802821016047       68.322584472550488       3.0286377468542858       0.9669788242626165     0.045161869249100921     0.026822474134467963   2.0669056914744948e-09       2.1045919762829826       2.1045919762829826        1395.872206978298                                                 1385.4579734944832                                              10.414233483814783
                       4       699.48176239233271      0.02192985515913044      0.11734802821016047       68.322584472550488       3.0237411948073052      0.97447449599224167     0.045161869249100921     0.026822474134467963   2.0568097180815151e-09       2.1045919762829826       2.1045919762829826       1394.7543408320994                                                 1384.3401073482846                                              10.414233483814783
                       3       699.66838273237283      0.02192985515913044      0.11734802821016047       68.322584472550488       3.0212635551110116      0.97724538091393398     0.045161869249100921     0.026822474134467963   2.0517199925329956e-09       2.1045919762829826       2.1045919762829826       1395.1275815121796                                                 1384.7133480283649                                              10.414233483814783
                       6       699.49165472721575      0.02192985515913044      0.11734802821016047       68.322584472550488       3.0170309719541994      0.97878930197478864     0.045161869249100921     0.026822474134467963   2.0430542691844749e-09       2.1045919762829826       2.1045919762829826       1394.7741255018655                                                 1384.3598920180507                                              10.414233483814783
                       1       698.64092828249557     0.022201412429233049      0.11723318555703652       68.698311302470216       3.0213119237359538      0.97462966406496387     0.046596611248118126     0.028299312645009081   2.0518192338078636e-09       2.1045919762829826       2.1045919762829826       1393.0726726124251                                                 1382.7400569338183                                              10.332615678606681
                       2       698.21674263402156     0.022232764008801208       0.1172748919934932        68.65923131303029        3.022385920732015      0.97307752941259984     0.046730510249064862     0.029883406228622778    2.054024065280689e-09       2.1045919762829826       2.1045919762829826       1392.2243013154771                                                 1381.9392495421994                                              10.285051773277729
                       7       698.01885050689577     0.022232764008801208       0.1172748919934932        68.65923131303029       3.0233660016342885      0.97234366388367399     0.046730510249064862     0.029883406228622778   2.0560381618674594e-09       2.1045919762829826       2.1045919762829826       1391.8285170612255                                                 1381.5434652879478                                              10.285051773277729
                       2       698.33972853668081     0.022268245773406414      0.11671708607750612       68.600718957357842       3.0247289341002683      0.97161059730257848     0.047908777838127581     0.045059341559755509   2.0588423135301534e-09       2.1045919762829826       2.1045919762829826       1392.4702731207956                                                 1382.1707510061035                                              10.299522114692031
                       4       698.74148214645584     0.022268245773406414      0.11671708607750612       68.600718957357842       3.0268871815038985      0.96605825937348111     0.047908777838127581     0.045059341559755509   2.0632906031358702e-09       2.1045919762829826       2.1045919762829826       1393.2737803403456                                                 1382.9742582256536                                              10.299522114692031
                       5       698.16353866255383     0.022268245773406414      0.11671708607750612       68.600718957357842        3.032947192204889      0.96077181033377879     0.047908777838127581     0.045059341559755509   2.0758321287789859e-09       2.1045919762829826       2.1045919762829826       1392.1178933725416                                                 1381.8183712578495                                              10.299522114692031
                       1       698.17181495007367     0.022268245773406414      0.11671708607750612       68.600718957357842       3.0327711659259138      0.96091728812689514     0.047908777838127581     0.045059341559755509   2.0754667599317825e-09       2.1045919762829826       2.1045919762829826       1392.1344459475813                                                 1381.8349238328892                                              10.299522114692031
                       7       698.17643047513047     0.022211057859449001      0.11681865839973066       68.613006167047999       3.0319294428271211      0.96169682053570149     0.047464026316662113     0.034238837202879124   2.0737205266447183e-09       2.1045919762829826       2.1045919762829826       1392.1436769976949                                                 1381.8461519185209                                              10.297525079174017
                       5       698.78256731426029     0.022214665945849373      0.11606486852812681       68.918098115147274       3.0319925604589222      0.96621925443790824     0.049482804752632024     0.037451007848559696   2.0738514191041451e-09       2.1045919762829826       2.1045919762829826       1393.3559506759545                                                 1381.8711904472364                                              11.484760228718269
                       2       698.48617297648605      0.02222507873012983      0.11797182379933978       68.351714264296916        3.034693900047992      0.95865101599094071     0.046994179116016319     0.032981756641076207   2.0794611695536015e-09       2.1045919762829826       2.1045919762829826       1392.7631620004061                                                 1381.5718711250706                                              11.191290875335353
                       5       698.06266841901424     0.022324559481237564      0.11807414415738621       68.656964202016354        3.044600400863184      0.95532200121758892     0.051050683952744841   0.00045463206009192791   2.1001637289758278e-09       2.1045919762829826       2.1045919762829826       1391.9161528854625                                                  1381.463041266624                                              10.453111618838509
                       1       698.03262854902471     0.022274026071460319      0.11824311772336935        68.48293289999846       3.0449025865165313       0.9574705872088225     0.051714602950203636     0.015919731244641584   2.1007984642235174e-09       2.1045919762829826       2.1045919762829826       1391.8560731454834                                                 1380.9633110677562                                              10.892762077727193
                       6        697.9729350087938     0.022274026071460319      0.11824311772336935        68.48293289999846       3.0496925746148058      0.95953738166063429     0.051714602950203636     0.015919731244641584   2.1108854027355245e-09       2.1045919762829826       2.1045919762829826       1391.7366860650216                                                 1380.8439239872944                                              10.892762077727193
                       1       699.28580778362368     0.022271216640144153      0.11747577846221526       68.226355370984081       3.0361627076412061      0.96243095451344862     0.046500249776206357      0.07284522329303221   2.0825177421182121e-09       2.1045919762829826       2.1045919762829826       1394.3624316146813                                                 1382.7185447852814                                              11.643886829399882
                       5       698.77941102147145     0.022271216640144153      0.11747577846221526       68.226355370984081       3.0283565588526802      0.96456159980002232     0.046500249776206357      0.07284522329303221   2.0663245840976419e-09       2.1045919762829826       2.1045919762829826       1393.3496380903769                                                  1381.705751260977                                              11.643886829399882
                      10       698.95204647234812     0.022166865756996466      0.11775065473105066       68.097698250021082       3.0302714627472418      0.96672625692413072     0.047744228958514476     0.069290089910639951   2.0702851879688007e-09       2.1045919762829826       2.1045919762829826       1393.6949089921302                                                 1381.4456126043526                                              12.249296387777465
                       5       700.16028829166908     0.022166865756996466      0.11775065473105066       68.097698250021082       3.0392044852667848      0.95740273980943713     0.047744228958514476     0.069290089910639951   2.0888619419219704e-09       2.1045919762829826       2.1045919762829826       1396.1113926307721                                                 1383.8620962429945                                              12.249296387777465
                       1       699.79962105100469     0.022151295132093761      0.11772684634392604       68.174592131182919        3.039853969959752      0.95802403641173683     0.048212399047329886     0.061283804618632663    2.090219066447067e-09       2.1045919762829826       2.1045919762829826       1395.3900581494433                                                 1383.7364857930554                                              11.653572356388024
                       1       698.78123627175978     0.022246099667023109      0.11704883647720432       68.486845740593111       3.0381932209661908      0.95431468400865793      0.04687382638966256     0.039928589788223667   2.0867506181443472e-09       2.1045919762829826       2.1045919762829826       1393.3532885909535                                                  1382.888671458265                                              10.464617132688637
                       1       698.73914973321666     0.022246099667023109      0.11704883647720432       68.486845740593111       3.0380357808961951      0.95448143627534587      0.04687382638966256     0.039928589788223667   2.0864221058421411e-09       2.1045919762829826       2.1045919762829826       1393.2691155138673                                                 1382.8044983811787                                              10.464617132688637
                       2       699.94701853561833     0.022266058041978749      0.11716539105518416       68.516469454886177       3.0303393019433087      0.95332117049157905     0.042387624195620026     0.038503866121185788   2.0704256392155775e-09       2.1045919762829826       2.1045919762829826       1395.6848531186706                                                 1385.2409775688409                                               10.44387554982983
                       2       699.06880886964245     0.022266058041978749      0.11716539105518416       68.516469454886177       3.0300101268212409      0.95525065430450562     0.042387624195620026     0.038503866121185788     2.06974421876254e-09       2.1045919762829826       2.1045919762829826       1393.9284337867189                                                 1383.4845582368891                                               10.44387554982983
                       3       698.99961750890247     0.022316920309215803      0.11689596686491675       68.614853987357478       3.0300303024982882      0.95539214916726667     0.042770103480709344     0.044133402048977852   2.0697859776747238e-09       2.1045919762829826       2.1045919762829826       1393.7900510652389                                                 1383.4748675892774                                              10.315183475961536
                       5        698.5504598790958     0.022248623276474498      0.11645431012246882       68.740988985199593       3.0324843672768589      0.95978386748068012     0.045634862785019555     0.043059476330758018   2.0748716042178824e-09       2.1045919762829826       2.1045919762829826       1392.8917358056256                                                 1382.3904032096541                                              10.501332595971437
                       7       698.35756656684123     0.022282517749549102      0.11662558916966893       68.663693387933179       3.0356039754931978      0.95711530976649228     0.046389074850189289      0.04033831178353639   2.0813544975082345e-09       2.1045919762829826       2.1045919762829826       1392.5059491811164                                                  1382.186215214464                                              10.319733966652425
                       1       698.71469737460973     0.022282517749549102      0.11662558916966893       68.663693387933179       3.0345097661394496      0.96103041907971887     0.046389074850189289      0.04033831178353639   2.0790783054909991e-09       2.1045919762829826       2.1045919762829826       1393.2202107966534                                                  1382.900476830001                                              10.319733966652425
                       2       698.70829851284839     0.022256000574520984      0.11653546580318469       68.479083327266395       3.0314244407221929      0.96457004046716655     0.046047012636821157     0.074822923161894109   2.0726735577967165e-09       2.1045919762829826       2.1045919762829826       1393.2074130731307                                                 1382.8778727888805                                              10.329540284250289
                       8       698.69774340155141     0.022274668775218501      0.11645081674106296       68.691398745576493       3.0342683941788429       0.9660806923396803     0.047992440176992002     0.065511467102701476   2.0785765348432667e-09       2.1045919762829826       2.1045919762829826       1393.1863028505368                                                 1382.7813247741115                                              10.404978076425426
                       2       699.37720225232533     0.022274668775218501      0.11645081674106296       68.691398745576493       3.0409174967421144      0.95928234298369663     0.047992440176992002     0.065511467102701476   2.0924432529365421e-09       2.1045919762829826       2.1045919762829826       1394.5452205520846                                                 1384.1402424756593                                              10.404978076425426
                       4       699.27804488068057     0.022257169782978842       0.1165292168868103       68.651431972884652       3.0412295813066317      0.95938268095994883      0.04809367264796853     0.064969367483743615   2.0930963740871262e-09       2.1045919762829826       2.1045919762829826       1394.3469058087951                                                 1384.0027268944571                                              10.344178914338048
                       6       701.01366892079614      0.02214940718776889      0.11603313743979259       68.833233950701725        3.041054661555723      0.96618547517051856     0.050262698633489498     0.064537673780739976   2.0927302822100265e-09       2.1045919762829826       2.1045919762829826       1397.8181538890262                                                 1386.3459536843357                                              11.472200204690674
                       6       700.01959138146981      0.02214940718776889      0.11603313743979259       68.833233950701725       3.0351093455692562      0.97122781421395066     0.050262698633489498     0.064537673780739976   2.0803252518602689e-09       2.1045919762829826       2.1045919762829826       1395.8299988103736                                                  1384.357798605683                                              11.472200204690674
                      10       700.07732842275709     0.022147459553294845      0.11602921643115031       68.835841734112677       3.0348120111785519      0.97128894503838303     0.050123776954340747     0.064376409689179986   2.0797067915683543e-09       2.1045919762829826       2.1045919762829826       1395.9454728929481                                                 1384.4476377998631                                              11.497835093085008
                       1       700.22187607065507     0.022147459553294845      0.11602921643115031       68.835841734112677       3.0368794725134687      0.96913441845479475     0.050123776954340747     0.064376409689179986   2.0840109527581643e-09       2.1045919762829826       2.1045919762829826       1396.2345681887441                                                  1384.736733095659                                              11.497835093085008
                       1       700.01553376227071     0.022210955319573955        0.115376234207863       68.873926652008365       3.0434106353396486      0.97011752587398936     0.054643835526999002     0.083843568899360246   2.0976665124229686e-09       2.1045919762829826       2.1045919762829826       1395.8218835719754                                                 1383.8990141014219                                              11.922869470553342
                       1       700.24192483747208      0.02225703731005281       0.1153714111216652       68.964744359263108       3.0458190039554554      0.96934444564615796     0.055712518346326456     0.079883563790713763   2.1027245549885821e-09       2.1045919762829826       2.1045919762829826       1396.2746657223781                                                 1383.9139582837824                                              12.360707438595748
                       2       698.20594023093383      0.02230328230834417      0.11685978022774671       68.528603976888988       3.0660392814978468       0.9602128285949374     0.062323617319344285     0.056329842973490821   2.1456750006698244e-09       2.1045919762829826       2.1045919762829826       1392.2026965093016                                                  1381.822574023575                                              10.380122485726515
                       6        698.2521842908809     0.022299710541956695      0.11684583847161811       68.535625005386436       3.0662613037605104      0.96038551196674771     0.062494895477589046     0.055765988282877155   2.1461514411766564e-09       2.1045919762829826       2.1045919762829826       1392.2951846291958                                                 1381.9310562414043                                              10.364128387791375
                       7       698.39840484743377     0.022305500337427044      0.11681313909383458       68.554395380564671       3.0670035289180078      0.96025746979900417     0.062877118213770219     0.054446815282905812   2.1477449600698472e-09       2.1045919762829826       2.1045919762829826       1392.5876257423015                                                  1382.243154472787                                               10.34447126951452
                       2       698.63231398234711     0.022249503574331985      0.11658723079976958       68.465299322544055       3.0645250201026291      0.96229146613699335     0.062379044533436394     0.065350790618280544   2.1424283466114562e-09       2.1045919762829826       2.1045919762829826       1393.0554440121282                                                 1382.6800916095901                                              10.375352402538157
                       3       698.79696982790188     0.022253491593930443      0.11660831441296618       68.460114531376348       3.0655204496354895      0.96191414531903241     0.062773079020473452     0.063914277001015929   2.1445620448566481e-09       2.1045919762829826       2.1045919762829826       1393.3847557032377                                                 1382.9869506906562                                              10.397805012581538
                       4       698.62199311294103     0.022334443323247227      0.11670524053270444       68.556550667222496       3.0672579708988463      0.96014359905305213     0.063152467147247482     0.061330056670120744   2.1482915060809996e-09       2.1045919762829826       2.1045919762829826        1393.034802273316                                                 1382.6868177125846                                              10.347984560731449
                       6       699.17171656727646     0.022137500370873975      0.11644789172555484       68.848988297245668       3.0499695078853524      0.96808948222208802     0.056186943915376486     0.042897530272355766   2.1114700580853753e-09       2.1045919762829826       2.1045919762829826       1394.1342491819869                                                   1382.85490916106                                              11.279340020926725
                       1       699.83267232741389     0.022044550536403546      0.11591728711190742       68.734739689804385       3.0460174598566834      0.97191304656569888     0.055720820043918123     0.061654274818069003    2.103141894495551e-09       2.1045919762829826       2.1045919762829826       1395.4561607022617                                                 1384.1369559619807                                              11.319204740280991
                       1       701.70793240753005     0.021948147092873804       0.1164203043836171       68.416599397074435       3.0383957856796697      0.97412751801900765     0.051908448954382853     0.082297597533718653   2.0871733630005634e-09       2.1045919762829826       2.1045919762829826       1399.2066808624941                                                 1388.8246336703455                                              10.382047192148606
                       1       701.17548000756915     0.021834818071615969      0.11677299622328756       68.315545872993837       3.0425501934034958      0.97162706691662515     0.052735761543383948     0.046112771273973764   2.0958623684794802e-09       2.1045919762829826       2.1045919762829826       1398.1417760625723                                                 1387.8532355197849                                              10.288540542787446
                       1       700.91279665487809     0.021834818071615969      0.11677299622328756       68.315545872993837       3.0279063210060051      0.98651705108095944     0.052735761543383948     0.046112771273973764   2.0653944559715209e-09       2.1045919762829826       2.1045919762829826       1397.6164093571902                                                 1387.3278688144028                                              10.288540542787446
                       1       700.69328560555152     0.021834818071615969      0.11677299622328756       68.315545872993837       3.0272701527105945      0.98629243156481905     0.052735761543383948     0.046112771273973764   2.0640809353555002e-09       2.1045919762829826       2.1045919762829826        1397.177387258537                                                 1386.8888467157497                                              10.288540542787446
                       7       699.65705163527548     0.022164959259255469      0.11720738538981926       68.625598009981374       3.0120160016222512      0.96936701120500801     0.039552141215446632    0.0031893372921948937   2.0328340610779567e-09       2.1045919762829826       2.1045919762829826       1395.1049193179849                                                 1384.7955009072423                                              10.309418410742689
                       6       699.51025570090542     0.022164959259255469      0.11720738538981926       68.625598009981374       3.0174081917200777      0.96356518193544094     0.039552141215446632    0.0031893372921948937   2.0438250950138021e-09       2.1045919762829826       2.1045919762829826       1394.8113274492448                                                 1384.5019090385022                                              10.309418410742689
                       3       699.87397478319463     0.022135753224299212      0.11717102123445258       68.537629753622639       3.0170724349462437      0.96468458161028381     0.039757957173575095     0.011915811119313001   2.0431389820835969e-09       2.1045919762829826       2.1045919762829826       1395.5387656138232                                                 1385.2057282731016                                              10.333037340721535
                       2       700.66838460422491     0.022135753224299212      0.11717102123445258       68.537629753622639       3.0117988102044824      0.97194838485513846     0.039757957173575095     0.011915811119313001   2.0323925949092094e-09       2.1045919762829826       2.1045919762829826       1397.1275852558838                                                 1386.7945479151622                                              10.333037340721535
                       2       699.93337198440463     0.022135753224299212      0.11717102123445258       68.537629753622639        3.013406145912819       0.9687637461695211     0.039757957173575095     0.011915811119313001   2.0356619588792174e-09       2.1045919762829826       2.1045919762829826       1395.6575600162432                                                 1385.3245226755216                                              10.333037340721535
                       3       700.01823299545674     0.022232855411955577      0.11710781201541999       68.439278956475832       3.0189972272728869      0.96641264298455942     0.042311643995114466     0.028776644361149475   2.0470753874847244e-09       2.1045919762829826       2.1045919762829826       1395.8272820383474                                                 1385.1720149820528                                              10.655267056294552
                       2       699.91229692460865     0.022232855411955577      0.11710781201541999       68.439278956475832       3.0220770098446605       0.9638368789866375     0.042311643995114466     0.028776644361149475   2.0533896528775301e-09       2.1045919762829826       2.1045919762829826       1395.6154098966513                                                 1384.9601428403566                                              10.655267056294552
                       2       699.96452026994814     0.022232855411955577      0.11710781201541999       68.439278956475832       3.0198733655348873      0.96568804955094567     0.042311643995114466     0.028776644361149475   2.0488696944726233e-09       2.1045919762829826       2.1045919762829826       1395.7198565873302                                                 1385.0645895310356                                              10.655267056294552
                       7       699.15775271763641     0.022238304037364865      0.11697216818309697       68.544122881183483       3.0184939928964805      0.96755773846136828     0.042255506664659395     0.032106045734489309   2.0460454879408087e-09       2.1045919762829826       2.1045919762829826       1394.1063214827068                                                 1383.7424583414258                                              10.363863141280845
                       8       700.90833149598825     0.021956475624785553      0.11815392648818775       67.707142424437237       3.0289120595459083      0.97137613854967986     0.047620900435720905     0.052477758681036296   2.0674727477098588e-09       2.1045919762829826       2.1045919762829826       1397.6074790394105                                                 1382.0985774476565                                              15.508901591753952
                       4       700.40150217931227     0.021916650330084018      0.11803422101086632       67.803178659042729       3.0290240111345863      0.97335879077929433     0.048262348477719791     0.045738825082414489    2.067704217524978e-09       2.1045919762829826       2.1045919762829826       1396.5938204060585                                                 1382.6023394981883                                              13.991480907870198
                       6       701.23975214762595     0.021843483942724062      0.11844200994225788       67.770346437665395       3.0335554349134926      0.97251117336615756     0.049799274402520584     0.020365759502874392    2.077095122600054e-09       2.1045919762829826       2.1045919762829826       1398.2703203426859                                                   1383.77188187098                                              14.498438471705855
                       2       699.47377313095672     0.021950240993204351      0.11851394668708171       67.917374635881345       3.0367126944804412       0.9685354768050235     0.050279348342665509    0.0060407054252998842   2.0836634144923351e-09       2.1045919762829826       2.1045919762829826       1394.7383623093474                                                 1380.8359403710092                                              13.902421938338271
                       1         700.008008947598     0.021950240993204351      0.11851394668708171       67.917374635881345       3.0315971209072008      0.97156145184905451     0.050279348342665509    0.0060407054252998842   2.0730314983538691e-09       2.1045919762829826       2.1045919762829826         1395.80683394263                                                 1381.9044120042918                                              13.902421938338271
                       1       700.10078464647211     0.021938426078728798      0.11897601445430993       68.019792368088858       3.0374780546175217      0.97539568711879165     0.053992812593780852    0.0058098668374796172   2.0852587778447609e-09       2.1045919762829826       2.1045919762829826       1395.9923853403782                                                 1382.9832892665647                                              13.009096073813355
                       2       700.27423011530709     0.021970975580417301      0.11913854478619913       68.027230764580878        3.032852593722914      0.97339609440715791     0.050849004984082069    0.0026258021904181409   2.0756357674986547e-09       2.1045919762829826       2.1045919762829826       1396.3392762780481                                                 1383.0524783146921                                              13.286797963356017
                       3       700.75891385678051     0.021958743136841635      0.11925516860671891       67.989571738843409       3.0327410648542004      0.97307440905848896     0.050567638044835002   0.00060011295841532006   2.0754042870982574e-09       2.1045919762829826       2.1045919762829826        1397.308643760995                                                 1383.6195720286507                                              13.689071732344251
                       1       701.02396865983758     0.022209886275492963      0.11600012304696057       68.568366703078667       3.0341486816019922      0.97807912012409104     0.056394357969315481     0.062436912436070982     2.07832771798365e-09       2.1045919762829826       2.1045919762829826       1397.8387533671091                                                 1387.5042689076849                                              10.334484459424223
                       2       701.29151418387039     0.022282485064236759      0.11595860323172226       68.853774988083487       3.0343795429662754      0.97539405030490312     0.055684797228413255     0.036372398970251588   2.0788075789445979e-09       2.1045919762829826       2.1045919762829826       1398.3738444151747                                                 1387.4374857706086                                              10.936358644566061
                       2       701.56316939160843      0.02225850783022881      0.11587612887492685       68.879010010859233       3.0347127767464728      0.97639622951196503      0.05618350571667919     0.034468996455639458   2.0795004232855907e-09       2.1045919762829826       2.1045919762829826       1398.9171548306508                                                 1387.7655194675999                                               11.15163536305098
                       5        700.2425550562948      0.02225850783022881      0.11587612887492685       68.879010010859233       3.0395803450683245      0.96991399532300138      0.05618350571667919     0.034468996455639458   2.0896472087227731e-09       2.1045919762829826       2.1045919762829826       1396.2759261600236                                                 1385.1242907969727                                               11.15163536305098
                       3       698.63306831133923     0.022266204769960579      0.11841576643004707       68.149953350094506       3.0529361208627877      0.96101699041718891      0.05831699518710079     0.025348800686028183   2.1177432730608645e-09       2.1045919762829826       2.1045919762829826       1393.0569526701124                                                 1379.7128199471358                                               13.34413272297666
                       8       698.94634817448468     0.022401938869747836      0.11833656681401528       68.391776306173824       3.0583474194521414      0.95763278124879869     0.060319949092504092     0.011834878349897439   2.1292340762910397e-09       2.1045919762829826       2.1045919762829826       1393.6835123964033                                                 1381.5593353195011                                              12.124177076902246
                       1       698.86193687666912     0.022389787790614474      0.11835491940404358        68.37425871327693       3.0579662875376319      0.95773433897433291       0.0601169048243489     0.011345088113897579   2.1284227118593654e-09       2.1045919762829826       2.1045919762829826       1393.5146898007722                                                 1381.3020885515593                                              12.212601249212922
                       6       700.71823114364929     0.022475074746013145      0.11753896809258499       68.625075567281471       3.0596287713285339       0.9556458089651616     0.061189540903637006    0.0023373628374474213   2.1319641230717268e-09       2.1045919762829826       2.1045919762829826       1397.2272783347325                                                 1386.3352436243533                                              10.892034710379246
                       1        700.9711619059525     0.022465354496548861      0.11755593952018902       68.578877432824456        3.059781720612512      0.95595716474675996     0.061359634361279225    0.0061306300557433264   2.1322902303961226e-09       2.1045919762829826       2.1045919762829826        1397.733139859339                                                 1386.6842326665821                                              11.048907192756758
                       2       701.05721561599728     0.022486964447008519      0.11773477696759152       68.539571233694431       3.0599692880138512      0.95444232244906735     0.060878124514811074    0.0047422806303349784   2.1326902160445006e-09       2.1045919762829826       2.1045919762829826       1397.9052472794285                                                 1386.4977629286957                                              11.407484350732787
                      11        701.3036228610606     0.022486964447008519      0.11773477696759152       68.539571233694431       3.0614954830615266      0.95211052276493813     0.060878124514811074    0.0047422806303349784   2.1359476023616084e-09       2.1045919762829826       2.1045919762829826       1398.3980617695552                                                 1386.9905774188223                                              11.407484350732787
                       1       700.96051883504333     0.022441786513370615      0.11813687613306469        68.36804866110495       3.0644676099152184      0.95349436274962207     0.062472214136879742     0.012961412622752726   2.1423053529291425e-09       2.1045919762829826       2.1045919762829826       1397.7118537175206                                                 1385.2362964766703                                              12.475557240850385
                       4       697.66688281093991     0.022194836085065943      0.11727226060189673       68.589897710105035       3.0459840035796879      0.96590173164332394     0.056834971052841375     0.021618213997455206   2.1030715323748015e-09       2.1045919762829826       2.1045919762829826       1391.1245816693138                                                 1380.8212503806626                                              10.303331288651219
                       1        696.6331925091348     0.022194836085065943      0.11727226060189673       68.589897710105035       3.0482819023498045      0.96555030792170826     0.056834971052841375     0.021618213997455206   2.1079097345830193e-09       2.1045919762829826       2.1045919762829826       1389.0572010657036                                                 1378.7538697770524                                              10.303331288651219
                       2       696.41952654781824     0.022171045036844812       0.1175097803484066       68.524292222009052       3.0436389376868451      0.96431940582909725      0.05376392197313104     0.016066749369726671   2.0981454692827977e-09       2.1045919762829826       2.1045919762829826       1388.6298691430704                                                 1378.2342770768335                                              10.395592066236908
                       2       696.12573153548976     0.022171045036844812       0.1175097803484066       68.524292222009052       3.0458280339047477      0.96409001073763279      0.05376392197313104     0.016066749369726671   2.1027435425704172e-09       2.1045919762829826       2.1045919762829826       1388.0422791184135                                                 1377.6466870521765                                              10.395592066236908
                       3       696.46279258574009     0.022100562600288608      0.11747647411147515       68.535916593279012       3.0475698391179975      0.96607946745456985     0.055158668720104088     0.008791482367337837    2.106409303829238e-09       2.1045919762829826       2.1045919762829826       1388.7164012189141                                                 1378.3991793025407                                               10.31722191637347
                       1       696.70231749522907     0.022181606530313921        0.118166232208282        68.38562539683619       3.0590418033837716      0.96178097721987976     0.059407862560288328    0.0049660852208460535   2.1307130956645116e-09       2.1045919762829826       2.1045919762829826       1389.1954510378921                                                  1378.064576789789                                              11.130874248103082
                       6       696.84641701246881     0.022181606530313921        0.118166232208282        68.38562539683619       3.0609496353084902       0.9609094291709217     0.059407862560288328    0.0049660852208460535   2.1347820183069146e-09       2.1045919762829826       2.1045919762829826       1389.4836500723716                                                 1378.3527758242685                                              11.130874248103082
                       6       697.37728265061151     0.022191915331177627      0.11816608258317803       68.374940458925977        3.064808013506704      0.96118833680704185     0.061547903035126771    0.0077048598367389903   2.1430347254988164e-09       2.1045919762829826       2.1045919762829826        1390.545381348657                                                 1379.3365887914952                                              11.208792557161795
                       3        697.8376245993029     0.022167578606247833      0.11847454464805095       68.125605268970602       3.0595258405547625       0.9622262125261436     0.058912605290341542     0.032460301966146979   2.1317446896483055e-09       2.1045919762829826       2.1045919762829826       1391.4660652460398                                                 1378.6288631387258                                              12.837202107314017
                       1       698.09781411518657     0.022118528349447938      0.11824473771233547        67.97539397127548       3.0559030142193206       0.9631061155083217     0.057516024155131892     0.045444769611431624   2.1240357214043951e-09       2.1045919762829826       2.1045919762829826       1391.9864442778071                                                 1378.2641723981269                                              13.722271879680299
                       2       697.06875328592707     0.022294853028956674      0.11761253648505808       68.341997036504665       3.0540678141741355      0.95931875135343281     0.056172017882859672     0.036805956205560465   2.1201412655982652e-09       2.1045919762829826       2.1045919762829826       1389.9283226192881                                                 1378.5306782580992                                              11.397644361188798
                       1       698.28094272179658     0.022294853028956674      0.11761253648505808       68.341997036504665       3.0599932840848774      0.95006065192063149     0.056172017882859672     0.036805956205560465   2.1327413928444202e-09       2.1045919762829826       2.1045919762829826       1392.3527014910271                                                 1380.9550571298382                                              11.397644361188798
                       1       698.15265306627384     0.022231140911464779      0.11754393018886916       68.430159868187687       3.0551121505146059      0.95133375370022433     0.053872415256147554       0.0237799431364588   2.1223565627251669e-09       2.1045919762829826       2.1045919762829826       1392.0961221799816                                                 1381.3067369843927                                              10.789385195588963
                       2       698.33336996645812     0.022236053866149748      0.11753911159403406       68.398530093524172       3.0544052243562847      0.95097051667357946     0.053427059323448725     0.026546884203712921   2.1208567435468574e-09       2.1045919762829826       2.1045919762829826       1392.4575559803502                                                  1381.530504192337                                              10.927051788013111
                       7       699.16877034413346     0.022236053866149748      0.11753911159403406       68.398530093524172        3.056108974677803      0.94882614651586761     0.053427059323448725     0.026546884203712921   2.1244732338289917e-09       2.1045919762829826       2.1045919762829826       1394.1283567357009                                                 1383.2013049476877                                              10.927051788013111
                      10       697.16880516238018     0.022236053866149748      0.11753911159403406       68.398530093524172       3.0498107551239633      0.95593593971164403     0.053427059323448725     0.026546884203712921   2.1111348829887538e-09       2.1045919762829826       2.1045919762829826       1390.1284263721943                                                 1379.2013745841812                                              10.927051788013111
                       2       697.22089973727338     0.022249160111030349      0.11760137306928257       68.377127794533394       3.0557121791136677      0.95597635303619233      0.05651213869904783     0.027836057385128156   2.1236304194972362e-09       2.1045919762829826       2.1045919762829826       1390.2326155219807                                                 1379.1454995256734                                              11.087115996307292
                       7       697.33866885248483     0.022249160111030349      0.11760137306928257       68.377127794533394       3.0464038617720761      0.96534585809826179      0.05651213869904783     0.027836057385128156   2.1039547095784659e-09       2.1045919762829826       2.1045919762829826       1390.4681537524036                                                 1379.3810377560962                                              11.087115996307292
                       1       696.73046820387833     0.022215179894142047      0.11735734070970649       68.677894805456773       3.0354116613848237      0.96824088136565523     0.051624125790000086     0.014860801707316653   2.0809542621605216e-09       2.1045919762829826       2.1045919762829826       1389.2517524551906                                                  1378.958341996394                                              10.293410458796544
                       6       698.15537747851465      0.02226009991681507      0.11751616580256746       68.779841199187288       3.0469719243603199      0.96939569736631115     0.057912980775293874     0.013025243531121004   2.1051502270685674e-09       2.1045919762829826       2.1045919762829826       1392.1015710044633                                                 1381.7595973973218                                              10.341973607141471
                       3       697.36286055679079     0.022220369444559979      0.11718823438623756       68.723424106598614       3.0436575528723817      0.97059394236988206     0.056834269677615026     0.021425744051956592   2.0981845270135235e-09       2.1045919762829826       2.1045919762829826       1390.5165371610155                                                 1380.1714015573821                                              10.345135603633571
                      14       697.24490530424066     0.022220369444559979      0.11718823438623756       68.723424106598614       3.0565305172273605      0.95822704253818058     0.056834269677615026     0.021425744051956592   2.1253689784764236e-09       2.1045919762829826       2.1045919762829826       1390.2806266559153                                                 1379.9354910522818                                              10.345135603633571
                       2       697.24467721227313     0.022189939442089444      0.11751432223039307       68.661287995927282       3.0570713744279394      0.95632112673841407     0.056155640097185218     0.006297967468672264   2.1265188105117577e-09       2.1045919762829826       2.1045919762829826       1390.2801704719802                                                 1379.9894509394285                                              10.290719532551851
                       6        697.2486808309842     0.022189939442089444      0.11751432223039307       68.661287995927282       3.0590613199984227       0.9562679469044103     0.056155640097185218     0.006297967468672264   2.1307546803767267e-09       2.1045919762829826       2.1045919762829826       1390.2881777094024                                                 1379.9974581768506                                              10.290719532551851
                       7        696.3801376535896     0.022189939442089444      0.11751432223039307       68.661287995927282       3.0498800061830322      0.96588614581997323     0.056155640097185218     0.006297967468672264   2.1112810863775497e-09       2.1045919762829826       2.1045919762829826       1388.5510913546132                                                 1378.2603718220614                                              10.290719532551851
                       7        696.6264154368564     0.022189939442089444      0.11751432223039307       68.661287995927282       3.0470265366704297      0.96883412283076342     0.056155640097185218     0.006297967468672264   2.1052651973249627e-09       2.1045919762829826       2.1045919762829826       1389.0436469211468                                                  1378.752927388595                                              10.290719532551851
                      19       696.93565223536643     0.022151368970185843       0.1174645987062763       68.531323168536929       3.0461556181964919       0.9707334551702439      0.05634767011113976     0.021782143231635808   2.1034324811610993e-09       2.1045919762829826       2.1045919762829826       1389.6621205181668                                                 1379.3248497812731                                              10.337270736893769
                       4       696.68697427567577     0.022151368970185843       0.1174645987062763       68.531323168536929       3.0511726967457147      0.96585473739695094      0.05634767011113976     0.021782143231635808   2.1140120843003983e-09       2.1045919762829826       2.1045919762829826       1389.1647645987855                                                 1378.8274938618918                                              10.337270736893769
                       2       696.47096631979434     0.022193360913015221      0.11763185948313395       68.417101439417934       3.0483531202368654      0.96224082716680415     0.053744834682743318     0.022951856144622588   2.1080598608062046e-09       2.1045919762829826       2.1045919762829826       1388.7327486870226                                                 1377.9782689296685                                              10.754479757354165
                       1       696.71468208224155     0.022180659269834525      0.11748702667720495       68.403378196152843       3.0510601933239965      0.96413475017162542     0.055885137285487732     0.031732536277537596   2.1137742640854055e-09       2.1045919762829826       2.1045919762829826       1389.2201802119171                                                 1378.5318330642583                                              10.688347147658824
                       3       696.68902582695148     0.022186199310229481      0.11747914939506704       68.414137082890221       3.0511313231566963      0.96407963547667874      0.05591874794008974     0.031685637692072499   2.1139246218425725e-09       2.1045919762829826       2.1045919762829826       1389.1688677013369                                                 1378.5077602301324                                              10.661107471204659
                       2       696.89893979018348     0.022212383874306886      0.11770747427784993       68.219961218498256       3.0475094623033052       0.9626494951473793     0.053539658154576918     0.048989455148029118   2.1062821293842671e-09       2.1045919762829826       2.1045919762829826       1389.5886956278009                                                 1377.8456268818256                                              11.743068745975219
                       4       697.89504746815498     0.022224046825407621      0.11821187523934978       68.100463585128807       3.0425237638834433      0.95701329117088496     0.048753278156485856     0.030208103313495809   2.0958069765749791e-09       2.1045919762829826       2.1045919762829826       1391.5809109837439                                                 1378.2082545654719                                              13.372656418271966
                       8       698.55709608704899     0.022224046825407621      0.11821187523934978       68.100463585128807       3.0426967699531078      0.95861182062967554     0.048753278156485856     0.030208103313495809   2.0961695952694849e-09       2.1045919762829826       2.1045919762829826       1392.9050082215319                                                 1379.5323518032599                                              13.372656418271966
                       2       697.49876105567319     0.022330246244005945      0.11832061255938719        68.35255273403898       3.0441735040485129       0.9584236338059644     0.049432801692116078     0.026686869877168812    2.099267367110266e-09       2.1045919762829826       2.1045919762829826       1390.7883381587803                                                 1378.9409366987186                                              11.847401460061729
                       8       699.33579619743648     0.022229441218897347      0.11815599421262041       68.411914804004667       3.0355896529026332      0.96413638796964718     0.046621794447833154     0.035508792567989868    2.081324687333427e-09       2.1045919762829826       2.1045919762829826       1394.4624084423069                                                 1383.5365280200629                                              10.925880422244088
                       2       699.40327118381003     0.022229441218897347      0.11815599421262041       68.411914804004667       3.0389077821129051      0.95775150907345152     0.046621794447833154     0.035508792567989868   2.0882422619308335e-09       2.1045919762829826       2.1045919762829826        1394.597358415054                                                   1383.67147799281                                              10.925880422244088
                       4       699.58449100623068     0.022171617792402714      0.11824110450426971       68.296902747078008         3.03993737568601      0.95916139916173915     0.047460317814175611      0.03979029276698156    2.090393409956865e-09       2.1045919762829826       2.1045919762829826       1394.9597980598953                                                 1383.6248187687486                                              11.334979291146702
                       7       698.73953757853974      0.02224263120076294      0.11888059633794536       68.004291134328895       3.0574617616119069      0.95387651287640052     0.054695139573481169     0.039402166229960935   2.1273491382659585e-09       2.1045919762829826       2.1045919762829826       1393.2698912045134                                                 1378.3618663961572                                              14.908024808356119
                       1       699.80113414204345     0.022133373493464725      0.11874188682468639       67.933442991640334       3.0572494708062394      0.95902988647683607      0.05613573152371585     0.051001474437745713   2.1268975695371009e-09       2.1045919762829826       2.1045919762829826       1395.3930843315209                                                 1380.8212045461378                                               14.57187978538308
                       3       700.93381310761197     0.022133373493464725      0.11874188682468639       67.933442991640334       3.0575760579976685       0.9631999010284743      0.05613573152371585     0.051001474437745713   2.1275923004797321e-09       2.1045919762829826       2.1045919762829826       1397.6584422626579                                                 1383.0865624772748                                               14.57187978538308
                       2       701.23613695335462     0.022159549071861469      0.11881533752889967       68.156135108387488       3.0643909334606745       0.9631433042668236     0.059515890790493443     0.029780391809394666   2.1421410948475736e-09       2.1045919762829826       2.1045919762829826       1398.2630899541432                                                 1385.5451512972061                                              12.717938656937143
                       1       701.39004056316435     0.022159549071861469      0.11881533752889967       68.156135108387488       3.0566820459261641      0.97041740561040735     0.059515890790493443     0.029780391809394666   2.1256910572736839e-09       2.1045919762829826       2.1045919762829826       1398.5708971737627                                                 1385.8529585168255                                              12.717938656937143
                       6       701.35416782118932     0.022159549071861469      0.11881533752889967       68.156135108387488       3.0566919221403048      0.97036981933089939     0.059515890790493443     0.029780391809394666   2.1257120511574324e-09       2.1045919762829826       2.1045919762829826       1398.4991516898126                                                 1385.7812130328755                                              12.717938656937143
                       1       701.28764351388463     0.022159549071861469      0.11881533752889967       68.156135108387488       3.0627842126601057      0.96483091251132369     0.059515890790493443     0.029780391809394666    2.138702035736475e-09       2.1045919762829826       2.1045919762829826       1398.3661030752032                                                 1385.6481644182661                                              12.717938656937143
                       1       703.41863112948238     0.022159549071861469      0.11881533752889967       68.156135108387488       3.0771448980858023      0.94769836569681321     0.059515890790493443     0.029780391809394666   2.1696368538498373e-09       2.1045919762829826       2.1045919762829826       1402.6280783063987                                                 1389.9101396494616                                              12.717938656937143
                       3       703.24669324220781     0.022165677896827708      0.11874270804960006       68.135072588846171       3.0788715457099052      0.94783813140622775     0.060567450265646056     0.033835036567364515   2.1733862882131512e-09       2.1045919762829826       2.1045919762829826       1402.2842025318496                                                 1389.4223378377617                                               12.86186469408783
                       3       702.94875973947649     0.022158839727994668       0.1187376540971964        68.12191745965437       3.0774134603635699      0.94743601395844279     0.059675624046203135     0.032254604502360062   2.1702196147155256e-09       2.1045919762829826       2.1045919762829826       1401.6883355263869                                                 1388.7255092309888                                               12.96282629539804
                       1       703.14668839703256     0.022158839727994668       0.1187376540971964        68.12191745965437       3.0778611714311501       0.9475352670156425     0.059675624046203135     0.032254604502360062   2.1711914635936292e-09       2.1045919762829826       2.1045919762829826       1402.0841928414991                                                 1389.1213665461009                                               12.96282629539804
                       1       705.18216804958911     0.022172175077296106      0.11843256870759003       68.047350677992256       3.0937863309951026      0.95000620623442633     0.069186000634337524     0.050292677901363832   2.2060448201317677e-09       2.1045919762829826       2.1045919762829826       1406.1551521466122                                                 1392.7796188465313                                              13.375533300080784
                       1       705.15960182788842     0.022217444029116958      0.11842717486152199       68.013282064568855       3.0928323911494391      0.94934799588183527     0.068617615168061669     0.061214622863907234   2.2039413895091766e-09       2.1045919762829826       2.1045919762829826       1406.1100197032108                                                 1392.1992881673748                                              13.910731535836092
                       2       704.13231120185458     0.022217444029116958      0.11842717486152199       68.013282064568855       3.0894777804444651      0.95278975197844207     0.068617615168061669     0.061214622863907234   2.1965604112069716e-09       2.1045919762829826       2.1045919762829826       1404.0554384511431                                                 1390.1447069153071                                              13.910731535836092
                       2       704.10368095246577      0.02221087402316381      0.11840467053912598       68.005085480973392       3.0890697332412134      0.95306242364956806      0.06850283402926495     0.062482038369240142   2.1956642937159572e-09       2.1045919762829826       2.1045919762829826       1403.9981779523655                                                 1390.0789189998948                                              13.919258952470718
                       1       702.97246718138763     0.022218252178966346       0.1184369427602696       68.075389940224042       3.0856863453473795      0.95208982910228457     0.066360602359786039     0.053472144597815477   2.1882480627932948e-09       2.1045919762829826       2.1045919762829826       1401.7357504102092                                                  1388.373715931479                                              13.362034478730317
                       3       703.00718888230415     0.022218252178966346       0.1184369427602696       68.075389940224042        3.085719417622574      0.95214859004136332     0.066360602359786039     0.053472144597815477   2.1883204343321606e-09       2.1045919762829826       2.1045919762829826       1401.8051938120423                                                  1388.443159333312                                              13.362034478730317
                       2       702.84043908263391     0.022221372945321026      0.11833643447309417       68.081484437166409       3.0846149527648814       0.9526012654869237     0.066030654369682806     0.057791123391412381   2.1859048455270961e-09       2.1045919762829826       2.1045919762829826       1401.4716942127018                                                  1388.272373612846                                              13.199320599855698
                      14       702.40753411820538     0.022274101738426748      0.11806129773054466       68.191410138231717       3.0882589280957302       0.9511595936521785     0.067813907545050331     0.051936297629618489   2.1938847593341651e-09       2.1045919762829826       2.1045919762829826       1400.6058842838447                                                 1388.1787730098395                                              12.427111274005368
                       3       701.76803577980115     0.022262953126738334      0.11804553074922437       68.120300234233625       3.0837938193867167      0.95118111960742135     0.065522856938429228     0.059341818021008352   2.1841106628294038e-09       2.1045919762829826       2.1045919762829826       1399.3268876070363                                                 1386.4194330387159                                               12.90745456832032
                       1       703.55061723168592     0.022015256832741952      0.11735246752196871       67.833122261174552       3.0771099837294966      0.95991184542117303     0.065088127976802843     0.089683578193464855   2.1695611036980595e-09       2.1045919762829826       2.1045919762829826       1402.8920505108058                                                 1389.5934555246165                                              13.298594986189304
                       2        703.3482578950119     0.021967557393406247      0.11752112512383174       67.868191227705637       3.0730015564195479      0.95948165850789402     0.062490710795973986     0.073345506928907817   2.1606659047601106e-09       2.1045919762829826       2.1045919762829826       1402.4873318374578                                                 1389.5421093535658                                              12.945222483892021
                       2        704.3383607779532      0.02223378894191259      0.11516709556783229       68.681261373109422       3.0487267830810514       0.9572473593780837     0.051545657014703899     0.080990546271875671   2.1088477116356311e-09       2.1045919762829826       2.1045919762829826       1404.4675376033404                                                  1393.681505095715                                              10.786032507625396
                       6       706.75281355633172     0.022234127446426732      0.11579103477301261       68.165646627689298       3.0404209720492683      0.95237603389539793     0.045392842044228568      0.10399300860309213   2.0914045610824966e-09       2.1045919762829826       2.1045919762829826       1409.2964431600974                                                 1398.2484331042635                                              11.048010055833934
                       3       706.54060538063482     0.022234127446426732      0.11579103477301261       68.165646627689298       3.0398704375585943      0.95291058555441233     0.045392842044228568      0.10399300860309213   2.0902534876195619e-09       2.1045919762829826       2.1045919762829826       1408.8720268087036                                                 1397.8240167528697                                              11.048010055833934
                       1       705.91637457952879     0.022140172426469328      0.11455853285216862       68.550421319550566       3.0398306137266928      0.96325844242627534     0.049389570082430959      0.11373657230025916   2.0901702473735234e-09       2.1045919762829826       2.1045919762829826       1407.6235652064915                                                 1396.8012995504807                                               10.82226565601087
                       3       704.16978629245421     0.022065793798918307      0.11491432959371876       68.128968619630612        3.036489119640803      0.96732833817909081     0.048677947275109969       0.1590682806119661    2.083197611851396e-09       2.1045919762829826       2.1045919762829826       1404.1303886323424                                                 1393.7824507562736                                              10.347937876068663
                       1       706.12812574490579     0.022024718660260543      0.11500252578127584       68.115552872357853       3.0277424636058519      0.96738620307612455     0.043938371342266976      0.15536240254875019   2.0650560535313034e-09       2.1045919762829826       2.1045919762829826       1408.0470675372455                                                 1397.7019394093609                                              10.345128127884617
                       3       702.06558920993757     0.022517709949923206      0.11668147080032011       68.103064553511871       3.0599061759052506      0.94579583057418803     0.053457712555942435      0.11587552741247867    2.132555621715285e-09       2.1045919762829826       2.1045919762829826       1399.9219944673091                                                 1386.6441110346298                                              13.277883432679401
                       1       700.54244188432517     0.022517709949923206      0.11668147080032011       68.103064553511871       3.0503892824268908       0.9540390483211576     0.053457712555942435      0.11587552741247867   2.1123565855187857e-09       2.1045919762829826       2.1045919762829826       1396.8756998160843                                                  1383.597816383405                                              13.277883432679401
                       1        701.0027517223939     0.022517709949923206      0.11668147080032011       68.103064553511871       3.0522260453553161      0.94957992593321561     0.053457712555942435      0.11587552741247867   2.1162400491959367e-09       2.1045919762829826       2.1045919762829826       1397.7963194922218                                                 1384.5184360595424                                              13.277883432679401
                       1       701.63066809131738     0.022409990372015621      0.11645497585524657       68.418235895617983        3.062222272695112      0.95100338553991759     0.058888584016397877     0.063749858571922932   2.1375005512020869e-09       2.1045919762829826       2.1045919762829826       1399.0521522300687                                                  1388.143204363635                                              10.908947866433735
                       1       699.26436506167101     0.022498809442927706      0.11658897262885679       68.871721861007558       3.0531037920495838      0.94813394756287828     0.052967816993272542     0.027281639889462729   2.1180983873591738e-09       2.1045919762829826       2.1045919762829826        1394.319546170776                                                 1383.8761737789073                                              10.443372391868801
                       2       699.19696894531785     0.022501026526834209      0.11683630051784685       68.862139413409338       3.0501429468160786       0.9463821711054522     0.050626164043502196     0.018232578638524982    2.111836300953978e-09       2.1045919762829826       2.1045919762829826       1394.1847539380697                                                 1383.7810895430152                                              10.403664395054479
                       3       699.08016085680026     0.022501026526834209      0.11683630051784685       68.862139413409338       3.0385396899633998      0.95693335224192455     0.050626164043502196     0.018232578638524982   2.0874737378004781e-09       2.1045919762829826       2.1045919762829826       1393.9511377610345                                                 1383.5474733659801                                              10.403664395054479
                       2       699.04037131300902     0.022544591682613413      0.11697696969784144       68.783133616540653       3.0353049718835599      0.95694375817989807     0.048952959673390098     0.036706349888283585    2.080732258031104e-09       2.1045919762829826       2.1045919762829826        1393.871558673452                                                 1383.5022947300613                                              10.369263943390751
                       7       699.03691040406147     0.022535149640538033      0.11695578517799432        68.77927773997051       3.0352014351196672       0.9568943542453987     0.048884890871220284     0.034909575026865244   2.0805168368987764e-09       2.1045919762829826       2.1045919762829826       1393.8646368555569                                                 1383.4920198412531                                              10.372617014303897
                       3       699.21534462726345     0.022478506188048156      0.11630067728443969       68.858604769611006       3.0377904210386228      0.96197165778948979     0.052314906623292502     0.047170998849266732   2.0859102444091081e-09       2.1045919762829826       2.1045919762829826       1394.2215053019609                                                 1383.7265714477157                                               10.49493385424508
                       2       699.33914544222978     0.022462843899248398      0.11654974340682929       68.597624375835579       3.0400588043988854      0.96094756462579123     0.053072742217147757     0.059976102395487459   2.0906472591500175e-09       2.1045919762829826       2.1045919762829826       1394.4691069318935                                                 1384.0097259076588                                              10.459381024234697
                       4       697.45114597383213     0.022135020489778594      0.11728211261934869       68.341299486919766       3.0344262513416691       0.9678629010309443     0.050948562871426878     0.042895147049046581   2.0789046789370403e-09       2.1045919762829826       2.1045919762829826       1390.6931079950982                                                 1379.9953314119955                                              10.697776583102771
                       3       697.42997925003783     0.022124067699151838      0.11738094977136307       68.301974532931254       3.0371641664017974      0.96839476459063512     0.052449927891157322      0.04454631848834744   2.0846043424028194e-09       2.1045919762829826       2.1045919762829826       1390.6507745475096                                                 1379.8085703312283                                              10.842204216281354
                       2       697.31194312229024     0.022154353291409724      0.11713939804922999       68.408929364929449       3.0418015336179094      0.96841847183308361     0.055128496073096084     0.040889291705593259   2.0942938678180215e-09       2.1045919762829826       2.1045919762829826       1390.4147022920145                                                 1379.9119354454076                                              10.502766846606887
                       4        696.8927033740415     0.022154353291409724      0.11713939804922999       68.408929364929449       3.0451309692798985      0.96601590467544751     0.055128496073096084     0.040889291705593259   2.1012783051736693e-09       2.1045919762829826       2.1045919762829826        1389.576222795517                                                 1379.0734559489101                                              10.502766846606887
                       1       696.45172675544757     0.022252869227596079      0.11751895430777354       68.597193407664648        3.053630354174524      0.96191080839870502     0.058001605655276608     0.013430409003563931   2.1192139914385051e-09       2.1045919762829826       2.1045919762829826       1388.6942695583291                                                 1378.3119600386162                                              10.382309519712786
                       4       697.13141700288963     0.022252869227596079      0.11751895430777354       68.597193407664648       3.0488585005825337      0.96869587272902202     0.058001605655276608     0.013430409003563931   2.1091255020817451e-09       2.1045919762829826       2.1045919762829826       1390.0536500532132                                                 1379.6713405335004                                              10.382309519712786
