#                 weight             minuslogpost                 omegabh2                 omegach2                       H0                     logA                       ns                      tau               mnu_sample                 A_planck               TT_tSZ_Amp               TT_kSZ_Amp                       As                      mnu                chi2__CMB            minuslogprior         minuslogprior__0                     chi2 chi2__sbt_spt_audit.likelihoods.candl_cobaya.CandlCobayaLikelihood chi2__sbt_spt_audit.likelihoods.desi_dr2_bao.DESIDR2BAOGaussian chi2__planck_2018_lowl.TT chi2__planck_2018_lowl.EE_sroll2 chi2__planck_2018_highl_plik.TT_lite_native chi2__planckpr4lensing.PlanckPR4Lensing
                       2       1516.1127876695659     0.022691748389808728      0.11692724858047827       68.765043107634426       3.0289474744918241       0.9860938712475884     0.051814996226019386     0.038896199155425519       0.9974985521777322        2.245899767078595       9.9380597468191745   2.0675459684419478e-09     0.038896199155425519       497.64247041464483       5.7934714303969193       5.7934714303969193        3020.638632478338                                                 2512.3695462011378                                              10.626615862555131        20.353392307696595                391.7362431196579                          76.497935670461544                      9.0548993168287684
                       1       1515.0598555748686     0.022766467454890638      0.11644110696561062       68.830480374813931       3.0373824347984857      0.98296063438887671     0.055617132501042228     0.064325249948473315       0.9985630802485832       2.3345845544023902       9.9282834080028124    2.085059395310393e-09     0.064325249948473315       493.42359725626244       5.7934714303969193       5.7934714303969193       3018.5327682889433                                                 2514.6475755265069                                              10.461595506173714        20.669020886352769               390.49778081225384                          72.715583118009818                      9.5412124396460083
                       2       1514.4897400929217     0.022596468455067475      0.11626643063147547       68.799728699724923       3.0473968466929389      0.98044766631051383     0.059176761927465141     0.047636979461321831        1.001103563996673       2.3448726900993426       9.9751253684362382   2.1060449424923866e-09     0.047636979461321831       491.82555971023822       5.7934714303969193       5.7934714303969193       3017.3925373250495                                                 2515.1481925491826                                               10.41878506562785        20.917583182235717               390.32923091904723                          71.812428282795139                      8.7663173261601788
                       2       1514.5652371339256     0.022596468455067475      0.11626643063147547       68.799728699724923       3.0473968466929389      0.98044766631051383     0.059176761927465141     0.047636979461321831       1.0005297844634389       2.3448726900993426       9.9751253684362382   2.1060449424923866e-09     0.047636979461321831       491.97655379224699       5.7934714303969193       5.7934714303969193       3017.5435314070573                                                 2515.1481925491826                                               10.41878506562785        20.968024795730514                390.3317311821163                          72.063259013876348                      8.6135388005238092
                       2       1514.9696698986854     0.022596468455067475      0.11626643063147547       68.799728699724923       3.0473968466929389      0.98044766631051383     0.059176761927465141     0.047636979461321831       1.0005623837600215        2.483687495026492       9.9599803930725077   2.1060449424923866e-09     0.047636979461321831       491.95553095292104       5.7934714303969193       5.7934714303969193        3018.352396936577                                                 2515.9780809180274                                               10.41878506562785        20.965127646608266                390.3317311821163                          72.037154994541368                      8.6215171296551087
                      14       1514.5372983148673     0.022596468455067475      0.11626643063147547       68.799728699724923       3.0473968466929389      0.98044766631051383     0.059176761927465141     0.047636979461321831       1.0005405330152648       2.3573043748763514       9.9974342517435471   2.1060449424923866e-09     0.047636979461321831       491.96945436395976       5.7934714303969193       5.7934714303969193       3017.4876537689406                                                 2515.0994143393532                                               10.41878506562785        20.967069142014225                390.3317311821163                          72.054494004747696                      8.6161600350814993
                      25       1514.5323275612031     0.022597122848753738      0.11626577331531004        68.79979147576033       3.0474137240973898      0.98044512467585021     0.059185766232100145     0.047619389470314633       1.0005388413261722       2.3568913326027658        9.997219425731755    2.106080487364625e-09     0.047619389470314633       491.96735408149942       5.7934714303969193       5.7934714303969193       3017.4777122616124                                                 2515.0910395390251                                              10.419318641087722        20.967761108538525               390.32830744876048                          72.057029016313052                       8.614256507887383
                       2       1513.9697671703625      0.02257809640613739       0.1170777662666547       68.677975105850564       3.0392418844169784      0.98010120018545199      0.05629329448747062    0.0074542581231751767      0.99820255504567468       2.2749129602941935       9.9668729231736961   2.0889400650443305e-09    0.0074542581231751767       493.38483377526421       5.7934714303969193       5.7934714303969193       3016.3525914799311                                                 2512.0623805604282                                              10.905377144239276        20.979615227096531               390.36412049433511                          73.772400144913036                      8.2686979089195152
                       9       1515.7329519696286     0.022479578954517951      0.11700538527070217       68.415713558968918       3.0366271807547323      0.98137284593401819     0.056239967544680435     0.018369398075079747      0.99707871007188897       2.3027680280373843       9.9689507316936741   2.0834852402889173e-09     0.018369398075079747       495.74217190205815       5.7934714303969193       5.7934714303969193       3019.8789610784634                                                 2512.2848668700949                                              11.851922306309758          20.7951506435071               390.41821952625548                          76.241399421558313                      8.2874023107372583
                       9       1516.0672077729078     0.022438854207576475       0.1169841506737687       68.464994739164894        3.032697091305669       0.9815147714791721     0.054289864127553232    0.0033959876456059988       0.9971335732148191       2.2708604495981537       9.9951897053920415   2.0753130262136639e-09    0.0033959876456059988         496.694157750405       5.7934714303969193       5.7934714303969193       3020.5474726850216                                                 2512.3456496517033                                              11.507665282913381        20.740757510946594               390.67249103583492                          76.971878577221531                      8.3090306264019738
                       2        1516.118567264057     0.022438854207576475       0.1169841506737687       68.464994739164894        3.032697091305669       0.9815147714791721     0.054289864127553232    0.0033959876456059988      0.99870451636598878       2.2708604495981537       9.9951897053920415   2.0753130262136639e-09    0.0033959876456059988        496.7968767327032       5.7934714303969193       5.7934714303969193       3020.6501916673201                                                 2512.3456496517033                                              11.507665282913381        20.619814795370019               390.70226596002607                          76.945841722372379                      8.5289542549347352
                      15       1516.0177342763643     0.022443479667176584      0.11698114574456171       68.467005729421544       3.0331287556544493       0.9812870078042204     0.054446684897549731    0.0041167941883230924      0.99877204353921112       2.2739451309269665       9.9945920096426271   2.0762090582382659e-09    0.0041167941883230924        496.5226421930696       5.7934714303969193       5.7934714303969193       3020.4485256919347                                                 2512.4174325618128                                               11.50845093705207        20.645562089699013                390.6684269653054                          76.691469097709728                      8.5171840403554473
                       3       1515.5908447335671     0.022472900442981975      0.11693698880194565       68.511463769526358       3.0334029620213832      0.98106577354477809     0.054164804790342296    0.0057921277347060401      0.99918645286060259       2.2630479472851222       9.9999980294000128    2.076778446042434e-09    0.0057921277347060401       496.02154961525423       5.7934714303969193       5.7934714303969193       3019.5947466063403                                                  2512.226695497322                                              11.346501493763975        20.673209991726139               390.70674197395488                          76.102163022050988                      8.5394346275222297
                      19       1515.8494942508687     0.022472900442981975      0.11693698880194565       68.511463769526358       3.0334029620213832      0.98106577354477809     0.054164804790342296    0.0057921277347060401       0.9971842174644614       2.2630479472851222       9.9999980294000128    2.076778446042434e-09    0.0057921277347060401       496.53884864985758       5.7934714303969193       5.7934714303969193       3020.1120456409435                                                  2512.226695497322                                              11.346501493763975        20.833655763463867               390.68492779114285                          76.743441390950508                      8.2768237043003676
                       9       1515.7519259429523     0.022472900442981975      0.11693698880194565       68.511463769526358       3.0334029620213832      0.98106577354477809     0.054164804790342296    0.0057921277347060401       0.9994252465605814       2.2630479472851222       9.9999980294000128    2.076778446042434e-09    0.0057921277347060401       496.34371203402503       5.7934714303969193       5.7934714303969193       3019.9169090251107                                                  2512.226695497322                                              11.346501493763975        20.654961953977306               390.71123656205788                          76.385275543050284                      8.5922379749395876
                       6       1515.3527125612138     0.022472900442981975      0.11693698880194565       68.511463769526358       3.0334029620213832      0.98106577354477809     0.054164804790342296    0.0057921277347060401      0.99856370565624542       2.2630479472851222       9.9999980294000128    2.076778446042434e-09    0.0057921277347060401       495.54528527054816       5.7934714303969193       5.7934714303969193       3019.1184822616337                                                  2512.226695497322                                              11.346501493763975        20.721670833598523               390.67757316520976                          75.722862650695077                      8.4231786210447641
                       2       1516.6228930275608     0.022472900442981975      0.11693698880194565       68.511463769526358       3.0334029620213832      0.98106577354477809     0.054164804790342296    0.0057921277347060401      0.99647773770220527       2.2630479472851222       9.9999980294000128    2.076778446042434e-09    0.0057921277347060401       498.08564620324194       5.7934714303969193       5.7934714303969193       3021.6588431943278                                                  2512.226695497322                                              11.346501493763975        20.893087457677609                390.6638399026092                          78.267046674049752                      8.2616721689053634
                       6       1516.7840788259703     0.022655531423939442      0.11629508533241832       68.829675435101123       3.0295939788369108      0.98323796030171096     0.053863980841850435     0.011997873482801909      0.99493594014014886       2.2415456635108009       9.9577716332288198    2.068883078071232e-09     0.011997873482801909       499.30319657350242       5.7934714303969193       5.7934714303969193       3021.9812147911466                                                 2512.0164410913339                                              10.661577126310204        20.721509415539856               390.90718978178268                          79.316337959557472                      8.3581594166224313
                       3       1516.6561925706139     0.022593529134989025      0.11620889726063055       68.900533927416106        3.032985507448259      0.98729852083875469     0.056063521155785508     0.012325674491819181       0.9947462108917029       2.2502256926003805       9.9369053255607671    2.075911666315936e-09     0.012325674491819181       500.44200234926166       5.7934714303969193       5.7934714303969193        3021.725442280434                                                 2510.7044621045316                                              10.578977826640727        20.353818654853569               390.59775235593361                          81.130984145985479                      8.3594471924890161
                       5        1516.698345480994     0.022535251339938184      0.11601752785793329       68.939653195663695       3.0343468235982187      0.98600433649089236     0.056481500104644075    0.0088165549697685822      0.99551526549274871       2.2796099859957555       9.9644456300566038   2.0787395627870324e-09    0.0088165549697685822       499.62552831217977       5.7934714303969193       5.7934714303969193       3021.8097481011941                                                 2511.4710635029423                                              10.713156286072095        20.440589854600375               390.47689040269665                          80.315081559207286                       8.392966495675477
                       8       1515.6092628707299     0.022535251339938184      0.11601752785793329       68.939653195663695       3.0343468235982187      0.98600433649089236     0.056481500104644075    0.0088165549697685822      0.99707423664468287       2.2796099859957555       9.9644456300566038   2.0787395627870324e-09    0.0088165549697685822       497.44736309165108       5.7934714303969193       5.7934714303969193        3019.631582880666                                                 2511.4710635029423                                              10.713156286072095        20.341423819327133               390.52878209132638                          77.840926684911636                      8.7362304960859785
                       4       1515.6131315588268     0.022535251339938184      0.11601752785793329       68.939653195663695       3.0343468235982187      0.98600433649089236     0.056481500104644075    0.0088165549697685822      0.99705021659886561       2.2796099859957555       9.9644456300566038   2.0787395627870324e-09    0.0088165549697685822       497.45510046784563       5.7934714303969193       5.7934714303969193       3019.6393202568597                                                 2511.4710635029423                                              10.713156286072095        20.342893883255954               390.52878209132638                          77.853979238582852                      8.7294452546804511
                       3       1515.6090511416028     0.022535251339938184      0.11601752785793329       68.939653195663695       3.0343468235982187      0.98600433649089236     0.056481500104644075    0.0088165549697685822      0.99747233406541058       2.2796099859957555       9.9644456300566038   2.0787395627870324e-09    0.0088165549697685822       497.44693963339711       5.7934714303969193       5.7934714303969193       3019.6311594224117                                                 2511.4710635029423                                              10.713156286072095        20.317384765883901               390.53590427852731                          77.738184775431336                      8.8554658135545115
                       3       1515.5658029087658     0.022538470101517449      0.11607568607707808       68.946366948242016       3.0327278086379805      0.98598750352850917     0.055798373337155045    0.0051859607799943953      0.99722997699176097       2.2727836567922859       9.9647757751964257    2.075376775272636e-09    0.0051859607799943953       497.57313116319813       5.7934714303969193       5.7934714303969193       3019.5446629567377                                                 2511.2614819886203                                              10.710049804919228        20.316492643734193               390.61603143816728                          77.756957886899372                      8.8836491943972682
                       3       1515.6847880519208     0.022538470101517449      0.11607568607707808       68.946366948242016       3.0327278086379805      0.98598750352850917     0.055798373337155045    0.0051859607799943953      0.99725318138017849       2.3492288326369257       9.9723107755118523    2.075376775272636e-09    0.0051859607799943953       497.57930244869249       5.7934714303969193       5.7934714303969193       3019.7826332430477                                                 2511.4932809894358                                              10.710049804919228        20.315118107263061               390.61603143816728                          77.757014513377186                      8.8911383898849827
                       2       1515.7163529702395     0.022538470101517449      0.11607568607707808       68.946366948242016       3.0327278086379805      0.98598750352850917     0.055798373337155045    0.0051859607799943953      0.99669760083375247       2.3492288326369257       9.9723107755118523    2.075376775272636e-09    0.0051859607799943953       497.64243228532979       5.7934714303969193       5.7934714303969193       3019.8457630796852                                                 2511.4932809894358                                              10.710049804919228        20.348605962760303               390.61455463879264                          77.955517764746929                      8.7237539190298801
                       2       1514.5380173324554      0.02267315242633532      0.11630415972580288        68.90520603181389       3.0323518818905431      0.98286081033607364     0.053545715891543097     0.030500249123090069      0.99817841113638084       2.3597202171544183        9.995234222475343   2.0745967322605026e-09     0.030500249123090069       494.74749605880038       5.7934714303969193       5.7934714303969193       3017.4890918041169                                                 2512.2350320708338                                               10.50656367448296        20.649668083097765               390.98777997296395                          74.099786905221748                      9.0102610975169455
                       3       1515.2669761820493     0.022677153240761638      0.11593300413295372       68.790940108520033       3.0316646468185908      0.98409288910970771     0.053972891384788314     0.052884122784052565      0.99766478190873131       2.3816770387323185       9.9921315561265587   2.0731714864214938e-09     0.052884122784052565       496.15764920078556       5.7934714303969193       5.7934714303969193       3018.9470095033048                                                 2512.2704466186751                                               10.51891368384331        20.531492213819831               390.89693172949069                          75.107661299698336                      9.6215639577766847
                       2       1515.5257153522482     0.022803664590107246      0.11559033004611853       68.974877806331975       3.0359667685544061      0.98513852199535101     0.056624469380148798      0.05603693779025614      0.99727675611232813       2.3564333577358632       9.9436332117147614   2.0821097354671074e-09      0.05603693779025614       495.93970152495501       5.7934714303969193       5.7934714303969193       3019.4644878437025                                                 2512.8862849286502                                              10.638501390097488        20.497903751739273               390.45437307674888                          75.388983194975594                      9.5984415014912443
                       2       1516.1563440044595     0.022803664590107246      0.11559033004611853       68.974877806331975       3.0359667685544061      0.98513852199535101     0.056624469380148798      0.05603693779025614      0.99707184605521382       1.6243535565114282       9.9237900175242295   2.0821097354671074e-09      0.05603693779025614       496.14694227494834       5.7934714303969193       5.7934714303969193        3020.725745148125                                                 2513.9403014830787                                              10.638501390097488        20.511958967538533               390.46588703395264                          75.664910014946003                      9.5041862585112113
                      15       1516.3020001325312       0.0228061220923352      0.11562196681665371       68.822975443048733       3.0470296325670501       0.9827776895688729     0.059596275875169802     0.078264406884169108      0.99991531322464777       1.6313466799113492       9.9453219421424048   2.1052717150184614e-09     0.078264406884169108       494.30630521595708       5.7934714303969193       5.7934714303969193       3021.0170574042686                                                 2516.1807841680261                                              10.529968020285295        20.757343389240248                390.3697376812263                          73.856805315352645                      9.3224188301379165
                       6       1516.3692605045949       0.0228061220923352      0.11562196681665371       68.822975443048733       3.0470296325670501       0.9827776895688729     0.059596275875169802     0.078264406884169108       1.0013387363113959       1.6313466799113492       9.9453219421424048   2.1052717150184614e-09     0.078264406884169108       494.44082596008468       5.7934714303969193       5.7934714303969193       3021.1515781483959                                                 2516.1807841680261                                              10.529968020285295        20.646249775670242               390.40003613146916                          73.402007068547491                      9.9925329843977941
                       2       1516.6416910736621     0.022794394630986484      0.11555137977316343       68.830465121153409       3.0471190527581307      0.98135531006147803     0.059175028324342939     0.072956741420011781       1.0019689106173835       1.6191573551014959       9.9665831056293186   2.1054599772345911e-09     0.072956741420011781       494.42219699166418       5.7934714303969193       5.7934714303969193       3021.6964392865302                                                 2516.7218560683464                                                10.5523862265193        20.785603194277996               390.33072492220015                          73.400555454574558                      9.9053134206115079
                       5       1518.4044691512554     0.022755990334519308      0.11559620033885579       68.748025706532232       3.0538135137939322      0.98461400827137624      0.06380103836526925     0.061946141853169864       1.0007559991853885       1.5749138577840935       9.8993480725062053   2.1196021814159006e-09     0.061946141853169864       496.32899697519952       5.7934714303969193       5.7934714303969193       3025.2219954417169                                                 2518.1969710437907                                               10.69602742272666        20.501540013575323                391.1486613476111                          75.906892137802913                      8.7719034762101593
                       3       1517.4993985201963     0.022836037844603127      0.11631977211059727       68.835067290955962       3.0452032485952705      0.98486679632795826      0.06104743028583498     0.027055762008693945      0.99792450632257546        1.520739147580402       9.8426811271987198   2.1014301896199594e-09     0.027055762008693945       496.74351108287595       5.7934714303969193       5.7934714303969193       3023.4118541795988                                                 2515.7538688745281                                              10.914474222194583        20.499506795495392                390.5993689702284                           77.31532391721646                        8.32931139993571
                       5        1519.170369543735     0.022836037844603127      0.11631977211059727       68.835067290955962       3.0452032485952705      0.98486679632795826      0.06104743028583498     0.027055762008693945      0.99950713287790638        1.520739147580402       9.8426811271987198   2.1014301896199594e-09     0.027055762008693945       500.08545312995329       5.7934714303969193       5.7934714303969193       3026.7537962266761                                                 2515.7538688745281                                              10.914474222194583         20.39314095534246               390.56829372017671                          80.478618389890798                       8.645400064543292
                       5       1518.4401938501342     0.022771332281322172      0.11589048150768289       68.872722583116257       3.0423456752439231      0.98526532164347247     0.060402981294870282     0.036954810176711927      0.99934202086557566       1.5887238077342674       9.8712335226004964   2.0954337703947009e-09     0.036954810176711927       499.64124007872419       5.7934714303969193       5.7934714303969193       3025.2934448394744                                                 2514.9930612020162                                              10.659143558734209        20.334168229007503               390.51243112358827                          79.419407198263272                       9.375233527865138
                       1       1518.4600397383037     0.022771332281322172      0.11589048150768289       68.872722583116257       3.0423456752439231      0.98526532164347247     0.060402981294870282     0.036954810176711927      0.99939509984063024       2.2066149900957157       9.5256487621025645   2.0954337703947009e-09     0.036954810176711927       499.81296527553457       5.7934714303969193       5.7934714303969193       3025.3331366158136                                                 2514.8610277815446                                              10.659143558734209          20.3308995036287               390.51243112358827                           79.57138913848145                      9.3982455098361637
                       4       1516.7682419497523     0.022771332281322172      0.11589048150768289       68.872722583116257       3.0423456752439231      0.98526532164347247     0.060402981294870282     0.036954810176711927      0.99784858982544089       2.2066149900957157       9.5256487621025645   2.0954337703947009e-09     0.036954810176711927       496.42936969843214       5.7934714303969193       5.7934714303969193       3021.9495410387108                                                 2514.8610277815446                                              10.659143558734209        20.429833468539186               390.50120850500252                          76.678542666118616                      8.8197850587717852
                       1       1515.6102291529435     0.022761090732224581      0.11634022270490248       68.861887286185024       3.0398352636717885      0.98385810409478547     0.058911560067399657     0.033092834717277135       0.9976260167420018       2.2480607920414939       9.5292396336058651   2.0901799665730114e-09     0.033092834717277135       494.98313660805587       5.7934714303969193       5.7934714303969193       3019.6335154450931                                                 2514.0339374515029                                              10.616441385534332        20.546601074621492               390.31622849408927                          75.319433165440302                      8.8008738739047541
                       1       1516.5658968650075     0.022625431449116752      0.11645650310012362       68.455938835254045       3.0505647487283105      0.98055728391525243     0.062017516953633861     0.075800916906111848       1.0004422974743155       2.3709835518602707       9.5778398313303903   2.1127272654360922e-09     0.075800916906111848         493.455761211398       5.7934714303969193       5.7934714303969193       3021.5448508692211                                                 2516.6852679799108                                              11.403821677912251        20.857312707942413               390.79233453871041                          72.747365910979426                       9.058748053765731
                       2       1516.3826473526772     0.022625431449116752      0.11645650310012362       68.455938835254045       3.0505647487283105      0.98055728391525243     0.062017516953633861     0.075800916906111848       1.0005357028670629       2.4967614944436454       9.7571717183185527   2.1127272654360922e-09     0.075800916906111848       493.60376109851643       5.7934714303969193       5.7934714303969193       3021.1783518445604                                                 2516.1707690681319                                              11.403821677912251        20.849394175350938               390.79518144864363                          72.866638171790484                      9.0925473027313473
                       6       1516.4081483676091     0.022625431449116752      0.11645650310012362       68.455938835254045       3.0505647487283105      0.98055728391525243     0.062017516953633861     0.075800916906111848       1.0006122267828255       2.5929444143077678       9.9097126489726275   2.1127272654360922e-09     0.075800916906111848       493.73186728218326       5.7934714303969193       5.7934714303969193       3021.2293538744243                                                 2516.0936649143291                                              11.403821677912251        20.842926158421108               390.79518144864363                          72.973008454996616                      9.1207512201219423
                       3       1516.1998957066887     0.022772899745064371      0.11613533624533781       68.878543144535456       3.0495985664323242      0.97961741597314866     0.059913342822061115     0.064643176341451586       1.0023508086636699       2.5259425000483207        9.938873081368186   2.1106869715626089e-09     0.064643176341451586       492.96035902411211       5.7934714303969193       5.7934714303969193       3020.8128485525835                                                 2517.4031533961943                                              10.449336132276937        20.982228540563597               390.39271640773632                          72.096498619718005                      9.4889154560942011
                       9        1515.720478434657     0.022467983758228199      0.11719374304476175        68.60151168179452       3.0377917359100008      0.98004162108014659     0.055807737668393781     0.013481324373374348      0.99991632737045322       2.5424923729952247       9.9634320238617189   2.0859129871145891e-09     0.013481324373374348       494.61367413748292       5.7934714303969193       5.7934714303969193       3019.8540140085202                                                  2514.418901646372                                              10.821438224665195        20.791185406778254               390.40770830946872                          74.788996175988558                      8.6257842452473596
                       1       1516.0778161142355      0.02248202589653801      0.11740289566902719       68.636083528292971       3.0404524639460861      0.98056565362445036     0.056764732582446797    0.0079445907219201466        1.000097227685786       2.5249550388271786       9.9461596513958135   2.0914704244162137e-09    0.0079445907219201466       495.08861987245547       5.7934714303969193       5.7934714303969193       3020.5686893676771                                                 2514.6909229794701                                              10.789146515751451        20.755003449625917               390.29779470765379                          75.544520280934435                      8.4913014342413149
                       8       1515.8439533892677        0.022729801264469      0.11693135351322635       68.995688063506691       3.0367521462877392       0.9853784028015754     0.055795273822844139    0.0096540289004139572       0.9988223678318755       2.4050337751429933       9.8892351110091745   2.0837456204014129e-09    0.0096540289004139572       496.67096549817506       5.7934714303969193       5.7934714303969193       3020.1009639177414                                                 2512.9345193167314                                              10.495479102834651        20.371889471469729               390.57236359254443                          77.038850211159584                       8.687862223001348
                       2       1516.6596778620124     0.022745447341599442      0.11724512818587038       68.885533246335569       3.0355124916161427      0.98487664489094062     0.054621333159858766     0.022285380559172455      0.99893118346926657       2.4276334659416414       9.8928473010979054   2.0811640958387508e-09     0.022285380559172455       496.89394252373114       5.7934714303969193       5.7934714303969193       3021.7324128632308                                                 2514.2965853395312                                              10.541884999968202        20.422337170279036               390.74245535171065                          76.954957574181847                      8.7741924275596244
                       1       1517.1392945470168     0.022859119893963657      0.11748891864471073       68.862595459263645        3.029083914030517      0.98399176342957007     0.051619609305929577      0.02031043195344007      0.99790124990232565       2.3800847152340938       9.8796554058476236   2.0678280827054406e-09      0.02031043195344007       497.77606836331216       5.7934714303969193       5.7934714303969193       3022.6916462332397                                                 2513.9805506681801                                              10.935027201746895        20.525472994945005               391.71137166255289                          76.744133062828965                      8.7950906429853291
                       3       1515.6146682514259     0.022848538499239977      0.11674784886838112       69.011479579411983       3.0340010481599751      0.97858487943303818     0.053181246806291722     0.023653133282588206       1.0000225311131323       2.4462386536476859       9.9353239723397788   2.0780209099571243e-09     0.023653133282588206       494.49764954474534       5.7934714303969193       5.7934714303969193       3019.6423936420579                                                  2514.599916916316                                              10.544827180996354        21.082748331789958               390.88968995986738                           73.37838624852661                      9.1468250045614035
                       6       1515.6125185076305     0.022848538499239977      0.11674784886838112       69.011479579411983       3.0340010481599751      0.97858487943303818     0.053181246806291722     0.023653133282588206       1.0000366866743959       2.4631445882459886       9.9642670829685951   2.0780209099571243e-09     0.023653133282588206         494.505633540644       5.7934714303969193       5.7934714303969193       3019.6380941544671                                                 2514.5876334328268                                              10.544827180996354        21.081438062239215               390.87741468732634                          73.394578077464132                      9.1522027136142921
                       3       1516.1013489570485     0.022848538499239977      0.11674784886838112       69.011479579411983       3.0340010481599751      0.97858487943303818     0.053181246806291722     0.023653133282588206      0.99746672119237767       2.4631445882459886       9.9642670829685951   2.0780209099571243e-09     0.023653133282588206       495.48329443947949       5.7934714303969193       5.7934714303969193        3020.615755053303                                                 2514.5876334328268                                              10.544827180996354        21.329091120730254               390.84738861962825                          74.869047784366032                      8.4377669147549419
                       4       1516.2374731501952     0.022855944278096892      0.11672273354780885       69.005031158842399       3.0329042148198813      0.97888646651788569     0.052838221864179191     0.026065809603161762      0.99721958361073959       2.4647363828991344       9.9625700374265751   2.0757429168594371e-09     0.026065809603161762       495.79416843526349       5.7934714303969193       5.7934714303969193       3020.8880034395966                                                 2514.5454900540785                                              10.548344950254494        21.286286755559956               390.93875838250563                          75.076377192972444                      8.4927461042255015
                      14       1516.0524577499962     0.022726508565034463      0.11644565185009326       68.971679308593735       3.0308910601260584      0.98134987884238223     0.054836580390306727     0.018976919630755207      0.99475387088578116       2.5390319950229836       9.9313332849661311   2.0715683287189416e-09     0.018976919630755207       495.56357191066951       5.7934714303969193       5.7934714303969193       3020.5179726391984                                                 2514.3998586696916                                              10.554542058837326        20.950802077777894               390.56483248385985                          75.504273716483681                      8.5436636325481157
                       6       1516.0255134777749     0.022727947615224162      0.11645281031867163       68.970206890369312       3.0312570280111784      0.98128681211694602     0.055004153548765033     0.018665439559104258      0.99476689131261775       2.5381949459654827       9.9295635281220669   2.0723265949411641e-09     0.018665439559104258       495.49758845928477       5.7934714303969193       5.7934714303969193       3020.4640840947559                                                 2514.4116190412528                                              10.554876594218747        20.961217296271741               390.52075281384373                           75.49414652661126                       8.521471822558059
                       4       1515.7234323242678     0.022801800818730001      0.11650296536496429       69.060793601908827       3.0349318254165278      0.98637149286353931     0.056806857264979277     0.016265028116802773      0.99448352229666437       2.4378191503977478       9.8779031531308341   2.0799559849809605e-09     0.016265028116802773       496.91864431941173       5.7934714303969193       5.7934714303969193       3019.8599217877418                                                 2512.3370601893921                                              10.604217278937575        20.482502419992102               390.43755591662125                          77.657939401533568                      8.3406465812648225
                       1       1516.0232452740595     0.022817160041717136       0.1165227066662642       69.079344867143462       3.0328037783886566      0.98718319585288994      0.05620893292378161     0.013018661842452008      0.99386303615892602        2.423150489788843       9.8682229397562242   2.0755344471178818e-09     0.013018661842452008       497.71783610466935       5.7934714303969193       5.7934714303969193       3020.4595476873251                                                 2512.1164971869202                                               10.62521439573537        20.415382218843035               390.50286089464146                          78.445969287478988                      8.3536237037058712
                       5       1516.1558600863077     0.022817160041717136       0.1165227066662642       69.079344867143462       3.0328037783886566      0.98718319585288994      0.05620893292378161     0.013018661842452008      0.99387885149112765        2.471765069006358       9.8762149815214588   2.0755344471178818e-09     0.013018661842452008        497.6864508859689       5.7934714303969193       5.7934714303969193       3020.7247773118215                                                 2512.4131120301172                                               10.62521439573537        20.414368794458028               390.50286089464146                          78.413793050586989                      8.3554281462823958
                       2       1516.2104143055017     0.022799874322535725      0.11648795027807268        69.07169661098979       3.0323788175843136      0.98734102966989223     0.056248124501063743     0.014410707637646521      0.99370197099902013       2.4877221370949463       9.8772035350169567   2.0746526137153796e-09     0.014410707637646521       497.79642914567944       5.7934714303969193       5.7934714303969193       3020.8338857502094                                                 2512.4141065119215                                              10.623350092608629        20.396699253283145               390.52773488374095                          78.487230986719155                      8.3847640219361974
                       4       1515.8245202058602     0.022799874322535725      0.11648795027807268        69.07169661098979       3.0323788175843136      0.98734102966989223     0.056248124501063743     0.014410707637646521      0.99590450703172517       2.4877221370949463       9.8772035350169567   2.0746526137153796e-09     0.014410707637646521       497.02464094639549       5.7934714303969193       5.7934714303969193       3020.0620975509264                                                 2512.4141065119215                                              10.623350092608629        20.265472420374692               390.56433650542505                           77.31874688484119                      8.8760851357545825
                       1       1515.1022021397901      0.02277810548708209       0.1165191354027838       69.066213377357087       3.0363620886805123      0.98469690496906004     0.056553044056018215     0.014998578191352127      0.99784328900156649       2.4939848181658899       9.9141888654246006   2.0829329980657147e-09     0.014998578191352127       495.03279957244496       5.7934714303969193       5.7934714303969193       3018.6174614187862                                                 2512.9750913688072                                              10.609570477533738        20.466543556810961                390.4720238848497                          75.317713263527054                      8.7765188672572663
                       3       1515.4656145323956     0.022801061334223181      0.11656643930119699       69.102152133387833       3.0331481053718985      0.98505875396584586     0.054939451076764602     0.016690969803000055      0.99765348398218867       2.4924669706649913       9.9203700251889479   2.0762492326855893e-09     0.016690969803000055       495.49200782401147       5.7934714303969193       5.7934714303969193       3019.3442862039974                                                 2513.2261863243857                                               10.62609205560006        20.431810576637133               390.73906217199283                          75.331478848495649                      8.9896562268858524
                       4       1515.8020501330866     0.022801061334223181      0.11656643930119699       69.102152133387833       3.0331481053718985      0.98505875396584586     0.054939451076764602     0.016690969803000055      0.99807768323388024       2.4924669706649913       9.9203700251889479   2.0762492326855893e-09     0.016690969803000055       496.16487902539342       5.7934714303969193       5.7934714303969193       3020.0171574053793                                                 2513.2261863243857                                               10.62609205560006        20.404386323492304               390.73906217199283                          75.879821909322459                        9.14160862058581
                       7       1517.1692313936801     0.022801061334223181      0.11656643930119699       69.102152133387833       3.0331481053718985      0.98505875396584586     0.054939451076764602     0.016690969803000055      0.99772435484781696        2.131370175391631       9.1480786818334501   2.0762492326855893e-09     0.016690969803000055       495.58662169050649       5.7934714303969193       5.7934714303969193       3022.7515199265663                                                 2516.5388061804597                                               10.62609205560006        20.427194618828366               390.73906217199283                          75.406324999983411                      9.0140398997018831
                       3       1518.0177687361399     0.022701686992533828      0.11680599581180823       68.952688227475576       3.0312361753375194      0.98621113957149065     0.054931420812015561     0.019199556825627385      0.99668123135776721       2.1855021634040881       9.1416481627123556   2.0722833818415211e-09     0.019199556825627385       497.05935212893303       5.7934714303969193       5.7934714303969193        3024.448594611486                                                 2516.9195160445825                                              10.469726437970269        20.313658283627376               390.76524467755127                          76.939153386217939                      9.0412957815364692
                       3       1518.2592471966168     0.022698692571007012      0.11695229061461944       68.899719322249169        3.026463898558124      0.98346185075751646     0.052394619854619726      0.01594931580165547      0.99661308337928478       2.2035497416343817       9.1687717649857188   2.0624174322236012e-09      0.01594931580165547       496.04268215667594       5.7934714303969193       5.7934714303969193       3024.9315515324397                                                 2518.3841176452706                                              10.504751730493103        20.525159392451599                391.3706028461088                           74.93851614247211                      9.2084037756434416
                       7       1518.1432367294583     0.022802031766305159      0.11737254759423676       68.824663936624958       3.0330275848132793      0.98155558129196807     0.054043340360099931     0.026477706652860714      0.99766229085006219       2.1848013358127751       9.1429533660527547   2.0759990170466005e-09     0.026477706652860714       494.59184448267825       5.7934714303969193       5.7934714303969193       3024.6995305981227                                                 2519.2670901634306                                              10.840595952013661        20.784294616751822               390.74058108829229                          74.313382998171136                      8.7535857794629877
                       3       1518.3921838371036     0.022785037181002055      0.11737897298884346          68.794670703799        3.031123231145529      0.98059782232231585     0.053007713071610597     0.028090119082739062      0.99776271053240084       2.2021945583516422       9.1603878805140937   2.0720493426863142e-09     0.028090119082739062       494.44542286723816       5.7934714303969193       5.7934714303969193       3025.1974248134134                                                 2519.8556979150289                                              10.896304031145933        20.870423976918687               390.99775266683105                          73.691495300129205                      8.8857509233592342
                       9       1518.2588903662183     0.022775553674791279       0.1173586491633708       68.774182961367345       3.0311686732683603      0.98063003939448368     0.053051692052088227     0.028870642755087106      0.99778260532880358       2.2024352125290845         9.16265446838975   2.0721435031464661e-09     0.028870642755087106       494.43751723063684       5.7934714303969193       5.7934714303969193       3024.9308378716428                                                 2519.5476517931006                                              10.945668847905132          20.8615741453292                391.0049511845416                          73.685671555189302                      8.8853203455767655
                       4        1518.724625497395     0.022836092616899055      0.11619506243843646       68.838947839763492        3.044235952192357      0.97659655321883398     0.059524529330266952     0.051174823374069908      0.99937886090624972       2.2562820432219475       9.1594209087522742   2.0993984665541898e-09     0.051174823374069908       494.36566234909537       5.7934714303969193       5.7934714303969193       3025.8623081339961                                                 2520.8153705658465                                               10.68127521905455        21.451986794962636               390.27068743597596                          73.493547888350733                       9.149440229806018
                       6       1518.6354739069038     0.022836092616899055      0.11619506243843646       68.838947839763492        3.044235952192357      0.97659655321883398     0.059524529330266952     0.051174823374069908      0.99883663661662758       2.2562820432219475       9.1594209087522742   2.0993984665541898e-09     0.051174823374069908       494.18735916811312       5.7934714303969193       5.7934714303969193       3025.6840049530138                                                 2520.8153705658465                                               10.68127521905455        21.509471430907695               390.27022550475516                          73.452005161599331                      8.9556570708509078
                       2       1518.8556540645411     0.022836092616899055      0.11619506243843646       68.838947839763492        3.044235952192357      0.97659655321883398     0.059524529330266952     0.051174823374069908      0.99812345073910025       2.2562820432219475       9.1594209087522742   2.0993984665541898e-09     0.051174823374069908       494.62771948338695       5.7934714303969193       5.7934714303969193       3026.1243652682883                                                 2520.8153705658465                                               10.68127521905455        21.586422438145974               390.30420388710769                          74.000672467436203                      8.7364206906970736
                       5       1516.8587497171609     0.022836092616899055      0.11619506243843646       68.838947839763492        3.044235952192357      0.97659655321883398     0.059524529330266952     0.051174823374069908      0.99831842345952959       2.3527176110927313       9.6697932698631259   2.0993984665541898e-09     0.051174823374069908        494.4341811150162       5.7934714303969193       5.7934714303969193       3022.1305565735279                                                 2517.0151002394578                                               10.68127521905455         21.56522022214557               390.29426307229278                          73.782377177390686                      8.7923206431871463
                       5       1516.4599561832219     0.022681937674754207      0.11659622607381258       68.570555212839366       3.0336983736464562      0.98035859055068841     0.056339270552284146     0.039792653040062298      0.99573703864714713       2.3396822719615957       9.6680556004385867   2.0773920411651997e-09     0.039792653040062298       494.34442883011059       5.7934714303969193       5.7934714303969193         3021.33296950565                                                 2515.5451696433452                                              11.443371032194786         20.95559926703271                390.3287523613277                          74.391449905102107                      8.6686272966480882
                       3       1516.8079392172842     0.022681937674754207      0.11659622607381258       68.570555212839366       3.0336983736464562      0.98035859055068841     0.056339270552284146     0.039792653040062298       0.9959476758454231       2.7480551470436199       9.9703133066169247   2.0773920411651997e-09     0.039792653040062298       494.21165994646634       5.7934714303969193       5.7934714303969193       3022.0289355737746                                                 2516.3739045951138                                              11.443371032194786        20.937145435032789               390.33013581072998                          74.218590861177432                      8.7257878395261734
                       2       1517.4730449321135     0.022680587337133261      0.11705324416795354       68.487435414277769       3.0358469119024782      0.97903748259425749     0.057380186909433965     0.029320396825640117      0.99553518816620135       2.7464995061422997       9.9435942096656866   2.0818601957200655e-09     0.029320396825640117       493.78545936023573       5.7934714303969193       5.7934714303969193        3023.359147003433                                                 2517.2970272495218                                               12.27666039367544        21.124384068162215               390.27056768657724                          74.042247734917282                      8.3482598705790085
                       3       1516.5718788949032     0.022664879002195378      0.11729405994799015       68.439417563567446       3.0317753095090176      0.98130649104895706     0.054485751103682943     0.031397426001724599      0.99600494065319534       2.6944243893217013       9.9687383411445367   2.0734009218506337e-09     0.031397426001724599       494.78109702155149       5.7934714303969193       5.7934714303969193       3021.5568149290125                                                 2514.1474759062771                                              12.628242001183413         20.81140998504253               390.59588714287975                          74.939767495149127                       8.434032398480074
                      11       1516.9601323914544     0.022584849545113608      0.11658963817348335       68.421210229027963       3.0322414587435755      0.98247771733061195      0.05559158665245658      0.04993331831060465      0.99612466793847843       2.7571887293287798       9.9942486423998087   2.0743676614082329e-09      0.04993331831060465       495.42741322764249       5.7934714303969193       5.7934714303969193       3022.3333219221149                                                 2515.0884300082384                                              11.817478686233498        20.657667098672448               390.45703503545366                          75.372059044483564                      8.9406520490328738
                       5       1516.9097842937024     0.022622621672890593       0.1161934147450763       68.692095537252058       3.0350581864809558      0.98665575278147422     0.058127076102510472     0.054169126329009575      0.99539953010788906       2.7806507428514804       9.9519601781002738   2.0802188270393374e-09     0.054169126329009575       496.81169923071684       5.7934714303969193       5.7934714303969193       3022.2326257266109                                                 2514.8523763914527                                              10.568550104441258        20.323810964769166               390.38382624463844                          76.815023617340799                      9.2890384039684477
                       2        1516.540369577895     0.022622621672890593       0.1161934147450763       68.692095537252058       3.0350581864809558      0.98665575278147422     0.058127076102510472     0.054169126329009575      0.99529044812385636       2.6120139461464476       9.7603419182276099   2.0802188270393374e-09     0.054169126329009575       496.81482896689118       5.7934714303969193       5.7934714303969193       3021.4937962949962                                                 2514.1104172236637                                              10.568550104441258        20.330311502031748               390.38264378803791                          76.856588019155453                      9.2452856576660913
                       3       1516.8292288740561     0.022670415824957321      0.11633248655491504       68.517543169331063       3.0336271104469881      0.98581395133716843     0.056202873652323362      0.05266996065854998      0.99606328369678909       2.4989437835496715       9.7794712241198791   2.0772440048366303e-09      0.05266996065854998       497.37557980104208       5.7934714303969193       5.7934714303969193       3022.0715148873182                                                 2513.1879575873772                                              11.507977498899072        20.391458515786724               390.52919730458296                          77.586385986634113                       8.868537994038256
                       4       1516.3695629941612     0.022670415824957321      0.11633248655491504       68.517543169331063       3.0336271104469881      0.98581395133716843     0.056202873652323362      0.05266996065854998      0.99608319823214664       2.4306131415231316       9.8956274604370336   2.0772440048366303e-09      0.05266996065854998       497.36670933054717       5.7934714303969193       5.7934714303969193       3021.1521831275286                                                  2512.277496298083                                              11.507977498899072        20.390213550147223               390.52919730458296                          77.572478775599379                      8.8748197002175662
                       5       1516.3962578665839     0.022671379824080917      0.11627423184221169       68.529648318370036       3.0342229183087386      0.98604813321799234     0.056504669417528304     0.053667888706674494      0.99615433111416674       2.4297567245608764       9.8947360874710011   2.0784820119160387e-09     0.053667888706674494        497.4383885175726       5.7934714303969193       5.7934714303969193        3021.205572872374                                                 2512.3504937426214                                              11.416690612180162        20.373034543216818               390.50119586414775                           77.67091428855278                      8.8932438216552772
                       8       1516.7787570733456     0.022691144970090865      0.11680930592569261       68.756331290016959       3.0280699622497433      0.98740379527136646     0.052103649909854041     0.012263265871662238      0.99676469533593282       2.2925858214011878       9.9194085185346861   2.0657324673446523e-09     0.012263265871662238        499.6936621530341       5.7934714303969193       5.7934714303969193       3021.9705712858972                                                 2511.3761207793768                                              10.900788353486778        20.254145001051711               391.68728518195132                          79.227072545483878                      8.5251594245471516
                       1       1516.8755816074781     0.022691144970090865      0.11680930592569261       68.756331290016959       3.0280699622497433      0.98740379527136646     0.052103649909854041     0.012263265871662238      0.99735520387368115       2.2925858214011878       9.9194085185346861   2.0657324673446523e-09     0.012263265871662238       499.88731122129911       5.7934714303969193       5.7934714303969193       3022.1642203541624                                                 2511.3761207793768                                              10.900788353486778        20.222974272122826               391.71388465096305                          79.298597702095464                      8.6518545961177846
                       6       1516.4970336064218     0.022542076704171781      0.11727938661898996       68.379190422223104       3.0347984461168518      0.98138817678673351     0.053792928773225224      0.01190233462487148      0.99919156578646251       2.3496340894048124       9.9623012894831895   2.0796785804087516e-09      0.01190233462487148       496.20453976801144       5.7934714303969193       5.7934714303969193       3021.4071243520498                                                 2512.4920827092606                                               12.71050187477784        20.691322034647101               390.85459803452767                          76.342655155044781                      8.3159645437918659
                       1        1516.815816758497     0.022544061890465452      0.11750755724422872       68.347744738582534       3.0324393812683295       0.9814288143336668     0.052603676208579572    0.0053961561047281264       0.9988629789277923       2.3279383535683471       9.9610867631732347   2.0747782661256677e-09    0.0053961561047281264       496.85383118780317       5.7934714303969193       5.7934714303969193       3022.0446906562001                                                 2511.9692887172409                                              13.221570751155811        20.679432466110484               391.15677799459422                          76.696798843738947                      8.3208218833594962
                       1       1516.8200014264014     0.022559084466804057      0.11742769028522516       68.365380534221615       3.0312541498022765       0.9814508239028209     0.052362783247360503    0.0065111020365975032      0.99851846028635793       2.3324731930869929       9.9576892736340756   2.0723206303608946e-09    0.0065111020365975032       496.92950475933588       5.7934714303969193       5.7934714303969193       3022.0530599920089                                                 2512.0178970171455                                               13.10565821552728        20.680088603864817               391.29766941555289                          76.621528140435231                      8.3302185994829987
                      22       1516.9174502533021     0.022559084466804057      0.11742769028522516       68.365380534221615       3.0312541498022765       0.9814508239028209     0.052362783247360503    0.0065111020365975032       0.9987945385909468       2.3324731930869929       9.9576892736340756   2.0723206303608946e-09    0.0065111020365975032        497.1244024131372       5.7934714303969193       5.7934714303969193       3022.2479576458104                                                 2512.0178970171455                                               13.10565821552728        20.659123345332659               391.30008986167923                          76.810114155010169                      8.3550750511151417
                       1        1517.527898589947     0.022559084466804057      0.11742769028522516       68.365380534221615       3.0312541498022765       0.9814508239028209     0.052362783247360503    0.0065111020365975032      0.99882140483803061       2.4986020107222844       9.9028457817537774   2.0723206303608946e-09    0.0065111020365975032       497.14892704934334       5.7934714303969193       5.7934714303969193          3023.4688543191                                                 2513.2142690542291                                               13.10565821552728        20.657096221112056               391.30008986167923                          76.833919126184838                      8.3578218403672437
                       1       1517.9210706001279     0.022378270045411326      0.11738138280969704       68.376129026921092       3.0508592130981267      0.97160558615968029     0.059966823238909471     0.015244712215194835       1.0025832923552926       2.7617279587089714       9.9503294413063461   2.1133494799444082e-09     0.015244712215194835        491.2650801482813       5.7934714303969193       5.7934714303969193       3024.2551983394619                                                  2521.254246821904                                              11.735871369276939        22.029210893334721               390.44716765981582                          70.557686584953572                      8.2310150101771811
                       2       1518.1333731768807     0.022381100008553461      0.11740369855913704       68.333257362940998       3.0510831610803089      0.97138382071228691     0.060066756963768272     0.018936020082674473       1.0025507425060389       2.7667391967754424       9.9486545817296239   2.1138228132951335e-09     0.018936020082674473       491.30168150077134       5.7934714303969193       5.7934714303969193       3024.6798034929675                                                 2521.3481194674905                                              12.030002524705138        22.070045445580718               390.47237213451626                          70.528950885354277                      8.2303130353200764
                       8       1517.9109313892081     0.022381100008553461      0.11740369855913704       68.333257362940998       3.0510831610803089      0.97138382071228691     0.060066756963768272     0.018936020082674473       1.0014741158349416       2.7667391967754424       9.9486545817296239   2.1138228132951335e-09     0.018936020082674473       490.85679792542669       5.7934714303969193       5.7934714303969193       3024.2349199176224                                                 2521.3481194674905                                              12.030002524705138        22.203365697977802               390.47386939863208                          69.929269675209312                      8.2502931536075046
                       1        1518.453546959493     0.022324854855365429      0.11695868911802511       68.256345935164703       3.0418115936827763      0.97390393554856958      0.05756835842356875     0.030261339018887553      0.99961026210674075       2.7980033916617653       9.9625405812365138   2.0943149366561584e-09     0.030261339018887553       491.98493663827719       5.7934714303969193       5.7934714303969193       3025.3201510581921                                                 2521.3101824638079                                              12.025031956107313        21.697304901476002               390.17792682372016                          71.759076598641556                      8.3506283144394509
                       2       1519.0289168494348     0.022215683257038005      0.11729042192232245       68.255519955437393       3.0384382918283821      0.97412512505395177     0.055639292278538838    0.0098314387371696808      0.99977247536167357        2.791568564475968       9.9924061562588467     2.08726208258747e-09    0.0098314387371696808       492.69607269451882       5.7934714303969193       5.7934714303969193       3026.4708908380758                                                 2521.9575196572432                                              11.817298486313634        21.579635581109187               390.26365465449368                          72.527877082076202                      8.3249053768397605
                       2       1519.2302771038287     0.022215683257038005      0.11729042192232245       68.255519955437393       3.0384382918283821      0.97412512505395177     0.055639292278538838    0.0098314387371696808      0.99925162203893869        2.791568564475968       9.9924061562588467     2.08726208258747e-09    0.0098314387371696808       493.09879320330657       5.7934714303969193       5.7934714303969193       3026.8736113468635                                                 2521.9575196572432                                              11.817298486313634        21.636742870313356               390.25057269526206                          72.926828081314056                      8.2846495564171168
                      10       1519.4517534892861     0.022238526103773637      0.11757036935661806       68.185775709377026       3.0369883379588063      0.97497527912894455     0.055435690717910366    0.0088469662341363834      0.99823718779595061       2.7797438036721402       9.9640972460746262   2.0842378418885937e-09    0.0088469662341363834       493.55606719324061       5.7934714303969193       5.7934714303969193       3027.3165641177784                                                 2521.1168092378502                                              12.643687686687283         21.52349018330716               390.30413372038379                          73.429496379612857                      8.2989469099367668
                       1       1519.5791631728664      0.02224554665441917      0.11762385474214541       68.184013216109719       3.0365997832751863      0.97532048572738428     0.055546788400806367    0.0078098687452033203      0.99782357788345399        2.780575424594057       9.9528183187174086   2.0834281588266097e-09    0.0078098687452033203       493.71354091616536       5.7934714303969193       5.7934714303969193       3027.5713834849389                                                 2521.1141885569959                                              12.743654011777634        21.481423116596659                390.2963417504331                          73.627625194115311                      8.3081508550202869
                       1       1520.1097943369896     0.022701359211565415      0.11626139136721321       68.374451555561208       3.0344474040197955      0.97757107195254789     0.056266597858935188     0.061856870476097746      0.99588771115192709       2.6906172474283192       9.8675672607348481   2.0789486538036611e-09     0.061856870476097746       497.12508166601714       5.7934714303969193       5.7934714303969193       3028.6326458131853                                                 2518.8919416826411                                              12.615622464527606         21.35473103229856               390.28341107344329                          76.619965002637031                      8.8669745576382137
                       1       1519.3771575820724     0.022701359211565415      0.11626139136721321       68.374451555561208       3.0344474040197955      0.97757107195254789     0.056266597858935188     0.061856870476097746      0.99772791372591507       2.6906172474283192       9.8675672607348481   2.0789486538036611e-09     0.061856870476097746       495.65980815618229       5.7934714303969193       5.7934714303969193       3027.1673723033509                                                 2518.8919416826411                                              12.615622464527606        21.173387811028533               390.30111861227022                          74.601988774607477                      9.5833129582760677
                       1       1518.8558903447051     0.022701359211565415      0.11626139136721321       68.374451555561208       3.0344474040197955      0.97757107195254789     0.056266597858935188     0.061856870476097746      0.99770899394313672       2.5812466116906796       9.8999480764847316   2.0789486538036611e-09     0.061856870476097746       495.65028781240051       5.7934714303969193       5.7934714303969193       3026.1248378286164                                                 2517.8589275516883                                              12.615622464527606        21.175199342294093               390.30111861227022                          74.599400466308111                       9.574569391528069
                       3       1517.5061868788091     0.022918901778354796      0.11633289118442872       68.655359940155336       3.0418343230099381      0.98163169566409758     0.056650796360636989     0.096207331881063979        1.000539987628736       2.5184806799521322       9.8875905724762436   2.0943625395665226e-09     0.096207331881063979        494.9019061334219       5.7934714303969193       5.7934714303969193       3023.4254308968243                                                 2517.2892289966881                                                11.2342957667147        20.764715655358714               390.30026407569949                          73.396062754021287                      10.440863648342424
                       5       1517.6963948689483     0.022918965090737268      0.11642990940507596       68.584191864585193       3.0419466427202471      0.98314811698871296     0.057318638101668963      0.10041814755633215      0.99973094817859165       2.5180320771421418       9.8623064509428104   2.0945977909716862e-09      0.10041814755633215        495.2359496204146       5.7934714303969193       5.7934714303969193       3023.8058468771028                                                 2516.9263621744558                                               11.64353508223272        20.619869264645729               390.33579373784835                          73.980566332600517                      10.299720285320019
                       2        1518.947677651199      0.02296251493737074      0.11635468331646144       68.641676950675432       3.0450759646133347      0.98376137905903938     0.057887093903716588      0.10731855595065015       1.0007782320394825       2.4910986303781373       9.8654588666526486   2.1011627282398004e-09      0.10731855595065015       495.40475866167327       5.7934714303969193       5.7934714303969193       3026.3084124416041                                                 2519.5300430767447                                              11.373610703185829        20.576089402951993               390.30146266749773                          74.127749081775406                      10.399457509448164
                       1       1518.9662392537607      0.02296251493737074      0.11635468331646144       68.641676950675432       3.0450759646133347      0.98376137905903938     0.057887093903716588      0.10731855595065015       1.0008011481488042       2.4910986303781373       9.8654588666526486   2.1011627282398004e-09      0.10731855595065015       495.44188186679656       5.7934714303969193       5.7934714303969193       3026.3455356467275                                                 2519.5300430767447                                              11.373610703185829        20.574449742570607               390.30146266749773                          74.153154319028829                      10.412815137699422
                       1       1520.6120566589454     0.023118054285364995      0.11636779489921718       68.649818964973733       3.0450849386283441      0.98527204529367607     0.058613856210853701       0.1138721217776958      0.99947177189462288       2.4307465979367393       9.8045029907511783    2.101181584190267e-09       0.1138721217776958       497.52842831344464       5.7934714303969193       5.7934714303969193        3029.637170457097                                                 2520.0952051416307                                              12.013537002021843        20.501520493425915               390.26209696590354                          76.566962831501016                      10.197848022614133
                       5       1522.4186660578132     0.023062690516020726      0.11518939619890611       68.480191771136518       3.0468526861714138      0.98752670557663957     0.062085407214232953      0.17926834788611201      0.99822505913947379       2.6231847437793738       9.7972062962531137   2.1048992277327671e-09      0.17926834788611201       499.82414264984709       5.7934714303969193       5.7934714303969193       3033.2503892548325                                                 2521.6461796413773                                              11.780066963608192        20.273595404719458               390.64694772259156                          74.177755890583668                      14.725843631952381
                       1        1522.519906517052     0.022878916039576026      0.11511531386688274       68.215102127218316       3.0321164184590197      0.99195263149013679     0.058781719093157069      0.14496748477993604      0.99406392121184162       2.5415967062688889       9.7878890257510438   2.0741082981013461e-09      0.14496748477993604       504.00237154495744       5.7934714303969193       5.7934714303969193       3033.4528701733102                                                 2515.9313976230633                                              13.519101005288828        20.014883740019513               390.45883029550379                          80.288417202313411                      13.240240307120766
                       1       1521.7716391196782     0.022692318963680687      0.11527727160499866       67.991537579869231        3.033485105714115      0.98842002307266341     0.058158682464772925      0.14967667807330717      0.99588040389488186       2.6264473147109269       9.8627689977976818   2.0769490472997901e-09      0.14967667807330717       502.22972595717903       5.7934714303969193       5.7934714303969193       3031.9563353785625                                                 2515.1689941631539                                              14.557615258229461        20.130439203750313               390.43181784776237                          78.087930783489696                      13.579538122176629
                       5       1521.7411726975142     0.022693457726041737      0.11535868566941979       67.964150082446025         3.03481337476323      0.98813959567520115     0.058160528751436388      0.14816449346271368      0.99648474070919879       2.6006826742187523       9.8699089123513701   2.0797096274266037e-09      0.14816449346271368       501.75238605313353       5.7934714303969193       5.7934714303969193       3031.8954025342346                                                 2515.1480232217509                                              14.994993259349908        20.146147369769551               390.41729056315307                          78.079191137049079                      13.109756983161866
                       4       1521.8191173816065      0.02269907360321163      0.11533836787017109       67.956876224641107       3.0350173572866121      0.98787997777749514     0.058233895916081753      0.14957079502209661      0.99652536840402606       2.6024696389994304       9.8701743549983565   2.0801338951144338e-09      0.14957079502209661       501.61929700682197       5.7934714303969193       5.7934714303969193       3032.0512919024191                                                 2515.3308534565149                                              15.101141439082447        20.161416062033993               390.39378008360177                          77.887683657191459                      13.176417203994712
                       5       1521.5765236694542     0.022664822887062234      0.11550949843848603       67.885010246678291       3.0347832692935417      0.98637720119858452     0.057799771234400471      0.15191237656837497      0.99678601449401993       2.6384924063067419       9.8843431535597812   2.0796470177339064e-09      0.15191237656837497       500.65388604836562       5.7934714303969193       5.7934714303969193       3031.5661044781145                                                 2515.1017657537791                                              15.810452675969961         20.24602298966056                390.4234410292284                          76.726465418988369                      13.257956610488316
                       8       1520.7949999665896     0.022577958277682181      0.11519587099511136        68.02430482349709       3.0358787744252171       0.9862501764062287     0.058258521511600526        0.145746378963135      0.99763050050901347       2.6819590884512086        9.918224458336498   2.0819265300946759e-09        0.145746378963135       501.06293478413215       5.7934714303969193       5.7934714303969193       3030.0030570723852                                                 2515.6473840549565                                              13.292738233296825        20.227957457624143               390.40601827018617                          76.514331775907706                       13.91462728041418
                      19       1520.2100077664752     0.022881647464985177      0.11605976787862558       68.169132079325948       3.0304405960865406      0.98448756571237672     0.053109194109542561      0.12990721598629049      0.99811444953259476       2.5005259572070204       9.8952894177230188   2.0706353718289903e-09      0.12990721598629049       499.38320455945819       5.7934714303969193       5.7934714303969193       3028.8330726721565                                                 2514.6280065821438                                              14.821861530554619        20.428642179986866               391.20493604841863                          75.511086739723751                      12.238539591328939
                       1       1520.3951602133743     0.022892444004670366      0.11607075038766966       68.155660710675917        3.030051280526469      0.98453742797799604     0.053216480750029618       0.1298917705002503      0.99773729032643499        2.500157111590942       9.8860082502866984   2.0698293981587281e-09       0.1298917705002503       499.52466479054112       5.7934714303969193       5.7934714303969193       3029.2033775659547                                                 2514.5757776266551                                              15.102935148758881        20.429533548004201               391.12864613713799                          75.787695206497887                      12.178789898901055
                       2       1520.2875324147324     0.022892444004670366      0.11607075038766966       68.155660710675917        3.030051280526469      0.98453742797799604     0.053216480750029618       0.1298917705002503      0.99721772415087828        2.500157111590942       9.8860082502866984   2.0698293981587281e-09       0.1298917705002503       499.30940919325735       5.7934714303969193       5.7934714303969193       3028.9881219686708                                                 2514.5757776266551                                              15.102935148758881        20.462447785894767               391.09749933245769                          75.971697606812569                      11.777764468092307
                       6       1520.1682467901892     0.022816064851099164      0.11617490828159224       68.178091959872489       3.0252161508232405      0.98368278050164459     0.050891272807035058      0.10997391768115131      0.99717198899310566       2.4903573815094431       9.9198391121645386   2.0598456603390921e-09      0.10997391768115131       499.95870616562667       5.7934714303969193       5.7934714303969193       3028.7495507195845                                                 2514.1715984704797                                              14.619246083477632        20.507231650864014                391.9907508070977                          76.020065061279425                      11.440658646385518
                       3       1521.2401833134459     0.022784999285138607      0.11577401148730848        68.15758181253689        3.027799665795663      0.98288675523682068     0.051180180529448789      0.11750367641894305      0.99880224462517708       2.4750150192864306       9.9621636676166521   2.0651741826382378e-09      0.11750367641894305       500.57114514206978       5.7934714303969193       5.7934714303969193       3030.8934237660978                                                 2516.0722028921255                                              14.250075731903184        20.553820984017989               391.88239328343769                          76.117951480773314                      12.016979393840758
                      11       1519.9812785487277     0.022718076609188426      0.11607697763764253        68.30221731684864       3.0325913968059104      0.98556980591745502     0.052128116529869893     0.095553617411662156       1.0003018653679083       2.4108314755097746       9.9701810783379088   2.0750936886331074e-09     0.095553617411662156       498.76649529344445       5.7934714303969193       5.7934714303969193       3028.3756142366615                                                 2516.8695490140785                                              12.739569929138499        20.333025875306305                391.6202880661628                           76.34111925681249                      10.472062095162865
                       6       1520.7834149043665     0.022718076609188426      0.11607697763764253        68.30221731684864       3.0325913968059104      0.98556980591745502     0.052128116529869893     0.095553617411662156      0.99849153573060234       2.4108314755097746       9.9701810783379088   2.0750936886331074e-09     0.095553617411662156       500.37076800472181       5.7934714303969193       5.7934714303969193       3029.9798869479391                                                 2516.8695490140785                                              12.739569929138499        20.441501487338201                 391.529271860481                          78.876462257036565                      9.5235323998660437
                       1       1520.0074454587323     0.022718076609188426      0.11607697763764253        68.30221731684864       3.0325913968059104      0.98556980591745502     0.052128116529869893     0.095553617411662156      0.99959868087532222       2.4108314755097746       9.9701810783379088   2.0750936886331074e-09     0.095553617411662156       498.81882911345315       5.7934714303969193       5.7934714303969193       3028.4279480566706                                                 2516.8695490140785                                              12.739569929138499        20.373929649886577               391.57302636486384                          76.799480234710202                      10.072392863992569
                      11       1517.3288450326193     0.022706016415560502      0.11689109288546813       68.367123731044558       3.0455494279916229      0.98118312483563253     0.056715663808556575     0.061356777640683868       1.0011828412075445       2.4039594903816948       9.9371142822854619   2.1021577873868905e-09     0.061356777640683868       493.69515250846496       5.7934714303969193       5.7934714303969193       3023.0707472044446                                                 2516.4579283794787                                              12.917666316501348        20.837872854995737               390.30273177248677                          74.182423453534483                      8.3721244274479574
                       8       1517.7416283173227     0.022737080634274567      0.11711535968502772       68.327710448064551       3.0439425369472195      0.98160705831166262     0.055982292062208804     0.060017153388827356       1.0006844989511214       2.3810451502018055       9.9229082514346096    2.098782561400884e-09     0.060017153388827356       494.30401637518713       5.7934714303969193       5.7934714303969193       3023.8963137738515                                                 2515.9228814542448                                              13.669415944419598        20.801803743139089                390.4024864162069                          74.763890515491028                      8.3358357003501062
                       3       1517.9443854762255     0.022458769238279757      0.11724545858357785       68.156722634167863       3.0415542512200044      0.98128444264580417     0.055873896128022578     0.037881069818935728       1.0002275405282486       2.4503740073235698       9.9654041803163693   2.0937760498347444e-09     0.037881069818935728       495.71125401276873       5.7934714303969193       5.7934714303969193       3024.3018280916572                                                  2514.703414224135                                               13.88715985475292        20.738820047314221               390.39474331349663                           76.27015898583241                      8.3075316661255183
                       2       1517.1530229760954     0.022560149700929576       0.1166374121635141       68.518198098570025       3.0376504744006958      0.97808879396835902     0.054305327468919522     0.011845628921146614       1.0003195218047551       2.4075328772741567       9.9862678929603437   2.0856183487087731e-09     0.011845628921146614       494.80518692554176       5.7934714303969193       5.7934714303969193       3022.7191030913968                                                 2516.3178901372239                                              11.596026028631096        21.129186213582045               390.58955042513236                          74.818601067357321                      8.2678492194699942
                      10       1516.7712300382773     0.022547528128375405      0.11647461801020818       68.511094003301054       3.0344733472119936       0.9772527597771925     0.053713792155821116     0.024689413288089958      0.99948252946658223       2.4960490732878617       9.9901418775735316     2.07900258906778e-09     0.024689413288089958       494.59317262908388       5.7934714303969193       5.7934714303969193       3021.9555172157607                                                  2515.977574315219                                              11.384770271458002        21.228620341584531               390.67072966255046                          74.141785913020712                      8.5520367119281584
                       3       1516.5717939743261     0.022547528128375405      0.11647461801020818       68.511094003301054       3.0344733472119936       0.9772527597771925     0.053713792155821116     0.024689413288089958      0.99946153905002844       2.4219468942645439       9.9873802886480103     2.07900258906778e-09     0.024689413288089958         494.612105718843       5.7934714303969193       5.7934714303969193       3021.5566450878582                                                 2515.5597690975578                                              11.384770271458002        21.230665106733966               390.67072966255046                          74.163551198130008                      8.5471597514285715
                       8       1516.0428688831275      0.02266708109923268      0.11656129473798675       68.680248355835133       3.0368673726316175      0.97641974161092004     0.053643183581594284     0.016842275782913217       1.0004282548829813       2.3556859125898999       9.9787078651973786   2.0839857366244157e-09     0.016842275782913217       494.39623832434938       5.7934714303969193       5.7934714303969193       3020.4987949054612                                                   2515.01248671346                                              11.090069867651957        21.396218978340585               390.64960126834029                          73.951816330110987                      8.3986017475574997
                       3       1515.9765896573945      0.02266708109923268      0.11656129473798675       68.680248355835133       3.0368673726316175      0.97641974161092004     0.053643183581594284     0.016842275782913217       1.0006063843273427       2.3556859125898999       9.9787078651973786   2.0839857366244157e-09     0.016842275782913217        494.2636798728837       5.7934714303969193       5.7934714303969193        3020.366236453995                                                   2515.01248671346                                              11.090069867651957        21.377993790891139               390.64960126834029                          73.805350510583793                      8.4307343030684443
                       9       1516.3259482212502     0.022669039013311732      0.11679040358131607       68.602021902708628       3.0356586726572412      0.97474722060248065      0.05251884583915898     0.018197114664181734        1.000857882304147        2.363358674587114       9.9911334743870555   2.0814683448101511e-09     0.018197114664181734       494.48348362454198       5.7934714303969193       5.7934714303969193       3021.0649535817065                                                 2515.0667837581632                                              11.514686199001554        21.603099667622018               390.89234607907252                          73.575386701795068                      8.4126511760523695
                      10       1516.5631225883587     0.022669039013311732      0.11679040358131607       68.602021902708628       3.0356586726572412      0.97474722060248065      0.05251884583915898     0.018197114664181734       1.0022535947517459        2.363358674587114       9.9911334743870555   2.0814683448101511e-09     0.018197114664181734       494.95783235875859       5.7934714303969193       5.7934714303969193       3021.5393023159236                                                 2515.0667837581632                                              11.514686199001554        21.454400952466528               390.92695069534534                          73.839640334175769                      8.7368403767709406
                       3       1516.2515584534331     0.022669039013311732      0.11679040358131607       68.602021902708628       3.0356586726572412      0.97474722060248065      0.05251884583915898     0.018197114664181734        1.001378579089133        2.363358674587114       9.9911334743870555   2.0814683448101511e-09     0.018197114664181734       494.33470408890759       5.7934714303969193       5.7934714303969193       3020.9161740460722                                                 2515.0667837581632                                              11.514686199001554        21.546935012092831               390.90284486452919                           73.36938183584779                      8.5155423764377911
                       6       1516.2391052046978     0.022670337057363755      0.11679857963206271       68.602641504662927        3.035610271278439      0.97478942815889269      0.05250381637942151     0.018075878855885234       1.0013538916899016       2.3626263468770059       9.9902917328767185   2.0813676013104107e-09     0.018075878855885234       494.35475673949907       5.7934714303969193       5.7934714303969193       3020.8912675486017                                                 2515.0169965143491                                              11.519514294753883        21.541081448621526               390.93128823228017                          73.369382881934044                      8.5130041766633298
                       5       1516.2889944491435     0.022683895320796985      0.11673676949836226       68.613909058293459       3.0353108934047834      0.97525506784031801     0.052675973490448072     0.019649546668005335       1.0010314618260783       2.3623197549047843       9.9818080530308784   2.0807445791678105e-09     0.019649546668005335       494.55232438362043       5.7934714303969193       5.7934714303969193       3020.9910460374931                                                 2514.9535056345144                                              11.485216019357658        21.483527542904426                390.8980508128173                           73.62478223338691                      8.5459637945118221
                       5       1515.8851169511054     0.022677426861361597      0.11655924050296304       68.596797633590626       3.0372218506387152      0.97597962994284004     0.053532799914050667     0.034678070263456963        1.001377592963026         2.39279101551179       9.9846676020004601   2.0847245946818834e-09     0.034678070263456963       493.92165421260484       5.7934714303969193       5.7934714303969193       3020.1832910414169                                                 2514.9270413022855                                               11.33459552652654        21.385450380904729               390.67033924899641                          73.099847661872388                      8.7660169208312837
                       1       1515.1378708457116     0.022576461401556103      0.11679230317803906       68.562263613079168       3.0350677138829152      0.97813911334935766     0.053216934202565465     0.022974214552268842       1.0005562728116151       2.4025954334921544       9.9808577632999143   2.0802386462146787e-09     0.022974214552268842       493.63022708287377       5.7934714303969193       5.7934714303969193       3018.6887988306294                                                  2513.786784684703                                              11.271787063052985        21.060287015094445               390.85395424182605                           73.10171702960244                      8.6142687963508386
                       7       1515.3722433814605     0.022551061294481298      0.11717901017161894       68.474476611198867       3.0368402534308743      0.97692628591410691     0.054330200039760732    0.0062988516793776074       1.0000107178730329       2.3881447478654794       9.9571297325979593   2.0839292213632062e-09    0.0062988516793776074       493.31695488162046       5.7934714303969193       5.7934714303969193       3019.1575439021271                                                 2513.8175558525136                                              12.023033167993539        21.227040078446919               390.52580097575742                          73.269668659777878                      8.2944451676382567
                       1        1515.446076201833     0.022560312447540094       0.1170974399523058       68.506310395671179       3.0349088731804001      0.97717341976637206     0.053679934482826555    0.0043731614918745597      0.99970379199788817       2.3816725852185838       9.9584932783088238   2.0799082458879197e-09    0.0043731614918745597       493.63305662798598       5.7934714303969193       5.7934714303969193        3019.305209542872                                                 2513.8246009832965                                              11.847551931589845        21.189282357533727               390.66192894423119                          73.441745669163865                      8.3400996570571664
                       3       1515.4466249909694     0.022560312447540094       0.1170974399523058       68.506310395671179       3.0349088731804001      0.97717341976637206     0.053679934482826555    0.0043731614918745597      0.99970711800364842       2.3816725852185838       9.9584932783088238   2.0799082458879197e-09    0.0043731614918745597       493.63415420625904       5.7934714303969193       5.7934714303969193        3019.306307121145                                                 2513.8246009832965                                              11.847551931589845        21.188962413050149               390.66192894423119                          73.442715031533538                      8.3405478174441967
                       9       1515.7866299245657     0.022560312447540094       0.1170974399523058       68.506310395671179       3.0349088731804001      0.97717341976637206     0.053679934482826555    0.0043731614918745597       1.0004487563580631       2.3816725852185838       9.9584932783088238   2.0799082458879197e-09    0.0043731614918745597       494.31416407345159       5.7934714303969193       5.7934714303969193       3019.9863169883374                                                 2513.8246009832965                                              11.847551931589845        21.118491062961084               390.70479973867481                          74.028368952173921                      8.4625043196417451
                       1       1516.1001259865691     0.022560312447540094       0.1170974399523058       68.506310395671179       3.0349088731804001      0.97717341976637206     0.053679934482826555    0.0043731614918745597       1.0004055753864625       2.3807919763343652       9.8286901949965948   2.0799082458879197e-09    0.0043731614918745597       494.24431647274963       5.7934714303969193       5.7934714303969193       3020.6133091123443                                                 2514.5214407080048                                              11.847551931589845        21.122547132169416               390.69342394979748                          73.974141618135917                      8.4542037726468227
                       1       1516.4210204874371     0.022560312447540094       0.1170974399523058       68.506310395671179       3.0349088731804001      0.97717341976637206     0.053679934482826555    0.0043731614918745597       1.0008005550259071       2.3807919763343652       9.8286901949965948   2.0799082458879197e-09    0.0043731614918745597       494.88610547448576       5.7934714303969193       5.7934714303969193       3021.2550981140803                                                 2514.5214407080048                                              11.847551931589845        21.085664675952955               390.70220748207078                          74.562594353289427                      8.5356389631726515
                       6       1516.5433534814006     0.022511329114655081      0.11705004206775728       68.474021587624065       3.0343600816390812      0.97811216945543689     0.054003819588163679    0.0081378526691887366       1.0003566861569149       2.4150797238910777       9.8274414626080695    2.078767122983795e-09    0.0081378526691887366       495.14507990613436       5.7934714303969193       5.7934714303969193       3021.4997641020072                                                 2514.5953071096365                                              11.759377086236261         20.95689530544638               390.61599465677114                           74.95838883504868                      8.6138011088681985
                       2       1516.2878459656902     0.022539744730182731      0.11702435717988803       68.529044966538066       3.0330143091718571      0.97883464090325067     0.053336647285256958    0.0093375055231947786       1.0002601542466032       2.4050154963452561       9.8258767098249056   2.0759714570109966e-09    0.0093375055231947786       495.51192397618621       5.7934714303969193       5.7934714303969193       3020.9887490705864                                                 2513.9645708979838                                              11.512254196416716        20.875572603829426               390.87498986361862                          75.046142157409776                        8.71521935132834
                      18       1515.5947860874228     0.022687017864684307      0.11713649723078629       68.702852861379071       3.0369138097908031      0.97957761883666628      0.05467197114286132   0.00022412837848497305       1.0004304816034699       2.3206747057632109       9.7809986035217076    2.084082513248806e-09   0.00022412837848497305       495.39967185710782       5.7934714303969193       5.7934714303969193       3019.6026293140517                                                   2512.95103850033                                              11.251918956614116        20.866316430186259               390.57916351046021                          75.485258739061862                      8.4689331773995171
                       2       1515.5492089054289     0.022712261846653359      0.11708260991902844       68.758490115796036       3.0356071383879151      0.97995811795859067     0.054083669565190416   0.00055596700223722395       1.0003249249810371       2.3144367380755075       9.7808100858164231   2.0813610806237903e-09   0.00055596700223722395       495.57678128015368       5.7934714303969193       5.7934714303969193        3019.511474950064                                                 2512.8641998118023                                              11.070493858108176        20.826627418342468               390.69533315634465                          75.507036550025774                      8.5477841554408052
                       1       1515.5490959607835     0.022712269010900048      0.11708267848921962       68.758475605312412       3.0356073091660472      0.97995833285946876     0.054083779857711956   0.00055632097397242638       1.0003247914303526       2.3144332355647683       9.7808030797316903   2.0813614360747783e-09   0.00055632097397242638       495.57665570366942       5.7934714303969193       5.7934714303969193        3019.511249060773                                                 2512.8640019142304                                              11.070591442873289        20.826617575283649               390.69533315634465                          75.507017959632861                      8.5476870124082414
                       7       1516.6259116114738     0.022872473541552984      0.11690897740777544       68.934869712941293       3.0405893347580859      0.97811623300386863     0.054510937105746761     0.012719292633615062       1.0023606933155407        2.276654815375418       9.7880186416255519   2.0917567052627762e-09     0.012719292633615062       495.86884969008298       5.7934714303969193       5.7934714303969193       3021.6648803621538                                                 2515.0006989570293                                              10.795331715041822        21.114004213122428               390.54944739864419                          75.670826494527347                      8.5345715837890399
                       7       1517.4134199372604     0.022847879949855703      0.11708667228022018       68.768376644416335       3.0460015087685188      0.97501216824471149     0.056259586265003554     0.015306972452968441       1.0033586509986863       2.2895570530114959       9.7945086510531016   2.1031083473613266e-09     0.015306972452968441        496.0930123354741       5.7934714303969193       5.7934714303969193       3023.2398970137269                                                 2515.7460919631239                                              11.400792715128787        21.556834732801235               390.25839633810011                          75.985291738239567                      8.2924895263331369
                       7       1516.7007348943839     0.022645791151040307      0.11714734191626996        68.61645056787367        3.028406341004803      0.97576734386187269     0.049999786002564162     0.013654084553717373       1.0008504666860731       2.4084612838103618       9.8521187140754396   2.0664274527429126e-09     0.013654084553717373       495.63081493118528       5.7934714303969193       5.7934714303969193       3021.8145269279739                                                  2514.760547141208                                              11.423164855580795        21.259464798547981               392.06879818999312                          73.226811830099834                      9.0757401125443575
                       3       1516.6398800300062     0.022645791151040307      0.11714734191626996        68.61645056787367        3.028406341004803      0.97576734386187269     0.049999786002564162     0.013654084553717373      0.99832451667256206       2.4084612838103618       9.8521187140754396   2.0664274527429126e-09     0.013654084553717373       495.50910520243008       5.7934714303969193       5.7934714303969193       3021.6928171992186                                                  2514.760547141208                                              11.423164855580795        21.517159701302489               391.99407541157018                          73.589156856670797                      8.4087132328866314
                       9       1515.5097592527145      0.02263791304210467      0.11698984798621631        68.83024005539869       3.0321098564278444      0.97696048464044816     0.052693039375622135     0.010697699067732233       0.9978692121116024       2.4750007568175918       9.8217541805814985   2.0740946877826884e-09     0.010697699067732233       493.04300071336212       5.7934714303969193       5.7934714303969193       3019.4325756446351                                                 2515.8321182796781                                              10.557456651594682        21.395698631112339               390.93014748749596                          72.248367811180117                      8.4687867835737265
                       2       1516.0675172489014      0.02263791304210467      0.11698984798621631        68.83024005539869       3.0321098564278444      0.97696048464044816     0.052693039375622135     0.010697699067732233      0.99776228444566828        2.324091719246892       9.6221295145837047   2.0740946877826884e-09     0.010697699067732233       493.20526903584977       5.7934714303969193       5.7934714303969193       3020.5480916370088                                                  2516.785365949564                                              10.557456651594682        21.406705419991567               390.93014748749596                          72.419299981393166                      8.4491161469690841
                       1        1515.970189473378     0.022651516497657752      0.11703876030291363       68.822763402237896       3.0323540704017047      0.97682289118145937     0.052545376352066082     0.010151895012427012      0.99794126726529109       2.3087716750434089       9.6225487527864146   2.0746012725435753e-09     0.010151895012427012       493.26951634242039       5.7934714303969193       5.7934714303969193       3020.3534360859621                                                   2516.48305839872                                              10.600861344821627        21.429849476108529               390.93989423841748                          72.485591178538584                      8.4141814493557909
                       2       1515.7745911855436     0.022509468341337564      0.11702047400604708       68.731918008231787       3.0361910818441045      0.97584928122196024      0.05300797988476115     0.008541882768924541       1.0000033485438873       2.3231944548249266       9.6795747703165773   2.0825768327374866e-09     0.008541882768924541        492.2093274094654       5.7934714303969193       5.7934714303969193       3019.9622395102933                                                  2517.209026610999                                              10.543885489828785          21.4959175913541               390.77012704347379                          71.579231754886933                      8.3640510197505513
                      11       1515.7785704265746     0.022509468341337564      0.11702047400604708       68.731918008231787       3.0361910818441045      0.97584928122196024      0.05300797988476115     0.008541882768924541        1.002004463411811       2.3231944548249266       9.6795747703165773   2.0825768327374866e-09     0.008541882768924541       492.21728589152696       5.7934714303969193       5.7934714303969193       3019.9701979923552                                                  2517.209026610999                                              10.543885489828785         21.29042417456634                390.7813262446719                          71.348040083801948                      8.7974953884867624
                       4        1515.511923719527     0.022548920327439045      0.11680319738574457        68.80734303270836       3.0366132121181106      0.97649029404015419     0.053223356736737899      0.01036144944230199       1.0021316383943217       2.3016578652388966       9.6765296330515618   2.0834561370439559e-09      0.01036144944230199        492.3900339882245       5.7934714303969193       5.7934714303969193       3019.4369045782601                                                 2516.5665951731089                                              10.480275416926139        21.221240095377937               390.78186766122099                          71.505838759409812                      8.8810874722157642
                       5       1515.5649783202325     0.022547495833813484      0.11670121899300813       68.846230904139929       3.0342164439946373      0.97744191092236332     0.052957297886624316    0.0048755118950965654       1.0012231273507821       2.2970160897878422       9.6654156521229648   2.0784685552142013e-09    0.0048755118950965654       492.97330659427786       5.7934714303969193       5.7934714303969193       3019.5430137796711                                                 2516.0834996227131                                              10.486207562680418        21.095334317793231               390.92548806921241                          71.956854661588281                      8.9956295456839239
                       4       1515.8542012709654     0.022547495833813484      0.11670121899300813       68.846230904139929       3.0342164439946373      0.97744191092236332     0.052957297886624316    0.0048755118950965654      0.99897913385799642       2.2970160897878422       9.6654156521229648   2.0784685552142013e-09    0.0048755118950965654       493.55175249574336       5.7934714303969193       5.7934714303969193       3020.1214596811369                                                 2516.0834996227131                                              10.486207562680418        21.311869071006072               390.84505089632904                           72.98082790841805                      8.4140046199901892
                       1       1518.0305677407125     0.022467136817068488      0.11785846321182578       68.404718262632755       3.0288903899275414      0.97829645817701905     0.049017296336209062    0.0086687703657712129      0.99889079752867826       2.2527975291804654       9.6821616715692738   2.0674279468498422e-09    0.0086687703657712129       496.43985322541499       5.7934714303969193       5.7934714303969193       3024.4741926206311                                                 2515.7884205229539                                              12.245918872262457        21.126964377228489               392.57481195657874                          74.377590833956944                      8.3604860576508209
                       2       1517.9404770870942     0.022467136817068488      0.11785846321182578       68.404718262632755       3.0288903899275414      0.97829645817701905     0.049017296336209062    0.0086687703657712129      0.99898951180887741       2.2527975291804654       9.6821616715692738   2.0674279468498422e-09    0.0086687703657712129       496.25967191817864       5.7934714303969193       5.7934714303969193       3024.2940113133945                                                 2515.7884205229539                                              12.245918872262457        21.117790592059691               392.54827962901481                          74.229695542042762                      8.3639061550613665
                       3       1518.7867609727502     0.022481325915871684      0.11733460564057814       68.396836129148937       3.0332943115458164      0.97986662724525586      0.04987854751867684     0.017135673905214963       1.0009110458817945       2.1568041263623279       9.7117230214832304   2.0765528153342881e-09     0.017135673905214963       496.96441641245053       5.7934714303969193       5.7934714303969193       3025.9865790847066                                                 2516.9125610801275                                              12.109601592128808          20.9158493539598               392.22250284858552                          75.521805300254229                      8.3042589096509776
                       1       1518.8221640772381     0.022663145520889948      0.11756786912869845       68.461527905435091       3.0378372520031638      0.97892925703948497     0.050894418381840029     0.021452221558387337       1.0014978115154523       2.0887692195956093       9.6720657820246316   2.0860079318851814e-09     0.021452221558387337       495.62933861724281       5.7934714303969193       5.7934714303969193       3026.0573852936823                                                 2517.7507592990332                                              12.677287377406069        21.124463655942634               391.69068354431352                          74.502168546766939                      8.3120228702197085
                       1       1517.8928064666472     0.022728338823075702      0.11709918737648806       68.429639569070403       3.0430183553594969        0.976440933558128     0.055949774457322618     0.033402906389874781      0.99946114923967255       2.1852344286505323        9.601379014613352   2.0968438012222275e-09     0.033402906389874781       495.53699415511301       5.7934714303969193       5.7934714303969193       3024.1986700725006                                                 2515.6052271809031                                              13.056448736484411        21.566413290938669               390.25956187414221                          75.469039805916651                      8.2419791841155181
                       2       1517.6045642579913     0.022706382483969643      0.11717395944904416       68.416241566994245       3.0438739383137121       0.9761044296749356     0.056261603042170365     0.032036825127389118      0.99960063891554884       2.1982488987783406       9.6033226468393131   2.0986385927232269e-09     0.032036825127389118       495.01529698722197       5.7934714303969193       5.7934714303969193       3023.6221856551888                                                 2515.5241467165665                                              13.082741951400164        21.613623892526277               390.20981075868667                          74.931978739425205                      8.2598835965837871
                       1       1517.2199029083304     0.022775470664028664      0.11659414576290117       68.547684283675864       3.0471965887204231      0.97601484725661791     0.057783733276137735     0.061531463574900219       1.0003275103998566       2.2701528150524704       9.6063819349150599   2.1056232324289866e-09     0.061531463574900219       494.60630372160625       5.7934714303969193       5.7934714303969193       3022.8528629558668                                                 2516.5040388620132                                              11.742520372247393        21.668111146972137               390.18011798618494                          74.396431600934946                      8.3616429875142355
                       1       1516.6237397881966     0.022775470664028664      0.11659414576290117       68.547684283675864       3.0471965887204231      0.97601484725661791     0.057783733276137735     0.061531463574900219       1.0022684835839588       2.2701528150524704       9.6063819349150599   2.1056232324289866e-09     0.061531463574900219       493.41397748133841       5.7934714303969193       5.7934714303969193       3021.6605367155994                                                 2516.5040388620132                                              11.742520372247393        21.458785897596499               390.21908671291504                          72.959289498577903                      8.7768153722489703
                       1       1516.7325024606237     0.022745631376352091      0.11647772541134728       68.613919314551509       3.0433083899363358      0.97412957995365701     0.055698076780949714     0.055166083928649093       1.0026333641125658       2.2931230793895137       9.6457795382538496   2.0974520466286478e-09     0.055166083928649093       493.70590743600491       5.7934714303969193       5.7934714303969193       3021.8780620604534                                                 2516.9155503857646                                              11.256604238684215         21.69008681526492               390.23401934552334                          72.701880098269271                      9.0799211769473622
                       3       1516.7494882403869     0.022694032552992984      0.11638575433845497       68.530966280383041       3.0302733754861904      0.97930377080497677     0.052994405999649385     0.067076932886962926       0.9985054298381375       2.3666380020337225       9.6091381982606432   2.0702891478877013e-09     0.067076932886962926       494.74735202586959       5.7934714303969193       5.7934714303969193       3021.9120336199799                                                 2515.8123194144796                                              11.352362179630578        20.935654403504486               390.95306964056368                          72.532216429984715                      10.326411551816681
                       6       1517.0629085935871     0.022689626051422739      0.11529923647931618       69.037267757151028       3.0321409294026305      0.98453726393075947     0.056207200280225404     0.046882213159819247      0.99754343642231735       2.3488801686235519       9.5793762597638565   2.0741591370759365e-09     0.046882213159819247       496.43752823654825       5.7934714303969193       5.7934714303969193       3022.5388743263802                                                 2515.0812569675591                                              11.020089122272818        20.437125479740814               390.51798290011919                          74.668799198629131                      10.813620658059113
                       1       1517.0450317626567     0.022689626051422739      0.11529923647931618       69.037267757151028       3.0321409294026305      0.98453726393075947     0.056207200280225404     0.046882213159819247        0.997548275207502       2.3561741739198476       9.5880290874270901   2.0741591370759365e-09     0.046882213159819247       496.44085623534994       5.7934714303969193       5.7934714303969193       3022.5031206645194                                                 2515.0421753068968                                              11.020089122272818        20.436806942710064               390.51798290011919                          74.669322587556607                      10.816743804964075
                       2       1517.1946145587949     0.022689626051422739      0.11529923647931618       69.037267757151028       3.0321409294026305      0.98453726393075947     0.056207200280225404     0.046882213159819247      0.99624208707447226       2.3561741739198476       9.5880290874270901   2.0741591370759365e-09     0.046882213159819247       496.74002182762609       5.7934714303969193       5.7934714303969193       3022.8022862567959                                                 2515.0421753068968                                              11.020089122272818        20.525586425897586               390.49499535773333                             75.677925546748                      10.041514497247165
                       1       1517.5811283280848     0.022691550305268315      0.11561165095229091       69.294075860622144       3.0322974462642587      0.98755899609478959     0.054573220371226645     0.032247608241047276      0.99771715424775465       2.2974118083207831       9.6070570279196819   2.0744838033618002e-09     0.032247608241047276        496.6847040593197       5.7934714303969193       5.7934714303969193       3023.5753137953757                                                 2514.6865495419693                                              12.204060194086512        20.272468100543563               390.93008396237786                          75.664895974864393                      9.8172560215338613
                       1        1517.814571076291     0.022681885773013454      0.11553746157551265        69.33412911888793       3.0314523927658747      0.98753717561718624     0.054338092131974346     0.029057828791911662      0.99764013139421714       2.3021300047792232       9.6119213765045028   2.0727314940682574e-09     0.029057828791911662       496.85948285914628       5.7934714303969193       5.7934714303969193       3024.0421992917882                                                 2514.5953260734591                                              12.587390359183036        20.269510508297799               390.97903580995143                           75.69120425839273                      9.9197322825043557
                       1       1519.2199413311721     0.023009064604730286      0.11528858333508644       69.462992851297741       3.0276992752506726      0.98928943658086388     0.053724191312917918     0.031855639802178835      0.99539725883908037       2.1490652183231207       9.5236215629708472   2.0649668690828772e-09     0.031855639802178835       499.65070815736908       5.7934714303969193       5.7934714303969193       3026.8529398015503                                                 2514.9354986416479                                              12.266733002533451        20.231249772179581               391.30045136572835                          78.345374554063909                      9.7736324653972275
                       2       1518.4408242958866     0.023019522228828741       0.1153959935916913       69.395099969618258       3.0305392919387431      0.98876384409531159     0.055199472285321655     0.039806464083520759      0.99524851896456556       2.1791231164762586       9.5042238968751036   2.0708397450368416e-09     0.039806464083520759        498.5816274622984       5.7934714303969193       5.7934714303969193       3025.2947057309793                                                 2514.9455827679521                                              11.767495500728852        20.278370094249794                390.8406800335145                          77.818734080088376                      9.6438432544457218
                       1       1518.6903653159086     0.023019522228828741       0.1153959935916913       69.395099969618258       3.0305392919387431      0.98876384409531159     0.055199472285321655     0.039806464083520759      0.99527617039113381       2.3161000142461221       9.4756280356888585   2.0708397450368416e-09     0.039806464083520759       498.55259326439239       5.7934714303969193       5.7934714303969193       3025.7937877710233                                                 2515.4736990059023                                              11.767495500728852        20.276839698787171                390.8406800335145                          77.778005156669849                      9.6570683754208417
                       3        1518.168815092446     0.023019522228828741       0.1153959935916913       69.395099969618258       3.0305392919387431      0.98876384409531159     0.055199472285321655     0.039806464083520759      0.99541852313708268       2.3820456085767039       9.8519146662141051   2.0708397450368416e-09     0.039806464083520759       498.42102996525989       5.7934714303969193       5.7934714303969193       3024.7506873240982                                                  2514.562161858109                                              11.767495500728852        20.268993796606878               390.84106144314171                          77.584836473294502                      9.7261382522167885
                       3       1518.3835685872616     0.023047154399460267      0.11559860686705052       69.447714977315115        3.031581825966053      0.99063424920276943     0.055995206254642445     0.029826213889450393      0.99482204325559598       2.3415581724829941       9.8178565109249263   2.0729997917015807e-09     0.029826213889450393       498.66556911286625       5.7934714303969193       5.7934714303969193       3025.1801943137293                                                 2514.6827341745015                                              11.831891026361664        20.162085375383299               390.69717053200992                          78.611917430343567                      9.1943957751294505
                       2       1518.5640158871595     0.023047154399460267      0.11559860686705052       69.447714977315115        3.031581825966053      0.99063424920276943     0.055995206254642445     0.029826213889450393      0.99607925415066434       2.3415581724829941       9.8178565109249263   2.0729997917015807e-09     0.029826213889450393       499.02646371266218       5.7934714303969193       5.7934714303969193       3025.5410889135251                                                 2514.6827341745015                                              11.831891026361664        20.104457431768253               390.72272233158668                          78.445192693638759                      9.7540912556684667
                       7       1518.2637980344662     0.023030228734938152      0.11575102323442531       69.429620090879055       3.0340472685618924      0.99117115028625791     0.057829809996658148     0.030285462165468034      0.99540731114601366       2.3793746585659492       9.7873711535028995    2.078116959138474e-09     0.030285462165468034       498.68914349281397       5.7934714303969193       5.7934714303969193       3024.9406532081384                                                 2514.5574289464626                                              11.694080768862065        20.082022704073211               390.52259698107684                          78.590657952496187                      9.4938658551677158
                       1       1519.4344278170888     0.022404990387972872      0.11705863012394149       68.294177660828694       3.0210064839527671      0.98269088599385712     0.050983258346208371     0.032246423061828532      0.99573126876196283       2.6120003675687871       9.9643287289811671    2.051192622286866e-09     0.032246423061828532       499.57450302392391       5.7934714303969193       5.7934714303969193       3027.2819127733837                                                 2515.5213135661293                                              12.186096183330648        20.487751677669735               391.89574678602696                          77.702050467161385                      9.4889540930658587
                       3       1521.9079653017811     0.022519018387003254      0.11680125294918879        68.34780853229212       3.0216393499466379       0.9867576749466721     0.054343475279849653     0.066437684211393372      0.99249117577275525       2.7235178688141728       9.8606993338523363   2.0524911632022424e-09     0.066437684211393372       500.74835754663422       5.7934714303969193       5.7934714303969193       3032.2289877427684                                                 2519.6500697523247                                              11.830560443809427        20.235509759010426               390.90087696130644                          79.011524087111837                      10.600446739205516
                       1       1519.0365755367823      0.02270518698689972      0.11647608561208146       68.543299951243583       3.0262666855313975      0.98390584920144863     0.054745974387335208     0.081235639866688969      0.99447689313453369       2.6953034421916304       9.8698301669035899   2.0620107367435607e-09     0.081235639866688969       496.27829231420185       5.7934714303969193       5.7934714303969193       3026.4862082127706                                                 2519.0331366607938                                               11.17477923777559        20.493890967891332               390.69621588526303                          73.831323757924764                      11.256861703122679
                       1         1518.05295897462     0.022745791726358145      0.11616501338264615       68.682006152181273        3.030431114631611      0.98624014828699558     0.057191713688356176     0.079209300274411129       0.9944151459051167       2.6599195132479281       9.8397662797379581   2.0706157392861093e-09     0.079209300274411129        496.7657599662694       5.7934714303969193       5.7934714303969193        3024.518975088446                                                 2517.0675069482268                                              10.685708173950374        20.329905220854414               390.42747055969465                          75.030156024768303                      10.978228160952055
                       2       1518.1742756600827     0.022763387595926918      0.11708937154332474       68.658712110212377       3.0354493001055287      0.98539870411521646     0.058268875000225748     0.057229453976189615      0.99495395053967195       2.6101506082613155       9.8074599762531953   2.0810325880908295e-09     0.057229453976189615        496.0958777574628       5.7934714303969193       5.7934714303969193       3024.7616084593715                                                 2517.5284997541312                                              11.137230947777363        20.435323251542343               390.38930303527297                          76.077639610185031                      9.1936118604624486
                       8       1519.8631655073098     0.022905030855949169      0.11749170843100248       68.451682810596537       3.0322941013305917      0.98823894953123059     0.057131807671410351     0.066577841101092175      0.99328445930441844        2.496073298060951       9.7473675054598861   2.0744768643626901e-09     0.066577841101092175       499.31552521076151       5.7934714303969193       5.7934714303969193       3028.1393881538256                                                 2515.1828244298054                                              13.641038513259087        20.270695051870632               390.47920217570942                          79.701168463826789                      8.8644595193547069
                       3        1520.721062771411     0.022950175480823023      0.11740101399742985       68.794394452412092       3.0369436586965421      0.98221244245229411      0.05810125125101899     0.060769698148208394      0.99513853500289617       2.6137402772818232        9.776163099219648   2.0841447217597202e-09     0.060769698148208394       495.06256828997073       5.7934714303969193       5.7934714303969193        3029.855182682028                                                 2523.6394600846538                                              11.153154307403467        20.832682623877929               390.29376019367135                          74.810127858302337                      9.1259976141191395
                       4       1520.5338589403734     0.022926903136213903      0.11736688712761238        68.79485328205304       3.0381324257686826      0.98228180097380158     0.058494646234290723     0.061718653120227604      0.99549084167860402       2.6217407232773251       9.7830510463648981   2.0866237575846617e-09     0.061718653120227604       494.84814734550633       5.7934714303969193       5.7934714303969193       3029.4807750199529                                                 2523.5868425005624                                              11.045785173883623        20.818304185534771               390.31335585744455                          74.574553460944998                      9.1419338415819702
                       8       1522.1356495569116     0.022926903136213903      0.11736688712761238        68.79485328205304       3.0381324257686826      0.98228180097380158     0.058494646234290723     0.061718653120227604      0.99513277109957021       1.7460365687522372       9.4178680449821126   2.0866237575846617e-09     0.061718653120227604       494.32277704426139       5.7934714303969193       5.7934714303969193       3032.6843562530294                                                 2527.3157940348847                                              11.045785173883623        20.848072676976869               390.28384780537328                           74.17353515005847                      9.0173214118527518
                       3       1522.4825946000781      0.02310404772699079      0.11725692145736172       68.914128448404284       3.0310665977247746      0.98364014211580519     0.054435037314373311     0.062970776899141725      0.99501112733104669        1.621342862386137       9.4208241245740378    2.071931998766891e-09     0.062970776899141725       497.27494167795481       5.7934714303969193       5.7934714303969193       3033.3782463393622                                                 2525.0193018544564                                              11.084002806951135        20.718816867417047               390.73559877051571                          76.482512238833635                      9.3380138011884046
                       2        1522.382516223101     0.023002401185047584      0.11719256506498324       68.800876733924781       3.0265901054843036      0.98366921616698288      0.05224061728193119     0.072344569259695374      0.99521219847924913       1.6697093972354415        9.467396870683082    2.062677740014199e-09     0.072344569259695374        497.2225671985513       5.7934714303969193       5.7934714303969193       3033.1780895854081                                                 2524.7870774585404                                              11.168444928316099        20.654101801050786               391.44461517960497                           75.02745646199574                      10.096393755899761
                       1       1522.4751698884966     0.023005087688339768      0.11722242024520844       68.789162602695583       3.0271058732424261      0.98367108537855963     0.052384675911922834      0.07383681211791325      0.99529471388862001       1.6698897533461154       9.4660147439882074   2.0637418770881016e-09      0.07383681211791325       497.18917251903093       5.7934714303969193       5.7934714303969193       3033.3633969161992                                                 2524.9419876334255                                               11.23223676374295        20.656408827546841                391.3913857959879                          75.070671924739003                      10.070705970757187
                       1       1522.7511877722729     0.023032545170279892       0.1156253371225012       69.003073336396767       3.0406586392359793      0.97787377434712131     0.056952153950879943      0.11469073273579827      0.99983986661045854       1.7809754981694448       9.5515611947131198   2.0919016783926998e-09      0.11469073273579827        497.8466589050966       5.7934714303969193       5.7934714303969193        3033.915432683752                                                 2525.6191356170166                                              10.449638161639156         21.30361791151887               390.20599993577258                          73.237424530072104                      13.099616527733069
                       3       1519.3064639012334     0.022858040031372585      0.11582944595135669       69.038680728202905       3.0494777121754044       0.9779216255017722     0.058134774260955258     0.080507129384676274       1.0037153809239632       1.6691956683001095       9.6226755272424924   2.1104319014705343e-09     0.080507129384676274       492.88031477524873       5.7934714303969193       5.7934714303969193        3027.025984941673                                                 2523.5616968471782                                              10.583973319246024        21.244872975015994               390.21483892677071                          71.039866046510213                       10.38073682695182
                       5        1520.129324855566     0.022859719602397535      0.11639597282753478       68.737633109606364       3.0548346444930448        0.973713327813993     0.058957239919201335     0.086358181125097438       1.0050722114340074       1.6579234391495257       9.6305997297851142   2.1217676777124587e-09     0.086358181125097438       493.63100034069782       5.7934714303969193       5.7934714303969193       3028.6717068503381                                                 2524.2928295840966                                              10.747876925543794        21.883418043474364               390.21672948762193                          72.133635206150046                        9.39721760345153
                       1       1520.4813672703935     0.022876745755220966      0.11645628974684029       68.738462514456671        3.055189327269435      0.97422199254372088     0.058645361726775806     0.086092229835548026       1.0054386037891894       1.6267099292204705       9.6327013081309829   2.1225203656380756e-09     0.086092229835548026       493.53423194110769       5.7934714303969193       5.7934714303969193       3029.3757916799932                                                 2525.0408049250764                                               10.80075481380914        21.804207043394058               390.16605621622921                          72.280518583954347                      9.2834500975300891
                       6       1521.2720310586071     0.022687822765787607      0.11601929326385213       68.362528726577224       3.0578900746788613      0.97468228740608542     0.060087956736814753       0.1315499587496349       1.0063307356506415       1.7579074404268247       9.6844702863893293   2.1282605048610303e-09       0.1315499587496349       492.44671353216791       5.7934714303969193       5.7934714303969193       3030.9571192564204                                                 2526.9703907107673                                              11.540015013485151        21.593624697087137               390.41730981266591                          69.479349612361787                      10.956429410053103
                       2       1520.4152245798125     0.022526399463955456      0.11572886632733352       68.237446394039551       3.0591746638669486      0.97518850822385716     0.063027853423993543      0.13067332074388624       1.0048015411689113       1.8574867085452618       9.6708054808342059   2.1309962020423216e-09      0.13067332074388624       492.90985614107456       5.7934714303969193       5.7934714303969193       3029.2435062988311                                                 2524.7896583347479                                               11.54399182300914        21.502220426433723               391.10522453602988                          69.304632241473016                      10.997778937137944
                       4        1519.235964029712     0.022608952755700507      0.11507963134648531       68.515592597113837       3.0531652510003218      0.97984475384389003     0.061979610356562714      0.12684297767927452       1.0030842281073873       1.8061509706993046       9.6447218705166762   2.1182285674639462e-09      0.12684297767927452       494.63546327534766       5.7934714303969193       5.7934714303969193       3026.8849851986301                                                 2521.7529176512617                                              10.496604272020619        20.901214576201198               390.72571850247738                          70.773589114634333                       12.23494108203476
                       1       1519.3400126941867     0.022608952755700507      0.11507963134648531       68.515592597113837       3.0531652510003218      0.97984475384389003     0.061979610356562714      0.12684297767927452       1.0019279301322543       1.8061509706993046       9.6447218705166762   2.1182285674639462e-09      0.12684297767927452       494.84356060429701       5.7934714303969193       5.7934714303969193       3027.0930825275796                                                 2521.7529176512617                                              10.496604272020619        21.003416597635464               390.70495209792563                          71.760035996263298                       11.37515591247263
                       3       1518.9714233389939     0.022638795099160419      0.11525947928497957       68.531616751671976       3.0553301684647698      0.97977984652847239     0.062705180089107138      0.11255616634330778       1.0020433987628916       1.7434161406271635       9.6271866211085459   2.1228193249958969e-09      0.11255616634330778       494.33638498730869       5.7934714303969193       5.7934714303969193       3026.3559038171938                                                  2521.405094557646                                              10.614424272238777        21.048360295763018               390.91786577210479                          72.199777904719923                      10.170381014720949
                       4       1518.8435371451153     0.022638795099160419      0.11525947928497957       68.531616751671976       3.0553301684647698      0.97977984652847239     0.062705180089107138      0.11255616634330778       1.0023599031391077       1.7434161406271635       9.6271866211085459   2.1228193249958969e-09      0.11255616634330778       494.08061259955173       5.7934714303969193       5.7934714303969193       3026.1001314294367                                                  2521.405094557646                                              10.614424272238777        21.019383615796869               390.91786577210479                          71.795683081416598                      10.347680130233448
                       4       1517.9105380799233     0.022690702994896905      0.11573797474482291       68.432652529596169       3.0489859076129564      0.97974222867826088     0.060490380294888658      0.10502253554391877       1.0004643553821175       1.7195768444884758       9.5954743385517958   2.1093942366177248e-09      0.10502253554391877       493.88184192225179       5.7934714303969193       5.7934714303969193       3024.2341332990527                                                 2518.9989693076104                                              11.353322069190726        21.032030405763123               390.48697609500834                          72.460804899118173                      9.9020305223621463
                       4       1517.8783006712845      0.02268690531641478      0.11577401321143391       68.428882121965529          3.0497547789241      0.97954415703159226      0.06078014900485651       0.1040892383737695        1.000558589237408       1.7213598089937141       9.5942316203235976   2.1110167129879898e-09       0.1040892383737695       493.67530416396505       5.7934714303969193       5.7934714303969193       3024.1696584817751                                                 2519.1176105698651                                              11.376743747945063         21.06055871886025               390.49112953310623                          72.335368486413358                      9.7882474255852383
                       4       1518.0039021809041     0.022540488843610377      0.11574078533245846       68.608045059463009       3.0385823316456366      0.98022598999860389     0.057659957720999133     0.079836966014884964      0.99839023327383247       1.8257864922763822       9.6165803847403897   2.0875627530901505e-09     0.079836966014884964       493.93208736630368       5.7934714303969193       5.7934714303969193       3024.4208615010143                                                 2520.0349383094435                                              10.453835825267616        20.906854337141567               390.25928807875977                          72.274968879973969                      10.490976070428353
                       3       1517.8952178830359     0.022529226547391114      0.11574505769642573       68.619034427740559       3.0382075683195726       0.9798358702556641     0.057304676251015568     0.073012530057813566      0.99859483537235305       1.8080555544794967       9.6255229796503912   2.0867805577076614e-09     0.073012530057813566       493.91541596894979       5.7934714303969193       5.7934714303969193       3024.2034929052779                                                 2519.8304326840471                                              10.457644252280829        20.945247453466664               390.25294099277789                          72.458428403094842                      10.258799119610394
                      10       1519.7045462482936     0.022497824011430672      0.11661180912269806       68.351350783268629       3.0295035572472004      0.97626530409421075     0.052771299586697532       0.0573842139357136      0.99766482818240387       1.7950601439494778       9.6445219856169224   2.0686960148317931e-09       0.0573842139357136       493.88293085696728       5.7934714303969193       5.7934714303969193       3027.8221496357933                                                 2522.1726563443103                                              11.766562434515347         21.34588241924564               390.85100841970944                          72.145646256453105                      9.5403937615590824
                       7       1519.1785305249334     0.022452520644370519      0.11658177434709359       68.404780698097952       3.0298208692972914      0.97709596369468632     0.052755548943934694     0.048331811710216291      0.99803864844298029       1.7794089255557262       9.6567043135845072   2.0693525411616236e-09     0.048331811710216291       494.00595612688443       5.7934714303969193       5.7934714303969193       3026.7701181890729                                                 2521.4573945445632                                               11.30676751762563        21.215993799278408                 390.917664538883                          72.497475941791066                       9.374821846931976
                       2       1519.4473456244295     0.022452520644370519      0.11658177434709359       68.404780698097952       3.0298208692972914      0.97709596369468632     0.052755548943934694     0.048331811710216291      0.99965970289644701       1.7794089255557262       9.6567043135845072   2.0693525411616236e-09     0.048331811710216291        494.5435863258765       5.7934714303969193       5.7934714303969193       3027.3077483880652                                                 2521.4573945445632                                               11.30676751762563        21.062975104767702               390.96437680915454                           72.34962582731724                       10.16660858463702
                       1        1518.549373263395     0.022782006835670852       0.1173989261310459       68.766824254042874       3.0389084602926286        0.980950219846494     0.057572743283408633     0.021943923549598413      0.99769785644470332       1.6357638767573774       9.4801974141761089   2.0882436781348732e-09     0.021943923549598413         494.791421922577       5.7934714303969193       5.7934714303969193        3025.511803665996                                                  2519.639283982498                                              11.081097760920644        20.846837314070001               390.28261740423824                          75.159201193130713                       8.502766011138073
                       2       1516.7792224253039     0.022782006835670852       0.1173989261310459       68.766824254042874       3.0389084602926286        0.980950219846494     0.057572743283408633     0.021943923549598413      0.99783508841061352       1.9058937292080631       9.6737866462132427   2.0882436781348732e-09     0.021943923549598413       495.08782554565806       5.7934714303969193       5.7934714303969193        3021.971501989814                                                  2515.802578683235                                              11.081097760920644        20.835320372345507               390.28261740423824                           75.44121599340582                      8.5286717756685242
                       2       1515.8816173478604     0.022782006835670852       0.1173989261310459       68.766824254042874       3.0389084602926286        0.980950219846494     0.057572743283408633     0.021943923549598413      0.99623814160387925       1.9058937292080631       9.6737866462132427   2.0882436781348732e-09     0.021943923549598413       493.29261539077157       5.7934714303969193       5.7934714303969193       3020.1762918349268                                                  2515.802578683235                                              11.081097760920644        20.972855031439053               390.27812214804902                          73.720776517782483                      8.3208616935009836
                       2         1515.92383910939     0.022731700653807481      0.11747616057263506       68.727656282233539       3.0405023060718679      0.98140839380766154     0.058328407572067968     0.021073140187865207      0.99637664968264217       1.9196841726384022       9.6746503548509839   2.0915746703460741e-09     0.021073140187865207       493.33920857855492       5.7934714303969193       5.7934714303969193       3020.2607353579861                                                 2515.8163183873316                                              11.105208392099648        20.909375166141615               390.27049597875043                          73.835058808061703                      8.3242786256011563
                       6       1515.8273640997677     0.022731700653807481      0.11747616057263506       68.727656282233539       3.0405023060718679      0.98140839380766154     0.058328407572067968     0.021073140187865207      0.99639079512519968       1.6521876951422183       9.9364769966433162   2.0915746703460741e-09     0.021073140187865207       493.34097729946291       5.7934714303969193       5.7934714303969193       3020.0677853387415                                                 2515.6215996471788                                              11.105208392099648        20.908153274779124               390.27049597875043                          73.837545821575134                      8.3247822243582021
                       1       1515.7569198336532     0.022731700653807481      0.11747616057263506       68.727656282233539       3.0405023060718679      0.98140839380766154     0.058328407572067968     0.021073140187865207      0.99639487283337147       1.6713469408288768       9.9331121428204412   2.0915746703460741e-09     0.021073140187865207       493.34154047669813       5.7934714303969193       5.7934714303969193       3019.9268968065126                                                 2515.4801479377147                                              11.105208392099648        20.907801166197828               390.27049597875043                          73.838312922555247                      8.3249304091946286
                       4       1515.8997400402202     0.022731700653807481      0.11747616057263506       68.727656282233539       3.0405023060718679      0.98140839380766154     0.058328407572067968     0.021073140187865207      0.99692483976636415       1.6713469408288768       9.9331121428204412   2.0915746703460741e-09     0.021073140187865207        493.6271808898324       5.7934714303969193       5.7934714303969193       3020.2125372196465                                                 2515.4801479377147                                              11.105208392099648        20.862517943103285                 390.280238996729                           74.12877987050723                      8.3556440794929152
                       8       1515.8068733037737     0.022742880766960436       0.1172933463556893       68.808250473213363       3.0460075779094211      0.97981248623732198     0.060266404989796962     0.025216310624655673      0.99815743818484537       1.6979806170451588       9.9409635528796461    2.103121111460953e-09     0.025216310624655673       492.62618245318941       5.7934714303969193       5.7934714303969193       3020.0268037467536                                                 2516.6650206839972                                              10.735600609566999        21.079651225450391               390.42583292477605                          72.797105808908455                      8.3235924940545143
                       7       1515.8384970541279      0.02273315808882042      0.11729355721284541        68.81521984609509       3.0466518222569952      0.97964379367300536     0.060502204449506269     0.023857148676830517      0.99830403890820485       1.7012666506244747       9.9430892074996411   2.1044764718940459e-09     0.023857148676830517       492.57967774367467       5.7934714303969193       5.7934714303969193       3020.0900512474618                                                 2516.8134076922356                                              10.696965811551905        21.099840818089376               390.47819976535317                          72.686980513510392                      8.3146566467217191
                       5       1516.1460455991953      0.02273315808882042      0.11729355721284541        68.81521984609509       3.0466518222569952      0.97964379367300536     0.060502204449506269     0.023857148676830517      0.99645910134663596       1.7012666506244747       9.9430892074996411   2.1044764718940459e-09     0.023857148676830517       493.19477483380939       5.7934714303969193       5.7934714303969193       3020.7051483375967                                                 2516.8134076922356                                              10.696965811551905        21.278546262176519               390.47542913420779                          73.122616448908829                      8.3181829885162166
                       6       1515.8204971633916     0.022758904967535382      0.11648370807493434       68.990501847068728       3.0491084367189716      0.98322058749099728     0.062764741402079494     0.024816407272734431      0.99623211665400857       1.6515131502162861        9.926430768780083   2.1096527146429887e-09     0.024816407272734431       494.76934798198351       5.7934714303969193       5.7934714303969193       3020.0540514659892                                                 2514.7498142211266                                              10.534889262879647        20.849723149536487               390.86915357779998                          74.809546851264002                       8.240924403383028
                       4       1515.2914784690488     0.022758904967535382      0.11648370807493434       68.990501847068728       3.0491084367189716      0.98322058749099728     0.062764741402079494     0.024816407272734431      0.99628395356892552       1.9813214705471158       9.8130198576692358   2.1096527146429887e-09     0.024816407272734431       494.67879058596435       5.7934714303969193       5.7934714303969193       3018.9960140773037                                                 2513.7823342284601                                              10.534889262879647        20.845321597012912               390.86915357779998                          74.724390802709493                      8.2399246084419833
                       6       1516.5850085546906     0.022575960025203162      0.11696831593971824       68.628718782234287       3.0548578332743963      0.98238070936286315     0.065088887770755166     0.023236880566990314      0.99690645897847219       2.0113452287194113       9.8231311450632575   2.1218168794896785e-09     0.023236880566990314       496.31881982395169       5.7934714303969193       5.7934714303969193       3021.5830742485873                                                 2514.3221968788284                                               10.94205754580706        20.904302476327302                391.7012159608426                          75.179234474936877                      8.5340669118449064
                       1       1516.2161323176242     0.022575960025203162      0.11696831593971824       68.628718782234287       3.0548578332743963      0.98238070936286315     0.065088887770755166     0.023236880566990314      0.99828225637901224       2.0113452287194113       9.8231311450632575   2.1218168794896785e-09     0.023236880566990314       495.58106734981862       5.7934714303969193       5.7934714303969193       3020.8453217744545                                                 2514.3221968788284                                               10.94205754580706        20.786718036891898               391.71674919031096                          74.745372308192003                      8.3322278144237618
                       1       1516.2586459700058     0.022586524878679202       0.1167367793790889       68.678630780312503       3.0495501807466856      0.98380300815293109     0.064214203817179155     0.019610992676901973      0.99652698445058918       2.0167490415322371       9.8054469585235999   2.1105848469970253e-09     0.019610992676901973       496.15208507236656       5.7934714303969193       5.7934714303969193       3020.9303490792176                                                 2513.9779139551674                                              10.800350051683179         20.63059077464419               391.37118418504622                          75.882896588941477                      8.2674135237346533
                       2       1516.2867121808245     0.022618525832004268      0.11667179570923905       68.661480053512122        3.050159709235321      0.98231984308577358     0.064620214006748264     0.031647492521972465      0.99644843415296525       2.0658344767655579       9.8013873173580617   2.1118717007361177e-09     0.031647492521972465       494.87437546215705       5.7934714303969193       5.7934714303969193        3020.986481500855                                                 2515.2698717487556                                              10.842234289942409        20.808023328122317               391.57061431934352                          74.236723786701802                      8.2590140279893713
                       1       1516.5169434149636     0.022572633894889477      0.11686167318942306        68.60994502742534       3.0501922673780282      0.98125498460853877     0.064398576501263807     0.025792916812025612      0.99664459748324352       2.0792334051817201       9.8121666764643525   2.1119404604756682e-09     0.025792916812025612       494.59810902043705       5.7934714303969193       5.7934714303969193       3021.4469439691334                                                 2515.8671980278818                                              10.981636920814166        20.912595251310279               391.51717438882201                          73.911511786860117                      8.2568275934446795
                       1       1516.0991114020405     0.022588227354408689      0.11686085894896966       68.656752153072247        3.048876500473265       0.9811687162493371     0.063673611922861556     0.022916645991186237      0.99665524178875542       2.0706413225767908       9.8163337810925917   2.1091634664519971e-09     0.022916645991186237       494.17428801480696       5.7934714303969193       5.7934714303969193       3020.6112799432872                                                 2515.5768096416041                                              10.860182286875901        20.918990683191566               391.26295427018641                            73.7361869439694                      8.2561561174595877
                       3       1516.1093414622287     0.022590138402743664      0.11685029874050747       68.657906740744735       3.0488711620211237      0.98126266343071122     0.063732012388025464     0.023398330918657659      0.99659597923614174       2.0715091370752141       9.8146009056406651   2.1091522068138281e-09     0.023398330918657659       494.18141762459703       5.7934714303969193       5.7934714303969193       3020.6317400636635                                                 2515.5940384188666                                              10.856284020199794         20.90961990921636               391.23775276858532                          73.777570241072638                      8.2564747057227148
                       3       1516.1551931549081     0.022584950206832464      0.11682721550211773       68.731267308071764       3.0499908021982902      0.98250463680047295      0.06430697872480641     0.019428306781407445       0.9966587039993241       2.0619354347676704        9.807845154500562   2.1115150208682753e-09     0.019428306781407445       494.89660134405403       5.7934714303969193       5.7934714303969193       3020.7234434490224                                                 2515.1987301701934                                              10.628111934775056        20.773615979548197               391.42653275772216                          74.426455168942724                      8.2699974378409671
                       6       1516.5621040355895      0.02300813235759315      0.11647144711688848       69.293917985419114       3.0375089488474276      0.98500548291961121     0.058554081162591753     0.026121696228549506      0.99503809905569462       1.9493973427398854       9.7619407005753995   2.0853232013040082e-09     0.026121696228549506         494.811660637697       5.7934714303969193       5.7934714303969193       3021.5372652103852                                                 2515.8778692188766                                              10.847735353811361         20.61084306537191               390.32227397107727                          75.189160202065565                      8.6893833991822511
                       2       1516.7513686474513      0.02303400981534821      0.11631750985914587       69.332386619385332       3.0376441428370002       0.9846730284033991     0.058838253137999626     0.022651633659941543      0.99492079425546454       1.9314943238635098       9.7574353883814187   2.0856051435251585e-09     0.022651633659941543       495.28420626920041       5.7934714303969193       5.7934714303969193       3021.9157944341086                                                 2515.6441707599288                                              10.987417404979368        20.649962185968491               390.34146057902853                          75.633218489676736                      8.6595650145266561
                       2        1518.483886582113      0.02303400981534821      0.11631750985914587       69.332386619385332       3.0376441428370002       0.9846730284033991     0.058838253137999626     0.022651633659941543      0.99481789247031649       2.2746894117012562       9.1653284870639595   2.0856051435251585e-09     0.022651633659941543       495.29824355017502       5.7934714303969193       5.7934714303969193        3025.380830303432                                                 2519.0951693482775                                              10.987417404979368        20.657817365689255               390.34146057902853                          75.665701638516992                      8.6332639669402429
                       1       1518.6176217124562     0.023050077642559841      0.11752563447577512       68.892183458925913       3.0382191020768219       0.9816101122623635     0.055366975188278149     0.016368269563618948      0.99710975210297215       2.1218651453359532        9.203173971254925   2.0868046262668471e-09     0.016368269563618948       497.21969523431119       5.7934714303969193       5.7934714303969193       3025.6483005641185                                                    2516.8208768175                                              11.607728512306952        20.976046975226382               390.47105500901876                          77.501110509058279                      8.2714827410077607
                       1       1517.3493128976693     0.022933505271554092      0.11728404582718691       68.845654262598984       3.0442107875034696      0.98223700964076044     0.057556579815534047     0.016627826166063803      0.99869326701460492       2.1223456497232132       9.2335670582606291    2.099345636509657e-09     0.016627826166063803       495.48533683137543       5.7934714303969193       5.7934714303969193       3023.1116829345447                                                 2516.2949574791455                                              11.331388624023896        20.863533155020889               390.26189365428064                          76.075258714130271                      8.2846513079436637
                       2       1518.1303105448826     0.022937267770442363      0.11665352907044231       68.922809569820799       3.0301467802822577      0.98475864730933083     0.051817024186987207     0.027126159785251187      0.99764829880640804       2.1096585281793376       9.2849980922902393   2.0700270757997096e-09     0.027126159785251187       497.88259731081683       5.7934714303969193       5.7934714303969193       3024.6736782289713                                                 2515.9072247386675                                              10.883856179486941        20.530160856211069               391.69026382840889                          77.064588098562652                      8.5975845276342167
                       1       1517.7682728444684     0.022919979564787838      0.11634441466544625       69.054020657308428       3.0304777961390017      0.98576207064849708     0.052583704515459247     0.023423975684889423       0.9974839257899627        2.124528538491496        9.284249063490476   2.0707124010061863e-09     0.023423975684889423       497.57604700973877       5.7934714303969193       5.7934714303969193       3023.9496028281428                                                 2515.7022733887011                                              10.671282429703163        20.438536713175893               391.45981275155117                           76.94144359503133                      8.7362539499803873
                       1       1517.9220579836876     0.022919979564787838      0.11634441466544625       69.054020657308428       3.0304777961390017      0.98576207064849708     0.052583704515459247     0.023423975684889423      0.99702704801389941        2.124528538491496        9.284249063490476   2.0707124010061863e-09     0.023423975684889423       497.88361728817671       5.7934714303969193       5.7934714303969193       3024.2571731065814                                                 2515.7022733887011                                              10.671282429703163        20.468206970507083               391.43096326504542                           77.36843485107363                      8.6160122015505856
                       2        1517.937692336825     0.022919979564787838      0.11634441466544625       69.054020657308428       3.0304777961390017      0.98576207064849708     0.052583704515459247     0.023423975684889423      0.99712675856817279        2.361507336932295       9.3915707084289615   2.0707124010061863e-09     0.023423975684889423       497.77994446377858       5.7934714303969193       5.7934714303969193        3024.288441812856                                                 2515.8372149193742                                              10.671282429703163        20.461675287508115               391.42636810819386                           77.25109614549919                      8.6408049225773773
                       1       1518.3316165980393     0.022653252523609065      0.11691406989688671       68.516901600263282       3.0382698475376242       0.9886642639889166     0.057745666698196058       0.0464581908075965      0.99596983113940851        2.498922141559786       9.3531748355352278   2.0869105248161239e-09       0.0464581908075965       499.30021432078468       5.7934714303969193       5.7934714303969193       3025.0762903352847                                                 2514.1644383247908                                              11.611637689708807        20.214797558105374               390.45865859953915                          80.172425492478638                      8.4543326706615058
                       4       1516.6216230495834     0.022653252523609065      0.11691406989688671       68.516901600263282       3.0382698475376242       0.9886642639889166     0.057745666698196058       0.0464581908075965      0.99603345257964271       2.1774019363568931       9.8087971423169833   2.0869105248161239e-09       0.0464581908075965       499.28130213544915       5.7934714303969193       5.7934714303969193       3021.6563032383729                                                 2510.7633634132153                                              11.611637689708807        20.211490321559154               390.45865859953915                           80.14882819552642                       8.462325018824389
                       6       1516.5443578701722     0.022656875187123005      0.11679798765136637        68.47578019522355       3.0507802141706257      0.98098435863390532     0.064195687392535838     0.050932687026390353      0.99648799994954251       2.3279683275293097       9.7774907615960149    2.113182534196412e-09     0.050932687026390353       494.29616384507364       5.7934714303969193       5.7934714303969193       3021.5017728795506                                                 2515.3767240008674                                              11.828885033609522        20.998968548310017               391.41739590702758                          73.620680295997801                      8.2591190937382013
                       1       1516.7687895898816     0.022584034247140408      0.11687104935059842       68.435604060099124       3.0457235022533151      0.98611506772957214     0.062301137903525421     0.058397832091185591      0.99572026802386737       2.3230368997607398       9.7827778677462511    2.102523750803172e-09     0.058397832091185591       497.15984872876794       5.7934714303969193       5.7934714303969193       3021.9506363189694                                                 2513.1373608430795                                              11.653426747122522        20.415220875952514               390.90070865884053                          77.402431577031848                      8.4414876169430642
                       3       1517.4633292280041     0.022664153102945579      0.11623672363154273       68.537729752111986       3.0477402794465385      0.98919232308611837     0.064530097334684969     0.070639290254026266      0.99490124194296614       2.2949051041211823       9.7444919763111173   2.1067683515202588e-09     0.070639290254026266       499.17194439751921       5.7934714303969193       5.7934714303969193       3023.3397155952143                                                 2513.0450405322863                                              11.122730665408758        20.212931691210883               391.41814223366072                          78.979713694959457                      8.5611567776881383
                       1       1516.3981495619521      0.02271560041076489      0.11614488301810993       68.566413834789543       3.0518463172591761      0.98628344639504628     0.063383997411770907      0.07932833263932737      0.99828907917431953       2.2399771877157502       9.8084474958838435    2.115436605945723e-09      0.07932833263932737       495.77135040990981       5.7934714303969193       5.7934714303969193       3021.2093562631103                                                 2514.3710947772079                                              11.066911075992735        20.426606433332495               391.13128931444191                          75.601650859310453                      8.6118038028249373
                      12       1516.6861901933228     0.022760123710581625      0.11607907968334152       68.654210928391393        3.052750583042747      0.98728596030362392     0.064100849036413513     0.084935796994857066      0.99799479404835534       2.2544471456449968       9.7882564766945173   2.1173503880392174e-09     0.084935796994857066       495.87779814262262       5.7934714303969193       5.7934714303969193       3021.7854375258516                                                 2515.1382719277599                                              10.769367455468847        20.361168612563461               391.28005447632739                          75.487832855087973                      8.7487421986438285
                       3       1517.0737484192432     0.022760123710581625      0.11607907968334152       68.654210928391393        3.052750583042747      0.98728596030362392     0.064100849036413513     0.084935796994857066      0.99919556400670773       2.2544471456449968       9.7882564766945173   2.1173503880392174e-09     0.084935796994857066        496.6529145944636       5.7934714303969193       5.7934714303969193       3022.5605539776925                                                 2515.1382719277599                                              10.769367455468847        20.288374467298468               391.24063644626727                          75.982008383702819                      9.1418952971950755
                       3       1517.0510155946142     0.022760123710581625      0.11607907968334152       68.654210928391393        3.052750583042747      0.98728596030362392     0.064100849036413513     0.084935796994857066      0.99924553064823474       2.3135505703198405       9.8908886438132484   2.1173503880392174e-09     0.084935796994857066       496.73127205619693       5.7934714303969193       5.7934714303969193       3022.5150883284346                                                 2515.0144488167684                                              10.769367455468847        20.285456808244703               391.24060861821636                          76.044446158878074                      9.1607604708578023
                       6       1517.0525158171815      0.02273858351955611      0.11621105495346762       68.573315872014831       3.0535122284449594      0.98647279459443871     0.064187775645783748     0.086432805215259367      0.99947390103434974       2.3222992861530654       9.8961975336008035   2.1189636725245059e-09     0.086432805215259367       496.46205603175861       5.7934714303969193       5.7934714303969193       3022.5180887735692                                                 2515.0071420743379                                              11.048890667472875        20.342560319135316               391.32123986683303                          75.749272990555866                      9.0489828552343585
                       3       1517.1363397958066      0.02268569122006411      0.11624195082821802       68.694650405881447       3.0506418655938781      0.98766925319643395     0.062915513951298019     0.073603959324557738      0.99941817264915167       2.3253727857183302       9.9124134874335859   2.1128901986229695e-09     0.073603959324557738       497.36103737786618       5.7934714303969193       5.7934714303969193       3022.6857367308194                                                 2514.7748850601138                                              10.549814292839118        20.234429958666396               390.96465842829213                          77.053968470910064                      9.1079805199975432
                       1       1516.4351849600689     0.022623679788986266      0.11653898110308696       68.764412833836502       3.0512642333401363      0.98367995452759693     0.061118444944725313     0.018651918828600039       1.0015674023165861       2.1775056000568203       9.9709372087175474     2.11420560262403e-09     0.018651918828600039       495.75909843429559       5.7934714303969193       5.7934714303969193       3021.2834270593439                                                  2514.873739887526                                              10.650588737522231        20.534547165951949                390.5892280185281                          76.375165394305654                      8.2601578555098936
                       1       1516.1792848874434     0.022623679788986266      0.11653898110308696       68.764412833836502       3.0512642333401363      0.98367995452759693     0.061118444944725313     0.018651918828600039       1.0011317499506989       2.1775056000568203       9.9709372087175474     2.11420560262403e-09     0.018651918828600039       495.24729828904429       5.7934714303969193       5.7934714303969193       3020.7716269140928                                                  2514.873739887526                                              10.650588737522231        20.566130777840897               390.59088409964255                          75.848688904661657                      8.2415945068991547
                       2       1517.6953287499143     0.022626936122882274      0.11670089354424348       68.859223379497308       3.0643263253314776      0.98129824002342581     0.066427119538413945     0.012509237407276629       1.0026642415261589       2.2154726254497699       9.9433704599204429   2.1420026995897373e-09     0.012509237407276629       495.40163611386527       5.7934714303969193       5.7934714303969193       3023.8037146390348                                                 2517.8881185876944                                               10.51395993747542           20.899148441205               392.18608801556155                          73.958780499856374                      8.3576191572423024
                       2       1517.4322287411323     0.022626936122882274      0.11670089354424348       68.859223379497308       3.0643263253314776      0.98129824002342581     0.066427119538413945     0.012509237407276629        1.002605275663137       1.9771263456525103       9.9603287844915158   2.1420026995897373e-09     0.012509237407276629       495.33349013920827       5.7934714303969193       5.7934714303969193       3023.2775146214708                                                  2517.430064544787                                               10.51395993747542        20.904315830365306               392.18608801556155                          73.876773713914716                      8.3663125793667277
                       3       1517.2639363951132     0.022579246927788493      0.11659421117785569       68.844154600084352        3.065603807871637      0.97984525186462745     0.067123370182794781     0.016071137793508519       1.0029009043702122        2.033898562248257       9.9746948874225723   2.1447408192170704e-09     0.016071137793508519       494.77129510876023       5.7934714303969193       5.7934714303969193       3022.9409299294325                                                 2517.6931744634244                                              10.476460357247616        21.079004222704839               392.51787913970765                          72.876985712110866                      8.2974260342368886
                       8       1515.9476958341377     0.022636900075049714       0.1165745244056253       68.956107969290159       3.0597394483413192      0.98157328754674167     0.065322901032082201     0.019480213806399738       1.0014486823586857       2.0524217659114616       9.9553236556029123   2.1322000955503574e-09     0.019480213806399738       493.97033951818753       5.7934714303969193       5.7934714303969193       3020.3084488074815                                                 2515.8345389434717                                              10.503570345822254        20.866193539913695               391.71184765020865                          73.156349854061446                      8.2359484740037647
                       3       1514.7621327273469     0.022572940893140728      0.11619722453449062       69.117761760674398       3.0484786901173457      0.98114229597149594     0.061895888926565674    0.0037390603929134091      0.99964236797619543        2.112913603297597       9.9840737148350751   2.1083245862513945e-09    0.0037390603929134091       492.62164936737156       5.7934714303969193       5.7934714303969193       3017.9373225938998                                                 2514.1675716758059                                              11.148101550721956        20.848287467994169               390.72116193838644                          72.585520710880942                       8.466679250110035
                       3       1514.4872784471031     0.022625829324098543      0.11615177409733174       69.120433810740721       3.0461225761497794      0.98253414067878819     0.061408287763602735     0.004745071690149278      0.99869973657006383       2.0798371335528607       9.9619355475270019   2.1033629805950275e-09     0.004745071690149278       493.31765070153745       5.7934714303969193       5.7934714303969193       3017.3876140334123                                                 2513.0124780842661                                              11.057485247608707        20.707286559505803               390.63946008252606                          73.490234932547708                      8.4806691269578689
                       5       1515.0919038252425     0.022609890819054526       0.1159070829270962       69.168817579509735       3.0408916812031683      0.98269312090034699     0.060251915117588525    0.0085241370611640471       0.9974302371027215        2.140019874125958        9.964077244935627   2.0923892360834937e-09    0.0085241370611640471       493.43051924300721       5.7934714303969193       5.7934714303969193       3018.5968647896912                                                 2513.7230988178039                                              11.443246728880414        20.674519303619945               390.47562629576259                          73.383664225374304                      8.8967094182503299
                       3       1516.1144435661004     0.022573032147395686      0.11559560321027501       68.853859323041419       3.0457880757062359      0.98500368721275511     0.063189095772101384     0.063098878925170465      0.99730797842492325       2.2384173813043415       9.9490169845331433   2.1026595224051825e-09     0.063098878925170465       495.60936725710832       5.7934714303969193       5.7934714303969193       3020.6419442714068                                                 2514.4621198101795                                              10.570457204119018         20.45563822826773               391.03856199276697                          74.384755961112262                       9.730411074961328
                       1       1516.0801941518305     0.022573032147395686      0.11559560321027501       68.853859323041419       3.0457880757062359      0.98500368721275511     0.063189095772101384     0.063098878925170465      0.99719689187762117       2.2384173813043415       9.9490169845331433   2.1026595224051825e-09     0.063098878925170465       495.54086842856879       5.7934714303969193       5.7934714303969193       3020.5734454428671                                                 2514.4621198101795                                              10.570457204119018        20.463221976680586               391.03901746673398                          74.362138451830162                      9.6764905333240545
                       1       1517.8364947033424     0.022573032147395686      0.11559560321027501       68.853859323041419       3.0457880757062359      0.98500368721275511     0.063189095772101384     0.063098878925170465      0.99700869449681329       2.0748901293010071       9.5140700081958727   2.1026595224051825e-09     0.063098878925170465       495.46775808671777       5.7934714303969193       5.7934714303969193       3024.0860465458909                                                  2518.047831255054                                              10.570457204119018         20.47616973006177               391.04239538398213                          74.361805559490165                      9.5873874131836878
                       1       1517.5969703209851     0.022577720730586417      0.11563088979639284       68.847276575357824       3.0453914578891004      0.98470438482514333     0.062294376715147939     0.070017224065074046      0.99766779013290108       2.0809374753621395       9.5323235151183709   2.1018257355335213e-09     0.070017224065074046       494.93554679955753       5.7934714303969193       5.7934714303969193       3023.6069977811762                                                 2518.1317990530697                                              10.539651928549292         20.49265386108209               390.79999103002405                          73.738486398378555                      9.9044155100728712
                       3       1518.5533145482163     0.022557763714872378      0.11552245361237616        68.84294918277368       3.0460433574424028      0.98607714022626414     0.063249276727851148     0.075646922450454124      0.99719321690513851       2.1049920494245673       9.5196770903167032   2.1031963614983226e-09     0.075646922450454124       496.31276892712282       5.7934714303969193       5.7934714303969193       3025.5196862356388                                                 2518.6246974274886                                              10.582219881027568        20.373489260593487               391.04316496950247                          74.763860227930422                      10.132254469096456
                       1       1518.5713089941712     0.022557763714872378      0.11552245361237616        68.84294918277368       3.0460433574424028      0.98607714022626414     0.063249276727851148     0.075646922450454124      0.99660074377245611       2.1049920494245673       9.5196770903167032   2.1031963614983226e-09     0.075646922450454124       496.34875781903258       5.7934714303969193       5.7934714303969193       3025.5556751275485                                                 2518.6246974274886                                              10.582219881027568        20.412070621806777               391.08668746652165                          75.029882544004295                      9.8201171866998322
                       5       1518.9835870468155     0.022623107349717286      0.11521671832541436       68.935853235926118       3.0414431132730955      0.98707349765060726     0.062131671093916964      0.08204828298171131       0.9954116451695515       2.1134746873905823       9.5067366823920647   2.0935433647935872e-09      0.08204828298171131       496.99272586408006       5.7934714303969193       5.7934714303969193       3026.3802312328371                                                 2518.5300459008613                                              10.857459467895282        20.337203336137804               390.77851343482456                          75.168179281779729                      10.708829811337999
                       9       1519.7506887368259     0.022623107349717286      0.11521671832541436       68.935853235926118       3.0414431132730955      0.98707349765060726     0.062131671093916964      0.08204828298171131      0.99430968602334957       2.1134746873905823       9.5067366823920647   2.0935433647935872e-09      0.08204828298171131       498.52692924410098       5.7934714303969193       5.7934714303969193       3027.9144346128578                                                 2518.5300459008613                                              10.857459467895282        20.407019000780735               390.76259112063866                          77.295967692592384                      10.061351430089191
                       3       1518.5554530184775     0.022623107349717286      0.11521671832541436       68.935853235926118       3.0414431132730955      0.98707349765060726     0.062131671093916964      0.08204828298171131      0.99440944643045692       2.1853105773155623       9.7494544074604494   2.0935433647935872e-09      0.08204828298171131       498.31386494279684       5.7934714303969193       5.7934714303969193        3025.523963176161                                                 2516.3526387654688                                              10.857459467895282        20.400543516122241               390.76259112063866                          77.034795568910241                      10.115934737125718
                       4       1518.8093433396123     0.022623107349717286      0.11521671832541436       68.935853235926118       3.0414431132730955      0.98707349765060726     0.062131671093916964      0.08204828298171131      0.99435529126983579        1.818233699933882       9.8863793425977526   2.0935433647935872e-09      0.08204828298171131       498.42772485782825       5.7934714303969193       5.7934714303969193       3026.0317438184306                                                 2516.7465594927071                                              10.857459467895282        20.404054757383335               390.76259112063866                          77.174874858713252                      10.086204121093056
                       3       1518.6395158335124     0.022548222393076956      0.11538022635370269       68.823178504030437       3.0429719147055891      0.98670830592584058     0.062286373315569368     0.080706970462826627      0.99503909938463275       1.8211051268630476       9.9057263150153396   2.0967464246860886e-09     0.080706970462826627       498.60801014130624       5.7934714303969193       5.7934714303969193       3025.6920888062309                                                 2516.4954154056672                                              10.588663259257586        20.412449470910644                390.8148787404316                           77.61369255414246                      9.7669893758215434
                       1       1518.9784726273444     0.022560879113866544      0.11523478701194456       68.861430652882447       3.0430203946209655      0.98767364926708701     0.062453309205852479     0.085473631612900794      0.99500575762074472       1.8210861378197278       9.9032154853126624   2.0968480772393571e-09     0.085473631612900794       499.30672283932154       5.7934714303969193       5.7934714303969193        3026.370002393895                                                 2516.3384144159345                                              10.724865138638544        20.334790582329617               390.84061317551175                          78.076243233753843                      10.055075847726378
                       3       1519.8623520308206     0.022568005260983272      0.11485781175653187       68.965719300825299       3.0434629437150953      0.98898816456969918     0.063377383641710083     0.085866903564222538      0.99470213725068835       1.8213178798804355       9.8956386570793367   2.0977762408202947e-09     0.085866903564222538       500.77674324733886       5.7934714303969193       5.7934714303969193       3028.1377612008473                                                 2516.0601751716235                                              11.300842781884793         20.23836737117756               391.03149520281255                          79.121848257623654                      10.385032415725108
                       5       1519.7526872176159     0.022579034594165489       0.1148612569499869       68.974204404097406       3.0437415325790949      0.98909567035652113     0.063453094111499561     0.085776491784842701      0.99473357134084217       1.8138853349830155        9.892853653605032   2.0983607393337579e-09     0.085776491784842701       500.66966438572439       5.7934714303969193       5.7934714303969193       3027.9184315744378                                                 2515.9405123401111                                              11.308254848602337        20.234611791829195                391.0346087850063                          79.067017758120357                      10.333426050768514
                       3       1519.2300106549524     0.022579034594165489       0.1148612569499869       68.974204404097406       3.0437415325790949      0.98909567035652113     0.063453094111499561     0.085776491784842701      0.99693613748041321       1.8138853349830155        9.892853653605032   2.0983607393337579e-09     0.085776491784842701       499.62431126039803       5.7934714303969193       5.7934714303969193       3026.8730784491108                                                 2515.9405123401111                                              11.308254848602337        20.119838392556403               391.01980112239806                          76.670270131983315                      11.814401613460213
                       1       1518.0521597761258     0.022516435186522129      0.11625407453995269       68.872835674073514       3.0357195175649059      0.98781241464935909     0.056145511075012339     0.042036782095691921      0.99874940444768268       1.6574161752339265       9.9618494547722936    2.081594995412381e-09     0.042036782095691921       499.38071837598625       5.7934714303969193       5.7934714303969193       3024.5173766914577                                                 2514.6371011115621                                              10.499557203909502        20.167452200517744               390.57750751481274                          78.922225360371371                      9.7135333002843858
                       7       1518.0250873479265     0.022512539293998306      0.11620026226314681       68.921839429457648       3.0362544230670125      0.98763591761894254     0.056372378284002371     0.037856422084959228      0.99890737241730965       1.6561475332249731        9.964417538040907   2.0827087498787247e-09     0.037856422084959228       499.10844758369706       5.7934714303969193       5.7934714303969193       3024.4632318350591                                                 2514.7279890383984                                               10.62679521296395         20.17776769993128               390.57706849332772                          78.695328300037758                      9.6582830904003085
                       4       1518.4974702159072     0.022462423593644729      0.11637572910284737       68.835790024725156        3.040720944705225      0.98707439784013384     0.057937904287097643     0.038893172602442787      0.99965525780003206       1.6705394456957492       9.9667603335363655   2.0920320193688237e-09     0.038893172602442787       499.18310242027661       5.7934714303969193       5.7934714303969193       3025.4079975710206                                                   2515.76850218957                                              10.456392961173986         20.20975910484583               390.41612459032643                          79.261713350701143                      9.2955053744032092
                       7       1520.4382302186707     0.022669066320652857       0.1154207144089672       68.944731057534412       3.0257474908574955      0.99207285666649347     0.052301653591177097     0.077568580021883438      0.99762651969124094       1.6104388672634258       9.9687154595137013    2.060940429624435e-09     0.077568580021883438       504.30629818274525       5.7934714303969193       5.7934714303969193       3029.2895175765475                                                 2514.2613888691567                                              10.721830524645631        19.991974306707903               391.95131395527477                          79.833122309253625                      12.529887611508951
                       3       1521.1670233994064     0.022669066320652857       0.1154207144089672       68.944731057534412       3.0257474908574955      0.99207285666649347     0.052301653591177097     0.077568580021883438      0.99755175474357616       1.6083987790455101       9.7443922221077184    2.060940429624435e-09     0.077568580021883438       504.22960470482752       5.7934714303969193       5.7934714303969193       3030.7471039380189                                                 2515.7956687085461                                              10.721830524645631        19.994132934640277               391.95131395527477                          79.816216471682921                      12.467941343229551
                       1       1520.5215328266383     0.022669066320652857       0.1154207144089672       68.944731057534412       3.0257474908574955      0.99207285666649347     0.052301653591177097     0.077568580021883438      0.99772473988335653       2.3272287387157498       9.6785862095496284    2.060940429624435e-09     0.077568580021883438       504.41919163952213       5.7934714303969193       5.7934714303969193       3029.4561227924828                                                 2514.3151006283151                                              10.721830524645631        19.989166431455146               391.95131395527477                          79.866767623380781                       12.61194362941141
                       1       1521.4522493771681     0.022868645905869185      0.11523825180717318       68.775138047383578       3.0322542629621436      0.99011523111987954     0.054754405293064405      0.14025128067626152      0.99823035051238584        2.409066659912332       9.6411515856556864   2.0743942222352051e-09      0.14025128067626152        501.1254211350178       5.7934714303969193       5.7934714303969193       3031.3175558935422                                                 2519.8139250110776                                              10.378209747447059        20.085962326046911               390.92686675992815                          74.649514258817987                      15.463077790224782
                       2         1521.85837916635     0.022949481727827424      0.11530802118051031       68.890836454432048       3.0313192311182462      0.99097651197101022      0.05454755911602592      0.13387222100351959      0.99762747443756994       2.3739199818177057        9.613486247287101   2.0724555041034626e-09      0.13387222100351959       501.29793930105166       5.7934714303969193       5.7934714303969193       3032.1298154719061                                                 2520.4293394926085                                              10.402536678246278        20.064779854215317               391.05319816337095                          75.166291200541863                      15.013670082923515
                       3       1521.8020034018416     0.022958227566360227      0.11525244034662595       68.903175937462052       3.0312943454673076      0.99108491175084645     0.054606483013285377      0.13420542844837002      0.99758665660656698       2.3696126775034125       9.6119567190350708   2.0724039303409274e-09      0.13420542844837002       501.36793949010558       5.7934714303969193       5.7934714303969193       3032.0170639428893                                                 2520.2334972528115                                              10.415627199972311        20.061533532350495               391.03275033649294                          75.184258960810865                      15.089396660451309
                       2       1524.1597458171254     0.023263690162729972      0.11658849913353408       68.917799827248501       3.0316618796644561      0.98899325261445714     0.056108672719725909      0.11021117720841937      0.99383205960918308       2.3084195814152015       9.4466195267393012   2.0731657496443802e-09      0.11021117720841937       500.67739135158513       5.7934714303969193       5.7934714303969193        3036.732548773457                                                  2524.976567258479                                              11.078590163393217        20.298213296515485               390.61306853215041                          78.624603882083278                       11.14150564083592
                       1       1522.7312099537562     0.023303715259041739      0.11613147482457226       69.109852597164519       3.0414576704988785      0.98307181218406858     0.058388616395576902     0.098461101226285264      0.99737293723365184       2.2774629609302179       9.4986896733558783   2.0935738411988601e-09     0.098461101226285264       500.36691527060566       5.7934714303969193       5.7934714303969193       3033.8754770467185                                                 2522.8694176353119                                              10.639144140801022        20.834149181516693               390.23872050387263                          78.695916847400412                      10.598128737815971
                       4       1520.5718443535327     0.023154952899524687      0.11740153214331726        69.14559980850791       3.0438737070903099      0.98324587538155128     0.056767762299020898     0.034528136573861265      0.99943419873108763       2.1324137290365583       9.5304310810710735   2.0986381074689276e-09     0.034528136573861265       497.58991555329101       5.7934714303969193       5.7934714303969193       3029.5567458462715                                                 2521.3158930097188                                              10.650937283261639        20.779516720038373               390.33609088348135                          78.084125482618063                      8.3901824671532363
                       1       1517.7449656840331     0.023050523326399324       0.1172816214327965       69.109056718232765       3.0406237033410437      0.98356682965558972     0.056862271334067106     0.019720693510336243      0.99804033728306407       2.1611392851568354       9.5295748654453636   2.0918285972120338e-09     0.019720693510336243       496.42703264685508       5.7934714303969193       5.7934714303969193       3023.9029885072723                                                 2516.8222509558132                                              10.653704904604195        20.712526529505965                390.3447452837853                          77.009238169031946                      8.3605226645318407
                       3       1517.6941040939919     0.023050523326399324       0.1172816214327965       69.109056718232765       3.0406237033410437      0.98356682965558972     0.056862271334067106     0.019720693510336243      0.99796353888616329       2.1611392851568354       9.5295748654453636   2.0918285972120338e-09     0.019720693510336243       496.32530946677241       5.7934714303969193       5.7934714303969193       3023.8012653271899                                                 2516.8222509558132                                              10.653704904604195         20.71851233728205               390.33839634225433                          76.916228232636044                      8.3521725545999743
                       9       1517.6576279844903     0.023010066367067483       0.1173637686612307       69.161004707126281       3.0449157451683448      0.98384299869327019     0.058532022728223457    0.0037480094686923038      0.99861822173128512       2.1291776720004614       9.5263083506862163   2.1008261080809161e-09    0.0037480094686923038       496.22575779264679       5.7934714303969193       5.7934714303969193       3023.7283131081867                                                 2516.9021231068973                                              10.600432208642918        20.692454749589501               390.30952796823692                          76.934524442081212                      8.2892506327391207
                       2       1518.0295988795272     0.023010066367067483       0.1173637686612307       69.161004707126281       3.0449157451683448      0.98384299869327019     0.058532022728223457    0.0037480094686923038      0.99854348402504634       2.0728191559794862       9.3465520606010291   2.1008261080809161e-09    0.0037480094686923038       496.13335627772682       5.7934714303969193       5.7934714303969193       3024.4722548982604                                                 2517.7384664118904                                              10.600432208642918        20.698244322188771               390.31654195388489                          76.829590469920078                      8.2889795317330979
                       9       1518.1206670404226     0.023010066367067483       0.1173637686612307       69.161004707126281       3.0449157451683448      0.98384299869327019     0.058532022728223457    0.0037480094686923038      0.99867909298214608       2.0728191559794862       9.3465520606010291   2.1008261080809161e-09    0.0037480094686923038       496.31549259951788       5.7934714303969193       5.7934714303969193       3024.6543912200514                                                 2517.7384664118904                                              10.600432208642918        20.687752338694509               390.31243395986326                          77.025501041134518                      8.2898052598255632
                       1       1516.8986736225618     0.022948731584072114       0.1171993842051325       69.098806786183331        3.043877429372531      0.98020275755014674     0.057202416076182303     0.010689664812460975      0.99994321099436867       2.1316910360852046       9.4058223025473353   2.0986459192067822e-09     0.010689664812460975       494.41603312994062       5.7934714303969193       5.7934714303969193       3022.2104043843296                                                 2517.2147573626021                                              10.579613891786659        21.045710432141732               390.24615710915793                          74.819404520742353                      8.3047610678985677
                       3       1516.7140251107912     0.022930885289919753      0.11702208779203328        69.09234042775212       3.0476198433685178      0.98000452753604983     0.059164955236459212     0.013177334526831865       1.0001998117409616        2.146134127758518       9.4000368664044185   2.1065146358812684e-09     0.013177334526831865       494.20279210023466       5.7934714303969193       5.7934714303969193       3021.8411073607886                                                 2517.0600737289001                                              10.578241531653283        21.082638027569203               390.28410315001923                          74.571238232672243                      8.2648126899739687
                       2       1516.5220399998832     0.022930885289919753      0.11702208779203328        69.09234042775212       3.0476198433685178      0.98000452753604983     0.059164955236459212     0.013177334526831865       1.0002321087079273       2.1698086142059352       9.4782733132585673   2.1065146358812684e-09     0.013177334526831865       494.24255714195431       5.7934714303969193       5.7934714303969193       3021.4571371389725                                                 2516.6363384653646                                              10.578241531653283        21.079635639958155               390.28410315001923                          74.611706597928887                      8.2671117540480168
                       1        1517.730295518207     0.022930885289919753      0.11702208779203328        69.09234042775212       3.0476198433685178      0.98000452753604983     0.059164955236459212     0.013177334526831865       1.0013881133422289       2.1698086142059352       9.4782733132585673   2.1065146358812684e-09     0.013177334526831865       496.65906817860179       5.7934714303969193       5.7934714303969193         3023.87364817562                                                 2516.6363384653646                                              10.578241531653283        20.974238713190459               390.30848511074271                          76.972165963481856                      8.4041783911867363
                       4       1517.9482708632952     0.022933838853800494      0.11714912169369743       69.019556806875684       3.0484295037696265      0.97965722344069606     0.059463976622865615     0.017721068653907809       1.0013414003909324        2.178011443129142       9.4718347362884163     2.10822088801548e-09     0.017721068653907809       496.86625353217909       5.7934714303969193       5.7934714303969193       3024.3095988657965                                                 2516.7951422990577                                               10.64820303455973        21.027507710969701               390.34350262358276                          77.133186712560942                      8.3620564850656844
                       4       1516.5993883706799     0.022933838853800494      0.11714912169369743       69.019556806875684       3.0484295037696265      0.97965722344069606     0.059463976622865615     0.017721068653907809      0.99863903897674222        2.178011443129142       9.4718347362884163     2.10822088801548e-09     0.017721068653907809       494.16848854694825       5.7934714303969193       5.7934714303969193       3021.6118338805659                                                 2516.7951422990577                                               10.64820303455973        21.284916718780437               390.28181017483388                          74.325065102571031                      8.2766965507628907
                       4       1516.6846631571982     0.022927238549341183      0.11622798776653527       69.165976728272497       3.0378337334032475      0.98718740918170578     0.057447850543862103     0.019270133064958121      0.99588050158640051       2.1227665782673037        9.456951690896183   2.0860005920707598e-09     0.019270133064958121       496.81406913754239       5.7934714303969193       5.7934714303969193       3021.7823834536025                                                 2514.2014402796685                                              10.766874036391325        20.408268713023631               390.41411013641624                          77.637275426249062                      8.3544148618534617
                       4       1516.4132080076556     0.022948778406363422      0.11636768078478284       69.264543021565586       3.0352233483909292      0.98446151658593939     0.055771597174591424    0.0097722610587074269      0.99610893937154099       2.1461983074787407       9.4750617070027303   2.0805624283281157e-09    0.0097722610587074269       495.81437187156632       5.7934714303969193       5.7934714303969193       3021.2394731545173                                                 2514.5156423084354                                              10.909458974516111        20.653270287176383               390.54740616643221                          76.196763643583978                      8.4169317743737597
                       5        1516.332501116794     0.022913745348216569      0.11643737613878322       68.987036605996082       3.0410856024361888       0.9810661425171695     0.057105110496217554     0.052251386857978942      0.99791370187049888       2.2654002546715368         9.50782356974827   2.0927950341292708e-09     0.052251386857978942       493.97412173438272       5.7934714303969193       5.7934714303969193       3021.0780593727941                                                 2516.5853141447938                                              10.518623493617939        21.024612214817694               390.31247631307087                          73.919421340274909                      8.7176118662192561
                       4       1515.6695091522024     0.022728038650314978      0.11666279353020732        68.83388780236892       3.0397830565551742      0.98044954103267035     0.056949161189338508     0.045717506148107094       0.9977045551299607       2.3451486992894859       9.5363999367935595   2.0900708471521816e-09     0.045717506148107094       492.45835365405657       5.7934714303969193       5.7934714303969193       3019.7520754436109                                                 2516.8001652217677                                              10.493556567785941        21.025264785601621               390.27350605807328                           72.49834389364058                      8.6612389167410768
                      10       1517.2635110515696     0.022729043544338044      0.11684917351827105       68.545833443725869       3.0353906639379087      0.98191856935265365      0.05576669076083917     0.026062819158463396      0.99608001005837421       2.1876579457118996       9.5114169540616764    2.080910567892605e-09     0.026062819158463396       496.48574900628881       5.7934714303969193       5.7934714303969193       3022.9400792423453                                                 2514.3484912320105                                              12.105839004045647        20.836113104822402               390.40865835378406                          76.989979833614086                      8.2509977140682711
                       1       1519.1733162114438     0.022680777842754643      0.11657994884783518       68.553548157522499       3.0407109412367093      0.98160077783957345     0.057643280329569814     0.012858757436985273      0.99745418977920353       2.1230321464911404       9.5305286487362419   2.0920110918970579e-09     0.012858757436985273        497.4539873689406       5.7934714303969193       5.7934714303969193       3026.7596895620936                                                 2517.3515070406893                                              11.954195152463528        20.865223110188651               390.29701176457053                          78.079001532380772                      8.2127509618006975
                       6       1520.2191258192013     0.022873275794177882      0.11592299809908274       68.952631117449982       3.0394583679856249      0.98181024232151304      0.05723824546340929     0.011323781664650152      0.99746708336528511       2.0763259091021364        9.515979085567146   2.0893923351970618e-09     0.011323781664650152       499.06479014230604       5.7934714303969193       5.7934714303969193       3028.8513087776087                                                 2518.8646217580558                                                10.9218968772468        20.905917430842976               390.33321717535568                          79.582160396847044                      8.2434951392603537
                      17       1519.5334963190348     0.022830576636026622       0.1163311035322545       68.799389937592011        3.046226951447502      0.98302433538381473     0.059746339618399383     0.013529419363505537      0.99811757901271347       2.0567846624233859       9.4947669240099906   2.1035825311899752e-09     0.013529419363505537        497.8904679499903       5.7934714303969193       5.7934714303969193       3027.4800497772758                                                 2518.3951652341252                                              11.194416593160172        20.785606144185692               390.41051465207283                          78.465433525246539                      8.2289136284852731
                       1       1519.3152434709821     0.022842675197971576      0.11561224833270216       68.739323983874613       3.0524930749109598      0.98005863649318969     0.060824965657778673     0.071250214006053761       1.0012094823484237       2.1849663427091834       9.5636182987014209   2.1168052232916445e-09     0.071250214006053761       496.24520098359659       5.7934714303969193       5.7934714303969193       3027.0435440811702                                                 2519.9564196849874                                              10.841923412586334        21.124370975859733               390.48928201492583                          76.005099444093034                      8.6264485487179847
                       1       1518.8532631517101     0.022842675197971576      0.11561224833270216       68.739323983874613       3.0524930749109598      0.98005863649318969     0.060824965657778673     0.071250214006053761       1.0023517350398483       2.1849663427091834       9.5636182987014209   2.1168052232916445e-09     0.071250214006053761       495.32124034505279       5.7934714303969193       5.7934714303969193       3026.1195834426262                                                 2519.9564196849874                                              10.841923412586334        21.018822855331223               390.51328946513104                          74.831213473274687                      8.9579145513158043
                       1       1519.1014475185395     0.022842675197971576      0.11561224833270216       68.739323983874613       3.0524930749109598      0.98005863649318969     0.060824965657778673     0.071250214006053761       1.0023718291594139       2.2968416310762119       9.5327359722672895   2.1168052232916445e-09     0.071250214006053761       495.32119961895017       5.7934714303969193       5.7934714303969193       3026.6159521762852                                                 2520.4528291447491                                              10.841923412586334        21.017001275191546               390.51328946513104                          74.826233184020268                      8.9646756946072852
                       2       1518.5285260581259     0.022842675197971576      0.11561224833270216       68.739323983874613       3.0524930749109598      0.98005863649318969     0.060824965657778673     0.071250214006053761       1.0023864311055586        2.144987117422438       9.7012363902437606   2.1168052232916445e-09     0.071250214006053761         495.321529666544       5.7934714303969193       5.7934714303969193       3025.4701092554578                                                  2519.306656176328                                              10.841923412586334        21.015678397999352               390.51328946513104                          74.822952833810348                      8.9696089696032519
                       2       1519.6494995575283     0.022960901688529101      0.11661386976446406       68.417693891238969       3.0523984202955052      0.98308120089447526     0.060067090209020534      0.10392593489940996        1.001380958851386       2.1211564328109938       9.6366528562623586   2.1166048673896966e-09      0.10392593489940996       494.93084313458218       5.7934714303969193       5.7934714303969193       3027.7120562542627                                                 2519.4330773545935                                              13.348135765086459        20.710765001631273               390.41859861086164                          74.966114958455194                      8.8353645636340747
                       1       1517.7098066705075     0.022654223435796053      0.11700882942056522       68.111861621916006       3.0470537153988322      0.98124905477990232     0.058434753310354873      0.10447972027844765       1.0007113645558079       2.3011513406996089       9.6950231524660495   2.1053224165335453e-09      0.10447972027844765       493.06694186779794       5.7934714303969193       5.7934714303969193       3023.8326704802212                                                 2516.1752741558616                                              14.590454456561906        20.778388721187753                390.2785192006707                          72.842319928506328                      9.1677140174331129
                      26       1517.8327420624234     0.022676442642013094      0.11724032740132187       68.042279769262535       3.0433494040034907      0.97937694047026425     0.056350247444915139      0.10117559867558037       1.0005364981562281        2.290396519938668        9.706399676397897   2.0975380734318852e-09      0.10117559867558037       492.75294266233277       5.7934714303969193       5.7934714303969193        3024.078541264053                                                 2515.3697107637195                                              15.955887838000157        20.982838884139653                390.3109843276219                          72.344595692566926                      9.1145237580042959
                       3       1517.8750736957945     0.022627639985676719      0.11704951423433693       68.001401270915252       3.0427780565460263      0.97836061021807896     0.055547199049721573      0.10515631606226145       1.0014257449792174       2.3008246222732227       9.7457055634038792    2.096339992679482e-09      0.10515631606226145       492.55834467518798       5.7934714303969193       5.7934714303969193       3024.1632045307952                                                 2515.7621384817448                                               15.84272137386232        21.058184929580761               390.35791360951447                          71.728981469203717                      9.4132646668890469
                       1       1518.3753852021532     0.022627639985676719      0.11704951423433693       68.001401270915252       3.0427780565460263      0.97836061021807896     0.055547199049721573      0.10515631606226145      0.99986542376755871       2.3008246222732227       9.7457055634038792    2.096339992679482e-09      0.10515631606226145       493.55896768790524       5.7934714303969193       5.7934714303969193       3025.1638275435125                                                 2515.7621384817448                                               15.84272137386232        21.204072640136985               390.29970734911825                          73.206900375769592                      8.8482873228804451
                       1        1518.700924675469     0.022508924974399724      0.11724804207409942       67.884791940616978       3.0455869695735815      0.97784350630050187     0.056885419528909811     0.097365586365098664       1.0001424438495257       2.3297267576641438       9.7546248387036556   2.1022367071971336e-09     0.097365586365098664       493.03234548834462       5.7934714303969193       5.7934714303969193        3025.814906490144                                                 2516.0982399803893                                              16.684321021410341        21.245359139290031               390.20212230478973                          73.043179236415455                      8.5416848078493839
                       1       1518.4553861964218     0.022442156658568819      0.11613041261272189       68.428722068016214       3.0468609864415521      0.97670467185139409     0.058604845425706389     0.095902803555168753       1.0008922656303718       2.5008827195607601       9.7977125966060612   2.1049166990374794e-09     0.095902803555168753       492.56827344894799       5.7934714303969193       5.7934714303969193       3025.3238295320498                                                 2522.1134261320558                                              10.642129951045543        21.401523313829671               390.25817599734188                          71.035872998471262                      9.8727011393052333
                       3       1520.6393971591526     0.022442156658568819      0.11613041261272189       68.428722068016214       3.0468609864415521      0.97670467185139409     0.058604845425706389     0.095902803555168753       1.0008641509002825       2.8047653211114305       9.4638618497693034   2.1049166990374794e-09     0.095902803555168753       492.61183860178403       5.7934714303969193       5.7934714303969193       3029.6918514575113                                                 2526.4378829046814                                              10.642129951045543        21.404424888660685               390.25817599734188                          71.090702630025419                      9.8585350857560616
                       5       1520.6487172297436     0.022421477212212829      0.11625430808990439       68.409645961699312       3.0567286388046901      0.97360472565866474     0.062298997292453286      0.08027228804860928       1.0023799547247216       2.7812582995673019       9.4582872614912663   2.1257901016462627e-09      0.08027228804860928       491.88174802623683       5.7934714303969193       5.7934714303969193       3029.7104915986934                                                 2527.0392847634503                                              10.789458809006183        21.955633259502179               390.92161688054773                          70.303545782326978                      8.7009521038599278
                       8       1520.6333050559058     0.022421477212212829      0.11625430808990439       68.409645961699312       3.0567286388046901      0.97360472565866474     0.062298997292453286      0.08027228804860928       1.0023785537051708       2.7766103862481493       9.4578588163379163   2.1257901016462627e-09      0.08027228804860928       491.88401753432987       5.7934714303969193       5.7934714303969193       3029.6796672510177                                                 2527.0061909076817                                              10.789458809006183        21.955800635273818               390.92161688054773                          70.306024409291766                      8.7005756092165853
                       7       1520.3397265735157     0.022502543638758796      0.11693038185250029       68.204537963639908       3.0484924316326274      0.97220469089835693     0.057936961402794751      0.08500784944553863        1.001331803540811       2.7456186111466487       9.4534394648961957   2.1083535580249729e-09      0.08500784944553863       491.43795405017062       5.7934714303969193       5.7934714303969193       3029.0925102862375                                                 2524.9340197513029                                              12.720536484763512        22.141343120660565               390.14990155591238                          70.433524936372194                      8.7131844372255145
                       5       1521.0789225977539     0.022502543638758796      0.11693038185250029       68.204537963639908       3.0484924316326274      0.97220469089835693     0.057936961402794751      0.08500784944553863       1.0015070591718227        3.075295731092214       9.7131970235117784   2.1083535580249729e-09      0.08500784944553863       491.14948458108353       5.7934714303969193       5.7934714303969193        3030.570902334714                                                 2526.7008812688669                                              12.720536484763512        22.119768214887756               390.15325120178875                          70.115519708415874                      8.7609454559911342
                       3       1521.3776867241454     0.022610795931387949      0.11688776156707319       68.137582722152885       3.0494910372879542      0.97350571498273142     0.059326616908722943     0.098795368419598323       1.0002237183781217       3.0536432259341018       9.6585279045166832   2.1104600234005137e-09     0.098795368419598323        492.3002063299117       5.7934714303969193       5.7934714303969193       3031.1684305874969                                                 2524.9098727128871                                              13.958351544698505        21.978488766050873               390.30368071882049                          71.235094591274617                      8.7829422537657251
                       8         1519.59794902151     0.022932638353079893      0.11715737924300787       68.890000617149468       3.0494341306274295      0.97694573223694503     0.060796061895331252     0.015986379935391842      0.99757163988931297       2.7957808789634901       9.5167071780184855   2.1103399275855693e-09     0.015986379935391842       496.33357922015875       5.7934714303969193       5.7934714303969193       3027.6089551822261                                                 2520.1700454699239                                              11.105330492143498        21.726428725693836               390.47723875606249                          75.773954560604977                      8.3559571777974284
                       3       1519.6594820811786     0.022923886041202445      0.11711689586567516       68.893688873514265       3.0519081586024677      0.97643200333907065     0.061356573792809239     0.017482972403058523      0.99841579462641006       2.7924890815715679       9.5284574819155381   2.1155674314322528e-09     0.017482972403058523       496.28620381431364       5.7934714303969193       5.7934714303969193       3027.7320213015632                                                 2520.4062339732891                                               11.03958351396032        21.807927461740178               390.60848813114387                          75.490651949875044                      8.3791362715545468
                       5       1516.9418921034801     0.022923886041202445      0.11711689586567516       68.893688873514265       3.0519081586024677      0.97643200333907065     0.061356573792809239     0.017482972403058523      0.99842683673511101       2.3214819437216629       9.9475706258764607   2.1155674314322528e-09     0.017482972403058523       496.26832462153737       5.7934714303969193       5.7934714303969193       3022.2968413461663                                                 2514.9889332106686                                               11.03958351396032        21.806657248595911               390.60848813114387                          75.475876532107492                       8.377302709690154
                      11       1516.6642327530158     0.022923886041202445      0.11711689586567516       68.893688873514265       3.0519081586024677      0.97643200333907065     0.061356573792809239     0.017482972403058523      0.99885607023147238       2.3214819437216629       9.9475706258764607   2.1155674314322528e-09     0.017482972403058523       495.71300592060828       5.7934714303969193       5.7934714303969193       3021.7415226452376                                                 2514.9889332106686                                               11.03958351396032        21.757569240812643               390.61230199025061                          75.029428976427255                      8.3137057131177876
                       4       1516.5960600285111     0.022925201843641909      0.11709467304114085       68.894880252387736       3.0512002333994324        0.976653508522215     0.061178536989169988     0.016767961030171048      0.99867023290483348       2.3174711837236894       9.9461878570548521   2.1140702979206189e-09     0.016767961030171048       495.72996291011651       5.7934714303969193       5.7934714303969193       3021.6051771962284                                                 2514.8278236822116                                              11.047390603900775        21.718430029861452               390.54667233257038                          75.160761039736357                      8.3040995079482922
                       4       1515.9935126001583     0.022820029452899657      0.11622428632229972       69.238276701750834       3.0427074055002246      0.98129995544048798     0.060903350672553355     0.020679777540889323      0.99580294586290352       2.4810169255865149        9.938708995879356   2.0961918892985346e-09     0.020679777540889323       492.77137658962033       5.7934714303969193       5.7934714303969193       3020.4000823395227                                                 2516.5424112750829                                              11.086294474819438        21.014249393901196                390.5165303830621                          72.720948583731612                      8.5196482289253819
                       5       1515.9468711334175     0.022818459366124876      0.11622565264391942       69.220721540555004       3.0428847354193174      0.98098948126913055     0.060923477500949758     0.021057910667299611      0.99587900798519546       2.4807637863983421       9.9408110552713733   2.0965636397969356e-09     0.021057910667299611       492.78365946028686       5.7934714303969193       5.7934714303969193       3020.3067994060411                                                 2516.5007289648006                                              11.022410980953595         21.05192035982185               390.49128554291508                          72.734253213937777                      8.5062003436121216
                       2       1516.3093764176824     0.022942151394740273      0.11643451276173709       69.243764870744414       3.0432311974927568      0.98050591405254872     0.060100475842684825     0.026012416176061037      0.99628274690810004       2.4282181298205652       9.9268954881596141   2.0972901454287339e-09     0.026012416176061037       493.62727977451777       5.7934714303969193       5.7934714303969193       3021.0318099745709                                                 2516.5916483037659                                              10.812881896287488        21.160399119370538               390.34462707908079                           73.67491210073068                      8.4473414753357314
                       3       1515.6513649612045     0.022891368575926531       0.1165628742847904       69.180554426185338       3.0411096172433947      0.98069197965466715     0.059407079635615603     0.016750168758104932      0.99583651252989214       2.4176611543237434       9.9314318785423623   2.0928452928020108e-09     0.016750168758104932       493.44373246831589       5.7934714303969193       5.7934714303969193       3019.7157870616152                                                 2515.5730743583113                                              10.698980234987813        21.104364188008503               390.29772352233147                          73.675369264930822                      8.3662754930450536
                       3       1515.3689388932653     0.022919929406754982      0.11641093901459956       69.200045236237884       3.0421295783771356      0.97983396472991002      0.05866537713517863     0.015393405878390731      0.99722520710646478       2.3570356880770826       9.9606898480008947   2.0949810026449659e-09     0.015393405878390731        494.1573008006938       5.7934714303969193       5.7934714303969193       3019.1509349257367                                                 2514.2233236580846                                               10.77031046695871        21.200703100849921               390.21112743998304                          74.400071556998682                      8.3453987028621572
                       3       1515.4275184102387     0.022925227475457069       0.1163833824150849       69.224899413275764       3.0420624152020528      0.98001005290413157     0.058708551870095604     0.014070344478580432      0.99716525650209054       2.3538440248226915       9.9585291902665531   2.0948403017941008e-09     0.014070344478580432       494.20740113120354       5.7934714303969193       5.7934714303969193       3019.2680939596835                                                 2514.2334874487665                                              10.827205379713742        21.180840438635585               390.22362788455058                          74.453885246687335                      8.3490475613300479
                       2       1515.5319507799782     0.022955012490421329      0.11665547592248868       69.188546081253961       3.0445789704618678      0.98067878919030893     0.059655010129235332       0.0106432136991228      0.99710718301267176         2.31728829088263       9.9326757309538376   2.1001187221065454e-09       0.0106432136991228       494.53973539417586       5.7934714303969193       5.7934714303969193       3019.4769586991624                                                  2514.252767965821                                              10.684455339165538        21.131545868127716               390.33358998090318                          74.842010939734905                      8.2325886054100472
                       3       1515.7123419580587     0.022897185614899378      0.11668932998902586       69.058220645925815       3.0445377749931675      0.97840851421696906     0.059870782379000884    0.0095559325242898872      0.99701346085068521       2.3535791613570725       9.9454097249614559    2.100032208513458e-09    0.0095559325242898872       494.68794850414929       5.7934714303969193       5.7934714303969193       3019.8377410553235                                                 2514.4919294098186                                              10.657863141355625        21.411338702962382               390.33089157036909                          74.729382452606146                      8.2163357782116595
                       2       1515.2125785697915      0.02285910809457763      0.11677358223375071       68.917587589445418       3.0405204496586031      0.97976571440290239     0.058446027926671626     0.017691393544753672      0.99623601569169862        2.362113353344415       9.9493981192583583   2.0916126193567836e-09     0.017691393544753672       494.44781353164626       5.7934714303969193       5.7934714303969193       3018.8382142787891                                                 2513.6146150339277                                              10.775785713215035        21.184188845614301               390.21828640050387                          74.796556866362764                      8.2487814191653221
                       6       1515.7759214448567     0.022860529078033463      0.11745071225705044       68.786027496217258       3.0408462616909375      0.97861652287143874     0.058133243957259779     0.013707026366285626        0.995958801005286       2.3686893290742725       9.9311424983768912   2.0922942029431894e-09     0.013707026366285626       494.23769221516613       5.7934714303969193       5.7934714303969193       3019.9649000289196                                                 2514.3206713147188                                              11.406536499034509        21.365671318215959               390.19409260885624                          74.407619123865203                      8.2703091642286832
                       3        1515.923429555733     0.022889746579807409      0.11731470262603191       68.821353848801607       3.0440974662330929      0.97935344908224775     0.059722673716949441     0.012295556100602484      0.99611571511537156       2.3356250011340123       9.9142363676735243    2.099107749474253e-09     0.012295556100602484       494.99994657955648       5.7934714303969193       5.7934714303969193       3020.2599162506722                                                  2513.922478745184                                              11.337490925931608         21.29737045310867               390.33300321950196                          75.067961665152666                      8.3016112417932071
                       3       1516.9466918756905     0.022855257613560033      0.11738442402532871       68.714790201100314        3.048540387638039      0.97749698621241943     0.061852419108056153     0.019457488245957884      0.99636915439166762        2.392299733065105       9.9078891023744227   2.1084546686640227e-09     0.019457488245957884       495.05389863080927       5.7934714303969193       5.7934714303969193       3022.3064408905871                                                 2515.5062334148274                                              11.746308844950956        21.587459803423087               390.74242858673506                           74.36197705568857                      8.3620331849625575
                       7       1519.8283274834025     0.023091679899873797      0.11688686042170103        69.02868799793093       3.0457410248565822      0.97915973243323251     0.062140581523448583     0.028152753945404708       0.9944454172561914       2.3753146173616368       9.8413332679749246   2.1025605928154996e-09     0.028152753945404708        498.3939683715671       5.7934714303969193       5.7934714303969193       3028.0697121060111                                                 2518.7399206589989                                              10.935823075445354        21.475007874308744               390.66093460283554                          78.028004880476303                      8.2300210139464909
                       2       1519.8440537560343      0.02309257476373943       0.1168903225459447       69.027274339556314       3.0457774011706968      0.97919148805559597     0.062168127245371435     0.028328057822935421      0.99442840854617831       2.3752321361847728       9.8404672656606689   2.1026370776111784e-09     0.028328057822935421       498.39581401730783       5.7934714303969193       5.7934714303969193       3028.1011646512748                                                  2518.764091455213                                              10.941259178753901        21.471360501280799               390.66071262964857                          78.033500769037872                      8.2302401173406228
                       1       1519.8564007571597     0.022973863754565269      0.11640315844547335          68.960109108146       3.0467321504561222      0.97913103726972051     0.063866733591222274      0.04840468163546649      0.99412782061600435       2.5067255022421921        9.858627895740673   2.1046455274890129e-09      0.04840468163546649       496.40163318263058       5.7934714303969193       5.7934714303969193       3028.1258586535255                                                 2521.0371789513392                                              10.687046519555571          21.4273575540347               391.18464857417769                          75.388142669858922                      8.4014843845592431
                       3       1520.4217556361339     0.022973863754565269      0.11640315844547335          68.960109108146       3.0467321504561222      0.97913103726972051     0.063866733591222274      0.04840468163546649      0.99656770298780595       2.5067255022421921        9.858627895740673   2.1046455274890129e-09      0.04840468163546649        497.5323429405791       5.7934714303969193       5.7934714303969193       3029.2565684114738                                                 2521.0371789513392                                              10.687046519555571        21.180486348815577               391.13000046909883                          76.189289831362359                      9.0325662913023113
                       4        1520.086221366166      0.02296107457133318      0.11658339994827664       68.907309342667091        3.045861929009682      0.97976920548082747     0.063562760498113283     0.044808593256004579      0.99620772349742348       2.4914389537423496       9.8512342633428656   2.1028148164913547e-09     0.044808593256004579       497.37276735857682       5.7934714303969193       5.7934714303969193       3028.5854998715381                                                 2520.3912150257843                                              10.821517487177244        21.092853336326243               391.09903602440016                          76.342284872945143                      8.8385931249052732
                       2       1519.8125904141141      0.02296107457133318      0.11658339994827664       68.907309342667091        3.045861929009682      0.97976920548082747     0.063562760498113283     0.044808593256004579      0.99621777016948776       2.4497157584414855       9.9157722210482842   2.1028148164913547e-09     0.044808593256004579       497.39571399171496       5.7934714303969193       5.7934714303969193       3028.0382379674343                                                 2519.8210064885425                                              10.821517487177244        21.091904762209765               391.09903602440016                          76.363050482502331                      8.8417227226026682
                       3       1520.6366113907063      0.02296107457133318      0.11658339994827664       68.907309342667091        3.045861929009682      0.97976920548082747     0.063562760498113283     0.044808593256004579      0.99597370211771707       1.8470261318387631       9.6715997792791786   2.1028148164913547e-09     0.044808593256004579       496.86252339129481       5.7934714303969193       5.7934714303969193       3029.6862799206187                                                 2522.0022390421464                                              10.821517487177244        21.115028973786082               391.08270943553936                          75.896807311852001                      8.7679776701173626
                       1       1519.2810103685831     0.022855681539564885      0.11609291546709914       69.446678064732353       3.0378486974659897      0.98173709852846236      0.05954341947454931    0.0095146171121520476      0.99692426334411677       1.8508491474913129        9.750537561235566   2.0860318073480528e-09    0.0095146171121520476       494.44656204602592       5.7934714303969193       5.7934714303969193       3026.9750778763723                                                 2520.3814297819963                                              12.147086048350181        20.773712381307973               390.34104553076344                          73.673447061993031                      9.6583570719614737
                       5       1519.3384755685665     0.022855681539564885      0.11609291546709914       69.446678064732353       3.0378486974659897      0.98173709852846236      0.05954341947454931    0.0095146171121520476      0.99708661600815618       2.5141405608792819       9.6980763144715461   2.0860318073480528e-09    0.0095146171121520476       494.84980811163905       5.7934714303969193       5.7934714303969193       3027.0900082763392                                                 2520.0931141163501                                              12.147086048350181         20.76037808315175               390.34912438015647                          74.003174463196572                      9.7371311851342686
                       3       1519.4184103444313     0.022857257626587184      0.11611346880764231       69.448732576744206       3.0381613021548404      0.98135590172841747     0.059557657544688884    0.0092075983883157346      0.99722492002129415       2.5164363116445592       9.7001536446697187   2.0866840126080214e-09    0.0092075983883157346        494.7588621450198       5.7934714303969193       5.7934714303969193       3027.2498778280687                                                 2520.3507882357276                                              12.140227447321125        20.803689737670936               390.34330195860855                          73.895664842117384                      9.7162056066229603
                       6       1519.0272438333213     0.022857257626587184      0.11611346880764231       69.448732576744206       3.0381613021548404      0.98135590172841747     0.059557657544688884    0.0092075983883157346      0.99727161159723465       2.5152586550291103        9.842253961217672   2.0866840126080214e-09    0.0092075983883157346       494.87948133881696       5.7934714303969193       5.7934714303969193       3026.4675448058488                                                 2519.4478360197099                                              12.140227447321125        20.799792002557979               390.34330195860855                           73.99730765334499                      9.7390797243054621
                       1       1518.9325351015484     0.022856727779054169      0.11614142584367959       69.431597209498278       3.0392460491291606      0.98099120493307168      0.05987302326549053      0.01020938638247869      0.99750383610748561       2.5163218899495914       9.8431048309425133   2.0889487648965835e-09      0.01020938638247869       494.81134903734448       5.7934714303969193       5.7934714303969193       3026.2781273423029                                                 2519.4535846567828                                              12.013193648175301         20.84512125373908               390.37027311674035                          73.955971379532755                      9.6399832873323223
                       1       1517.3192243643882     0.022702684452430982       0.1160250431849713        69.33500412097672       3.0419254273951739      0.98196324997265094     0.059632949283330267     0.013372020984345111      0.99974777038574991       2.5064474455089107       9.9099437553279905   2.0945533538700288e-09     0.013372020984345111       494.69890378795628       5.7934714303969193       5.7934714303969193       3023.0515058679825                                                 2516.2738140174174                                              12.078788062609117        20.665179728909663               390.36399552360615                          73.996463757213817                      9.6732647782266614
                       2       1516.5135661899435     0.022623112476483562      0.11639555616625273       69.145653720663987       3.0372747712985104      0.97847610810150798     0.056176865112329999    0.0089017490816502773       1.0006406931288161       2.5171194460452959       9.9706081372225466   2.0848349226022131e-09    0.0089017490816502773       493.68632447139078       5.7934714303969193       5.7934714303969193       3021.4401895190931                                                 2516.6874373751898                                              11.066427672512958        20.982015699676765               390.32430187364128                          72.669210554893311                      9.7107963431794388
                       2       1516.5442781650777     0.022591728764334761       0.1166116410617366       69.087594790787563       3.0376802712683304      0.97876823968226456     0.056505506481548375    0.0014157365704574433       1.0003488500914279       2.5062366286945639       9.9612104865598159   2.0856804945285166e-09    0.0014157365704574433       493.88859473123057       5.7934714303969193       5.7934714303969193       3021.5016134693615                                                 2516.7934336733374                                              10.819585064793417        20.940886574477645                390.3264315035492                          73.211922033392597                      9.4093546198110705
                       1       1516.4329958130811     0.022605466725845652      0.11655848611650399       69.085864049322367       3.0367925605445425      0.97932781386333656     0.056205073041427439    0.0072921858314650484       1.0001775044920913       2.5110175464855549       9.9594884912718484   2.0838298351337551e-09    0.0072921858314650484       494.10266766808923       5.7934714303969193       5.7934714303969193       3021.2790487653683                                                 2516.3627974338592                                              10.813583663419847        20.876196526722197               390.33885833967122                          73.363973340905801                      9.5236394607900525
                       3       1516.8029087183477     0.022582888218850249      0.11665434877561812       69.025495052937416       3.0386043516991976       0.9795541737163409     0.057408710888748361     0.010742829163288238      0.99985972328051309       2.5377603556005264       9.9443234209480789   2.0876087218399008e-09     0.010742829163288238       494.23442260594425       5.7934714303969193       5.7934714303969193       3022.0188745759015                                                  2517.137629671673                                              10.646822298283951        20.860324476397011               390.27733908415075                          73.748203626805235                      9.3485554185912196
                       1       1516.1122317692566     0.022582888218850249      0.11665434877561812       69.025495052937416       3.0386043516991976       0.9795541737163409     0.057408710888748361     0.010742829163288238      0.99978649346525728        2.216421041094589       9.9861336710479947   2.0876087218399008e-09     0.010742829163288238       494.03043860555033       5.7934714303969193       5.7934714303969193       3020.6375206777193                                                 2515.9602597738849                                              10.646822298283951         20.86658612918626               390.27733908415075                          73.568281677200844                      9.3182317150124732
                       2       1515.3038101572643     0.022582888218850249      0.11665434877561812       69.025495052937416       3.0386043516991976       0.9795541737163409     0.057408710888748361     0.010742829163288238      0.99904382504754075        2.216421041094589       9.9861336710479947   2.0876087218399008e-09     0.010742829163288238       492.41359538156536       5.7934714303969193       5.7934714303969193       3019.0206774537346                                                 2515.9602597738849                                              10.646822298283951        20.931028291595567               390.30206439155683                          72.145990720121048                      9.0345119782919117
                      11       1515.9944976280747     0.022582888218850249      0.11665434877561812       69.025495052937416       3.0386043516991976       0.9795541737163409     0.057408710888748361     0.010742829163288238      0.99897630776302593       2.2041482701928472       9.7920982918551029   2.0876087218399008e-09     0.010742829163288238       492.30303099613201       5.7934714303969193       5.7934714303969193       3020.4020523953554                                                 2517.4521991009397                                              10.646822298283951        20.936980832896609               390.30206439155683                          72.053111906485555                      9.0108738651929876
                       2       1516.2771408441929     0.022582888218850249      0.11665434877561812       69.025495052937416       3.0386043516991976       0.9795541737163409     0.057408710888748361     0.010742829163288238      0.99928785796250097       2.2041482701928472       9.7920982918551029   2.0876087218399008e-09     0.010742829163288238       492.86831742836813       5.7934714303969193       5.7934714303969193       3020.9673388275919                                                 2517.4521991009397                                              10.646822298283951        20.909650886359145               390.30332647743347                          72.532390849204049                      9.1229492153714524
                       3       1518.1588868839451     0.022582888218850249      0.11665434877561812       69.025495052937416       3.0386043516991976       0.9795541737163409     0.057408710888748361     0.010742829163288238      0.99910456705344042       1.8653129381322597       9.5155524922140309   2.0876087218399008e-09     0.010742829163288238       492.51874816943746       5.7934714303969193       5.7934714303969193       3024.7308309070963                                                 2521.5652604393749                                              10.646822298283951        20.925686687299958               390.30222832549902                            72.2347475185897                      9.0560856380487671
                       5       1518.2457592753924     0.022715528518674272        0.116055705670338       69.043485173874089       3.0391531295836769      0.98275505158662935     0.060145244390666604     0.032249394625110041       0.9967169066206446       1.8606236704965529       9.4380886444945649   2.0887546697445668e-09     0.032249394625110041       494.04609665826951       5.7934714303969193       5.7934714303969193       3024.9045756899909                                                 2520.1432596038426                                              10.715219427878797        20.656112474762551                390.4669321360978                          73.533621247195327                       9.389430800213777
                       6       1517.8678342639346     0.022745527160181241      0.11600763031983599       69.098056590278901       3.0379871949943205      0.98302402916007381     0.059390438638377431     0.025684596046766629      0.99682305444916286       1.8164175444019726        9.441202479708128   2.0863207376049911e-09     0.025684596046766629       494.24400269294267       5.7934714303969193       5.7934714303969193       3024.1487256670753                                                 2519.0654013461976                                              10.839321627934934        20.628952838002476                390.3635399764496                          73.939398630597736                      9.3121112478928509
                       1       1517.7499076573097     0.022731725563887833      0.11604281215420194       69.090508788369277       3.0384491331188945      0.98283504198786265     0.059430539949471062     0.023159871658482285      0.99703755878829736       1.8119334939364062       9.4459513469547929    2.087284711324745e-09     0.023159871658482285        494.1871726950269       5.7934714303969193       5.7934714303969193       3023.9128724538255                                                   2518.89967140928                                              10.826028349518342        20.643484691919525               390.40285328480923                            73.9253699506624                      9.2154647676357513
                       1       1517.1552885517096      0.02272469815170803      0.11664924776044371       68.900408402665406       3.0409757755846338      0.98145760635024737     0.059162645953632992     0.029340658759772157      0.99797268486671464       1.8077204644333233       9.4508941298850893   2.0925652016608418e-09     0.029340658759772157       493.48769799639427       5.7934714303969193       5.7934714303969193       3022.7236342426254                                                 2518.7411569497744                                              10.494779296456752        20.785158452717326               390.33211575936411                          73.561538518762262                      8.8088852655505914
                       4       1517.4191663843251     0.022824913189623746      0.11652436420493456       68.972559765092939        3.046429128130415      0.98257784645727153     0.061705417094636394     0.032847140848502855      0.99809524283785089       1.7582095725719626       9.4097133463611673    2.104007869523663e-09     0.032847140848502855       494.45062551618878       5.7934714303969193       5.7934714303969193       3023.2513899078563                                                 2518.2651168014941                                              10.535647590173637        20.730737440478492                 390.693014067555                          74.454656226859314                      8.5722177812959739
                       4       1515.3339889428405     0.022824913189623746      0.11652436420493456       68.972559765092939        3.046429128130415      0.98257784645727153     0.061705417094636394     0.032847140848502855      0.99838997364970117       2.2377679745174293       9.9078649670037571    2.104007869523663e-09     0.032847140848502855       494.98095346095079       5.7934714303969193       5.7934714303969193       3019.0810350248871                                                 2513.5644339737632                                              10.535647590173637        20.707113798053854               390.68685108699191                          74.943171642897283                      8.6438169330077486
                       5       1515.6883098611825     0.022824913189623746      0.11652436420493456       68.972559765092939        3.046429128130415      0.98257784645727153     0.061705417094636394     0.032847140848502855      0.99522463325353727       2.2377679745174293       9.9078649670037571    2.104007869523663e-09     0.032847140848502855       495.68959529763413       5.7934714303969193       5.7934714303969193        3019.789676861571                                                 2513.5644339737632                                              10.535647590173637        20.974563423413997                390.6566843648319                          75.816933009643478                      8.2414144997447423
                       1       1516.1309663449517     0.022878518116211253      0.11680945183997787       69.047620601701411       3.0430727994575215      0.98395757998209532      0.06086336440343007     0.017605867094017576      0.99378994928593645       2.1973903745979633       9.8704474489041374   2.0969579650994297e-09     0.017605867094017576       496.53403361420345       5.7934714303969193       5.7934714303969193       3020.6749898291096                                                 2513.5698795516728                                              10.571076663233445        20.842087356001628               390.51704078581315                          76.888095803385283                      8.2868096690033894
                       3       1516.2793580051732     0.022914686901044683       0.1166535399793948       69.164737329120797       3.0422841439569281      0.98251759762534185     0.060112905309568199     0.015728868988711973      0.99428883051524808       2.2028988519758403        9.886625930322456   2.0953048396246743e-09     0.015728868988711973       496.08751835519712       5.7934714303969193       5.7934714303969193       3020.9717731495525                                                 2514.2387523475845                                               10.64550244677072        21.012052430709446               390.39934989424626                          76.435145347522592                      8.2409706827188032
                       1       1516.2603216095781     0.022910566620990051      0.11665875335506092       69.165898621137018       3.0427318170102122      0.98240311673933811     0.060288743174068848     0.014924455423405146      0.99436145850522228        2.203834597410439       9.8868959047973952   2.0962430611323645e-09     0.014924455423405146        496.0109631456238       5.7934714303969193       5.7934714303969193       3020.9337003583623                                                 2514.2742345159772                                              10.648502696760911        21.027037086194866               390.40678150597546                          76.336371940686021                      8.2407726127674596
                       5       1517.1595055757989     0.022910236953908224      0.11673170942266846        69.13520599826191       3.0446968054393317      0.98221833717091445      0.06163093683851515     0.026806821716286303      0.99397812742004454       2.2699393360318836       9.8678183335657224   2.1003662041295696e-09     0.026806821716286303       495.45849236741822       5.7934714303969193       5.7934714303969193       3022.7320682908039                                                 2516.7135733459941                                              10.560002577392014        21.081438232387654               390.61753094881789                          75.505944517003826                      8.2535786692088493
                       2       1517.7206445140778     0.022981376263945155      0.11683734457425783       69.202494764919322       3.0374863509212022       0.9800261996926618     0.057782446802228903    0.0060988110844327828      0.99375753480930429       2.1910797267734941       9.8889193855691744   2.0852760778565972e-09    0.0060988110844327828       497.31453465629642       5.7934714303969193       5.7934714303969193       3023.8543461673617                                                 2515.8753732285604                                              10.664438282505307        21.342016550729795               390.18613249738627                          77.548146898667909                      8.2382387095124496
                       8       1519.1820823555374     0.023044965734757134      0.11606161704279079       69.283987307084743       3.0240882643151705      0.98442301725886161     0.051990118938251617     0.035309767330165165      0.99303356698799983       2.1629044556084271       9.9351539028151681   2.0575236979112892e-09     0.035309767330165165       501.63612598824568       5.7934714303969193       5.7934714303969193        3026.777221850281                                                 2514.2139781674023                                              10.927117694633177        20.736328436495171               391.62047335293812                          80.188423289368941                      9.0909009094434587
                       2       1519.4445149843966     0.022943554326481992      0.11669517171929003       68.675127020832122       3.0271982314793298      0.98039799641766956     0.051420371677243726     0.046355893382908797      0.99468382015757317       2.1195623348702957       9.9787631241993573   2.0639324894514693e-09     0.046355893382908797       502.33518631894214       5.7934714303969193       5.7934714303969193       3027.3020871079993                                                 2512.9892023313619                                              11.977698457695594        21.137477852550091               391.56835780480026                          81.147433190680644                      8.4819174709111493
                       1       1519.6084922133257     0.022943554326481992      0.11669517171929003       68.675127020832122       3.0271982314793298      0.98039799641766956     0.051420371677243726     0.046355893382908797      0.99470176474867988       2.2296726737218333       9.9428287837071299   2.0639324894514693e-09     0.046355893382908797       502.27315932052363       5.7934714303969193       5.7934714303969193       3027.6300415658575                                                 2513.3791837876379                                              11.977698457695594         21.13580553841706               391.56835780480026                          81.083696992923507                      8.4852989843827924
                       4       1520.6987322215791      0.02307080376376832      0.11657468601920809        68.75617779548071       3.0310138902677606      0.98158608052422691     0.053209761219217888     0.054016920795106248      0.99462613229042762       2.1833919493491978       9.9008720202582001   2.0718227953780721e-09     0.054016920795106248       503.42419504943445       5.7934714303969193       5.7934714303969193       3029.8105215823643                                                 2514.4452200112537                                              11.941106521676584        21.065385056914579               390.95408804154016                          82.964563880797556                      8.4401580701821395
                       4       1520.8745486554376     0.023066450067803248      0.11712603973806898        68.77025312901317       3.0294368696868057      0.98479755498248167     0.052586428463886607     0.025568387949786393       0.9937251789709749       2.0745500107726236       9.8664060209309472   2.0685580631412475e-09     0.025568387949786393       503.72082029893568       5.7934714303969193       5.7934714303969193       3030.1621544500813                                                 2514.0621311710001                                              12.379202980145546          20.7262382207565               391.30823544571086                          83.406687323384816                      8.2796593090835326
                       1       1520.2545868949455     0.023066450067803248      0.11712603973806898        68.77025312901317       3.0294368696868057      0.98479755498248167     0.052586428463886607     0.025568387949786393      0.99763802674734881       2.0745500107726236       9.8664060209309472   2.0685580631412475e-09     0.025568387949786393        502.4808967779507       5.7934714303969193       5.7934714303969193       3028.9222309290972                                                 2514.0621311710001                                              12.379202980145546        20.449655750122304               391.42334074391079                          81.911307850487788                      8.6965924334298172
                       9       1520.2912773802225     0.023066450067803248      0.11712603973806898        68.77025312901317       3.0294368696868057      0.98479755498248167     0.052586428463886607     0.025568387949786393      0.99754698321929935       1.7626722202272018       9.8466216826422013   2.0685580631412475e-09     0.025568387949786393       502.26303234152681       5.7934714303969193       5.7934714303969193       3028.9956118996511                                                 2514.3533765779785                                              12.379202980145546        20.455519247910217               391.42334074391079                          81.711494982334571                      8.6726773673712731
                       9       1521.0700393549332     0.023000387964389728      0.11753998678258448        68.56198790164018       3.0294495535192518      0.98559101001654603     0.053436040584098746     0.019782699055785623      0.99631646143369379        1.764907271504532       9.8176838546092213   2.0685843005515206e-09     0.019782699055785623       502.78782565069207       5.7934714303969193       5.7934714303969193       3030.5531358490725                                                 2513.5770886843366                                              14.188221514042969        20.389259090681435               391.13177604828098                          82.869435538689046                      8.3973549730406027
                       3       1517.7227697168487      0.02289202034901049      0.11642059938991196       68.794485865328141       3.0394321983369315      0.97853773954168288     0.056306119059922374      0.02821865107903071        1.000668682918842       1.8934271013709194       9.9292553087910242   2.0893376572491216e-09      0.02821865107903071       498.04420629674934       5.7934714303969193       5.7934714303969193       3023.8585965729035                                                  2514.560655971572                                              11.253734304582084        21.047092174823433               390.32130036313492                          77.811202435774064                      8.8646113230169163
                       2       1517.3001704417984     0.022860096395720082      0.11704393213100388       68.644613075065081       3.0403544108252749      0.97450298216077413     0.056143317036963326     0.040431695998436129       1.0008370330708309       2.0207846827669487       9.9339269694518624   2.0912653592678186e-09     0.040431695998436129       496.67241667064309       5.7934714303969193       5.7934714303969193       3023.0133980228029                                                 2514.4447272788925                                              11.896254073267231        21.607705564328398               390.17849403340034                          75.980019727968497                      8.9061973449458574
                       2       1516.7051311159842     0.022778252418046426      0.11714276376429555        68.71119918563663        3.035065502334128      0.97447739491379248     0.053995728334689963     0.020431617490936301       1.0003999532030583       2.0283807346451783       9.9590682069804455   2.0802340456705106e-09     0.020431617490936301       495.84015822144266       5.7934714303969193       5.7934714303969193       3021.8233193711744                                                  2514.621939756576                                              11.361221393155951        21.540980503815092               390.55890027689583                          74.817112539263348                      8.9231649014683736
                       2       1516.0264643771818      0.02266200754289846      0.11673201029636256       68.808880541974531       3.0368519546768686      0.97968240683238661     0.054486114145033543     0.044765458686647185       1.0016392246570935       2.0911522506507927       9.9955313627839057   2.0839536060743259e-09     0.044765458686647185       495.39921396662368       5.7934714303969193       5.7934714303969193       3020.4659858935697                                                  2514.627112873171                                              10.439659053775372        20.807958249312946               390.60431117977225                          73.931149486984438                      10.055795050554014
                       2       1517.2569284913889     0.022834366700151463      0.11678984344924456       69.147560272039556       3.0387600864297299      0.98022552237842864     0.054426600899766885     0.027832060653320851       1.0022405996147907       1.9955167611421554       9.9672416264460626   2.0879338603386747e-09     0.027832060653320851       495.95625796271668       5.7934714303969193       5.7934714303969193       3022.9269141219838                                                 2516.3782576916078                                              10.592398467659148        20.827708979061185                390.6419147901712                          74.911740326612872                      9.5748938668714469
                       8       1517.5159212796605     0.022569882525193447      0.11714462376937396       68.855080009769068       3.0418661128251046      0.98132871577938441      0.05578438845299185     0.020370132589246144       1.0028366815093408       2.0358867364193109       9.9998315867119594   2.0944291200228314e-09     0.020370132589246144        497.2154176267411       5.7934714303969193       5.7934714303969193        3023.444899698527                                                 2515.8541114754571                                              10.375370596328581        20.621997026225984               390.45365763589825                          77.114573793021322                      9.0251891715955974
                       3        1516.986612844029     0.022598326358544064      0.11713292538700436       68.770915381647384       3.0401958957751649      0.98215370222264764     0.055160544051633079     0.025482080501068378       1.0024121917198412       2.0013698139863454       9.9925168795945609   2.0909338885068473e-09     0.025482080501068378       497.64273036336471       5.7934714303969193       5.7934714303969193        3022.386282827264                                                 2514.2364024525168                                              10.507150011382764        20.543235609403496               390.58728187879268                          77.495989534453486                      9.0162233407150314
                       3       1517.4407446991161     0.022622657169747699      0.11648871850233782       69.111384392073447       3.0427513099937169      0.98282509302438192     0.057146594196800855     0.022468458358421373       1.0025562917442019       2.0462026552128711       9.9873739126301917   2.0962839235620414e-09     0.022468458358421373       496.80977976909622       5.7934714303969193       5.7934714303969193       3023.2945465374382                                                 2515.5627522671452                                              10.922014501196632        20.500473580868686               390.37591940243215                          76.418137294567359                      9.5152494912279977
                       4       1517.5797419412647     0.022807515785393286      0.11635454525610953       69.024668699267309       3.0469090451992389      0.98064734390721053     0.062696157726630605       0.0426921429036159      0.99866815171502887       2.1500638260911891       9.8512224083061177   2.1050178611499124e-09       0.0426921429036159       495.70206869542346       5.7934714303969193       5.7934714303969193       3023.5725410217356                                                  2517.347222832786                                              10.523249493526297        20.876437609335937               390.84995174107809                          74.630783695083736                      9.3448956499257196
                       2       1517.6533288699229     0.022807515785393286      0.11635454525610953       69.024668699267309       3.0469090451992389      0.98064734390721053     0.062696157726630605       0.0426921429036159      0.99871695370588287       2.1500638260911891       9.8512224083061177   2.1050178611499124e-09       0.0426921429036159       495.84924255273967       5.7934714303969193       5.7934714303969193       3023.7197148790519                                                  2517.347222832786                                              10.523249493526297         20.87221830976614               390.84995174107809                          74.761583509006755                      9.3654889928886629
                       2       1516.9745502864109     0.022807515785393286      0.11635454525610953       69.024668699267309       3.0469090451992389      0.98064734390721053     0.062696157726630605       0.0426921429036159       0.9982106670166655       2.1500638260911891       9.8512224083061177   2.1050178611499124e-09       0.0426921429036159       494.49168538571547       5.7934714303969193       5.7934714303969193        3022.362157712028                                                  2517.347222832786                                              10.523249493526297        20.916346648209128               390.85587553616836                          73.558475476574884                      9.1609877247631246
                       1       1518.7879127549079     0.022807515785393286      0.11635454525610953       69.024668699267309       3.0469090451992389      0.98064734390721053     0.062696157726630605       0.0426921429036159      0.99802169769637561       1.6963634821040552       9.6515821416316125   2.1050178611499124e-09       0.0426921429036159       494.07562212022941       5.7934714303969193       5.7934714303969193       3025.9888826490219                                                 2521.3900110352661                                              10.523249493526297        20.933033763000367               390.85587563590332                            73.1968593281089                       9.089853393216881
                       3       1518.6877840396676     0.022770325823660328      0.11638390795081995       69.117681116207962       3.0467597153383341      0.97621485571914712     0.060240213286949007      0.03346107180065104       1.0007243614793706       1.7023506201848591       9.7338423283202573   2.1047035425946621e-09      0.03346107180065104       492.90169347500455       5.7934714303969193       5.7934714303969193       3025.7886252185413                                                 2522.1670861288494                                              10.719845614686921        21.460211734720758               390.41069447194553                           71.79537132746924                      9.2354159408690144
                       1       1518.3030592704119     0.022768715576749077      0.11641887373267726       69.126319151692343         3.04764570166473      0.97675667815876888     0.060393937823008101     0.030576660641139775       1.0009944004514928       1.6791760673254044       9.7339391054748798   2.1065691074649665e-09     0.030576660641139775        492.8711760485416       5.7934714303969193       5.7934714303969193         3025.01917568003                                                 2521.4143598700512                                              10.733639761437662        21.383551556579505               390.44937024997461                          71.962816991191346                      9.0754372507961669
                       5       1518.6334227647656     0.022489919631928958      0.11625659987479593       68.914787522051824       3.0490162547573094      0.97433420124103776     0.060985796543728973     0.021613892050643249       1.0021927467899892       1.7600492373754983       9.8103195682266495   2.1094582516804531e-09     0.021613892050643249       492.04334471698155       5.7934714303969193       5.7934714303969193       3025.6799026687372                                                   2523.01870033556                                              10.617857616195813        21.611448649348802               390.59187830721936                          70.840324883422142                      8.9996928769912667
                       1        1520.026385164894     0.022554931598375776      0.11629253309259498       68.867131130515531       3.0411719622818834      0.97325434155903956     0.058896135483328269     0.020778565149491911      0.99986186192214932       1.7781793333980362       9.7846549773134921   2.0929757753897702e-09     0.020778565149491911       492.42539718854914       5.7934714303969193       5.7934714303969193       3028.4658274689941                                                 2525.5345997565537                                              10.505830523891147        21.779651745831245               390.24821651320832                          71.083077837064579                       9.314451092444969
                       6        1519.850006141761     0.022554931598375776      0.11629253309259498       68.867131130515531       3.0411719622818834      0.97325434155903956     0.058896135483328269     0.020778565149491911      0.99960320733984454       1.7781793333980362       9.7846549773134921   2.0929757753897702e-09     0.020778565149491911       492.07263914228321       5.7934714303969193       5.7934714303969193       3028.1130694227281                                                 2525.5345997565537                                              10.505830523891147        21.809529420834679               390.24500609183724                          70.808759354919786                      9.2093442746914693
                       3       1520.0216948598395     0.022554931598375776      0.11629253309259498       68.867131130515531       3.0411719622818834      0.97325434155903956     0.058896135483328269     0.020778565149491911      0.99960248214024883       2.0681174666896651       9.5450152474113334   2.0929757753897702e-09     0.020778565149491911       492.07179237382616       5.7934714303969193       5.7934714303969193       3028.4564468588851                                                 2525.8788239611677                                              10.505830523891147        21.809613478893311               390.24500609183724                          70.808115857660155                      9.2090569454354423
                       1       1521.0691502906775     0.022572803429908944      0.11676856867202687        68.89179550392717       3.0418626946575018      0.97274705522962968     0.059414633742166864    0.0041756640442084103      0.99889623259592442       2.0593925192285916       9.5118476681035418   2.0944219609253028e-09    0.0041756640442084103       491.52898226801886       5.7934714303969193       5.7934714303969193       3030.5513577205611                                                 2528.5440599511289                                              10.478315501413119        21.925878519075866                390.2948830642456                          70.576906825985105                       8.731313858712328
                       3       1519.1751282361752     0.022572803429908944      0.11676856867202687        68.89179550392717       3.0418626946575018      0.97274705522962968     0.059414633742166864    0.0041756640442084103      0.99908445730469941       2.3940188640691389       9.8067539857713282   2.0944219609253028e-09    0.0041756640442084103       491.81065008735646       5.7934714303969193       5.7934714303969193       3026.7633136115564                                                 2524.4743480227871                                              10.478315501413119        21.903540138616222                390.2948830642456                          70.825663349612896                      8.7865635348817364
                       5       1518.6867478318386     0.022720968244620228      0.11646914733682422       69.203790740787483       3.0512998974795846      0.97357521691750759     0.062559051615821412    0.0070085457798074267       1.0009093367444259       2.3381598855243562       9.7821361712312278    2.114281005292042e-09    0.0070085457798074267       493.11243282213002       5.7934714303969193       5.7934714303969193       3025.7865528028833                                                 2521.6315550932254                                              11.042564887528021        21.912375540349956               390.87133162701593                          71.702772650589381                      8.6259530041747272
                       1       1518.7132551864661     0.022743325471145468      0.11689770418606918       69.192653412312467       3.0446852272447478      0.97429929093797107     0.059197203757768477     0.005221596084487053       1.0002379327035846       2.3300950198600696       9.7857211016873809   2.1003418858217417e-09     0.005221596084487053       492.32175735000618       5.7934714303969193       5.7934714303969193       3025.8395675121383                                                 2522.7282382461362                                              10.789571915995976        21.753918815035433               390.23121447027415                          71.545667871328021                      8.7909561933685598
                       3       1516.7405412043859     0.022754948717436139      0.11706398304625183       69.057351209145978       3.0438042799366709      0.97491402587980036     0.058014338346371513    0.0082521164329763565       1.0006432471109203       2.2666310531399558       9.7947964699014829   2.0984924100563443e-09    0.0082521164329763565        492.5425737390479       5.7934714303969193       5.7934714303969193       3021.8941395479778                                                 2518.8607502108443                                              10.490815598085215        21.634839680142534               390.14053332969462                          72.154597596470978                      8.6126031327397623
                       6       1516.1346770425064     0.022754948717436139      0.11706398304625183       69.057351209145978       3.0438042799366709      0.97491402587980036     0.058014338346371513    0.0082521164329763565      0.99976607587803024       2.2666310531399558       9.7947964699014829   2.0984924100563443e-09    0.0082521164329763565       491.33084541528905       5.7934714303969193       5.7934714303969193       3020.6824112242189                                                 2518.8607502108443                                              10.490815598085215         21.73311148784876               390.12128082886983                          71.048792118486617                      8.4276609800838411
                       2       1516.3181544332556     0.022754948717436139      0.11706398304625183       69.057351209145978       3.0438042799366709      0.97491402587980036     0.058014338346371513    0.0082521164329763565       1.0001334574997265       2.2666310531399558       9.7947964699014829   2.0984924100563443e-09    0.0082521164329763565       491.69780019678791       5.7934714303969193       5.7934714303969193       3021.0493660057173                                                 2518.8607502108443                                              10.490815598085215        21.691655817154015               390.12128755103453                           71.38712804669963                      8.4977287818997418
                       5       1516.1313471154663     0.022841743439513791      0.11715602203269548       69.034803432727557       3.0426619707689251      0.97589747307177277     0.057325717474693012     0.013387820517485835      0.99978072945662455       2.2146682416954122       9.7745658486448974   2.0960966515468592e-09     0.013387820517485835       492.83444759451908       5.7934714303969193       5.7934714303969193       3020.6757513701386                                                 2517.3312414392135                                              10.510062336406008        21.578378513709424               390.15711778650711                          72.645884227752518                      8.4530670665500107
                       3       1516.1016956988767     0.022841743439513791      0.11715602203269548       69.034803432727557       3.0426619707689251      0.97589747307177277     0.057325717474693012     0.013387820517485835      0.99979359851546601       2.2436701443778322       9.7897141038011632   2.0960966515468592e-09     0.013387820517485835       492.84998461808362       5.7934714303969193       5.7934714303969193       3020.6164485369595                                                 2517.2564015824701                                              10.510062336406008        21.576981459938565               390.15711778650711                          72.660428796349933                      8.4554565752880073
                       2       1517.1389269761121     0.022879111770834945      0.11693046365228034       69.188510065741553       3.0375522556189751      0.97518579214514955     0.055525802186942738    0.0052775843436743391      0.99911432180771609       2.2494498896456165       9.7973949103688831   2.0854135118750053e-09    0.0052775843436743391        493.6125076250222       5.7934714303969193       5.7934714303969193       3022.6909110914303                                                 2518.4471978569836                                              10.631205609424494        21.668426413634222               390.25983195143408                          72.918205388595013                      8.7660438713588515
                       1       1517.1208125064595      0.02287030119634284      0.11689377757735515       69.154473725920838        3.037234284822059      0.97502736200468088     0.055512231131295019    0.0092611877724361191      0.99901518484129248       2.2636681363697142       9.7996186768689011   2.0847505166908744e-09    0.0092611877724361191       493.61961814787418       5.7934714303969193       5.7934714303969193       3022.6546821521251                                                 2518.4398512151256                                              10.595212789125469        21.685579266591617               390.25983195143408                          72.862657433076876                      8.8115494967715886
                       2       1516.7633883972171     0.022936235383074082      0.11678461139800356       69.184907972187915       3.0297385700482837      0.97923661184172728     0.053250245982019863    0.0084727636114617904      0.99708012265585233       2.1911451521318708        9.771045391944261    2.069182242009396e-09    0.0084727636114617904       495.20962146853793       5.7934714303969193       5.7934714303969193       3021.9398339336403                                                 2516.0787280570876                                              10.651484408014982        21.091894041854175               390.91579478845199                           74.15151720098801                       9.050415437243764
                       6       1517.4446452757838     0.022936235383074082      0.11678461139800356       69.184907972187915       3.0297385700482837      0.97923661184172728     0.053250245982019863    0.0084727636114617904      0.99701240262745483       2.1963405447281246       9.5620914513157746    2.069182242009396e-09    0.0084727636114617904       495.15568122527537       5.7934714303969193       5.7934714303969193       3023.3023476907738                                                 2517.4951820574843                                              10.651484408014982        21.098196192443254               390.91579478845199                          74.115446687270108                      9.0262435571100443
                       4        1517.439253552355     0.022936235383074082      0.11678461139800356       69.184907972187915       3.0297385700482837      0.97923661184172728     0.053250245982019863    0.0084727636114617904      0.99599864459693632       2.1963405447281246       9.5620914513157746    2.069182242009396e-09    0.0084727636114617904        495.1448977784172       5.7934714303969193       5.7934714303969193       3023.2915642439161                                                 2517.4951820574843                                              10.651484408014982        21.194137849013032               390.92669541513612                           74.31567868446237                      8.7083858298057137
                       7       1518.3612742405242     0.022915474026960429      0.11513862597956633       69.362572021109088       3.0438453316758878      0.97973404521442042     0.059993936893843136      0.04260301943605424      0.99861890327461134       2.2541762341557914         9.59006915675503   2.0985785585877717e-09      0.04260301943605424       495.91733255231151       5.7934714303969193       5.7934714303969193       3025.1356056202544                                                 2517.1174986555575                                              12.100774412385157        21.176151618689175               390.28514368710358                          74.865360587043355                      9.5906766594753989
                       3        1518.784775275667     0.023045362578670025      0.11536120472367867       69.461816477481406       3.0414727804389416      0.98139271737527245      0.05929080331213777     0.040608197095485687      0.99739179667651257       2.2096245696267345       9.5421788895757214   2.0936054752131123e-09     0.040608197095485687       496.66507428800361       5.7934714303969193       5.7934714303969193       3025.9826076905401                                                 2517.2130644695449                                              12.104468932991791        21.017150198243257               390.25841826206687                          75.940056850065758                      9.4494489776276751
                       1       1519.5069921374959     0.023045362578670025      0.11536120472367867       69.461816477481406       3.0414727804389416      0.98139271737527245      0.05929080331213777     0.040608197095485687      0.99644197237237053       2.2096245696267345       9.5421788895757214   2.0936054752131123e-09     0.040608197095485687       498.10950801166166       5.7934714303969193       5.7934714303969193       3027.4270414141979                                                 2517.2130644695449                                              12.104468932991791        21.104943333710366               390.23629418866926                          77.695411281440315                      9.0728592078417005
                       5       1519.7305478892583     0.023045362578670025      0.11536120472367867       69.461816477481406       3.0414727804389416      0.98139271737527245      0.05929080331213777     0.040608197095485687      0.99653843755865823       2.4826018580487794       9.6102093617949684   2.0936054752131123e-09     0.040608197095485687       497.90094722013083       5.7934714303969193       5.7934714303969193       3027.8741529177228                                                 2517.8687367646003                                              12.104468932991791        21.095902922519656               390.23629418866926                          77.460967657972432                        9.10778245096947
                       2       1518.5165349007893     0.022951508862734636      0.11561862670755213       69.359306571997649       3.0432561612190456      0.97975687465008521     0.059534651718961565     0.038795585240055872      0.99728490913753942       2.5281920359012626       9.6340628686019585   2.0973425022593807e-09     0.038795585240055872       495.79853708020244       5.7934714303969193       5.7934714303969193       3025.4461269407848                                                 2517.9971589539905                                              11.650430906591607        21.275432409445386               390.24656829910373                           75.36303472354372                      8.9135016481095892
                       7       1517.9253364439994     0.022965677047641821      0.11663345282691921       68.863752642691821       3.0458727952579148      0.97891497727599808     0.056984372382395017     0.060851184500102233      0.99987560670475217        2.418617025380378       9.6702519506037365   2.1028376663232838e-09     0.060851184500102233       495.13602273553084       5.7934714303969193       5.7934714303969193       3024.2637300272049                                                 2518.2980162127769                                              10.829691078897319        21.345269260419514               390.21416679855969                          75.126812328286832                      8.4497743482648353
                       1       1517.6021575508637     0.022965677047641821      0.11663345282691921       68.863752642691821       3.0458727952579148      0.97891497727599808     0.056984372382395017     0.060851184500102233       1.0017526804467987        2.418617025380378       9.6702519506037365   2.1028376663232838e-09     0.060851184500102233       494.48966494925912       5.7934714303969193       5.7934714303969193       3023.6173722409335                                                 2518.2980162127769                                              10.829691078897319        21.161805460875314               390.21551067381012                          74.194027745459422                      8.9183210691142634
                       2       1517.3036893070273     0.022860301856893982       0.1173514579258326       68.460878916298043       3.0407925155388429      0.97799789374994262      0.05543434127468614     0.048222720573470046      0.99996998180019936       2.4053668251799003       9.6589110203202893   2.0921817532026289e-09     0.048222720573470046       494.71665697577862       5.7934714303969193       5.7934714303969193       3023.0204357532607                                                 2514.7986879382738                                              13.505090839208609        21.231664777911192               390.30418600754376                          74.789329591091402                      8.3914765992322558
                       1       1517.1547755362669     0.022860301856893982       0.1173514579258326       68.460878916298043       3.0407925155388429      0.97799789374994262      0.05543434127468614     0.048222720573470046      0.99994830419080427       2.3379699714257267        9.648580844147757   2.0921817532026289e-09     0.048222720573470046       494.70070762518628       5.7934714303969193       5.7934714303969193         3022.72260821174                                                 2514.5168097473452                                              13.505090839208609        21.233771455439296               390.30418600754376                          74.774448727100435                       8.388301435102818
                      15        1518.387360384268      0.02288076289210034      0.11744731954511102       68.527342595244804       3.0431876085034335      0.97376913280311383     0.054811535030000587     0.032076071863154962       1.0018374253253555       2.2997132888647323       9.6864567620671913   2.0971987286633734e-09     0.032076071863154962       496.13621769846333       5.7934714303969193       5.7934714303969193       3025.1877779077422                                                 2515.7310484432214                                              13.320511766057688        21.851199251351943                 390.339031423996                          75.700006371231481                      8.2459806518838654
                       2       1518.3576668301864      0.02288076289210034      0.11744731954511102       68.527342595244804       3.0431876085034335      0.97376913280311383     0.054811535030000587     0.032076071863154962       1.0016954182173547       2.2997132888647323       9.6864567620671913   2.0971987286633734e-09     0.032076071863154962       496.07683059030018       5.7934714303969193       5.7934714303969193       3025.1283907995789                                                 2515.7310484432214                                              13.320511766057688        21.867662236461513                 390.339031423996                          75.631109213383041                      8.2390277164595851
                       1       1518.7189246659116     0.022702979023690763      0.11811917716108795       68.173579362809804        3.047329444592394      0.97550265389792268     0.057601611596312503     0.024072031506531331       1.0006915821011682       2.3210119859777643       9.6533307845407457   2.1059029954232399e-09     0.024072031506531331       494.63735689505353       5.7934714303969193       5.7934714303969193       3025.8509064710292                                                 2514.4442066611878                                              16.769342914787416        21.577507186196215               390.19490216061587                           74.36403736895943                      8.5009101792820303
                       1       1518.1436802070198     0.022714277132095874      0.11810988955153891       68.258753639754659       3.0432985943916733      0.97662866904149115     0.056427753309722613     0.012135725629930731      0.99970860102943859       2.2976808720809143       9.6436338011171259   2.0974315010440756e-09     0.012135725629930731        495.0037991771751       5.7934714303969193       5.7934714303969193       3024.7004175532456                                                 2513.7689905014577                                               15.92762787461259        21.403646214589912               390.21211292668653                          74.917301551239049                      8.4707384846595684
                       3       1517.3820209488854     0.022698947147897986      0.11669302565589748       68.453627833913544       3.0421911122140783      0.98202565719062729     0.058787540248622212     0.036264496920867313       0.9982523355774181       2.3485344414483276       9.6302967437536964   2.0951099188306936e-09     0.036264496920867313       495.62732571309783       5.7934714303969193       5.7934714303969193       3023.1770990369769                                                 2515.0807985465217                                                12.4689747773575        20.728408129913248               390.35087651984577                          76.240566090460987                      8.3074749728778485
                       2       1517.0571243178983     0.022774680649357566      0.11659778061800821       68.577395480540943       3.0412218038614567      0.98406836816601151     0.060783247282209879     0.051483177343042821      0.99559271053591325       2.4546582820255267       9.5550023875827286   2.0930800952081349e-09     0.051483177343042821       495.47842559362681       5.7934714303969193       5.7934714303969193       3022.5273057750028                                                 2515.3702312569508                                              11.678648924425088        20.581367339941551               390.52411069418076                          75.789718263579687                      8.5832292959247951
                       3       1516.4375533950613     0.022884390844463722      0.11617512622183253       69.070080079268379       3.0403846141379081       0.9868356411989897     0.059430289091908173       0.0213697044477748      0.99677835302486506       2.3071263119845336       9.5665396876188513   2.0913285233631411e-09       0.0213697044477748       496.53181970858361       5.7934714303969193       5.7934714303969193       3021.2881639293287                                                 2514.0587418567093                                              10.697602364036527        20.352648511224459               390.42250288553299                          77.249802322846534                      8.5068659889795857
                       3       1519.0595924936288     0.022926974141177961      0.11541551507720187       69.031520356189432       3.0312680335792335      0.98448550076941299     0.054488649891309963     0.043089030773738594      0.99764486738645231        2.295920976663921       9.6498974175373693   2.0723494021980406e-09     0.043089030773738594       498.97144249501446       5.7934714303969193       5.7934714303969193       3026.5322421264636                                                 2516.7472733021991                                              10.813526329250372        20.511121761799473                390.8654406978946                          77.739875110334324                       9.855004924986094
                       1       1519.3298358283807     0.022926974141177961      0.11541551507720187       69.031520356189432       3.0312680335792335      0.98448550076941299     0.054488649891309963     0.043089030773738594      0.99854753521387396        2.295920976663921       9.6498974175373693   2.0723494021980406e-09     0.043089030773738594       499.51192916451851       5.7934714303969193       5.7934714303969193       3027.0727287959676                                                 2516.7472733021991                                              10.813526329250372        20.450592341121762               390.87000037783986                          77.843460995040218                      10.347875450516637
                       1       1519.2874606592479     0.022792022975406338      0.11533544511252648       69.145270893902108       3.0207712651707102      0.98382008310642166     0.050277450777097429     0.032598376542973609      0.99787142014875063       2.3955478270652142       9.7096144380754161   2.0507101999961039e-09     0.032598376542973609       500.43893395270436       5.7934714303969193       5.7934714303969193        3026.987978457702                                                 2515.3445087072632                                              11.204535797733998        20.438407671356629               392.54212579287929                          75.568366918709913                       11.89003356975852
                       4       1519.3078683308429     0.022778510715020052      0.11535848677113089       69.132685260488216       3.0205534730057808      0.98375991351053504     0.050207089982635844     0.029991079228843497      0.99783941798853948       2.3927691226278514       9.7116362920948571   2.0502636200145794e-09     0.029991079228843497       500.42383380063393       5.7934714303969193       5.7934714303969193       3027.0287938008919                                                 2515.4312386510746                                              11.173721349183463        20.439035298247404                392.5423467429236                           75.68116037712781                      11.761291382335143
                       1       1518.9799782000596     0.022755994813222949      0.11545398071234511       68.993976863757993       3.0237781869169353      0.98232368381199808     0.051774683539701022     0.033266870357991869      0.99790139751352169        2.410205437211935       9.7031967086827589   2.0568858052193978e-09     0.033266870357991869       499.19206270766222       5.7934714303969193       5.7934714303969193       3026.3730135393253                                                 2516.3770818866642                                                10.8038689449992         20.57230963614893               391.68649926172327                          75.726470302128902                      11.206783507661125
                      16       1518.1236926369472     0.022629717039319885      0.11754143548891663       68.320315611439213       3.0411402414576032      0.97668811678653999       0.0527495337472111     0.038644038233224536       1.0041638410618465       2.3234858057845456       9.7682516461260338   2.0929093855259525e-09     0.038644038233224536       494.43265534541479       5.7934714303969193       5.7934714303969193       3024.6604424131006                                                 2516.7022577480652                                               13.52552931962046         21.17070100245536               390.93234854786147                          73.857723280804464                      8.4718825142934957
                       1       1517.5678126641753     0.022603085605509551      0.11711290619426522       68.448049730033262        3.038152404130416      0.97719675299792463     0.052575029330337086     0.020002978402087254       1.0033290360262681       2.2982087671904927       9.7715157816740721   2.0866654453253174e-09     0.020002978402087254       494.98392309827034       5.7934714303969193       5.7934714303969193       3023.5486824675568                                                   2516.25648394052                                              12.308275428766605        21.082557901445284               391.00533410809317                          74.427045045999307                      8.4689860427325723
                       2       1518.1288717728717     0.022603085605509551      0.11711290619426522       68.448049730033262        3.038152404130416      0.97719675299792463     0.052575029330337086     0.020002978402087254       1.0033543378566876       2.4602290207779198       9.7153082345341986   2.0866654453253174e-09     0.020002978402087254       495.02910650950105       5.7934714303969193       5.7934714303969193       3024.6708006849494                                                 2517.3334187466817                                              12.308275428766605        21.080223578629614               391.00533410809317                          74.469601368062641                      8.4739474547156437
                       8       1519.3517460864487     0.022573099731505876      0.11706810893619005       68.488306606706246       3.0315510982680935      0.97770673007036024     0.049254878364579716    0.0065365208902746497         1.00334528729273       2.4108312835170222       9.7515955481580914   2.0729360941687556e-09    0.0065365208902746497       496.97005401779649       5.7934714303969193       5.7934714303969193       3027.1165493121034                                                 2518.1278906372922                                              12.018604657014578        20.960119878288594               392.52159017943404                          74.850594151794155                       8.637749808279672
                       4       1518.8856961422341     0.022573099731505876      0.11706810893619005       68.488306606706246       3.0315510982680935      0.97770673007036024     0.049254878364579716    0.0065365208902746497       1.0017495161740793       2.4108312835170222       9.7515955481580914   2.0729360941687556e-09    0.0065365208902746497       496.03795412936734       5.7934714303969193       5.7934714303969193       3026.1844494236743                                                 2518.1278906372922                                              12.018604657014578        21.103458579568837               392.48866222435237                          74.113592206567688                      8.3322411188784287
                       7       1520.1719127415126     0.022316303047825559      0.11723452970689652       68.463660238123637       3.0373905059141975      0.97938678602415985     0.050849533313023443      0.01172766091344243       1.0039246489441778       2.5251997992905952       9.8096125492720159   2.0850762241339519e-09      0.01172766091344243       495.98601682217219       5.7934714303969193       5.7934714303969193       3028.7568826222314                                                 2521.8156769530956                                              10.955188846963802        20.823570448175758               391.73137249828284                          74.975529135201427                      8.4555447405121509
                       4       1520.2188213094626     0.022258182192172273      0.11747015443368983       68.356143141234369       3.0393420611010042      0.97968659957065796     0.052527244199578375    0.0073264879552286458        1.003133611507109       2.5518276972319351       9.7844732667820828   2.0891493386151668e-09    0.0073264879552286458       496.81948714577578       5.7934714303969193       5.7934714303969193       3028.8506997581312                                                 2520.6205433578916                                              11.410669254463647        20.793157993554587               391.08393092240971                          76.546040822457229                      8.3963574073542961
                       4       1519.9863912412254     0.022258182192172273      0.11747015443368983       68.356143141234369       3.0393420611010042      0.97968659957065796     0.052527244199578375    0.0073264879552286458       1.0029427689236623       1.6866359479406636         9.91616552035795   2.0891493386151668e-09    0.0073264879552286458       496.76555283401171       5.7934714303969193       5.7934714303969193       3028.3858396216569                                                 2520.2096175331817                                              11.410669254463647        20.808801026916569               391.07927612862352                           76.49104473168444                      8.3864309467871738
                       8       1519.8948380988058      0.02220640684096074      0.11717769299831762        68.31880189468427       3.0398924463753896      0.97668902643893485      0.05250788058742175    0.0037456558593101253        1.003802675879377       1.7025646811191602       9.9556115210333349   2.0902994921318778e-09    0.0037456558593101253       494.97677945226923       5.7934714303969193       5.7934714303969193       3028.2027333368178                                                 2521.8418762511124                                              11.384077633436544        21.138697472201216               390.94030592943739                          74.579001168873262                      8.3187748817573564
                       4       1520.0496082301038      0.02220640684096074      0.11717769299831762        68.31880189468427       3.0398924463753896      0.97668902643893485      0.05250788058742175    0.0037456558593101253       1.0046143753903463       1.7025646811191602       9.9556115210333349   2.0902994921318778e-09    0.0037456558593101253       495.28631971486448       5.7934714303969193       5.7934714303969193       3028.5122735994137                                                 2521.8418762511124                                              11.384077633436544        21.063235784339952               390.96293929863248                          74.854422049329912                      8.4057225825621238
                       3         1517.80901755536     0.022362309051290791      0.11682972422957953       68.316450253221333       3.0307430704694918      0.97944840205947004      0.05256318514353208     0.042819324909318626      0.99946637691028006       1.8462076621277128       9.8538052439187496   2.0712617807169462e-09     0.042819324909318626       495.52206226816253       5.7934714303969193       5.7934714303969193       3024.0310922499261                                                  2516.934636188706                                              11.574393793057409         20.81796872473592               391.07132953506681                          74.300776651290647                      9.3319873570691581
                       1       1518.8779638959397     0.022300327865701311      0.11665156599021408        68.26514496504555        3.029296053369618      0.97837854555265336     0.051940126897689322     0.045442733220898535       0.9997324399872578        1.878741423891495       9.8841316725523267   2.0682667969209068e-09     0.045442733220898535       496.06586922024235       5.7934714303969193       5.7934714303969193       3026.1689849310856                                                 2518.5589824842937                                              11.544133226549645          20.9021880170298               391.29284901012886                          74.204214375455848                      9.6666178176278557
                       6       1518.1468030397778     0.022429416517812727      0.11651773635610081       68.358170669866681       3.0285471746867296      0.97688234769469007       0.0512756257841726     0.041927309499673729      0.99979358404307883       1.8195638019050686        9.874279255458946   2.0667184958233699e-09     0.041927309499673729       494.99097026263689       5.7934714303969193       5.7934714303969193       3024.7066632187616                                                 2518.1509342556665                                               11.56475870045832        21.125521930268462               391.44477263483139                          72.836921947403368                      9.5837537501336421
                       6       1518.2040721885905     0.022429416517812727      0.11651773635610081       68.358170669866681       3.0285471746867296      0.97688234769469007       0.0512756257841726     0.041927309499673729       1.0000989062681904       1.8195638019050686        9.874279255458946   2.0667184958233699e-09     0.041927309499673729       495.10550856026299       5.7934714303969193       5.7934714303969193       3024.8212015163872                                                 2518.1509342556665                                               11.56475870045832        21.097054607385985               391.44477263483139                          72.834775900445237                      9.7289054176004228
                       2        1518.340499228105     0.022429416517812727      0.11651773635610081       68.358170669866681       3.0285471746867296      0.97688234769469007       0.0512756257841726     0.041927309499673729       1.0000892640584556       1.8009636840480472        9.860366239864744   2.0667184958233699e-09     0.041927309499673729       495.09986221791041       5.7934714303969193       5.7934714303969193       3025.0940555954162                                                  2518.429434677048                                               11.56475870045832         21.09794899633016               391.44477263483139                          72.832931439219124                      9.7242091475297148
                       1       1516.9841060941271     0.022519566553096615      0.11676635885631233       68.395476653972537       3.0373467043598539      0.97407555963589532     0.053135481533014978     0.042441091951927204       1.0024313490470049       1.7554944376252797       9.8610156868738983   2.0849848965545693e-09     0.042441091951927204       492.67572717974559       5.7934714303969193       5.7934714303969193       3022.3812693274604                                                 2517.8972895241809                                                11.8082526235345        21.545564835121297               390.71646203481185                          71.400852932799069                      9.0128473770133741
                       3       1516.9427098091328     0.022519566553096615      0.11676635885631233       68.395476653972537       3.0373467043598539      0.97407555963589532     0.053135481533014978     0.042441091951927204        1.001565301959759       1.7554944376252797       9.8610156868738983   2.0849848965545693e-09     0.042441091951927204       492.59293460975624       5.7934714303969193       5.7934714303969193       3022.2984767574717                                                 2517.8972895241809                                                11.8082526235345        21.639443199388097               390.70750938726769                          71.507627324211413                      8.7383546988890668
                       6       1515.9461885551959     0.022592109204300315      0.11639768103264204       68.499028803611267       3.0390049839756301      0.97785744706789479     0.055507098658197501     0.056655724847045605       1.0001462368722562       1.7657532924612447       9.8043684504566908   2.0884452528339008e-09     0.056655724847045605       492.83766180921032       5.7934714303969193       5.7934714303969193        3020.305434249598                                                 2516.2399586665047                                              11.227813773883243        21.175716680514938               390.37346134831773                          72.231321619721371                       9.057162160656274
                       1       1515.7920025752919     0.022587013110187154      0.11644504916635566       68.526665421217217       3.0378230265865884      0.97827799842342122     0.054990852807930583      0.05363759446233473       1.0000105820787972       1.7638344805143176       9.8054788002141393   2.0859782577644348e-09      0.05363759446233473       492.84369742437877       5.7934714303969193       5.7934714303969193       3019.9970622897899                                                 2516.0534062360975                                              11.099958629314173        21.114902834109841                390.4417159696647                          72.217694233210835                       9.069384387393395
                       6       1515.6134363069561     0.022570221800008148      0.11640693964325989        68.62708309206505       3.0365824714800613      0.98041819747592063     0.054725280474659931     0.045512944306068503      0.99970863339167138       1.7448108854538593       9.8011258347694152   2.0833920912573648e-09     0.045512944306068503       493.47776154755525       5.7934714303969193       5.7934714303969193       3019.6399297531184                                                 2515.4638767065835                                              10.698291498979671        20.853112931348448               390.58857208348945                          72.986719129961827                      9.0493574027555166
                       2       1515.5711483281063     0.022570221800008148      0.11640693964325989        68.62708309206505       3.0365824714800613      0.98041819747592063     0.054725280474659931     0.045512944306068503      0.99971480064288898       1.6987610477235486       9.8574807101688897   2.0833920912573648e-09     0.045512944306068503       493.47669067966712       5.7934714303969193       5.7934714303969193       3019.5553537954188                                                 2515.3803716167718                                              10.698291498979671        20.852596622611486               390.58857208348945                          72.983954324467163                      9.0515676490990078
                       4       1516.6456116142297     0.022552542614344265      0.11631782502367966       68.470953424822099       3.0364601592889731      0.98394687785676915     0.056448559789142351      0.05408741679541744      0.99784876179753668       1.6883524788947302       9.8096307986090103   2.0831372825892079e-09      0.05408741679541744       496.09824164902938       5.7934714303969193       5.7934714303969193       3021.7042803676654                                                 2514.3659303709587                                              11.240108347677133        20.506839158619073               390.43772164855898                          76.178550997647605                      8.9751298442037104
                       2        1516.853584825177     0.022543269315392016      0.11630038786569731       68.462336558408964       3.0365745191037501      0.98433648737998369     0.056679361421152402     0.053724096531820753      0.99770759841898027       1.6876397786627582       9.8064324405715997   2.0833755234053282e-09     0.053724096531820753       496.50986821960612       5.7934714303969193       5.7934714303969193       3022.1202267895601                                                 2514.3585997401851                                              11.251758829769175        20.471391255129845               390.45014131425717                          76.635913714537494                       8.952421935681631
                       1        1517.099830295708     0.022457973019662174      0.11633799445121744       68.556162018714204       3.0412930910272866      0.98324569501120329     0.056892075735776072     0.037467815508459776       1.0003444640584152       1.6535948266016374       9.8609136893861997   2.0932293102744737e-09     0.037467815508459776       495.80156261024962       5.7934714303969193       5.7934714303969193       3022.6127177306221                                                 2516.1043595110536                                              10.706795609318666        20.539176318874297               390.39303747356632                          76.243248145668858                      8.6261006721401312
                      10       1517.2735725895054     0.022457973019662174      0.11633799445121744       68.556162018714204       3.0412930910272866      0.98324569501120329     0.056892075735776072     0.037467815508459776      0.99959499892123915       1.6535948266016374       9.8609136893861997   2.0932293102744737e-09     0.037467815508459776       496.14904719784425       5.7934714303969193       5.7934714303969193       3022.9602023182169                                                 2516.1043595110536                                              10.706795609318666        20.593259906657636               390.37659791513022                          76.713197898053835                      8.4659914780025094
                       1       1517.0018101577284     0.022457973019662174      0.11633799445121744       68.556162018714204       3.0412930910272866      0.98324569501120329     0.056892075735776072     0.037467815508459776       0.9996238636917526       2.0056197736876773       9.6598697467381847   2.0932293102744737e-09     0.037467815508459776       496.12015144537236       5.7934714303969193       5.7934714303969193       3022.4166774546629                                                 2515.5897303999718                                              10.706795609318666         20.59114773939524               390.37659791513022                          76.681082647015586                      8.4713231438313628
                       3       1516.8294938125664     0.022606810728319694      0.11591175666060566       68.953768931553213       3.0450603791500375      0.98269850283690641     0.058258511326425393     0.017389450837263683       1.0004241670643423       1.9236816196323081       9.6419580768370849   2.1011299809004097e-09     0.017389450837263683       494.51539661314257       5.7934714303969193       5.7934714303969193       3022.0720447643389                                                 2516.8520987747761                                              10.704549376420353        20.708671741277954               390.34520992301407                          75.128069146988921                      8.3334458018616324
                       3       1516.9394521452459     0.022606810728319694      0.11591175666060566       68.953768931553213       3.0450603791500375      0.98269850283690641     0.058258511326425393     0.017389450837263683       1.0002324296257132       1.9236816196323081       9.6419580768370849   2.1011299809004097e-09     0.017389450837263683       494.73531327850139       5.7934714303969193       5.7934714303969193       3022.2919614296979                                                 2516.8520987747761                                              10.704549376420353         20.72386848020875                390.3287247790588                          75.375582315620179                      8.3071377036136731
                       3       1516.9473718160232     0.022602774231866907      0.11601236466044304       68.905166780968202       3.0452381632120011      0.98269195146992894     0.058258013855160343     0.017482331139407694       1.0002037583023513       1.9168617345168322         9.63940608730503   2.1015035615304847e-09     0.017482331139407694       494.84011650316978       5.7934714303969193       5.7934714303969193       3022.3078007712525                                                 2516.8527628467186                                              10.614921421364185         20.72364431462745               390.34191073604836                          75.503170978532566                      8.2713904739613788
                       3        1516.762759106271     0.022602774231866907      0.11601236466044304       68.905166780968202       3.0452381632120011      0.98269195146992894     0.058258013855160343     0.017482331139407694       1.0005291078658398       1.9168617345168322         9.63940608730503   2.1015035615304847e-09     0.017482331139407694       494.47089108366538       5.7934714303969193       5.7934714303969193       3021.9385753517481                                                 2516.8527628467186                                              10.614921421364185        20.697954272919276               390.33887181777061                          75.124840994049094                      8.3092239989264289
                       1       1516.1234599287961     0.022619940616894492      0.11622974789792997       68.916803332840857       3.0456362918477353       0.9838676064455415     0.058811132694002927      0.01823550038878274      0.99986817015611407       1.9285911129963222       9.6113439893079633   2.1023403968494259e-09      0.01823550038878274       494.45071364320961       5.7934714303969193       5.7934714303969193       3020.6599769967984                                                 2515.6461994225601                                              10.563063931028367        20.597752435225743               390.34402514036481                          75.217478233041916                      8.2914578345771339
                       1       1515.6919650366638     0.022524288115582443      0.11662372621347102       68.666622037831743       3.0510193594664767      0.97619881929223906     0.059565569374026336     0.029642383812162835       1.0019874038221737       2.0551157692767599       9.6653585681283918   2.1136879522905104e-09     0.029642383812162835       491.25733221172504       5.7934714303969193       5.7934714303969193       3019.7969872125336                                                 2517.9443579060535                                               10.59529709475526        21.512270157773287               390.34831886650699                          71.154723574092486                      8.2420196133522712
                       3        1517.018653902255     0.022545757548860998      0.11642912493606654       68.315181040294704       3.0497056217472753      0.97926121638110197     0.058546110970163927     0.088661763198058421       1.0021966792845447        2.081755602987438       9.6773844012168198   2.1109129439166679e-09     0.088661763198058421        492.1231570480461       5.7934714303969193       5.7934714303969193       3022.4503649437161                                                 2518.5185373854406                                              11.808670510229074         21.04366724324052               390.27959253285985                          71.860028329124475                      8.9398689428212688
                       1       1517.0947927260279     0.022551625628207526      0.11648549115238467       68.302662210405487       3.0500118627674131      0.97894909642636907     0.058437654704624031     0.087933748297755465       1.0023903859879593       2.0726804883307595       9.6793825803420059    2.111559491044608e-09     0.087933748297755465       491.97211311497051       5.7934714303969193       5.7934714303969193       3022.6026425912619                                                 2518.6679365478903                                              11.962592928401023        21.083358200185046               390.27429517033266                           71.74803228809354                      8.8664274563592205
                       1       1517.6783424144996     0.022464865341213211      0.11676388903632647       68.189016517923136       3.0498182027921787      0.97786811034587895     0.057802088048110239     0.084501365446477919       1.0028997843559457        2.096795710098001       9.7044902999571008   2.1111506060794709e-09     0.084501365446477919       491.64106441890596       5.7934714303969193       5.7934714303969193       3023.7697419682054                                                 2519.5693340133953                                              12.559343535904253        21.178979931179299               390.20864242696001                          71.523294318821613                      8.7301477419450322
                       3       1517.9087849309685     0.022453070202417182      0.11677100953536733       68.154014956509798       3.0515775847794204      0.97773424089243643     0.058643948787387365     0.085724250231744681       1.0029995753729199       2.1015081871968424       9.7003863466802294   2.1148681957993957e-09     0.085724250231744681       491.66489787955743       5.7934714303969193       5.7934714303969193       3024.2306270011431                                                 2519.7719343973408                                              12.793794724245126        21.203403533925837               390.27146974321676                          71.541428183542081                      8.6485964188727973
                       1       1517.7593862534491     0.022453070202417182      0.11677100953536733       68.154014956509798       3.0515775847794204      0.97773424089243643     0.058643948787387365     0.085724250231744681       1.0031414773095053       2.4383692068934297       9.8534414853125121   2.1148681957993957e-09     0.085724250231744681       491.59000757904039       5.7934714303969193       5.7934714303969193       3023.9318296461042                                                 2519.5480273428184                                              12.793794724245126        21.189735195875016               390.27146974321676                            71.4446407745816                      8.6841618653669865
                       2       1518.3914170172122     0.022453070202417182      0.11677100953536733       68.154014956509798       3.0515775847794204      0.97773424089243643     0.058643948787387365     0.085724250231744681       1.0020766217772843       2.4383692068934297       9.8534414853125121   2.1148681957993957e-09     0.085724250231744681       492.85406910656712       5.7934714303969193       5.7934714303969193       3025.1958911736306                                                 2519.5480273428184                                              12.793794724245126        21.293767363466145               390.27352391445521                          72.830602076272655                      8.4561757523731007
                       3       1517.5480570143031     0.022413063134098909      0.11646275222905374       68.393560405174156       3.0486454212333385      0.97678927682463723     0.057926117749519515     0.072019593171212898       1.0018807301470827       2.4953674558762211       9.8753545847223236    2.108676138869101e-09     0.072019593171212898       492.56485717858948       5.7934714303969193       5.7934714303969193       3023.5091711678124                                                 2520.0046655701717                                              10.939648419051558        21.410060096777613                390.1985113390221                          72.284693655072473                      8.6715920877172739
                       1        1517.379946138404     0.022413063134098909      0.11646275222905374       68.393560405174156       3.0486454212333385      0.97678927682463723     0.057926117749519515     0.072019593171212898       1.0018902832157284       2.4805084730431037       9.9163998066196175    2.108676138869101e-09     0.072019593171212898       492.54615491223547       5.7934714303969193       5.7934714303969193        3023.172949416014                                                 2519.6871460847274                                              10.939648419051558        21.409073536207529                390.1985113390221                          72.264523314424636                      8.6740467225811617
                       1       1517.2928998501193     0.022413063134098909      0.11646275222905374       68.393560405174156       3.0486454212333385      0.97678927682463723     0.057926117749519515     0.072019593171212898       1.0017904216437976       2.1791231847133354        9.861367996960702    2.108676138869101e-09     0.072019593171212898       492.76703835501701       5.7934714303969193       5.7934714303969193       3022.9988568394447                                                  2519.292170065376                                              10.939648419051558        21.419400627142068               390.21742573214334                          72.481466995486343                      8.6487450002452491
                       1       1516.5436565936802     0.022413063134098909      0.11646275222905374       68.393560405174156       3.0486454212333385      0.97678927682463723     0.057926117749519515     0.072019593171212898       1.0035451764218644       2.1791231847133354        9.861367996960702    2.108676138869101e-09     0.072019593171212898       491.26855184213917       5.7934714303969193       5.7934714303969193       3021.5003703265666                                                  2519.292170065376                                              10.939648419051558        21.242700217870265               390.19540767620111                          70.622579849442161                      9.2078640986256168
                       6       1515.5943045146278     0.022642231637411067      0.11595682948006496       68.786060423428538       3.0436318849588018      0.98061377009405359     0.056271053850755703     0.061709707636370667       1.0024014429953303       2.0416613859912345       9.8191229512090388   2.0981306716855889e-09     0.061709707636370667       492.54690134645438       5.7934714303969193       5.7934714303969193       3019.6016661684616                                                 2516.6147237269088                                              10.440041095098387        20.843960644027561               390.32259015157274                          71.876257237570087                      9.5040933132840113
                       1        1515.778382974353     0.022642231637411067      0.11595682948006496       68.786060423428538       3.0436318849588018      0.98061377009405359     0.056271053850755703     0.061709707636370667       1.0029537710807259       2.0416613859912345       9.8191229512090388   2.0981306716855889e-09     0.061709707636370667       492.91505826590509       5.7934714303969193       5.7934714303969193       3019.9698230879121                                                 2516.6147237269088                                              10.440041095098387        20.798305361498365               390.35987127423425                          71.993490488087645                      9.7633911420847763
                       2       1517.4164758228351     0.022453790899204122      0.11632051386010522        68.65900711167636       3.0509610658952551       0.9831608020292778     0.061463705986939482     0.057114313715384016       1.0017115890570438        2.151803187499147       9.7683274337674124   2.1135647414625578e-09     0.057114313715384016       495.42210653699732       5.7934714303969193       5.7934714303969193       3023.2460087848763                                                 2517.4643460558427                                              10.359556192036727        20.542738977530519               390.72751313264661                          75.121082233955789                      9.0307721928644149
                       1       1517.4323233596506     0.022453790899204122      0.11632051386010522        68.65900711167636       3.0509610658952551       0.9831608020292778     0.061463705986939482     0.057114313715384016       1.0017130090196882       2.1630437276615373       9.7634140429360592   2.1135647414625578e-09     0.057114313715384016        495.4243933610897       5.7934714303969193       5.7934714303969193       3023.2777038585073                                                 2517.4937543053811                                              10.359556192036727        20.542636408500357               390.72751313264661                          75.122983515809793                      9.0312603041329815
                       4       1517.6165484355922     0.022410248049419327       0.1163859754498781       68.567853848741677       3.0494660602051504      0.98301793662308179       0.0607350836860025     0.058596444700119522        1.001684035007901       2.1711352463628391       9.7770319408457311   2.1104073109240598e-09     0.058596444700119522       495.92136545863832       5.7934714303969193       5.7934714303969193       3023.6461540103905                                                 2517.2972812513744                                              10.427507300377719        20.533218904692944               390.59010243121293                          75.716031162820428                      9.0820129599120634
                       1       1518.4865078069133     0.022417887830186081      0.11659846474449577       68.534494021128964       3.0518177539221898      0.98268389685768665     0.061295663706869605     0.063995679257029092       1.0021184257128355       2.1854456059874185       9.7720446255360773   2.1153761828800205e-09     0.063995679257029092       495.81243405154993       5.7934714303969193       5.7934714303969193       3025.3860727530327                                                 2519.0766109614783                                              10.497027740005022        20.573412268406173               390.73377131753739                          75.489974833681345                      9.0152756319250429
                       1       1518.0598489172116     0.022440104937585095      0.11667450454965331       68.530395634425005       3.0531441015011307      0.98206825804581555     0.061791280703632122     0.061968011010743895       1.0021782888227984       2.1763734001593211       9.7631593536640366   2.1181837684643122e-09     0.061968011010743895       495.04911353667006       5.7934714303969193       5.7934714303969193       3024.5327549736294                                                  2518.908277965149                                              10.575363471810205        20.649717094709501               390.76853678019745                          74.795111111956459                      8.8357485498066364
                       1       1517.5657695821603     0.022440104937585095      0.11667450454965331       68.530395634425005       3.0531441015011307      0.98206825804581555     0.061791280703632122     0.061968011010743895       1.0006959983003041       2.1763734001593211       9.7631593536640366   2.1181837684643122e-09     0.061968011010743895       494.06095486656756       5.7934714303969193       5.7934714303969193       3023.5445963035268                                                  2518.908277965149                                              10.575363471810205        20.767382910756226               390.78708516567769                          74.009169099507602                       8.497317690626053
                       3       1517.7517329879554     0.022440354916359147       0.1166668144466991       68.555179097022574       3.0529162591952206      0.98288449543601752     0.062265401615347361     0.060096859770447542       1.0000899878433209       2.1834456316249673       9.7471544209834367   2.1177012115656896e-09     0.060096859770447542       494.79834954516434       5.7934714303969193       5.7934714303969193       3023.9165231151169                                                 2518.6047931189109                                              10.513380451041373        20.689084024496537               390.89031020070536                           74.72403560159573                      8.4949197183667149
                       1       1519.4553532257453     0.022325839169682195      0.11690437949231325       68.327004086650646       3.0564461202129642      0.98170262888421544     0.063536014885228281     0.063059545158649935       1.0007236055038655       2.2172970093866073       9.7630740919010321    2.125189611249285e-09     0.063059545158649935       496.09909864181299       5.7934714303969193       5.7934714303969193       3027.3237635906967                                                 2520.0883544432641                                              11.136310505619461        20.789218679199394               391.29637945051684                          75.611072544770124                      8.4024279673266129
                       2       1519.5341560116312     0.022393622242673352      0.11713203760847925       68.240955183287227       3.0538991415293149      0.98433353466401807     0.062791820997246173     0.066248703419046026      0.99950581469946431       2.1534722811728568       9.7252794171574521   2.1197836859214061e-09     0.066248703419046026       498.02070885116973       5.7934714303969193       5.7934714303969193       3027.4813691624686                                                 2517.3766578313662                                              12.084002479932552        20.533460840247756               391.07775170477311                          77.989307138257033                      8.4201891678918503
                       8       1519.7740232876054     0.022393622242673352      0.11713203760847925       68.240955183287227       3.0538991415293149      0.98433353466401807     0.062791820997246173     0.066248703419046026      0.99884780473433399       2.1534722811728568       9.7252794171574521   2.1197836859214061e-09     0.066248703419046026       498.50044340311837       5.7934714303969193       5.7934714303969193       3027.9611037144168                                                 2517.3766578313662                                              12.084002479932552        20.581220742160554               391.06878633698329                          78.439668043612471                      8.4107682803620474
                       9       1520.4401421506445     0.022399333964444941      0.11721269193493053       68.266631921953106       3.0548002539312371      0.98513568888120595     0.063271132075232397     0.064116071853033266      0.99872814451759429       2.1466389723881747       9.7129846430970161   2.1216947101847012e-09     0.064116071853033266       499.50615830662611       5.7934714303969193       5.7934714303969193       3029.2933414404952                                                 2517.8191869398561                                              11.967996194013288        20.514105849034593               391.22969810102478                          79.306915139221232                       8.455439217345484
                       3       1520.1354294557814     0.022438568645475433       0.1174556849965637       68.148495707340132       3.0554461719951118      0.98406991691705425     0.062955601299487032     0.064466251182018486      0.99895131783787006       2.1040457063639328       9.7077491554360531   2.1230655938156251e-09     0.064466251182018486       498.44013805965545       5.7934714303969193       5.7934714303969193       3028.6839160507689                                                 2516.8264559262625                                              13.417322064850923        20.627659161697181               391.10542138919828                          78.175256334719506                        8.53180117404046
                       2       1519.4534950380037     0.022619529288037211      0.11760398935160819       68.334514339221016       3.0416423126633658      0.97151531948652425     0.050887874586188889     0.062539661758279741        1.003558695179591       2.0676438720037602        9.889662228494382   2.0939604388944325e-09     0.062539661758279741       493.14237992727186       5.7934714303969193       5.7934714303969193       3027.3200472152134                                                 2521.2717973084127                                              12.905869979529026        22.242953815570331               391.24278110214726                          71.232977958132935                      8.4236670514213294
                       6       1518.4158715722003     0.022766443632085367      0.11655550167124562       68.705656528791906       3.0303169524938469      0.97486859434106876     0.049762010644724068     0.057068697200259165      0.99937564407285895       2.0724377120495081       9.8296700442030964   2.0703793668594722e-09     0.057068697200259165       498.11151923792886       5.7934714303969193       5.7934714303969193       3025.2448002836068                                                 2516.2578099347352                                              10.875471110942652        21.740844725489296               392.07363650393125                          75.052055404027911                       9.244982604480386
                       5       1518.1264007721102     0.022766443632085367      0.11655550167124562       68.705656528791906       3.0303169524938469      0.97486859434106876     0.049762010644724068     0.057068697200259165      0.99960904349116519       2.0724377120495081       9.8296700442030964   2.0703793668594722e-09     0.057068697200259165        497.5325776377486       5.7934714303969193       5.7934714303969193       3024.6658586834264                                                 2516.2578099347352                                              10.875471110942652        21.714825112751441               392.07363650393125                           74.40524650022914                      9.3388695208368091
                       5       1517.2472844334902     0.022766443632085367      0.11655550167124562       68.705656528791906       3.0303169524938469      0.97486859434106876     0.049762010644724068     0.057068697200259165        1.001041249869083       2.0724377120495081       9.8296700442030964   2.0703793668594722e-09     0.057068697200259165        495.7743449605087       5.7934714303969193       5.7934714303969193       3022.9076260061865                                                 2516.2578099347352                                              10.875471110942652         21.55850321555107               392.15221882540573                          72.053949000307895                      10.009673919244001
                      10       1516.4982449894519     0.022772443050814196       0.1166713538439836       68.715578828680108       3.0307615346977261      0.97659560853740457     0.050115627593211566     0.051976296717930352       1.0007228719931274       2.0383629432064994       9.8116437645677035   2.0713000253202761e-09     0.051976296717930352         495.040377586739       5.7934714303969193       5.7934714303969193       3021.4095471181099                                                 2515.4587487412223                                              10.910420790148551        21.329070806945197               391.98853395012145                          72.104607963185273                      9.6181648664870867
                       4        1516.219539759383     0.022772443050814196       0.1166713538439836       68.715578828680108       3.0307615346977261      0.97659560853740457     0.050115627593211566     0.051976296717930352       1.0007573473862554       2.0676608344257437       9.8918596559312277   2.0713000253202761e-09     0.051976296717930352       495.03694360641862       5.7934714303969193       5.7934714303969193       3020.8521366579721                                                 2514.9047722614046                                              10.910420790148551        21.325637309690194               391.98853395012145                          72.088556031686863                      9.6342163149200584
                       1       1516.2474286263746     0.022786047436740862       0.1165837994274135       68.818080366328033       3.0359673366651894      0.97381242121780354     0.051988433351135885     0.042076216385474839       1.0018188355511777        2.074008819571834       9.8963597726329748   2.0821109183364359e-09     0.042076216385474839       494.63828276955053       5.7934714303969193       5.7934714303969193       3020.9079143919553                                                 2515.5933707543877                                              10.676260868016982        21.769846438875788               391.12539276118071                           72.50795964939185                      9.2350839201021593
                       2       1517.4095881144128     0.022897049085997514      0.11788333760580208       68.543059280664792       3.0407572127202736      0.97571954919857362     0.054230479878819397     0.023824659175637461       1.0000749925769183       1.9349012170084416       9.7821147533634569   2.0921078945934978e-09     0.023824659175637461       495.61657436978658       5.7934714303969193       5.7934714303969193       3023.2322333680318                                                 2514.0127708104401                                              13.602888187805286         21.63274437907279               390.47647542204061                          75.241445916379334                      8.2659086522938168
                       2       1518.1006892725088     0.022897049085997514      0.11788333760580208       68.543059280664792       3.0407572127202736      0.97571954919857362     0.054230479878819397     0.023824659175637461      0.99858396788976334       1.9349012170084416       9.7821147533634569   2.0921078945934978e-09     0.023824659175637461       496.99877668597929       5.7934714303969193       5.7934714303969193       3024.6144356842237                                                 2514.0127708104401                                              13.602888187805286        21.798966595601712               390.43282657168828                           76.34290012017226                      8.4240833985170216
                      10       1518.3500795097805     0.022885399527832365      0.11798299522518513       68.526929352989669       3.0384402104023667      0.97519723431101468     0.053120007852649011     0.019281029812838843      0.99841101073205185       1.9339897090500424       9.7905882886429012   2.0872660871580425e-09     0.019281029812838843       497.34722893031216       5.7934714303969193       5.7934714303969193        3025.113216158767                                                 2513.9423952499706                                              13.823591978483865        21.858415135131509               390.67810038531138                          76.389782462770881                      8.4209309470983786
                       1       1518.2899563097576      0.02287976527826982      0.11802867314115842       68.553795221639362       3.0390111876665298      0.97519408139971087     0.053111255635315442     0.011156481859078769      0.99870250995074317       1.9072347314176739       9.7940146914789192   2.0884582089428981e-09     0.011156481859078769        497.3874988421918       5.7934714303969193       5.7934714303969193       3024.9929697587213                                                 2513.9378785195709                                              13.667592396958911         21.85456828751154               390.68023458391156                            76.3484954251239                      8.5042005456448617
                       1       1518.2238912934129      0.02287976527826982      0.11802867314115842       68.553795221639362       3.0390111876665298      0.97519408139971087     0.053111255635315442     0.011156481859078769      0.99885020030280058       1.6600642559108589       9.9768899029956142   2.0884582089428981e-09     0.011156481859078769       497.10104894971857       5.7934714303969193       5.7934714303969193       3024.8608397260318                                                 2514.0921983793546                                              13.667592396958911        21.837541703254772               390.68023458391156                          76.108023687994134                      8.4752489745580899
                       5       1516.6961107162945     0.022812026063169774      0.11777779086181786       68.591619757024802       3.0366794011662557      0.97762113787525495     0.053175447167768987     0.012218579332287609      0.99798497249057128       1.6278979741472777       9.9973161245145654   2.0835940435864198e-09     0.012218579332287609       495.67807379522918       5.7934714303969193       5.7934714303969193        3021.805278571795                                                 2513.4339897880877                                              12.693214988477649        21.437088486211223               390.74033376452746                           75.15443287164311                       8.346218672847364
                       7       1517.2731335755248     0.022750577651102465      0.11659735626825717       68.430034796366883       3.0533020338705317      0.98107048084930537     0.062121963928170085     0.072790117083648118      0.99837297704164363       1.7548842895011318       9.9818539016620722   2.1185183246636234e-09     0.072790117083648118       496.07487487131141       5.7934714303969193       5.7934714303969193       3022.9593242902556                                                 2514.5428246488127                                              12.341624770131451         21.09026475097869               390.80892018857475                          75.931152497409883                      8.2445374343480911
                       1        1516.431879254138     0.022750577651102465      0.11659735626825717       68.430034796366883       3.0533020338705317      0.98107048084930537     0.062121963928170085     0.072790117083648118      0.99918460519031826       1.7548842895011318       9.9818539016620722   2.1185183246636234e-09     0.072790117083648118       494.39236622853838       5.7934714303969193       5.7934714303969193       3021.2768156474822                                                 2514.5428246488127                                              12.341624770131451        21.015498304187133               390.78845768273163                          74.318922003045088                      8.2694882385745121
                       3       1518.6017023336099     0.022750577651102465      0.11659735626825717       68.430034796366883       3.0533020338705317      0.98107048084930537     0.062121963928170085     0.072790117083648118      0.99885856363483205       2.6816688293546935       9.7552145027094763   2.1185183246636234e-09     0.072790117083648118       494.96882602213856       5.7934714303969193       5.7934714303969193       3025.6164618064258                                                 2518.3060110141555                                              12.341624770131451        21.045285736289827               390.81148538289369                          74.859021187196078                      8.2530337157589067
                       1       1518.6333456097427     0.022742574217894641      0.11658625652440731        68.41451609300627       3.0533775009901691      0.98116697175364131     0.062161052244512197     0.074535704891337082      0.99887879651909806       2.6817346513257121        9.756552721580448   2.1186782091724207e-09     0.074535704891337082       494.96732103436511       5.7934714303969193       5.7934714303969193       3025.6797483586915                                                 2518.3187435533064                                              12.393683771020392        21.029877742263295               390.83220081877732                          74.846965834331087                      8.2582766389933582
                       3       1518.7222845893282     0.022742574217894641      0.11658625652440731        68.41451609300627       3.0533775009901691      0.98116697175364131     0.062161052244512197     0.074535704891337082      0.99890311854819314       2.7160909559937543       9.8215430310284315   2.1186782091724207e-09     0.074535704891337082       494.92061813036128       5.7934714303969193       5.7934714303969193       3025.8576263178625                                                 2518.5433244164806                                              12.393683771020392        21.027657672676355               390.83220081877732                           74.80136435230169                      8.2593952866059297
                       1       1518.8432725809189     0.022723840116512552      0.11665335613337174        68.36289263313995        3.053878811492639      0.98011911680392061     0.062014062911180348     0.075300195657497654      0.99930600902754463       2.7201008936451871       9.8234541802693016   2.1197405910793875e-09     0.075300195657497654       494.63508954420456       5.7934714303969193       5.7934714303969193       3026.0996023010439                                                 2518.7176087092039                                              12.746904047635882        21.148844875116254                390.7717787792439                          74.462390465772813                      8.2520754240715473
                       1       1518.2338149187995     0.022723840116512552      0.11665335613337174        68.36289263313995        3.053878811492639      0.98011911680392061     0.062014062911180348     0.075300195657497654       1.0003360861883088       2.7201008936451871       9.8234541802693016   2.1197405910793875e-09     0.075300195657497654       493.41617421996563       5.7934714303969193       5.7934714303969193        3024.880686976805                                                 2518.7176087092039                                              12.746904047635882        21.052372880058783               390.79168342160563                          73.239974656537598                      8.3321432617636564
                       3       1516.4616207795912     0.022723840116512552      0.11665335613337174        68.36289263313995        3.053878811492639      0.98011911680392061     0.062014062911180348     0.075300195657497654        1.000576165808589       1.7918819609344738       9.8761459917694978   2.1197405910793875e-09     0.075300195657497654       493.34561349261867       5.7934714303969193       5.7934714303969193       3021.3362986983884                                                 2515.2437811581335                                              12.746904047635882        21.030328992798218               390.79168342160563                          73.160527790350784                      8.3630732878640348
                       5       1516.4385075743639     0.022730144726736234      0.11704543080266973       68.257377657975709        3.048841351273726      0.98062305041989739     0.059798584778044499     0.076496784864825224      0.99981864215487781       1.7709159875956173       9.8846686105682107   2.1090893323473391e-09     0.076496784864825224       493.31985244681027       5.7934714303969193       5.7934714303969193        3021.290072287934                                                 2513.9229511430408                                              14.047268698082615        20.933766072923333               390.39359134060106                          73.570503686161643                        8.42199134712423
                       1       1516.4344811532842     0.022696483157130985       0.1170308350321583       68.230902360013303       3.0483260231605689       0.9806305451633579     0.059593842454945332     0.074760121460729009      0.99985657982321352       1.7620132204565571       9.8943944499784742   2.1080027393212346e-09     0.074760121460729009       493.34805174954857       5.7934714303969193       5.7934714303969193       3021.2820194457745                                                 2513.8244870614117                                              14.109480634814583        20.915533369721686               390.39586171855461                          73.617095203161711                      8.4195614581105467
                       5       1516.1618614311756     0.022713382478681255      0.11689838194463158       68.299677003781412       3.0485402138864552      0.98220460453034841     0.060774330584123203     0.075454138759368003      0.99883990824454583       1.7681906877062172       9.8949570819400936   2.1084543023167168e-09     0.075454138759368003       493.94862741878228       5.7934714303969193       5.7934714303969193       3020.7367800015572                                                 2513.3915651524012                                              13.396587430373948        20.764088204000132                390.5441797733256                          74.183035524876274                      8.4573239165802683
                       4       1516.1539344260648     0.022713382478681255      0.11689838194463158       68.299677003781412       3.0485402138864552      0.98220460453034841     0.060774330584123203     0.075454138759368003        0.998693435722661       1.7681906877062172       9.8949570819400936   2.1084543023167168e-09     0.075454138759368003       493.93277340856054       5.7934714303969193       5.7934714303969193       3020.7209259913357                                                 2513.3915651524012                                              13.396587430373948        20.776006815307937                390.5441797733256                          74.179565701539005                      8.4330211183880373
                       1       1516.0861984381504     0.022726569232957874      0.11772851646264273       68.546025475215572       3.0452072558478926      0.97915295587834961     0.059222547571508875       0.0279424755008345      0.99816177881123991       1.7191404201633318       9.9018935689629686   2.1014386105984697e-09       0.0279424755008345       493.24974021923799       5.7934714303969193       5.7934714303969193       3020.5854540155069                                                 2515.0669286563761                                              12.268785139892604        21.152953611402836                390.3198750278662                          73.465157077596203                      8.3117545023727732
                       2       1516.6014618218696     0.022595917456056724      0.11789048571834146       68.510417713280034       3.0437672419382009      0.97821480366861224     0.059070392465306931    0.0047678139672626893      0.99784941273885419       1.6854709546139175       9.9463264324253924   2.0984146875370238e-09    0.0047678139672626893        493.1876718522841       5.7934714303969193       5.7934714303969193       3021.6159807829454                                                 2516.2372319216151                                              12.191077009045792        21.210869504617222               390.31980710882618                          73.294998849807882                      8.3619963890328073
                       4       1516.4876149452875     0.022538809252529036      0.11760026912169586       68.442004622575695       3.0452111184974395      0.97581744959076111     0.059161785154743782     0.014058256894755945      0.99894349945370142       1.6970174692523197       9.9468464731067652   2.1014467277350435e-09     0.014058256894755945       491.89270141922725       5.7934714303969193       5.7934714303969193       3021.3882870297812                                                  2517.300315128598                                              12.195270481956067        21.512217604595037               390.32017099238618                          71.785826008541619                      8.2744868137043888
                       1       1516.4244114249752     0.022688067729728898       0.1175379332610985       68.522847210859695       3.0430098264085976      0.97665931385069227     0.058734560769410922    0.0056442403537043332      0.99780007274979376       1.7205409351522758       9.9307016320882564   2.0968259174206686e-09    0.0056442403537043332       493.41045822488127       5.7934714303969193       5.7934714303969193       3021.2618799891566                                                 2515.3071642905988                                              12.544257473676765        21.451374661571208               390.27005640046735                          73.423818590916838                       8.265208571925859
                       4        1515.970112396202     0.022692451451294861      0.11718061115753454        68.67072674576012       3.0371327913151887      0.97811359625025407     0.056749459401616596    0.0030349902593651435      0.99716650054910483         1.67359790729277       9.9320446461520184   2.0845389387870589e-09    0.0030349902593651435       493.25948964233112       5.7934714303969193       5.7934714303969193       3020.3532819316101                                                 2515.6521360516522                                               11.44165623762677        21.205219550960294               390.25023854046361                          73.527955251828246                        8.27607629907898
                       2       1516.6595444003347     0.022903614873871662      0.11711577698603015       68.888988980911435       3.0404621927037581      0.98152085099728215     0.059817548149745922     0.018791514713489443      0.99525066921317706       1.7320867998357572        9.879502028449771   2.0914907719241289e-09     0.018791514713489443       494.71714313957426       5.7934714303969193       5.7934714303969193       3021.7321459398754                                                 2516.0385822625117                                              10.976420537789261        20.938618115504482                390.3600014146603                          75.127729185446853                      8.2907944239626357
                       3       1516.6263720984828     0.022970190360046893      0.11679819058942272       68.923657733474244       3.0387663381247707      0.98204197406558025     0.058773566435549401     0.032316483906481827      0.99549639376708765       1.7355624618957528       9.8572356851095222   2.0879469135052367e-09     0.032316483906481827       495.33292259754694       5.7934714303969193       5.7934714303969193       3021.6658013361716                                                 2515.4215041086691                                              10.911374629955748        20.880322845261389               390.28314959556417                           75.71521401524295                      8.4542361414784217
                       1       1516.6165958343925     0.022970190360046893      0.11679819058942272       68.923657733474244       3.0387663381247707      0.98204197406558025     0.058773566435549401     0.032316483906481827      0.99540000989654498       1.7355624618957528       9.8572356851095222   2.0879469135052367e-09     0.032316483906481827       495.31337006936621       5.7934714303969193       5.7934714303969193        3021.646248807991                                                 2515.4215041086691                                              10.911374629955748        20.888556583144918               390.28314959556417                          75.704757304603945                      8.4369065860531958
                       2       1515.7512090543928     0.022970190360046893      0.11679819058942272       68.923657733474244       3.0387663381247707      0.98204197406558025     0.058773566435549401     0.032316483906481827      0.99535588954015464       2.1987187285285348       9.9834845441429465   2.0879469135052367e-09     0.032316483906481827       495.30887529807381       5.7934714303969193       5.7934714303969193       3019.9154752479917                                                 2513.6952253199615                                              10.911374629955748        20.892333409960372               390.28314959556417                          75.704166584340655                      8.4292257082086213
                       6        1515.624106155848     0.022965579161791278      0.11677999122977832       68.941502827246836       3.0380249025406041      0.98252454673823075     0.058540118105657991     0.030736494847273539       0.9952408889083626       2.1894023698383571       9.9860862422263867   2.0863994091240126e-09     0.030736494847273539       495.35161362502839       5.7934714303969193       5.7934714303969193       3019.6612694509022                                                  2513.456819523351                                              10.852836302522865        20.831892864116753               390.33397544518289                          75.738683654773396                      8.4470616609553435
                       2       1517.4236184570261     0.022945172898895892      0.11655690801210958       68.522836932936983       3.0387045607888936      0.98298200438916417     0.059985266570716005     0.078708799241303529      0.99405085020112094        2.267226572690348       9.9928456088704181   2.0878179296916469e-09     0.078708799241303529       496.10918967786563       5.7934714303969193       5.7934714303969193       3023.2602940532583                                                 2514.4997602412036                                               12.65134413418884        20.777966062608982               390.36795986529364                          76.015447608979656                      8.9478161409834005
                       6       1517.6697587033168     0.022945172898895892      0.11655690801210958       68.522836932936983       3.0387045607888936      0.98298200438916417     0.059985266570716005     0.078708799241303529      0.99344820413345913        2.267226572690348       9.9928456088704181   2.0878179296916469e-09     0.078708799241303529        496.6014701704471       5.7934714303969193       5.7934714303969193       3023.7525745458397                                                 2514.4997602412036                                               12.65134413418884        20.827641911852595               390.35767496889775                          76.654040387605903                      8.7621129020908253
                       3       1517.1346956379082     0.022936869076675626      0.11600619803140572       69.151802589132885       3.0389902997858829      0.97937924425065481     0.059464322429085281     0.032955417526598502      0.99522716527408739       2.1949799696096433       9.9720359925193964   2.0884145859326915e-09     0.032955417526598502        495.7229967980777       5.7934714303969193       5.7934714303969193       3022.6824484150225                                                 2516.1888707326088                                              10.770580884336177        21.272003840403102               390.27968633557015                          75.387255472041701                      8.7840511500627372
                       5        1517.155636167917     0.022936869076675626      0.11600619803140572       69.151802589132885       3.0389902997858829      0.97937924425065481     0.059464322429085281     0.032955417526598502      0.99523290043626045       2.1458617338363073       9.9607761358326297   2.0884145859326915e-09     0.032955417526598502       495.71569861506953       5.7934714303969193       5.7934714303969193       3022.7243294750401                                                 2516.2380499756346                                              10.770580884336177        21.271432252153033               390.27968633557015                          75.378837494015812                      8.7857425333305663
                       1       1517.0827365304017     0.022915518989514501      0.11575824175641589       69.161979827322753       3.0374457077218753      0.97838102583282038     0.057688021488702453     0.040258357046804742      0.99655860927468198       2.1227719810522725        9.951777575772109   2.0851913272875919e-09     0.040258357046804742       496.22514034553046       5.7934714303969193       5.7934714303969193       3022.5785302000095                                                 2515.4753111716973                                              10.878078682781567         21.35882869405026               390.19589674282264                          75.412308399692066                      9.2581065089655272
                       1        1519.427556250487     0.022807673560046249       0.1168165740002768       68.806210274854479       3.0393202506172403      0.97422599350963224     0.056510616942146513     0.071765889790848553      0.99819376857641506       2.1322089700167748       9.9431053206983648   2.0891037737543339e-09     0.071765889790848553       492.56015534519906       5.7934714303969193       5.7934714303969193       3027.2681696401801                                                 2524.1788867750897                                               10.52912751989115        21.901354520582004               390.10757149540945                          70.831353704334404                      9.7198756248732252
                       2       1518.6033860899449      0.02280448285535408      0.11720938826040249       68.583793204201299       3.0367999663612291      0.97288270611173211     0.054203632752004113     0.069426895770110089      0.99874787147128952       2.1308371364229015       9.9549680899476662   2.0838452676526651e-09     0.069426895770110089       493.42175545141799       5.7934714303969193       5.7934714303969193        3025.619829319096                                                 2520.5319738803755                                              11.666099987302314        22.067345031441278                390.3579051964474                          71.719877727561553                       9.276627495967757
                       3       1517.9523760420268     0.022785414016978041      0.11717628223227496       68.576655039375069       3.0340878473117279      0.97467232280362393     0.053289552830189581     0.070386990529251944      0.99831234982492734       2.1051361484596707       9.9647847633055182   2.0782012882376606e-09     0.070386990529251944       493.13934583292047       5.7934714303969193       5.7934714303969193       3024.3178092232597                                                 2519.5776411264569                                              11.600822263882618        21.743956652896088               390.63448090820771                          71.274265954420912                      9.4866423173957539
                       3       1517.8776464581181     0.022785414016978041      0.11717628223227496       68.576655039375069       3.0340878473117279      0.97467232280362393     0.053289552830189581     0.070386990529251944      0.99826962027355548       2.3357589207232543       9.9858002211271266   2.0782012882376606e-09     0.070386990529251944       493.15901839242878       5.7934714303969193       5.7934714303969193       3024.1683500554423                                                 2519.4085093991312                                              11.600822263882618        21.748758929113251               390.63381717636696                          71.308414295185386                      9.4680279917631847
                       3       1518.6884121060407     0.022785414016978041      0.11717628223227496       68.576655039375069       3.0340878473117279      0.97467232280362393     0.053289552830189581     0.070386990529251944      0.99840180766540609       1.7734670793990448       9.9910167554263261   2.0782012882376606e-09     0.070386990529251944       493.11648607873946       5.7934714303969193       5.7934714303969193       3025.7898813512875                                                  2521.072573008666                                              11.600822263882618        21.733918962544237               390.64572077846253                          71.210765001481107                      9.5260813362515737
                       1       1518.4929691617656     0.022827835918806615      0.11699195966461322       68.746519838505435        3.031928928680661       0.9763862290926939     0.052872103791723475     0.064349960075696211      0.99781739613760034        1.750596295209182        9.983774188653646   2.0737194604489244e-09     0.064349960075696211       493.59489482486867       5.7934714303969193       5.7934714303969193       3025.3989954627373                                                 2520.9445605187448                                              10.859540119124071        21.492153084799838               390.83457359990882                          71.514130540708535                      9.7540375994514541
                       6        1515.624157378528     0.022728873400525044      0.11689439906366605       68.709383494035933       3.0402081970288521       0.9762322138522711     0.055020559772130218     0.055556639790657322       1.0001847801132608       1.7525978880874937       9.9970217322384123   2.0909596097732546e-09     0.055556639790657322       491.64523454829595       5.7934714303969193       5.7934714303969193       3019.6613718962622                                                 2517.2391482887183                                              10.776989059248061        21.507351392911119                390.3502255124468                          70.871975735266076                      8.9156819076719476
                       4       1515.7192885089919     0.022728873400525044      0.11689439906366605       68.709383494035933       3.0402081970288521       0.9762322138522711     0.055020559772130218     0.055556639790657322       1.0010479307121087       1.7525978880874937       9.9970217322384123   2.0909596097732546e-09     0.055556639790657322       491.83549680922363       5.7934714303969193       5.7934714303969193       3019.8516341571899                                                 2517.2391482887183                                              10.776989059248061        21.416927105642401               390.39991168864179                          70.795867691118545                      9.2227903238209024
                       7       1516.2423271575158     0.022751527737370703       0.1169553043490234       68.727014508515722       3.0386090592226256      0.97671818598443783     0.054624583361750252     0.057755558420302527       1.0005256544651064       1.7489255225262097       9.9931597170567183   2.0876185493299988e-09     0.057755558420302527       492.14504625670816       5.7934714303969193       5.7934714303969193       3020.8977114542377                                                 2517.9923931721974                                              10.760272025331785        21.353770611638879               390.46563261581866                          70.926822538080586                      9.3988204911700279
                       1       1517.7746251036829     0.022751527737370703       0.1169553043490234       68.727014508515722       3.0386090592226256      0.97671818598443783     0.054624583361750252     0.057755558420302527       1.0001135952328879       2.7397786983717962       9.6228936126339342   2.0876185493299988e-09     0.057755558420302527       491.88279866947914       5.7934714303969193       5.7934714303969193       3023.9623073465718                                                  2521.319236651761                                              10.760272025331785        21.395698445590426               390.46158401555425                          70.794254400732868                      9.2312618076015749
                       3       1518.3797431602341     0.022751527737370703       0.1169553043490234       68.727014508515722       3.0386090592226256      0.97671818598443783     0.054624583361750252     0.057755558420302527       1.0012091400253642       2.7397786983717962       9.6228936126339342   2.0876185493299988e-09     0.057755558420302527       493.09303478258136       5.7934714303969193       5.7934714303969193       3025.1725434596742                                                  2521.319236651761                                              10.760272025331785        21.285429644072281               390.45482888760881                          71.646593523621348                       9.706182727278911
                       7       1518.2895533148571     0.022744520184645609      0.11694211635265093       68.732595962730201       3.0388282396442006      0.97666921979932075     0.054741305594129631      0.05672859374139589       1.0012416588932727       2.7388908868923427       9.6243662414134885   2.0880761645920497e-09      0.05672859374139589       492.98672910176163       5.7934714303969193       5.7934714303969193       3024.9921637689204                                                 2521.2786701406062                                              10.726764526552302        21.291164619744222               390.43884157557989                          71.578531385235976                      9.6781915212015583
                       1       1517.4694853610401     0.022723108703120821      0.11687572972990011       68.728749790923374       3.0343072026305253      0.97856780017509981     0.053236444121003826     0.049299949425462494       1.0004845103859852        2.703783382267686       9.6445669440603705   2.0786572027455757e-09     0.049299949425462494       493.93084093380025       5.7934714303969193       5.7934714303969193       3023.3520278612864                                                 2518.6799965451769                                              10.741190382309476         21.00822449484906                390.8727880791767                          72.306459696585748                      9.7433686631887078
                       1       1517.5375178963022     0.022661454990049779      0.11677300413051497       68.686063660043047       3.0339143185663904      0.97832071731940418     0.052969351760015854     0.054054066404249534       1.0008249449251829        2.691221209317149       9.6537949519529569   2.0778406918633773e-09     0.054054066404249534       493.74889497532132       5.7934714303969193       5.7934714303969193       3023.4880929318106                                                 2519.0599035759487                                              10.679294380540169        21.004383269580217               390.92546032283497                          71.733861479237547                      10.085189903668606
                       1       1518.1174578606701     0.022661454990049779      0.11677300413051497       68.686063660043047       3.0339143185663904      0.97832071731940418     0.052969351760015854     0.054054066404249534       1.0006891844500547       2.4972645239376776       9.2900165579621046   2.0778406918633773e-09     0.054054066404249534       493.53027777822228       5.7934714303969193       5.7934714303969193       3024.6479728605464                                                 2520.4384007017834                                              10.679294380540169        21.016583591857227               390.94400740472543                          71.556624782652335                      10.013061998987283
                       4       1518.5327673742336     0.022459999674080612      0.11720832283029457       68.329922168502691       3.0388376073390306      0.97474077974772955     0.055147317651989616     0.041342937068899431       1.0010834266313213       2.5282213821616577       9.3507204754577362   2.0880957251439602e-09     0.041342937068899431       491.84384886426966       5.7934714303969193       5.7934714303969193       3025.4785918876732                                                 2521.5138422449008                                              12.120900778502694        21.451452936343685               390.35624363265487                          71.195325506910606                       8.840826788360495
                       2        1518.246821691248     0.022453703884987655      0.11668797287039069       68.448708600259252       3.0383024364293783      0.97528990323290832     0.054885185008136231     0.047772483579593496       1.0016053206776472       2.5116287841677125       9.3408806352085012   2.0869785360255161e-09     0.047772483579593496       492.03333406681372       5.7934714303969193       5.7934714303969193       3024.9067005217021                                                  2521.785353239778                                               11.08801321510996        21.365283768939037               390.37106928303535                          70.902543716789324                      9.3944372980499526
                       3       1517.6213757479757      0.02261955606401839      0.11721504864152286       68.574109530290443       3.0355757564104962      0.97652628937347141     0.051654608596819335      0.02196455032938243       1.0024887531852682       2.4793306329216995       9.3156960150894133   2.0812957644222386e-09      0.02196455032938243       493.72135471396376       5.7934714303969193       5.7934714303969193       3023.6558086351574                                                 2518.4710308204453                                              11.463423100748729        21.209704023328868               391.29305020253173                           72.56014045154113                      8.6584600365620066
                       2       1516.9925951384798      0.02261955606401839      0.11721504864152286       68.574109530290443       3.0355757564104962      0.97652628937347141     0.051654608596819335      0.02196455032938243       1.0025936194838441       2.3254697990484958       9.4555993798772455   2.0812957644222386e-09      0.02196455032938243       493.88081311447365       5.7934714303969193       5.7934714303969193       3022.3982474161658                                                 2517.0540112009439                                              11.463423100748729        21.199593922124848               391.29298639433017                          72.702656430992505                      8.6855763670261297
                       4       1516.4970347155875      0.02261955606401839      0.11721504864152286       68.574109530290443       3.0355757564104962      0.97652628937347141     0.051654608596819335      0.02196455032938243        1.001425826533894       2.3254697990484958       9.4555993798772455   2.0812957644222386e-09      0.02196455032938243       492.88969226868909       5.7934714303969193       5.7934714303969193        3021.407126570381                                                 2517.0540112009439                                              11.463423100748729        21.313929923978492               391.20209903578115                          71.941037945985727                      8.4326253629437122
                       1       1517.0100743164912      0.02259721437812966      0.11763158789021345       68.588348897998401       3.0368272250965709      0.97402067522553382     0.050940354168883956    0.0014768033510619283       1.0025910648295984       2.3113699609694547       9.4598809123455201   2.0839020714135054e-09    0.0014768033510619283       492.46292156512641       5.7934714303969193       5.7934714303969193       3022.4332057721886                                                  2518.375689071509                                              11.594595135552771         21.65584384241032               391.40162343964028                          71.111478316272297                      8.2939759668034903
                       3       1516.8081661484612      0.02259721437812966      0.11763158789021345       68.588348897998401       3.0368272250965709      0.97402067522553382     0.050940354168883956    0.0014768033510619283        1.002632870613094       2.2313403358010273       9.5069701459567462   2.0839020714135054e-09    0.0014768033510619283       492.47064957899977       5.7934714303969193       5.7934714303969193       3022.0293894361284                                                 2517.9641447215758                                              11.594595135552771        21.651244091499564               391.40162343964028                          71.120420032838396                      8.2973620150215375
                       2       1517.0835321229335     0.022616039559444873      0.11752793201477928       68.619150854905897       3.0358070877286707      0.97369144247658956     0.050275284711829273    0.0015037639258077462       1.0028379043056002       2.2269290263120403       9.5009943527089575   2.0817772890086451e-09    0.0015037639258077462       492.94080635779244       5.7934714303969193       5.7934714303969193       3022.5801213850732                                                 2518.1723430116463                                               11.46697201563464         21.69380363270011               391.70863893994778                          71.216243776775386                       8.322120008369156
                       3       1517.1678846915206     0.022616039559444873      0.11752793201477928       68.619150854905897       3.0358070877286707      0.97369144247658956     0.050275284711829273    0.0015037639258077462       1.0022074425418017       2.2269290263120403       9.5009943527089575   2.0817772890086451e-09    0.0015037639258077462       493.10951149496634       5.7934714303969193       5.7934714303969193       3022.7488265222473                                                 2518.1723430116463                                               11.46697201563464        21.764442248259115               391.67398320118497                          71.403452689441224                      8.2676333560810615
                       2       1517.8170556340378     0.022558444982932656      0.11747682569257972       68.513459428700102       3.0332559249027771      0.97405273478564336     0.049118957263307082    0.0066021987629017696       1.0022027704614391       2.2084673745136953       9.5175034191753376   2.0764731049725298e-09    0.0066021987629017696       493.88481319462915       5.7934714303969193       5.7934714303969193       3024.0471684072818                                                  2518.329484153136                                               11.83287105951703        21.650104191435275               392.30686289583741                          71.627382774986955                      8.3004633323695138
                       1       1518.6310218950891     0.022568297913713568      0.11709401222870595       68.659659222274072       3.0308708067955501      0.97263147080330647     0.047843722523367264     0.010051091484940402       1.0027505408508912         2.18844224325818       9.5005077428248264   2.0715263729857824e-09     0.010051091484940402       494.69218673145258       5.7934714303969193       5.7934714303969193       3025.6751009293844                                                 2520.0537614425052                                              10.929152755425902        21.845664989574573               393.02167971096191                          71.253007350672533                      8.5718346802435708
                       5       1518.8269809075216     0.022563774669301623      0.11685885923146529       68.573352272013821       3.0300610387858158      0.97397682656949047     0.050296383241776391     0.051117769858168141       1.0000868749476095       2.2368237171358776       9.4928793455792384   2.0698495961893474e-09     0.051117769858168141       493.16965776661016       5.7934714303969193       5.7934714303969193       3026.0670189542493                                                 2522.0297530229145                                              10.867608164724398        21.682056110440726               391.65587166283359                          70.234397138155884                      9.5973328551799675
                       1       1518.8273360527771     0.022563774669301623      0.11685885923146529       68.573352272013821       3.0300610387858158      0.97397682656949047     0.050296383241776391     0.051117769858168141       1.0000866628515872       2.2373760886269616       9.4927084409994045   2.0698495961893474e-09     0.051117769858168141       493.16983595268459       5.7934714303969193       5.7934714303969193       3026.0677292447604                                                 2522.0302851273509                                              10.867608164724398        21.682079634076558               391.65587166283359                          70.234649308734333                      9.5972353470401135
                       7       1517.4339345131407     0.022563774669301623      0.11685885923146529       68.573352272013821       3.0300610387858158      0.97397682656949047     0.050296383241776391     0.051117769858168141       1.0002042781498959       2.4793294340471466       9.8422096225524989   2.0698495961893474e-09     0.051117769858168141       493.13439569410087       5.7934714303969193       5.7934714303969193       3023.2809261654875                                                 2519.2789223066625                                              10.867608164724398        21.669054409476814               391.70936225410384                          70.104128104979807                      9.6518509255404172
                       2       1517.3586198904745     0.022536549792701369      0.11691561656319546       68.519104004928209       3.0313318951836661      0.97357149222016059     0.050722622693719507     0.051748159046537831       1.0004306113880332       2.4855831433378959       9.8478963657289853   2.0724817499817354e-09     0.051748159046537831       492.65538364966915       5.7934714303969193       5.7934714303969193       3023.1302969201552                                                  2519.442188613566                                              11.032724656920117        21.726873651920755               391.44581858513601                          69.982030539679684                      9.5006608729327358
                       1       1517.1484741889865     0.022623896226165702      0.11748727753826363       68.469847248060887       3.0295623610869038      0.97397968903224375     0.048699229628446888     0.027841275751040784        1.000677256959944        2.475823336475091       9.8505791762877859   2.0688176656773779e-09     0.027841275751040784       494.21952509357175       5.7934714303969193       5.7934714303969193       3022.7100055171791                                                 2516.2634847835884                                              12.226995640018478        21.676583438820217               392.51438768499742                          71.445642828459256                      8.5829111412948649
                       4       1516.8835954281956     0.022628422377233601      0.11684108390493711       68.684925166932743       3.0230138356519869      0.98116443856369251     0.051829741487692621    0.0078898987360312006      0.99458928665772295       2.4673005265115675       9.9050665425266438    2.055314222649401e-09    0.0078898987360312006       496.17560845495348       5.7934714303969193       5.7934714303969193       3022.1802479955973                                                 2514.9676464924055                                               11.03699304823826        20.796444531739553               391.47504959838716                          75.168770811656643                      8.7353435131700969
                       1       1516.8231108653347     0.022618684361767716       0.1168128379294066       68.694123016849133       3.0232441050808627      0.98143658892152763       0.0520728379319065    0.0061528043739832198      0.99451031102945253       2.4653078221006894       9.9086779783705445   2.0557875531762942e-09    0.0061528043739832198        496.1852055402764       5.7934714303969193       5.7934714303969193       3022.0592788698755                                                 2514.8934309877168                                              10.980642341882119        20.767477837913475                391.3486068507699                           75.34581802177081                      8.7233028298222166
                       2       1521.9546511446472     0.022618684361767716       0.1168128379294066       68.694123016849133       3.0232441050808627      0.98143658892152763       0.0520728379319065    0.0061528043739832198       0.9940163796570618       3.0749213878547854        9.196247828775034   2.0557875531762942e-09    0.0061528043739832198       496.72390874181292       5.7934714303969193       5.7934714303969193       3032.3223594285005                                                 2524.6178083448058                                              10.980642341882119        20.807662130933011               391.33089455683802                          75.988816603424439                      8.5965354506174929
                       3       1521.9424921288005     0.022619083813839695      0.11681374961382063       68.695471660440617       3.0232410645900725      0.98143160602587953       0.0520709435304407    0.0060085862164435669      0.99401588273039021       3.0748300941609439       9.1961748471288143   2.0557813025826743e-09    0.0060085862164435669       496.70629820452069       5.7934714303969193       5.7934714303969193       3032.2980413968071                                                 2524.6140297526313                                              10.977713439655375        20.808580823837872               391.31714812861054                          75.985161259492088                       8.595407992580208
                       3       1523.5130406412443     0.022785141807544027      0.11622448013048543       68.875104790684119       3.0182109926550917      0.98554509609907304     0.050915878003171343     0.021988098967256516      0.99256723703303007       3.0725887164843497       9.1622493654046107   2.0454665384991088e-09     0.021988098967256516       500.64877319420214       5.7934714303969193       5.7934714303969193       3035.4391384216947                                                 2524.0458352927785                                              10.744529934713874        20.456456466561974               392.16555319846282                          78.868977537362539                      9.1577859918148032
                       2       1523.6007579030713     0.022608258066522707      0.11601465138969377        68.79971682244846       3.0195208010333396      0.98813003973731151     0.053044436849761276     0.029527279849854454      0.99172216607499986       3.0508629215888377       9.2039862965457715   2.0481474630741134e-09     0.029527279849854454       501.95539504259813       5.7934714303969193       5.7934714303969193       3035.6145729453488                                                  2523.098312288088                                              10.560865614662884        20.237460901193288               391.36982289333821                          80.907465444476173                      9.4406458035904812
                       7       1524.6405360691551     0.022608258066522707      0.11601465138969377        68.79971682244846       3.0195208010333396      0.98813003973731151     0.053044436849761276     0.029527279849854454      0.99162433954787954       3.1187681922815744       9.0383379677712252   2.0481474630741134e-09     0.029527279849854454       502.11403707973221       5.7934714303969193       5.7934714303969193       3037.6941292775164                                                  2525.019226583122                                              10.560865614662884        20.242635182751826               391.36679786536541                          81.106663404571151                      9.3979406270438322
                       5       1524.4903326643703      0.02256971030921914      0.11554099666225243         68.8201477792649       3.0252860401500499      0.98603774725328741     0.054812431516214809       0.0409085985804011      0.99337955477348583        3.146028876583062        9.024133765608692   2.0599896265964184e-09       0.0409085985804011       500.66309609393971       5.7934714303969193       5.7934714303969193       3037.3937224679466                                                 2526.1404957402056                                              10.590130633801262        20.395019554084286               390.77316024851547                          79.842357332316027                      9.6525589590239154
                       2       1523.4095382008295     0.022466042610701859      0.11606340252481666        68.92744674201839       3.0292575487927831      0.98232321550534452     0.055729037483012812     0.008162709060481381      0.99461180521703629       3.1218264408181686       9.0407859455200867   2.0681871607162985e-09     0.008162709060481381       496.29170904727744       5.7934714303969193       5.7934714303969193       3035.2321335408651                                                 2528.1965546274482                                              10.743869866139539        20.720105777387857               390.41587591370069                           76.23498474441115                      8.9207426117777455
                       1       1522.9915969512595     0.022466042610701859      0.11606340252481666        68.92744674201839       3.0292575487927831      0.98232321550534452     0.055729037483012812     0.008162709060481381      0.99616613455167957       3.1218264408181686       9.0407859455200867   2.0681871607162985e-09     0.008162709060481381       495.45582654813762       5.7934714303969193       5.7934714303969193        3034.396251041725                                                 2528.1965546274482                                              10.743869866139539        20.600584442459876               390.45658597882868                          74.861436614888589                      9.5372195119604921
                       1        1523.007246394918     0.022465658326058714      0.11605850398216641       68.928200794996712       3.0292559163553494      0.98234180472724031     0.055750170515844626    0.0083392854411892155      0.99614989140499488       3.1219146757219138       9.0408177160881156    2.068183784532913e-09    0.0083392854411892155       495.45419677501025       5.7934714303969193       5.7934714303969193        3034.427549929042                                                 2528.2253950974073                                              10.747958056624798        20.598926107220677               390.43909178722316                          74.871683179342213                      9.5444957012242178
                       1       1523.0164113308479     0.022465658326058714      0.11605850398216641       68.928200794996712       3.0292559163553494      0.98234180472724031     0.055750170515844626    0.0083392854411892155      0.99618162671161536       3.1219146757219138       9.0408177160881156    2.068183784532913e-09    0.0083392854411892155       495.47252664687011       5.7934714303969193       5.7934714303969193       3034.4458798009018                                                 2528.2253950974073                                              10.747958056624798        20.596569649188609               390.43909178722316                          74.877723743133785                      9.5591414673245598
                      11       1522.7803085552703     0.022465658326058714      0.11605850398216641       68.928200794996712       3.0292559163553494      0.98234180472724031     0.055750170515844626    0.0083392854411892155      0.99619368706110834       3.0849423592278775       9.0479511987250039    2.068183784532913e-09    0.0083392854411892155       495.47987114962672       5.7934714303969193       5.7934714303969193       3033.9736742497466                                                 2527.7458450434951                                              10.747958056624798        20.595674949265572               390.43909178722316                          74.880376050780768                      9.5647283623572257
                       1       1520.1954899028929     0.022465658326058714      0.11605850398216641       68.928200794996712       3.0292559163553494      0.98234180472724031     0.055750170515844626    0.0083392854411892155      0.99643960362761141       2.4165704794825849       9.2331361393293143    2.068183784532913e-09    0.0083392854411892155       495.71310282965396       5.7934714303969193       5.7934714303969193       3028.8040369449918                                                 2522.3429760587137                                              10.747958056624798          20.5775292639334               390.47713117761185                          74.977265555101667                      9.6811768330070578
                       5        1519.799902919407     0.022380275308658205      0.11722420746722334       68.405421682680227       3.0467415634213433      0.98344013461851554     0.060940067200066589     0.018118436336621378      0.99892031555481242       2.5026554563229655       9.2516935443399646    2.104665338537406e-09     0.018118436336621378       498.48944018269339       5.7934714303969193       5.7934714303969193       3028.0128629780202                                                 2518.0530812336201                                              11.470341561705821         20.51525290991674               390.64073407236424                          78.962182277696044                      8.3712709227163682
                       2       1519.5661575364993     0.022380275308658205      0.11722420746722334       68.405421682680227       3.0467415634213433      0.98344013461851554     0.060940067200066589     0.018118436336621378      0.99777095561930462       2.5026554563229655       9.2516935443399646    2.104665338537406e-09     0.018118436336621378       498.02194941687873       5.7934714303969193       5.7934714303969193       3027.5453722122047                                                 2518.0530812336201                                              11.470341561705821        20.599122623032656               390.67778907039349                          78.326491003426113                      8.4185467200265069
                      21       1518.6562558753383     0.022576147079838727      0.11770069006479379       68.475622769258564       3.0381248764505013      0.98401025638920969     0.058044216837899773     0.014625185627152541      0.99534026819506027       2.5044423446565385       9.2260670164585168   2.0866080050574516e-09     0.014625185627152541       496.82705156816991       5.7934714303969193       5.7934714303969193       3025.7255688898827                                                 2516.7385082240662                                              12.160009097646771        20.575028344714951               390.37278591071788                           77.46078034443255                      8.4184569683045005
                       3       1519.0036803301723     0.022806297982908827      0.11685985999525135       68.382614571581996       3.0471583340552946      0.98322782111578189     0.060936122804376082     0.078788066716913158      0.99693315297503915       2.6429821705844012       9.1353867839684959   2.1055426840580287e-09     0.078788066716913158       494.75867298372123       5.7934714303969193       5.7934714303969193       3026.4204177995507                                                 2518.5214117619071                                              13.140333053922301        20.757676247896143               390.55534085780596                           75.04605358904017                      8.3996022889789561
                       2       1519.2008108200221     0.022806297982908827      0.11685985999525135       68.382614571581996       3.0471583340552946      0.98322782111578189     0.060936122804376082     0.078788066716913158      0.99705855579255098       2.8479434142742992       9.4833991298207465   2.1055426840580287e-09     0.078788066716913158       494.65666222799325       5.7934714303969193       5.7934714303969193       3026.8146787792502                                                 2519.0176834973345                                              13.140333053922301        20.747598619382359               390.55534085780596                          74.935782792827325                      8.4179399579776266
                       1       1517.1488547483405     0.022806297982908827      0.11685985999525135       68.382614571581996       3.0471583340552946      0.98322782111578189     0.060936122804376082     0.078788066716913158      0.99720122254557098       2.4556714257595149       9.5887324690920011   2.1055426840580287e-09     0.078788066716913158       494.56218147579676       5.7934714303969193       5.7934714303969193        3022.710766635887                                                 2515.0082521061681                                              13.140333053922301        20.736198184775446               390.54938125168019                          74.836246657600157                      8.4403553817409485
                       3       1516.7877135825693     0.022727941674420989      0.11657446309822889       68.381721419441675        3.047399776204502      0.98209034444453513     0.061748237110225215     0.080267096058726381      0.99704369328454523       2.4557481528966179       9.6034643091512581   2.1060511121844355e-09     0.080267096058726381       494.10146819144376       5.7934714303969193       5.7934714303969193       3021.9884843043446                                                  2515.395242462484                                              12.491773650417036        20.840557298817828               390.72398657973099                          73.959451796661668                      8.5774725162332643
                       3        1516.739744894157     0.022727941674420989      0.11657446309822889       68.381721419441675        3.047399776204502      0.98209034444453513     0.061748237110225215     0.080267096058726381      0.99704945264520728       2.4436256083858088        9.609441733516416   2.1060511121844355e-09     0.080267096058726381       494.09734214267519       5.7934714303969193       5.7934714303969193         3021.89254692752                                                 2515.3034311344277                                              12.491773650417036        20.840072946340854               390.72398657973099                          73.954506067029556                      8.5787765495737762
                       1       1517.0038900097675     0.022739053134268133      0.11614442900630914       68.431462104204243       3.0458870896223607      0.98418746990410189      0.06223565787347915     0.093478142480968723      0.99609148618457899       2.4443336058568215       9.6064824527246824   2.1028677252660931e-09     0.093478142480968723       495.18873407070413       5.7934714303969193       5.7934714303969193       3022.4208371587411                                                 2515.4011542746821                                              11.830948813355082        20.624645538954098               390.77976716032686                          74.701743731989055                       9.082577639434156
                       2       1517.7561770884811      0.02265316998918003       0.1161167973637392       68.272525205068462       3.0466838669993526      0.98534159733916815     0.061996206522369132     0.095495096332048696      0.99683294405421319       2.4302431678773888       9.6309719801911804   2.1045439103809035e-09     0.095495096332048696       496.62349845276202       5.7934714303969193       5.7934714303969193       3023.9254113161683                                                 2514.7092790697279                                               12.59263379367826        20.486278105450765               390.79016846861197                           76.43577887407092                      8.9112730046283701
                       2       1517.8046137170397     0.022661074384498176      0.11612123281426698       68.271676860394976       3.0468424408880637      0.98543108384972677     0.062078902973895254     0.096155033582416255      0.99679674251262262       2.4332669686754902       9.6293451220388704   2.1048776625542264e-09     0.096155033582416255       496.64981740067782       5.7934714303969193       5.7934714303969193       3024.0222845732856                                                 2514.7299785594496                                               12.64248861315861        20.481435921968796               390.80309394567718                          76.463229519077643                      8.9020580139542425
                       6        1517.961915139548     0.022661074384498176      0.11612123281426698       68.271676860394976       3.0468424408880637      0.98543108384972677     0.062078902973895254     0.096155033582416255      0.99652958327764496       2.4332669686754902       9.6293451220388704   2.1048776625542264e-09     0.096155033582416255       496.96442024569347       5.7934714303969193       5.7934714303969193        3024.336887418302                                                 2514.7299785594496                                               12.64248861315861        20.499757484076611               390.80076866059665                          76.845362623185224                      8.8185314778350055
                       2       1518.1135487102829     0.022650582446916454      0.11611174791286621       68.238882078536676       3.0473707525343814      0.98537452491905309     0.062281268506586315      0.10037392338156799      0.99661791181194359       2.4381209591438249        9.629608423433984   2.1059899877387308e-09      0.10037392338156799       496.98105543246243       5.7934714303969193       5.7934714303969193       3024.6401545597719                                                 2514.8539475439779                                               12.80515158333109        20.502218318683219               390.83810740413571                          76.767338045429824                       8.873391664213651
                       2       1517.5099512584986     0.022621455443496596      0.11599872431546537       68.371807386727085       3.0482617663102927      0.98347120975253655     0.063226393694141458     0.090636148250244866      0.99650028692058989       2.4366494290131069       9.6304685642491474   2.1078672900566505e-09     0.090636148250244866       495.86367097582269       5.7934714303969193       5.7934714303969193       3023.4329596562034                                                 2515.9160935283589                                              11.653195152021862        20.695777300986379               391.07449803762978                          75.199339263772316                      8.8940563734342302
                       1       1517.5296234002869     0.022621455443496596      0.11599872431546537       68.371807386727085       3.0482617663102927      0.98347120975253655     0.063226393694141458     0.090636148250244866      0.99673908693737812       1.7286724985873163       9.7829072076496892   2.1078672900566505e-09     0.090636148250244866       495.57146069020718       5.7934714303969193       5.7934714303969193         3023.47230393978                                                 2516.2476480975506                                              11.653195152021862        20.677108864490947               391.07449803762978                          74.846384959906985                      8.9734688281794739
                       5        1517.794216938825     0.022621455443496596      0.11599872431546537       68.371807386727085       3.0482617663102927      0.98347120975253655     0.063226393694141458     0.090636148250244866      0.99672273875189998       1.7096367802229577       9.7411085577652781   2.1078672900566505e-09     0.090636148250244866       495.58883764995102       5.7934714303969193       5.7934714303969193       3024.0014910168561                                                 2516.7594582148831                                              11.653195152021862        20.678380574247512               391.07449803762978                          74.868073560865255                      8.9678854772084797
                       1       1518.2675743173063     0.022593087721794091      0.11612803420756508       68.210777946529021       3.0473821184550656      0.98423517885500178     0.062583533102061203      0.10412306777604587      0.99676691906033699       1.7094399056093739       9.7475547320709328   2.1060139243899235e-09      0.10412306777604587       496.10451717689915       5.7934714303969193       5.7934714303969193       3024.9482057738187                                                  2516.213814924045                                              12.629873672874309        20.576579702756931               390.93951056573536                          75.419037598190442                      9.1693893102164612
                       1       1518.4058744085489     0.022645261888074548      0.11593075221660838       68.356158760022709       3.0408292560175831      0.98790925628084902     0.061208616327369368     0.094233086434779262      0.99478184849975937       1.6708722561817573       9.7566733342506282   2.0922586223739497e-09     0.094233086434779262       498.70839046456558       5.7934714303969193       5.7934714303969193        3025.224805956304                                                 2514.6920403843474                                              11.824375107390889        20.274010098859549               390.66989983377954                          78.373492238347822                      9.3909882935787046
                       2       1518.3681690588944     0.022688010932125722      0.11598848598281709       68.398760517307522       3.0402271395132887      0.98774375501391432     0.061530283243882065     0.094663704976758245      0.99402342657292198       1.6832849519038431       9.7486718560282384   2.0909992181182594e-09     0.094663704976758245       498.06880624707492       5.7934714303969193       5.7934714303969193       3025.1493952569949                                                 2515.3331796794014                                              11.747409330518572        20.300054550623543               390.65967017194214                          77.657027757420536                       9.452053767088735
                       4       1518.3297694540986     0.022688010932125722      0.11598848598281709       68.398760517307522       3.0402271395132887      0.98774375501391432     0.061530283243882065     0.094663704976758245      0.99505808956009867       1.6832849519038431       9.7486718560282384   2.0909992181182594e-09     0.094663704976758245       497.99200703748318       5.7934714303969193       5.7934714303969193       3025.0725960474033                                                 2515.3331796794014                                              11.747409330518572        20.241726539517288               390.67788977544302                           77.12152433237334                       9.950866390149514
                       3       1519.9557395386546     0.022908503280138333      0.11675251788295933       68.326342930176267       3.0560377199284545       0.9857864251667694     0.065604189127608889     0.083333606816363162       0.9975612929739397       1.8036758040198362       9.6948128727844161    2.124321860414319e-09     0.083333606816363162       498.00072861697618       5.7934714303969193       5.7934714303969193       3028.3245362165153                                                 2515.8836001064351                                              14.440207493103996        20.509395596621857               391.72284181966535                          77.496549229548819                      8.2719419711401603
                       6       1519.6535400333094      0.02299247475850166      0.11743822759465589        68.64106114288046       3.0553945990194009      0.97942477395488803     0.064414183234706629     0.036016432495887908      0.99808046439492215        1.790243217457175       9.6729933618562338   2.1229561038287087e-09     0.036016432495887908       498.17357916331338       5.7934714303969193       5.7934714303969193       3027.7201372058248                                                 2516.6406299300393                                              12.905928112472006        21.288587360488634               391.38591074078266                          77.136695326018327                      8.3623857360237963
                      10       1519.1852989449701     0.022973659955643686      0.11749338976123973       68.703571018904398       3.0547140674203543      0.97880043576132525     0.063871214701610821     0.028081080941862187      0.99837577551340295       1.7706359973820469       9.6747587261130654   2.1215118566003411e-09     0.028081080941862187       497.66308765937168       5.7934714303969193       5.7934714303969193       3026.7836550291463                                                 2516.7383901630533                                              12.382177206721355        21.357183341153757               391.25818105912435                          76.682364782961926                      8.3653584761316129
                       2       1519.9208923193526     0.022973659955643686      0.11749338976123973       68.703571018904398       3.0547140674203543      0.97880043576132525     0.063871214701610821     0.028081080941862187      0.99605787371858756       1.7706359973820469       9.6747587261130654   2.1215118566003411e-09     0.028081080941862187       499.13427440813672       5.7934714303969193       5.7934714303969193       3028.2548417779112                                                 2516.7383901630533                                              12.382177206721355        21.602934283460513               391.23723467882843                           77.36903088423999                      8.9250745616077953
                       1       1520.3902002874329     0.023048923205012246       0.1164818352701779       69.208254610851085       3.0538312676465202      0.98475868922936682     0.067118992048199821     0.028248581733946336      0.99316914920363919       1.7541633440305802       9.6580810367908203   2.1196398128546252e-09     0.028248581733946336        499.0492866535493       5.7934714303969193       5.7934714303969193       3029.1934577140719                                                 2519.4623958288803                                              10.681775231642144        20.900577826089204               392.19371502175926                          77.612334002326676                      8.3426598033741577
                       1       1519.5624278979528      0.02287122999588238      0.11652070324889072       69.105870092183707       3.0595566797169296      0.98409713794679698     0.068353912992531962     0.039408931703495319      0.99537415780692817       1.7336611855360329        9.672216844132473    2.131810431882201e-09     0.039408931703495319       496.60252521896052       5.7934714303969193       5.7934714303969193       3027.5379129351118                                                 2520.3775184104247                                              10.557869305726586        20.925764624269618               392.77940176841855                          74.560397071887408                      8.3369617543849444
                       5       1518.5598009500748      0.02287122999588238      0.11652070324889072       69.105870092183707       3.0595566797169296      0.98409713794679698     0.068353912992531962     0.039408931703495319       0.9953858169741594       1.7954646907977083       9.9076387629895617    2.131810431882201e-09     0.039408931703495319       496.57933542881796       5.7934714303969193       5.7934714303969193       3025.5326590393556                                                 2518.3954543048112                                              10.557869305726586        20.924730757538271               392.77940176841855                          74.539622106127538                      8.3355807967336197
                       6       1515.6124209295431     0.022858347635049282      0.11698529935334578       68.929458380457561       3.0358988145131938      0.98417836904613687      0.05692584143364475     0.029901057704827205      0.99421446614969866       1.9926337671011161       9.8575939573574338   2.0819682525035588e-09     0.029901057704827205       495.66256165341821       5.7934714303969193       5.7934714303969193       3019.6378989982923                                                 2513.3544829762523                                               10.62085436862192        20.731859845389067               390.37548379913483                          76.216457942328177                      8.3387600665661239
                       8       1516.3177090404638     0.022858347635049282      0.11698529935334578       68.929458380457561       3.0358988145131938      0.98417836904613687      0.05692584143364475     0.029901057704827205      0.99422887585334374       1.7901443274454829       9.7667358406906448   2.0819682525035588e-09     0.029901057704827205       495.63601270736069       5.7934714303969193       5.7934714303969193       3021.0484752201337                                                 2514.7916081441508                                               10.62085436862192        20.730722263900304               390.37548379913483                            76.1898100647186                      8.3399965796069697
                       2       1517.6837297818679     0.022753959288681288      0.11725388020207297       68.758150789427049        3.029657180172566       0.9792840999698933     0.051138431192235684     0.044842937384776779      0.99712543012934274       1.8357536531838599       9.8007986450775597     2.06901383837715e-09     0.044842937384776779       494.56805083055167       5.7934714303969193       5.7934714303969193       3023.7805167029419                                                 2518.4298121120864                                              10.782653760303498        21.161414518310266               391.57921801369918                          73.000928132898366                      8.8264901656438397
                      11        1518.205042399926     0.022753959288681288      0.11725388020207297       68.758150789427049        3.029657180172566       0.9792840999698933     0.051138431192235684     0.044842937384776779      0.99717344791895912       1.5271086399757468        9.999296361534407     2.06901383837715e-09     0.044842937384776779       494.50186685691767       5.7934714303969193       5.7934714303969193       3024.8231419390581                                                 2519.5386213218367                                              10.782653760303498        21.156895150055959               391.58543154783217                          72.919061813577031                      8.8404783454525333
                       8       1517.8651710149595     0.022753959288681288      0.11725388020207297       68.758150789427049        3.029657180172566       0.9792840999698933     0.051138431192235684     0.044842937384776779      0.99835558159942051       1.5271086399757468        9.999296361534407     2.06901383837715e-09     0.044842937384776779       493.82212408698496       5.7934714303969193       5.7934714303969193       3024.1433991691251                                                 2519.5386213218367                                              10.782653760303498        21.047868936843429               391.64111222488333                          71.889978892259222                      9.2431640329989833
                       8       1517.9687071274311     0.022835878216916447       0.1173605922573792       68.875929981943983       3.0282981019606683       0.9794869278303947     0.050791431028001661     0.032629924475821755      0.99773482582626949       1.5386777322718543       9.9951049620279022   2.0662037967150298e-09     0.032629924475821755       494.61043229951855       5.7934714303969193       5.7934714303969193       3024.3504713940683                                                 2519.0471566830183                                              10.692882411530972        21.059054373019876               391.83470636638719                          72.701280053977769                      9.0153915061337138
                       3       1517.0174839348526     0.022835878216916447       0.1173605922573792       68.875929981943983       3.0282981019606683       0.9794869278303947     0.050791431028001661     0.032629924475821755      0.99770756949435413       1.7782740627892739       9.9706051992207883   2.0662037967150298e-09     0.032629924475821755       494.60275090654613       5.7934714303969193       5.7934714303969193       3022.4480250089114                                                 2517.1523916908341                                              10.692882411530972        21.061527107395079               391.83470636638719                          72.700336781330137                      9.0061806514337608
                       5       1517.6061700999562     0.022647638393342613      0.11707277107008028       68.477726142901474       3.0393706349107856      0.98526191499152949     0.054920292443419637     0.065447957890837044      0.99941871554110906       1.6147179603773596        9.966286843545701   2.0892090344238373e-09     0.065447957890837044       495.94387714604932       5.7934714303969193       5.7934714303969193       3023.6253973391185                                                 2516.0409707493941                                              11.640549443675045        20.439640141286247               390.68692864745344                          76.068930825306452                      8.7483775320032038
                      10       1517.1220379248132     0.022645451871174949      0.11696925076595222       68.539734264654115       3.0361254991823099      0.98530070818946502     0.053727724458236363     0.059256449531542757      0.99908607774419256       1.6535884496962128       9.9525414729809327   2.0824402562839771e-09     0.059256449531542757       496.33378279472771       5.7934714303969193       5.7934714303969193       3022.6571329888325                                                 2515.0409947809558                                              11.282355413149309        20.424500719038463                390.9664208143414                          76.086537255169972                      8.8563240061778696
                       2       1517.7774187335326     0.022645451871174949      0.11696925076595222       68.539734264654115       3.0361254991823099      0.98530070818946502     0.053727724458236363     0.059256449531542757       1.0005532008324705       1.6535884496962128       9.9525414729809327   2.0824402562839771e-09     0.059256449531542757       497.64454441216685       5.7934714303969193       5.7934714303969193       3023.9678946062713                                                 2515.0409947809558                                              11.282355413149309        20.334591551180608               390.95534872423264                          76.991002471976941                       9.363601664776656
                       1       1516.8487148439576     0.022652409547243464      0.11654246360568156       68.587306258279597       3.0368528132551784      0.98488817865379685     0.054658200959380357     0.070040920819831265       1.0003472624594034       1.6608056295306399       9.9500026865350009   2.0839553953124581e-09     0.070040920819831265       496.32603532747095       5.7934714303969193       5.7934714303969193       3022.1104868271213                                                 2514.9004499107768                                              10.884001588873629        20.373287938209899               390.71509601694606                          75.335355171893468                      9.9022962004214996
                       4       1518.1266316900856     0.022910162997333162      0.11633663127320916       69.036935695365969       3.0269866506149548      0.98518797160819283     0.049728477634661448     0.042798132338512936      0.99986195596061578       1.7216598606028246       9.9270209891268131   2.0634958470255595e-09     0.042798132338512936       499.02077202396617       5.7934714303969193       5.7934714303969193       3024.6663205193772                                                 2515.0878580822532                                              10.557690413157442        20.383970782886081               392.87352175117672                          75.592929914706872                      10.170349575196511
                       4       1519.0404388417996     0.023034149305106839      0.11656082788230333       69.440299063278616       3.0236734544007331      0.98437193368575004     0.051264795129239149    0.0079431213420818186      0.99651680643025087       1.7933697049033603       9.9043410919808945   2.0566703936739702e-09    0.0079431213420818186       498.90742197116316       5.7934714303969193       5.7934714303969193       3026.4939348228054                                                 2516.3232359107633                                              11.263276940878766         20.50473869937025               392.01288989636885                          76.355871098209604                      10.033922277214465
                       3       1518.5443828278439      0.02304746093587004      0.11639487773043987       69.440937295101307       3.0258625933716323       0.9844590792100163     0.052227135063658059     0.014858867957808884      0.99673921521638253       1.7711980091195736       9.9095752848226155   2.0611776627021708e-09     0.014858867957808884       498.34809895079542       5.7934714303969193       5.7934714303969193        3025.501822794894                                                 2515.8286193764075                                               11.32510446769102        20.508975874843145               391.59154350498108                          76.234406324829109                      10.013173246142111
                       2       1518.0925698936712      0.02304746093587004      0.11639487773043987       69.440937295101307       3.0258625933716323       0.9844590792100163     0.052227135063658059     0.014858867957808884      0.99614906710757545       1.7711980091195736       9.9095752848226155   2.0611776627021708e-09     0.014858867957808884       497.44447308245003       5.7934714303969193       5.7934714303969193       3024.5981969265486                                                 2515.8286193764075                                               11.32510446769102        20.550010815411895               391.58370919258692                          75.597973789734993                      9.7127792847162766
                       2        1516.938982933955     0.022833370471186078      0.11631760412966716        69.38230705160241       3.0297297578027456      0.98471458528692069      0.05282074699990684     0.012114929187488972      0.99831239266186811       1.7331528433048016        9.910803597209437   2.0691640079477581e-09     0.012114929187488972       495.39713016806417       5.7934714303969193       5.7934714303969193       3022.2910230071161                                                 2515.2011598506033                                              11.692732988448242        20.453168721233624               391.27969626106642                          73.942597181045812                       9.721668004718298
                       2       1520.0066528441653     0.022895194626871177      0.11588131775704261       69.568352990100294       3.0200006721431514      0.98676208220467387     0.047962698299450116    0.0049021706758417081      0.99835092107568779       1.7855611622483312       9.8709762078939178   2.0491305457278939e-09    0.0049021706758417081       500.30094629596141       5.7934714303969193       5.7934714303969193       3028.4263628275367                                                 2515.0994213475669                                              13.025995184008154        20.272629681705496               394.31164794666284                          74.867667814149073                      10.849000853443998
                       6       1520.1491933924171     0.022764219882882658       0.1163294530483804       69.373241235467844       3.0171893393868365      0.98356529143804095     0.046438965654955387    0.0070855646232870044      0.99857871341470039       1.8459647808686919       9.8856568165476784   2.0433778480653256e-09    0.0070855646232870044       499.98753757437026       5.7934714303969193       5.7934714303969193       3028.7114439240404                                                 2516.8595903019273                                              11.864316047742847        20.467257907808516               395.10521382607226                          73.216496787023502                      11.198569053465976
                       1       1518.7810774479588     0.022748412445185575      0.11680844459254999       69.097317909927241       3.0183862148635536      0.98227694271112342     0.045426214660370029    0.0052916611160301642      0.99962282443872241       1.8579291280713461       9.9119633858430944   2.0458249810659518e-09    0.0052916611160301642       500.21807065606754       5.7934714303969193       5.7934714303969193       3025.9752120351236                                                  2515.157536118089                                              10.599605260966944        20.572021452812692               395.80098579051571                           73.76307074271169                      10.081992670027432
                       9       1518.8254976222145     0.022748412445185575      0.11680844459254999       69.097317909927241       3.0183862148635536      0.98227694271112342     0.045426214660370029    0.0052916611160301642      0.99968641357784915       1.8579291280713461       9.9119633858430944   2.0458249810659518e-09    0.0052916611160301642       500.30691100457858       5.7934714303969193       5.7934714303969193        3026.064052383635                                                  2515.157536118089                                              10.599605260966944        20.567552087458466               395.80098579051571                          73.822011451198534                      10.116361675405891
                       3       1520.5231045676396     0.022748412445185575      0.11680844459254999       69.097317909927241       3.0183862148635536      0.98227694271112342     0.045426214660370029    0.0052916611160301642       1.0010581420383422       1.8579291280713461       9.9119633858430944   2.0458249810659518e-09    0.0052916611160301642       503.70212489542917       5.7934714303969193       5.7934714303969193       3029.4592662744853                                                  2515.157536118089                                              10.599605260966944         20.47430449913935               395.88910111247327                          76.403388140864863                      10.935331142951657
                       2       1521.5351083979742     0.022818997842688791      0.11667264375043035       69.125047138682277       3.0165533057961929      0.98201777009335312     0.044000935381786316     0.012726442064987634       1.0014262088393522       1.8559377513164002       9.9162061154134342   2.0420786043407043e-09     0.012726442064987634       504.98546221247642       5.7934714303969193       5.7934714303969193       3031.4832739351546                                                 2515.8694087379158                                              10.628402984762646        20.507571609474837               397.20378369215695                          75.979543860117886                      11.294563050726792
                       2       1520.1072462305669     0.023100133570650747      0.11641641543533003       69.381066485924293       3.0313556366451389      0.98283631315725106     0.052158972804672077     0.032166679325071605        1.000286152717337       1.6813068837969558       9.9558779645960307   2.0725309543114448e-09     0.032166679325071605       500.41007963068904       5.7934714303969193       5.7934714303969193         3028.62754960034                                                 2517.2315066705296                                              10.985963299121208        20.619790636096184               391.55773454860116                          77.859500480873152                      10.373053965118563
                       1       1520.1478575801007     0.023100133570650747      0.11641641543533003       69.381066485924293       3.0313556366451389      0.98283631315725106     0.052158972804672077     0.032166679325071605       1.0002108803690397       2.2372781823001997       9.7434868809802566   2.0725309543114448e-09     0.032166679325071605       500.20471177444369       5.7934714303969193       5.7934714303969193       3028.7087722994074                                                 2517.5180972258422                                              10.985963299121208        20.625313223050284               391.57549323235008                          77.674354797456587                      10.329550521586725
                       1       1518.6251156898998     0.023100133570650747      0.11641641543533003       69.381066485924293       3.0313556366451389      0.98283631315725106     0.052158972804672077     0.032166679325071605      0.99805326992451482       2.2372781823001997       9.7434868809802566   2.0725309543114448e-09     0.032166679325071605       497.15922799404234       5.7934714303969193       5.7934714303969193       3025.6632885190056                                                 2517.5180972258422                                              10.985963299121208        20.791411570948696               391.51667719757461                          75.577575243427248                      9.2735639820917672
                       5       1518.4274356158724     0.022818056062770091       0.1161912283844765       69.067529051665559       3.0391599589936962       0.9730640535913998     0.052353712551089449     0.052785054039049858       1.0031552604139125       2.2873100748117325       9.8268233321239222   2.0887689347553468e-09     0.052785054039049858       494.86844164356017       5.7934714303969193       5.7934714303969193       3025.2679283709508                                                 2519.8001215605573                                              10.599365166833184        21.961594962085996                390.9304957177194                          72.099654152068979                      9.8766968116858092
                       3       1520.5380768490268     0.022818056062770091       0.1161912283844765       69.067529051665559       3.0391599589936962       0.9730640535913998     0.052353712551089449     0.052785054039049858       1.0031356080547276       2.0695219428905993       9.2744484991207354   2.0887689347553468e-09     0.052785054039049858       494.88171396939543       5.7934714303969193       5.7934714303969193       3029.4892108372596                                                 2524.0081317010308                                              10.599365166833184        21.963923890106173                390.9304957177194                          72.120422410603993                      9.8668719509658569
                       3       1519.8693634401866     0.022920457816777411      0.11721808487400975       69.145380056642878       3.0496976314053779      0.97386832412659274     0.058427711357227942     0.020433181018399152       1.0013951799817824       1.9832199972402094       9.2998810232196281   2.1108960770679166e-09     0.020433181018399152       493.40552818894315       5.7934714303969193       5.7934714303969193       3028.1517840195793                                                   2524.26716787541                                              10.479087955226644         22.06650560962305               390.15156990153878                          72.907888195355653                      8.2795644824256449
                       1       1520.3467468267247     0.022902149802830889      0.11735206962566418        69.20842613492961       3.0421434932006499      0.97489876444414025     0.055939152477180572    0.0092044875484426792       1.0000284226291167       2.0442819794973106       9.2675821896340267   2.0950101541387017e-09    0.0092044875484426792         492.859448243504       5.7934714303969193       5.7934714303969193       3029.1065507926555                                                 2525.7229476431321                                              10.524154906019417        21.825035215071523               390.19700771810517                          72.406537324559736                      8.4308679857675877
                       4       1520.5214616400001     0.022902149802830889      0.11735206962566418        69.20842613492961       3.0421434932006499      0.97489876444414025     0.055939152477180572    0.0092044875484426792      0.99998860514338106       2.3407572694275167       9.1584878811392603   2.0950101541387017e-09    0.0092044875484426792       492.83849395181363       5.7934714303969193       5.7934714303969193       3029.4559804192063                                                 2526.0933315613734                                              10.524154906019417        21.829615447858771               390.19700771810517                          72.387680516000984                       8.424190269848701
                       1       1521.5666548899007     0.022902149802830889      0.11735206962566418        69.20842613492961       3.0421434932006499      0.97489876444414025     0.055939152477180572    0.0092044875484426792      0.99787494575914837       2.3407572694275167       9.1584878811392603   2.0950101541387017e-09    0.0092044875484426792       494.92888045161476       5.7934714303969193       5.7934714303969193       3031.5463669190076                                                 2526.0933315613734                                              10.524154906019417         22.08041621033135               390.14458406066774                           74.45250550581477                      8.2513746748009229
                       1       1521.5679898928222     0.022902342456541245      0.11735276194910479       69.208662565281898       3.0421415176582398      0.97490393070064574      0.05594082767751387    0.0091598051816995235      0.99787102754044088       2.3407520616329189        9.158445083356769   2.0950060153613811e-09    0.0091598051816995235       494.93154771945149       5.7934714303969193       5.7934714303969193       3031.5490369248505                                                 2526.0932108775964                                              10.524278327802476        22.079830464433257               390.14458406066774                          74.455758669537943                      8.2513745248125634
                       2       1522.7500173298065     0.022509552646079591      0.11588440160221784       68.850064682072642       3.0421034465594308      0.98259304363330824     0.058369360929704267    0.0048570307773459012      0.99689523431591043       2.4592340320238466       9.0541781512088519   2.0949262576986051e-09    0.0048570307773459012       502.13280184086676       5.7934714303969193       5.7934714303969193       3033.9130917988191                                                 2521.1251603584838                                              10.655129599469033        20.857757534097118                390.3142035047951                           82.75842953637779                      8.2024112655967425
                       2       1522.7399510302262      0.02250830941318311      0.11589791862945269       68.846677765412807       3.0423983231561178      0.98250202438672851     0.058431456787720534    0.0045247813527053158      0.99697827711135401       2.4575402359099341       9.0558886893831989   2.0955440935119696e-09    0.0045247813527053158       502.08229720874385       5.7934714303969193       5.7934714303969193       3033.8929591996584                                                 2521.1606681709391                                              10.649993819975158        20.868649685109403               390.33315969804181                          82.675085503474762                      8.2054023221178909
                       5       1522.8749210834062      0.02250830941318311      0.11589791862945269       68.846677765412807       3.0423983231561178      0.98250202438672851     0.058431456787720534    0.0045247813527053158      0.99697419407328003       2.4776115496369351        9.030557879268347   2.0955440935119696e-09    0.0045247813527053158       502.10016525721852       5.7934714303969193       5.7934714303969193       3034.1628993060185                                                  2521.412740228825                                              10.649993819975158        20.868996507196869               390.33315969804181                          82.692421637008053                      8.2055874149717543
                       3       1520.7391255851094      0.02250830941318311      0.11589791862945269       68.846677765412807       3.0423983231561178      0.98250202438672851     0.058431456787720534    0.0045247813527053158      0.99708144314677183       1.8855551040521168        9.607141066101887   2.0955440935119696e-09    0.0045247813527053158       501.63892651845259       5.7934714303969193       5.7934714303969193       3029.8913083094249                                                 2517.6023879709974                                              10.649993819975158        20.859901819715674               390.33315969804181                          82.244684260378605                      8.2011807403164756
                       3       1520.6971053968216     0.022583980968913391      0.11616796778165191       68.778829810067606       3.0484209636622146      0.98402162889938727     0.062087828693404172    0.0096598624125205992      0.99589961847995601       1.8167074737138174        9.618134592990069   2.1082028836595279e-09    0.0096598624125205992       502.38755136048155       5.7934714303969193       5.7934714303969193       3029.8072679328493                                                 2516.7576128771607                                              10.662103695206865        20.782691621723416               390.81262658988766                          82.350535186718275                      8.4416979621521833
                       3       1518.3484057209098      0.02258190570748957      0.11660569258759125       68.758107131123907       3.0440263305424913      0.98278712283757286     0.060151555458036673    0.0051007073647730116      0.99536478048377031       1.8505735479459846       9.6199234140782686   2.0989584333057642e-09    0.0051007073647730116       499.48470585602314       5.7934714303969193       5.7934714303969193       3025.1098685810257                                                 2514.9457513554867                                              10.679411369516233        20.884394339986329                390.4426962350089                          79.762317612474504                      8.3952976685533933
                       1       1519.2611610031565     0.022679802948132686      0.11644531889160294       68.822645598920872       3.0487615121260747      0.98598892725511222     0.063854403524372452     0.024874902380695757      0.99382501600591033       1.7464377181278763       9.6130368486179592   2.1089209511745188e-09     0.024874902380695757        501.0852527619985       5.7934714303969193       5.7934714303969193       3026.9353791455192                                                 2515.2549515013657                                              10.595174882154856        20.636146083659241               391.23470254077148                          80.775121401343185                      8.4392827362246123
                       3       1517.5882803108666     0.022679802948132686      0.11644531889160294       68.822645598920872       3.0487615121260747      0.98598892725511222     0.063854403524372452     0.024874902380695757      0.99503710509428134       1.7464377181278763       9.6130368486179592   2.1089209511745188e-09     0.024874902380695757       497.73949137741874       5.7934714303969193       5.7934714303969193       3023.5896177609393                                                 2515.2549515013657                                              10.595174882154856        20.546018380001442               391.20378542482194                          77.701182104984454                      8.2885054676108787
                       2       1516.6965343749389     0.022743793226579788      0.11651057878956628       68.874940747965354       3.0481839151665615      0.98497246460879362     0.062601641905295977     0.028780666887681765      0.99584322050044849       1.7258389941594756       9.6287696283688966   2.1077031965648019e-09     0.028780666887681765       496.15135574013067       5.7934714303969193       5.7934714303969193       3021.8061258890839                                                 2515.0798966397942                                              10.574873509158609        20.646244297612782               390.89898289237851                          76.345327035057636                      8.2608015150817149
                       2       1516.8275029389526     0.022795969714039944      0.11675222054376572       68.893548707923856       3.0494948382718947      0.98469236479506506      0.06292676388347368     0.018815229486708631      0.99583673665688721       1.7193632258070022       9.6385739525559746    2.110468045240415e-09     0.018815229486708631       496.47824452083449       5.7934714303969193       5.7934714303969193       3022.0680630171114                                                 2514.9054562067481                                              10.684362289528689        20.698372678922681               390.94610171369692                          76.462915945604692                      8.3708541826102305
                       1       1518.0294873607761     0.022685069513666591      0.11735373460753845       68.809295597964436       3.0488652389721791      0.98573715600609413     0.059645003069680791      0.01284038591685854      0.99869213628126441        1.639066373423816       9.6504206950884761   2.1091397142390721e-09      0.01284038591685854       496.64848759469908       5.7934714303969193       5.7934714303969193       3024.4720318607583                                                 2517.1380228066814                                              10.685521459377972        20.511542079623837               390.43025125709028                          77.134482296136838                      8.5722119618481081
                       1       1519.7917668270288     0.022685069513666591      0.11735373460753845       68.809295597964436       3.0488652389721791      0.98573715600609413     0.059645003069680791      0.01284038591685854      0.99872360965286344        1.320260254149493       9.6210151060704874   2.1091397142390721e-09      0.01284038591685854       496.63149620604401       5.7934714303969193       5.7934714303969193       3027.9965907932637                                                 2520.6795731278416                                              10.685521459377972        20.509343997494284               390.43787694060472                          77.117588262279668                      8.5666870056652868
                       7       1521.7934972330693     0.022755994611416346      0.11746139050611876       68.820136864860004       3.0492914676209457      0.98974045556941515     0.060937573847177885    0.0020373919021165927      0.99708824458683931       1.2963089629581364       9.5946316240445348    2.110038881621369e-09    0.0020373919021165927       501.27350506599646       5.7934714303969193       5.7934714303969193       3032.0000516053447                                                 2519.7773822116533                                              10.949164327694987        20.232054111066191               390.60728148939376                           81.46418486069247                      8.9699846048440399
                       4       1521.5845616109091     0.022755994611416346      0.11746139050611876       68.820136864860004       3.0492914676209457      0.98974045556941515     0.060937573847177885    0.0020373919021165927      0.99701087473848571       1.6566745975390609       9.0872974443815178    2.110038881621369e-09    0.0020373919021165927       501.32587788774964       5.7934714303969193       5.7934714303969193       3031.5821803610243                                                 2519.3071381455793                                              10.949164327694987        20.236252185635919               390.59439799989474                          81.502263426515825                      8.9929642757031854
                       1       1520.9794945791223      0.02278273005802842      0.11732502913363274       68.988787630506351       3.0479532307779897      0.98943655950323739     0.060758478130681692    0.0059726090842187711      0.99676825029224447       1.6425608254784736       9.0834528009881588   2.1072170384183146e-09    0.0059726090842187711       499.47239969995439       5.7934714303969193       5.7934714303969193       3030.3720462974507                                                 2520.3889621622084                                              10.510684435288145         20.26183336636376               390.57250208376178                          79.985324067459814                      8.6527401823690493
                       4       1520.2811188914784      0.02278273005802842      0.11732502913363274       68.988787630506351       3.0479532307779897      0.98943655950323739     0.060758478130681692    0.0059726090842187711      0.99669357663320368       2.2738094367272117       8.9818712307923168   2.1072170384183146e-09    0.0059726090842187711       499.52499005717374       5.7934714303969193       5.7934714303969193       3028.9752949221629                                                 2518.9396204297009                                              10.510684435288145        20.266016906998459               390.57250208376178                          80.019192577978927                      8.6672784884345653
                       2        1520.671457278447     0.022757778388811819      0.11738346233667402       68.925401327463177       3.0516597700749855      0.98864107076170171     0.061859001873713189      0.01157236730163241      0.99751646012543926       2.2414232215432772       9.0004552284788879   2.1150420140097012e-09      0.01157236730163241        499.2599386302619       5.7934714303969193       5.7934714303969193          3029.7559716961                                                 2519.9533912916586                                              10.542641774178975        20.327105390961833                390.7672475850469                          79.370980233087593                      8.7946054211655387
                       1       1520.3321228831207     0.022731780962607789      0.11727068404995092        68.85689631029652       3.0474979276345784      0.98895047942725489     0.059754384047375306     0.014019796719043319      0.99755521570095185       2.2829017422951803       8.9874235319481297    2.106257834257778e-09     0.014019796719043319        499.4785152043209       5.7934714303969193       5.7934714303969193       3029.0773029054476                                                 2518.9526915351403                                              10.646096165986524        20.275422189757364                390.4771771263396                          80.094957454103877                      8.6309584341200392
                       5       1523.2694616269087      0.02306428557313097      0.11746329312654294       68.773755606315305       3.0533816733412538       0.9880915429735162     0.062224756974300452     0.031367558975067843      0.99663784026753199       2.2244360549539959       9.0344794283591607   2.1186870490601865e-09     0.031367558975067843        501.3812283088148       5.7934714303969193       5.7934714303969193       3034.9519803930234                                                 2521.2808387655746                                              12.289913318634339        20.487993605929091               390.75607991725263                          80.981022700240089                      9.1561320853929615
                       1       1523.1769944330813     0.023060978626570215      0.11754614611316817       68.750245368946935       3.0534065944949678      0.98711273263968013     0.061683322596001011     0.031523939532130507      0.99716721695544908       2.2275488273898896       9.0446397156650207   2.1187398498437332e-09     0.031523939532130507       500.81040590051362       5.7934714303969193       5.7934714303969193       3034.7670460053687                                                 2521.4744361485414                                              12.482203956313782        20.568578886705268                390.6188394673984                           80.45895309740601                      9.1640344490038785
                       9       1523.2174321029611     0.023060978626570215      0.11754614611316817       68.750245368946935       3.0534065944949678      0.98711273263968013     0.061683322596001011     0.031523939532130507      0.99947042257275831       2.2275488273898896       9.0446397156650207   2.1187398498437332e-09     0.031523939532130507       500.89128124027286       5.7934714303969193       5.7934714303969193       3034.8479213451283                                                 2521.4744361485414                                              12.482203956313782        20.412888434961133               390.64025161841835                          81.312626076049412                      8.5255151108439815
                       1       1523.2744277549373     0.023060978626570215      0.11754614611316817       68.750245368946935       3.0534065944949678      0.98711273263968013     0.061683322596001011     0.031523939532130507      0.99705054975712937       2.2275488273898896       9.0446397156650207   2.1187398498437332e-09     0.031523939532130507       501.00527254422542       5.7934714303969193       5.7934714303969193       3034.9619126490807                                                 2521.4744361485414                                              12.482203956313782         20.57690863659451               390.61417969984177                          80.606110540344474                      9.2080736674446975
                       4       1522.0619687794842     0.023184842020561688      0.11728696892656525       69.102117615715386       3.0402594984618267      0.98293163482330526     0.054772960783770044     0.020514728116168158      0.99757304011060588       2.3500208921172243        9.039925030072288   2.0910668817491078e-09     0.020514728116168158       500.03207466437084       5.7934714303969193       5.7934714303969193       3032.5369946981746                                                 2521.4908494508627                                              11.014070582940974         20.95511656169748               390.59697378388444                          80.173920810794641                      8.3060635079942635
                       1       1523.6225559049003      0.02315113242197929      0.11761593569660767       68.950022805280767        3.034391288782103      0.97575545518829343     0.051431554956299856     0.017546387491819658      0.99795676312453707       2.5033256709317544       9.0739167365111211   2.0788319963789624e-09     0.017546387491819658       502.57958446791827       5.7934714303969193       5.7934714303969193       3035.6581689490067                                                 2521.3554314555031                                              11.723153025585635        21.851883456518522               391.29657463185293                          81.178501156243499                      8.2526252233033084
                       8       1523.5577925392804     0.023124904254082652       0.1174835836242364       68.928681967602614       3.0350758579791295      0.97523297574301593     0.051411390842925939     0.017409052245979134       0.9984939006219733       2.5146976153303977       9.0768970749343296   2.0802555879473497e-09     0.017409052245979134       502.73966626611787       5.7934714303969193       5.7934714303969193       3035.5286422177669                                                 2521.0674220348974                                              11.721553916752034        21.922225144773392               391.27882036698082                          81.289876815860282                      8.2487439385033401
                       4       1522.8156892209795      0.02289348167156759      0.11689121796647205       69.028119624196535       3.0344044127353276      0.97089949049799573     0.050780146832177665     0.028380699925498246       1.0004442172549664       2.5629472826390929       9.0835121996906167   2.0788592790518724e-09     0.028380699925498246       498.56462352500836       5.7934714303969193       5.7934714303969193       3034.0444355811651                                                 2524.9516301498011                                              10.528181906355764        22.498006338122309               391.36926481134901                           75.96445936358171                      8.7328930119553547
                       1       1523.9075446918528      0.02289348167156759      0.11689121796647205       69.028119624196535       3.0344044127353276      0.97089949049799573     0.050780146832177665     0.028380699925498246       1.0004851288293313       2.0426442342433555       8.9003042733029361   2.0788592790518724e-09     0.028380699925498246       498.48478912956654       5.7934714303969193       5.7934714303969193       3036.2281465229116                                                 2527.2151754869897                                              10.528181906355764        22.492627935549308               391.36926481134901                          75.878874778896474                      8.7440216037717278
                       2       1523.7558706937609      0.02289348167156759      0.11689121796647205       69.028119624196535       3.0344044127353276      0.97089949049799573     0.050780146832177665     0.028380699925498246       1.0006524776562096       2.0426442342433555       8.9003042733029361   2.0788592790518724e-09     0.028380699925498246       498.18144113338252       5.7934714303969193       5.7934714303969193        3035.924798526728                                                 2527.2151754869897                                              10.528181906355764        22.470682813430471               391.36743909545868                          75.552393378502316                      8.7909258459910493
                       2       1523.2475635345188     0.022873987071223602      0.11677672379423647       69.026082899465763       3.0338728802128685      0.97190961813529098     0.051321224549179978     0.030374168913467999      0.99994480461502033       2.0485746292259286       8.8864519632207664   2.0777545913501694e-09     0.030374168913467999       497.27872113711692       5.7934714303969193       5.7934714303969193       3034.9081842082437                                                 2527.1134697208654                                              10.515993350260739        22.290192046915649               391.19431318237889                          74.922143938817086                      8.8720719690052974
                       1       1523.8276439259228     0.022873987071223602      0.11677672379423647       69.026082899465763       3.0338728802128685      0.97190961813529098     0.051321224549179978     0.030374168913467999      0.99990727041196659       2.2641547393312584       8.6961328680548089   2.0777545913501694e-09     0.030374168913467999       497.34476970006131       5.7934714303969193       5.7934714303969193       3036.0683449910516                                                 2528.2075819407287                                              10.515993350260739        22.294960903665242               391.19431318237889                          74.994980730521462                      8.8605148834957159
                       3        1524.131783313592     0.022876933425480014      0.11668680813031498       69.011084314575797       3.0340756964607811      0.97215245101055003     0.051783759870720703     0.037918573768419728      0.99958942051318989       2.2570648706386809       8.6942926372300882   2.0781760364769858e-09     0.037918573768419728       497.31242378216604       5.7934714303969193       5.7934714303969193       3036.6766237663901                                                  2528.861080648082                                              10.503119336141991        22.263826705651695               391.03145167447497                          74.990672203831693                      9.0264731982076896
                       1       1528.7060226413919     0.022775279408220033      0.11691037758355564       69.088516754015899       3.0604759784594466      0.96978162494077147     0.061797306643944776      0.05338236836746435       1.0036274060867738       1.9739995926595573       8.7869754314799753   2.1337711036149626e-09      0.05338236836746435       492.75696379102453       5.7934714303969193       5.7934714303969193       3045.8251024219899                                                 2542.5648409710798                                                10.5032976598856        22.928967733262425               390.71867052864184                          70.707696464760133                      8.4016290643601259
                       3       1528.7518501000793     0.022471280949740737      0.11692450949175286        68.86399875302277       3.0596823702828591      0.97069570973352171     0.062175989033888948     0.046924288672295415        1.003644766994001       2.0289854325190193         8.75810341494795    2.132078397181841e-09     0.046924288672295415       489.62803571043503       5.7934714303969193       5.7934714303969193       3045.9167573393647                                                  2545.889368856062                                              10.399352772867942        22.555213943396893               390.91246017032347                          67.773275856804204                      8.3870857399104271
                       1       1525.4198516505867     0.022471280949740737      0.11692450949175286        68.86399875302277       3.0596823702828591      0.97069570973352171     0.062175989033888948     0.046924288672295415       1.0036234497935106       2.5076255291822034       9.1377089749901206    2.132078397181841e-09     0.046924288672295415       489.64575564359546       5.7934714303969193       5.7934714303969193       3039.2527604403795                                                 2539.2076520239161                                              10.399352772867942        22.558066269504764               390.91246017032347                          67.791246624766615                      8.3839825790005875
                       1       1525.4450651275386     0.022622095390935085       0.1150942497656946       69.358349377521449       3.0696528893352126      0.98438470599193051     0.072892169777551655     0.048092428919258814      0.99855327290447282       2.3721209225737581       9.0246611783126305   2.1534426548440805e-09     0.048092428919258814       497.61652685819303       5.7934714303969193       5.7934714303969193       3039.3031873942832                                                 2528.0143204181786                                              13.672340117911439        20.849226233625302                 395.138206806536                          73.375977123225624                      8.2531166948061294
                       2       1524.7795866922245     0.022622095390935085       0.1150942497656946       69.358349377521449       3.0696528893352126      0.98438470599193051     0.072892169777551655     0.048092428919258814      0.99862751819465589       1.8849046321280534       9.3179037882823579   2.1534426548440805e-09     0.048092428919258814       497.47254662113829       5.7934714303969193       5.7934714303969193       3037.9722305236551                                                 2526.8273437846051                                              13.672340117911439        20.842779178737374                 395.138206806536                          73.231204759099242                      8.2603558767656615
                       3       1523.8437848532321     0.022622095390935085       0.1150942497656946       69.358349377521449       3.0696528893352126      0.98438470599193051     0.072892169777551655     0.048092428919258814      0.99857647068739075        2.536556215056144       9.5498457628496976   2.1534426548440805e-09     0.048092428919258814        497.5706860878779       5.7934714303969193       5.7934714303969193       3036.1006268456704                                                 2524.8576006398807                                              13.672340117911439        20.847210039825654                 395.138206806536                          73.329938449110927                      8.2553307924052746
                       1       1524.5536848359573     0.022554895188548845      0.11575925513518601       68.947788253974849       3.0606477174958981       0.9916686684003615     0.067610158724007413     0.074537791681594329      0.99832085582310226       2.4502910732858529        9.509649867212703   2.1341375868771455e-09     0.074537791681594329       502.44412752920653       5.7934714303969193       5.7934714303969193       3037.5204268111206                                                 2524.2240254277617                                              10.852273854152287        20.104745643767558               392.40886749299545                          81.392304903384385                      8.5382094890591205
                       1       1524.6476498703098     0.022619481994594952      0.11533164897689134       69.154378873111213       3.0555541132305279      0.99442778882517646     0.066486263291171702     0.065384212822630239      0.99697162103794279       2.4828484088815195       9.4673744577241958   2.1232947725073838e-09     0.065384212822630239        504.1704775574326       5.7934714303969193       5.7934714303969193       3037.7083568798257                                                 2521.6222038675264                                              11.915675454866543        19.976118415987116               391.93295520356918                          83.599706876626485                      8.6616970612497912
                       5       1523.0193660957739     0.022422686953825127      0.11570900796811834       69.034592723885538       3.0382038873539736      0.99172838235771343     0.060254580390276348      0.03177547557062952      0.99472200816297596        2.754949507417046       9.4163348089514365   2.0867728763543535e-09      0.03177547557062952       505.08094131317227       5.7934714303969193       5.7934714303969193       3034.4517893307539                                                 2517.8452039919976                                              11.525644025584462        20.036930386125846               390.60337709280441                          85.503227718925643                      8.9374061153164028
                       1       1523.3616059095482      0.02239339476833941      0.11581027417697198        68.96328660771961       3.0395141408479494      0.99118702831216166     0.060579766747208393     0.040489507676570155      0.99508374766232588       2.7329092982979288       9.4273515821690861   2.0895088698378195e-09     0.040489507676570155       504.96754181424512       5.7934714303969193       5.7934714303969193       3035.1362689583025                                                 2518.9425593922988                                              11.226167751758149         20.06039831170375               390.61793456273693                           85.24205996039548                      9.0471489794089539
                       1       1524.8694930271492     0.022332513632027907      0.11583385037485111       68.898080012736798       3.0362793190943846      0.99204728175813328     0.059200533362489212     0.039575337562961145       0.9949003400138875       2.7589271853510029       9.4109928215248306   2.0827606016982197e-09     0.039575337562961145       508.13927528877105       5.7934714303969193       5.7934714303969193       3038.1520431935046                                                 2518.9388714212769                                              11.073896483456579        20.004351864298485               390.54593940141831                          88.380973112595271                      9.2080109104589916
                       5       1524.8730468045394     0.022332513632027907      0.11583385037485111       68.898080012736798       3.0362793190943846      0.99204728175813328     0.059200533362489212     0.039575337562961145      0.99489453554774476       2.7589271853510029       9.4109928215248306   2.0827606016982197e-09     0.039575337562961145       508.14638284355135       5.7934714303969193       5.7934714303969193       3038.1591507482849                                                 2518.9388714212769                                              11.073896483456579        20.004564768832097               390.54593940141831                          88.390000165012694                      9.2058785082882544
                       1       1524.9632282858299     0.022333208800788977      0.11580897672843096       68.903793898089006       3.0362098769540773      0.99214688814507446     0.059242250477880183      0.04022348822616257      0.99483586250155653       2.7583309785272281       9.4096562435761708   2.0826159753659289e-09      0.04022348822616257        508.2625131009554       5.7934714303969193       5.7934714303969193        3038.339513710866                                                 2518.9642484540605                                              11.112752155849963        20.000611503548669               390.54081489787183                          88.483261169389507                      9.2378255301454058
                       3       1522.3809910108357     0.022333208800788977      0.11580897672843096       68.903793898089006       3.0362098769540773      0.99214688814507446     0.059242250477880183      0.04022348822616257      0.99491648530852395       2.3115161257564329        9.840703454977012   2.0826159753659289e-09      0.04022348822616257       508.16740748376679       5.7934714303969193       5.7934714303969193       3033.1750391608775                                                 2513.8948795212609                                              11.112752155849963        19.997701145391602               390.54081489787183                          88.360595771299899                      9.2682956692035035
                       6       1522.3471159180149     0.022333208800788977      0.11580897672843096       68.903793898089006       3.0362098769540773      0.99214688814507446     0.059242250477880183      0.04022348822616257       0.9949737203848622       2.3115161257564329        9.840703454977012   2.0826159753659289e-09      0.04022348822616257       508.09965729812495       5.7934714303969193       5.7934714303969193       3033.1072889752359                                                 2513.8948795212609                                              11.112752155849963        19.995648647221515               390.53485869031914                          88.278902698676333                      9.2902472619079521
                       3       1520.5838841809982     0.022387894604946234      0.11611792857081267       68.956919714142245        3.037578117206337      0.99125505553085191     0.059603086294759293     0.024774559133289634      0.99496877637195791       2.3142733321075672       9.8535039571084262    2.085467444676119e-09     0.024774559133289634       505.34706072934432       5.7934714303969193       5.7934714303969193       3029.5808255012025                                                 2513.2180463836671                                              11.015718388191248        20.045075935432237               390.54655610374249                          85.938540935361033                      8.8168877548085867
                       2       1521.5084310046673     0.022450507295552868      0.11642452083940499       69.064972532227401       3.0323348485239707       0.9935957212706491     0.058205964875811034   0.00077946859590059814      0.99321658340382635       2.3511065386843195       9.8218779588814069   2.0745613951948279e-09   0.00077946859590059814       508.06792671848797       5.7934714303969193       5.7934714303969193       3031.4299191485406                                                  2512.230524456435                                              11.131467973617413        19.956394711163284               390.54216762642778                           88.80946464026087                      8.7598997406360528
                       1       1520.5999979846194     0.022826254421795141      0.11839774336561065       68.445696068029207       3.0398958612966878      0.98708558518080447     0.055202460623386629     0.026747142017369191      0.99692699913158134        2.218803822004896        9.976954404532222   2.0903066303523211e-09     0.026747142017369191       500.75222422264665       5.7934714303969193       5.7934714303969193        3029.613053108445                                                 2514.5506761663078                                              14.310152719490549        20.416914789259692               390.65961054930983                          80.793590412376133                      8.8821084717009899
                       1       1520.5831858082333     0.022826254421795141      0.11839774336561065       68.445696068029207       3.0398958612966878      0.98708558518080447     0.055202460623386629     0.026747142017369191      0.99726557588764531        2.218803822004896        9.976954404532222   2.0903066303523211e-09     0.026747142017369191       500.71859986987442       5.7934714303969193       5.7934714303969193       3029.5794287556728                                                 2514.5506761663078                                              14.310152719490549        20.396051301962416               390.68419608883494                          80.832406995826545                      8.8059454832505111
                       8       1521.0766363965824     0.022826254421795141      0.11839774336561065       68.445696068029207       3.0398958612966878      0.98708558518080447     0.055202460623386629     0.026747142017369191      0.99728934274694991       1.7372704724964012       9.6250722863611955   2.0903066303523211e-09     0.026747142017369191       500.72068484733086       5.7934714303969193       5.7934714303969193        3030.566329932371                                                 2515.5354923655495                                              14.310152719490549         20.39459848867034               390.68419608883494                          80.840936114285228                      8.8009541555403281
                       5        1521.178342361053     0.022815146624526605      0.11839473679382045       68.436382628632344       3.0400745963275804      0.98725156959384319     0.055274483019206865     0.026692928412589835      0.99733258172684003       1.7352105701360026         9.62396759336138   2.0906802747631498e-09     0.026692928412589835        500.9023803299458       5.7934714303969193       5.7934714303969193        3030.769741861312                                                 2515.5390496398595                                              14.328311891506512        20.379390978703555               390.66250943332312                          81.042514566196843                      8.8179653517222523
                      16       1520.0995202423651     0.022693616074003903      0.11852165057592469       68.346986342001401       3.0389918126277067      0.98362644798361643     0.053337257524294676     0.015450918315495055      0.99910687076412252        1.804644609693141       9.6426652143497709   2.0884177453760126e-09     0.015450918315495055        498.7037310197008       5.7934714303969193       5.7934714303969193       3028.6120976239363                                                 2515.2146641558807                                              14.693702448354806         20.62938371230041               390.96294251150363                            78.3140424708414                      8.7973623250553441
                       3       1519.8901750991463     0.022695201460562805      0.11855209667940401       68.404760815785238       3.0393261424222686      0.98271585167427822     0.052914517515870736    0.0050796282030792575      0.99975564054476185       1.8163237665467982       9.6490652637972971   2.0891160823827126e-09    0.0050796282030792575       498.16390013964099       5.7934714303969193       5.7934714303969193       3028.1934073374987                                                 2515.8048119774949                                              14.224695220362698         20.71083285256077                391.0534759208283                          77.572186335582771                      8.8274050306691088
                       4       1516.0830419981212      0.02290125551912392      0.11712902272414692        68.89346661598664       3.0375570516138577       0.9844868281576673     0.055801636023306386     0.021304017146400102      0.99668227801929687       1.8387044116113325       9.6050607362639333     2.08542351353152e-09     0.021304017146400102       495.80115440637394       5.7934714303969193       5.7934714303969193       3020.5791411354485                                                 2513.8536136160433                                              10.924373113031665         20.63583981310245               390.47740413684437                          76.395035311648982                      8.2928751447781082
                       2       1516.3504026506273     0.022927723372389856      0.11705853178694439       68.902168520059476       3.0383425413119847      0.98512539365297136     0.056371228100978332     0.024939756483554044      0.99644793251656449       1.8227889664605057       9.6034796618828242   2.0870622357330778e-09     0.024939756483554044       496.18111312063729       5.7934714303969193       5.7934714303969193       3021.1138624404607                                                 2513.9973287367347                                              10.935420583088806        20.591594629879353               390.43734364484533                          76.862878585529387                      8.2892962603832299
                       7       1516.5013246522935      0.02290661094802348      0.11719083012175618       68.805056179200079       3.0390874922544127      0.98508047252714426     0.056561719226340255     0.027200970338141998      0.99651295507669579       1.8199411140340651        9.608426231596523   2.0886175739659062e-09     0.027200970338141998       496.35596660545559       5.7934714303969193       5.7934714303969193       3021.4157064437932                                                 2513.7630346337846                                              11.296705204552996        20.593405128302379                390.4024169768382                          77.065357043426317                      8.2947874568886863
                       2        1516.109324552727     0.022744469690066826      0.11682543216181632       68.495105556633888       3.0445824352903634      0.97971583709647547      0.05862020291931383     0.059627919469980799      0.99803846340216618       1.8588900868061837       9.6519745328562028   2.1001259986703438e-09     0.059627919469980799       493.63091496082308       5.7934714303969193       5.7934714303969193       3020.6317062446601                                                 2514.9565395800746                                              12.044251703762612         21.14228033919062               390.26763709393953                          73.872303162022192                       8.348694365670708
                       1       1516.8740375952952     0.022597525980645749      0.11659701785979787       68.348399701937183       3.0462111821821578      0.98166344892114921     0.059215171267528587     0.069207046161041785      0.99872127613483641       1.8353653492267323       9.6374296141286866    2.103549359500415e-09     0.069207046161041785       494.43606628700547       5.7934714303969193       5.7934714303969193       3022.1611323297966                                                 2515.5620419298289                                              12.163024112962447        20.856836196892459               390.36577187513524                          74.799667782103967                      8.4137904328738529
                       7       1516.6320484466166     0.022597525980645749      0.11659701785979787       68.348399701937183       3.0462111821821578      0.98166344892114921     0.059215171267528587     0.069207046161041785       1.0005355047937612       1.8353653492267323       9.6374296141286866    2.103549359500415e-09     0.069207046161041785       493.95208798964768       5.7934714303969193       5.7934714303969193       3021.6771540324394                                                 2515.5620419298289                                              12.163024112962447        20.708925714390944               390.37741938158337                          74.036571818576562                      8.8291710750968182
                       4       1516.1620933456034     0.022597525980645749      0.11659701785979787       68.348399701937183       3.0462111821821578      0.98166344892114921     0.059215171267528587     0.069207046161041785        1.000514989838329       2.0424329226273028       9.6555884353937333    2.103549359500415e-09     0.069207046161041785       493.93146864031416       5.7934714303969193       5.7934714303969193       3020.7372438304128                                                 2514.6427510771364                                              12.163024112962447        20.710539632205382               390.37741938158337                          74.020505945278188                      8.8230036812471866
                       1       1515.9188508194009     0.022590841479696606      0.11663452090724225       68.351219249604682       3.0450364317283958       0.9800163968093536     0.058541493105588129     0.064730984109182557       1.0006541160385249       2.0805516803645911       9.6618217791102943   2.1010796648573051e-09     0.064730984109182557       493.25935807925248       5.7934714303969193       5.7934714303969193       3020.2507587780078                                                 2514.8107271913709                                               12.18067350738434        20.879849272591059               390.31236794090114                          73.239457841566548                      8.8276830241937603
                       1       1515.5558526029638     0.022687044508165929      0.11648966520051372       68.484911168141778       3.0422445205674551      0.98117024371639205     0.058180926013468158     0.063381196851175881      0.99943198290484303       2.0900373914284183        9.645128622484588   2.0952218181897553e-09     0.063381196851175881       493.83066509207339       5.7934714303969193       5.7934714303969193       3019.5247623451337                                                 2514.0133016228424                                              11.680795630218181        20.784077658372439               390.34253553980011                          73.700997984353464                      9.0030539095473507
                       2       1515.4594391494534     0.022710206109131055      0.11659425326675531       68.505517298523344       3.0430131101040647      0.98095310312788986      0.05849075952051546     0.060004260514037212      0.99938895907021674       2.0831666832823368       9.6502897751157288   2.0968328027697338e-09     0.060004260514037212       493.69095991189891       5.7934714303969193       5.7934714303969193       3019.3319354381129                                                 2513.9170813725991                                              11.723894153615218        20.820577114384946               390.28995743012422                          73.732586982307311                      8.8478383850824365
                       1       1516.0627091982183     0.022710206109131055      0.11659425326675531       68.505517298523344       3.0430131101040647      0.98095310312788986      0.05849075952051546     0.060004260514037212       0.9972369581630468       2.0831666832823368       9.6502897751157288   2.0968328027697338e-09     0.060004260514037212       494.89750000942837       5.7934714303969193       5.7934714303969193       3020.5384755356426                                                 2513.9170813725991                                              11.723894153615218        21.006310668347908               390.26897279700779                          75.254801943570641                      8.3674146005020358
                       4       1516.0491949979148      0.02270960160503354      0.11659606217732874       68.508376337529711       3.0429287895452259      0.98094264520774388     0.058433680380811863     0.059556157454265173      0.99725508487979164       2.0839552910864696       9.6500962086096003   2.0966560041099983e-09     0.059556157454265173       494.89239824421782       5.7934714303969193       5.7934714303969193       3020.5114471350357                                                 2513.9114881107125                                              11.707560780105251        21.006517924625257               390.27305193141189                           75.24619032587205                      8.3666380623086472
                       5       1515.5432975623164      0.02270960160503354      0.11659606217732874       68.508376337529711       3.0429287895452259      0.98094264520774388     0.058433680380811863     0.059556157454265173      0.99958666042359301       2.0839552910864696       9.6500962086096003   2.0966560041099983e-09     0.059556157454265173       493.88060337302113       5.7934714303969193       5.7934714303969193       3019.4996522638389                                                 2513.9114881107125                                              11.707560780105251        20.805899233259936               390.28429766171814                          73.887451271335991                      8.9029552067070643
