#        weight    minuslogpost        omegabh2        omegach2              H0            logA              ns             tau             mnu              As   minuslogprior minuslogprior__0            chi2 chi2__sbt_spt_audit.likelihoods.candl_cobaya.CandlCobayaLikelihood chi2__sbt_spt_audit.likelihoods.desi_dr2_bao.DESIDR2BAOGaussian
              1       725.27083     0.021800869       0.1161932       68.737324       3.0586745      0.94605171     0.050901841     0.032353796   2.1299307e-09        2.104592         2.104592       1446.3325                                                           1434.219                                                       12.113509
              8       710.68235     0.021800869       0.1161932       68.737324       3.0459195      0.96127961     0.050901841     0.032353796   2.1029359e-09        2.104592         2.104592       1417.1555                                                           1405.042                                                       12.113509
              1       704.32213     0.021800869       0.1161932       68.737324       3.0365064      0.97306331     0.050901841     0.032353796   2.0832337e-09        2.104592         2.104592       1404.4351                                                          1392.3216                                                       12.113509
              6       704.32068     0.021801176      0.11619714       68.730102       3.0363247      0.97305286     0.050802776     0.033173887   2.0828551e-09        2.104592         2.104592       1404.4322                                                          1392.3696                                                        12.06254
              4        704.4413     0.021789127      0.11622885       68.712869       3.0362555      0.97337881      0.05084586     0.032653916    2.082711e-09        2.104592         2.104592       1404.6734                                                          1392.6997                                                       11.973674
              4       703.35062     0.021789127      0.11622885       68.712869       3.0274071      0.98109635      0.05084586     0.032653916   2.0643636e-09        2.104592         2.104592       1402.4921                                                          1390.5184                                                       11.973674
              6       703.67065     0.021789127      0.11622885       68.712869       3.0275367       0.9804621      0.05084586     0.032653916   2.0646311e-09        2.104592         2.104592       1403.1321                                                          1391.1584                                                       11.973674
             10       702.88291     0.021848846      0.11611764       68.766607       3.0266545       0.9785662     0.049930669     0.035113949   2.0628106e-09        2.104592         2.104592       1401.5566                                                          1389.4103                                                       12.146381
              1       703.45033     0.021848846      0.11611764       68.766607       3.0363117      0.97317294     0.049930669     0.035113949   2.0828281e-09        2.104592         2.104592       1402.6915                                                          1390.5451                                                       12.146381
              7       703.38174     0.021848846      0.11611764       68.766607       3.0361551      0.97285029     0.049930669     0.035113949    2.082502e-09        2.104592         2.104592       1402.5543                                                          1390.4079                                                       12.146381
              2       702.51795     0.022017912      0.11597732       69.102701       3.0343166      0.96728533     0.047432588     0.013532455   2.0786768e-09        2.104592         2.104592       1400.8267                                                          1386.7575                                                        14.06918
             17        702.1981     0.022017912      0.11597732       69.102701       3.0330352      0.96853644     0.047432588     0.013532455   2.0760149e-09        2.104592         2.104592        1400.187                                                          1386.1178                                                        14.06918
             13        703.2001     0.022017912      0.11597732       69.102701       3.0345699      0.96440683     0.047432588     0.013532455   2.0792034e-09        2.104592         2.104592        1402.191                                                          1388.1218                                                        14.06918
              2       703.49427     0.022031773      0.11575721       69.107329       3.0347541       0.9645593     0.047720937     0.024927221   2.0795863e-09        2.104592         2.104592       1402.7794                                                          1388.4243                                                       14.355016
              7       703.39027     0.022031773      0.11575721       69.107329       3.0360457      0.96462388     0.047720937     0.024927221   2.0822741e-09        2.104592         2.104592       1402.5713                                                          1388.2163                                                       14.355016
              1       704.11916     0.022031773      0.11575721       69.107329       3.0343986      0.96378687     0.047720937     0.024927221   2.0788471e-09        2.104592         2.104592       1404.0291                                                          1389.6741                                                       14.355016
              5       702.67933     0.022031773      0.11575721       69.107329       3.0323242      0.96719307     0.047720937     0.024927221   2.0745393e-09        2.104592         2.104592       1401.1495                                                          1386.7945                                                       14.355016
              2       705.05055     0.021987274      0.11517767       68.926124       3.0354794      0.97075557     0.050711631     0.076381542   2.0810952e-09        2.104592         2.104592       1405.8919                                                          1392.0275                                                       13.864426
              2        705.1796     0.021979113      0.11518568       68.930328       3.0353608      0.97107787     0.050732943     0.075268514   2.0808484e-09        2.104592         2.104592         1406.15                                                          1392.1976                                                       13.952435
              2       703.41099     0.021979113      0.11518568       68.930328        3.025439      0.98300819     0.050732943     0.075268514   2.0603048e-09        2.104592         2.104592       1402.6128                                                          1388.6604                                                       13.952435
              2       703.73494     0.021979113      0.11518568       68.930328       3.0222794      0.98468873     0.050732943     0.075268514   2.0538053e-09        2.104592         2.104592       1403.2607                                                          1389.3083                                                       13.952435
              1       703.59713     0.021983978      0.11521809       68.939671       3.0225611      0.98444268     0.050774012     0.073250839   2.0543838e-09        2.104592         2.104592       1402.9851                                                          1389.0192                                                       13.965912
              1       701.59358     0.021930207       0.1160572       68.699563       3.0146831       0.9832893     0.046023128     0.049423489   2.0382631e-09        2.104592         2.104592        1398.978                                                          1387.5479                                                       11.430114
             17        701.4805     0.021930207       0.1160572       68.699563       3.0231077      0.97643594     0.046023128     0.049423489   2.0555072e-09        2.104592         2.104592       1398.7518                                                          1387.3217                                                       11.430114
             18       698.75045     0.022149046      0.11692579       68.699523       3.0239824      0.96601429     0.042763161     0.025772065   2.0573058e-09        2.104592         2.104592       1393.2917                                                          1382.8648                                                        10.42693
              4       698.87638     0.022179974       0.1171627       68.675654       3.0223873      0.96448056     0.041294471     0.022153129   2.0540269e-09        2.104592         2.104592       1393.5436                                                          1383.2229                                                       10.320681
              8       700.61247     0.022179974       0.1171627       68.675654       3.0310295      0.95645508     0.041294471     0.022153129   2.0718551e-09        2.104592         2.104592       1397.0158                                                          1386.6951                                                       10.320681
             13       702.32985     0.022359451      0.11663451       69.193265       3.0373152      0.95308124     0.043520056     0.014673414   2.0849192e-09        2.104592         2.104592       1400.4505                                                          1388.1422                                                       12.308301
              3       701.13645     0.022359451      0.11663451       69.193265       3.0273825      0.96396003     0.043520056     0.014673414   2.0643128e-09        2.104592         2.104592       1398.0637                                                          1385.7554                                                       12.308301
              8       700.74836     0.022359451      0.11663451       69.193265       3.0221902      0.96766074     0.043520056     0.014673414   2.0536221e-09        2.104592         2.104592       1397.2875                                                          1384.9792                                                       12.308301
              3       698.80731     0.022402859      0.11695184       69.108211       3.0340842      0.96461023     0.048452624     0.012157034   2.0781937e-09        2.104592         2.104592       1393.4054                                                          1382.0706                                                       11.334853
              9       699.50267     0.022469518      0.11648291       68.889964       3.0309416      0.96308586     0.046841801     0.062177809   2.0716731e-09        2.104592         2.104592       1394.7962                                                          1384.2216                                                       10.574577
             19       698.98311     0.022507957      0.11667933       69.022323        3.034155        0.960829     0.047699185     0.036960772   2.0783408e-09        2.104592         2.104592        1393.757                                                          1382.9461                                                       10.810954
              2         698.785     0.022507957      0.11667933       69.022323       3.0346272      0.95954116     0.047699185     0.036960772   2.0793225e-09        2.104592         2.104592       1393.3608                                                          1382.5499                                                       10.810954
              5       702.64103     0.022524488      0.11716023       68.920242       3.0556228      0.95980925     0.057540812      0.05882451   2.1234405e-09        2.104592         2.104592       1401.0729                                                          1390.6481                                                       10.424744
              8         701.218      0.02254315      0.11752042       69.022043       3.0575796      0.95775412     0.057721429     0.027152335   2.1275998e-09        2.104592         2.104592       1398.2268                                                          1387.7347                                                       10.492119
              3       703.84052      0.02254315      0.11752042       69.022043       3.0737496      0.94441337     0.057721429     0.027152335   2.1622828e-09        2.104592         2.104592       1403.4718                                                          1392.9797                                                       10.492119
              1       704.53485     0.022730331      0.11742865       69.189565       3.0802151      0.93673302     0.058962598     0.015563645   2.1763084e-09        2.104592         2.104592       1404.8605                                                          1394.2262                                                       10.634349
              8       703.70729      0.02260745       0.1160552        69.26127       3.0739575      0.94399147     0.059154653     0.048444726   2.1627323e-09        2.104592         2.104592       1403.2054                                                          1391.0117                                                       12.193673
              1       703.04131      0.02260745       0.1160552        69.26127       3.0692061      0.94978951     0.059154653     0.048444726   2.1524808e-09        2.104592         2.104592       1401.8734                                                          1389.6798                                                       12.193673
              1       701.34072      0.02260745       0.1160552        69.26127       3.0640249      0.95265174     0.059154653     0.048444726   2.1413571e-09        2.104592         2.104592       1398.4722                                                          1386.2786                                                       12.193673
              3       701.66803     0.022602558      0.11594515       69.231483       3.0639397      0.95331041     0.059354297     0.058818776   2.1411747e-09        2.104592         2.104592       1399.1269                                                          1386.9857                                                       12.141153
              2       702.20374     0.022602558      0.11594515       69.231483       3.0659669      0.95236342     0.059354297     0.058818776   2.1455197e-09        2.104592         2.104592       1400.1983                                                          1388.0571                                                       12.141153
              4       702.56893     0.022602558      0.11594515       69.231483       3.0605418      0.95864142     0.059354297     0.058818776   2.1339117e-09        2.104592         2.104592       1400.9287                                                          1388.7875                                                       12.141153
              7       700.51483     0.022488625      0.11655658       69.113947       3.0600882       0.9607337     0.059366854     0.032226651   2.1329438e-09        2.104592         2.104592       1396.8205                                                          1385.4787                                                       11.341756
              5       699.29123     0.022451017      0.11661322       69.020901       3.0505784      0.96164561     0.054887857     0.032058435   2.1127561e-09        2.104592         2.104592       1394.3733                                                           1383.413                                                       10.960295
              4       697.91362     0.022451017      0.11661322       69.020901       3.0480943      0.96123677     0.054887857     0.032058435   2.1075143e-09        2.104592         2.104592       1391.6181                                                          1380.6578                                                       10.960295
              3       698.49662     0.022451017      0.11661322       69.020901       3.0468058      0.96367088     0.054887857     0.032058435   2.1048005e-09        2.104592         2.104592       1392.7841                                                          1381.8238                                                       10.960295
              3       698.70059     0.022451017      0.11661322       69.020901        3.043926       0.9659387     0.054887857     0.032058435   2.0987479e-09        2.104592         2.104592        1393.192                                                          1382.2317                                                       10.960295
              3       698.75209     0.022451017      0.11661322       69.020901       3.0456819      0.96492878     0.054887857     0.032058435   2.1024363e-09        2.104592         2.104592        1393.295                                                          1382.3347                                                       10.960295
              4        698.8435     0.022383176      0.11652839       68.727605       3.0442104      0.96805452     0.055058524     0.072013443   2.0993447e-09        2.104592         2.104592       1393.4778                                                          1383.1292                                                       10.348595
              1       698.83553     0.022382757      0.11653553       68.726546       3.0442097        0.968053     0.055051988     0.071811272   2.0993433e-09        2.104592         2.104592       1393.4619                                                          1383.1155                                                       10.346363
              3       699.10309     0.022366288      0.11644869       68.743232       3.0450815      0.96900718     0.055812464     0.073932935   2.1011745e-09        2.104592         2.104592        1393.997                                                           1383.588                                                       10.408966
              8        698.4461     0.022416003      0.11729376        68.86339       3.0583567      0.96353775     0.060472127     0.013863917   2.1292538e-09        2.104592         2.104592        1392.683                                                          1382.3199                                                       10.363099
              8       697.46558     0.022416003      0.11729376        68.86339       3.0644243       0.9547382     0.060472127     0.013863917   2.1422126e-09        2.104592         2.104592        1390.722                                                          1380.3589                                                       10.363099
              4       697.45038     0.022412461      0.11725629       68.848363       3.0641783       0.9549505     0.060442518     0.016968062   2.1416856e-09        2.104592         2.104592       1390.6916                                                          1380.3379                                                       10.353663
              4       697.44973     0.022418681      0.11725646       68.862294       3.0641485      0.95466512     0.060353876     0.015057042   2.1416217e-09        2.104592         2.104592       1390.6903                                                          1380.3247                                                       10.365598
              5       697.37208     0.022418681      0.11725646       68.862294       3.0625724          0.9565     0.060353876     0.015057042   2.1382491e-09        2.104592         2.104592        1390.535                                                          1380.1694                                                       10.365598
              4       697.64498     0.022482794      0.11722984       68.763252       3.0561972      0.95522065     0.056624499     0.041938615   2.1246606e-09        2.104592         2.104592       1391.0808                                                          1380.7703                                                       10.310481
             11       697.78824     0.022502072      0.11712603       68.823884       3.0560186      0.95479902     0.056487322      0.04044583   2.1242812e-09        2.104592         2.104592       1391.3673                                                          1381.0544                                                       10.312886
             13       696.58166     0.022386138       0.1172555        68.81486       3.0512114      0.95831422     0.055087069     0.021077714   2.1140938e-09        2.104592         2.104592       1388.9541                                                          1378.6206                                                       10.333539
              1       697.48132     0.022386138       0.1172555        68.81486       3.0432885      0.96490115     0.055087069     0.021077714   2.0974104e-09        2.104592         2.104592       1390.7535                                                          1380.4199                                                       10.333539
              2       697.63716     0.022366434      0.11719127       68.707217       3.0423007      0.96594442     0.054919998      0.03748291   2.0953394e-09        2.104592         2.104592       1391.0651                                                           1380.771                                                       10.294163
             11       697.51872     0.022361731      0.11730378       68.708918       3.0432952      0.96578483     0.055292692     0.031760791   2.0974243e-09        2.104592         2.104592       1390.8283                                                          1380.5304                                                       10.297903
              2       696.65765     0.022361731      0.11730378       68.708918       3.0518369      0.95832398     0.055292692     0.031760791   2.1154168e-09        2.104592         2.104592       1389.1061                                                          1378.8082                                                       10.297903
              5       696.44005     0.022342884      0.11734162       68.660881        3.041091      0.95862085      0.05002395     0.027933858   2.0928064e-09        2.104592         2.104592       1388.6709                                                          1378.3364                                                       10.334563
             25       696.90569     0.022382016      0.11689982       68.946229       3.0416478      0.95807457     0.050525191     0.011911282    2.093972e-09        2.104592         2.104592       1389.6022                                                          1378.9321                                                       10.670135
              3       696.81363      0.02236323      0.11695255       68.948843       3.0410241      0.95847708     0.050318099    0.0059982396   2.0926663e-09        2.104592         2.104592       1389.4181                                                          1378.7314                                                       10.686683
              8       696.75448     0.022367111      0.11701584       68.884765       3.0435895      0.95896217     0.051553745     0.020700892   2.0980417e-09        2.104592         2.104592       1389.2998                                                          1378.7893                                                       10.510502
             12       699.19026     0.022175639      0.11911941       68.207757       3.0365175      0.96202401     0.047039724     0.010667061   2.0832567e-09        2.104592         2.104592       1394.1713                                                          1381.4217                                                       12.749682
              1       699.01359     0.022213511      0.11790967       68.516033       3.0460968      0.96432093     0.053333333      0.03775011   2.1033088e-09        2.104592         2.104592        1393.818                                                          1383.3672                                                       10.450743
              1       698.92831     0.022199315      0.11781219       68.554432       3.0420562      0.96516819     0.051619955     0.035499439   2.0948274e-09        2.104592         2.104592       1393.6474                                                          1383.2973                                                         10.3501
              1       699.66796     0.021914633       0.1170614       68.176586        3.043229      0.97466562     0.056092732     0.066556339   2.0972856e-09        2.104592         2.104592       1395.1267                                                          1384.5251                                                       10.601593
              3       700.24826     0.021914633       0.1170614       68.176586       3.0461134      0.97111631     0.056092732     0.066556339   2.1033436e-09        2.104592         2.104592       1396.2873                                                          1385.6857                                                       10.601593
              1       698.22465      0.02198955      0.11709337       68.497641       3.0497142      0.96744395     0.056944636     0.022346949    2.110931e-09        2.104592         2.104592       1392.2401                                                          1381.9571                                                       10.283009
              7       697.92733     0.022162145      0.11753911       68.174462       3.0452069      0.95895681     0.052035577     0.044839651   2.1014379e-09        2.104592         2.104592       1391.6455                                                          1379.8387                                                        11.80677
              3       698.57171     0.022162145      0.11753911       68.174462        3.050657      0.95475189     0.052035577     0.044839651   2.1129223e-09        2.104592         2.104592       1392.9342                                                          1381.1275                                                        11.80677
              1        698.2344     0.022168003      0.11720243       68.265687        3.051364      0.95649328     0.052961677     0.060238808   2.1144165e-09        2.104592         2.104592       1392.2596                                                          1381.2574                                                       11.002256
              2       697.97526     0.022168003      0.11720243       68.265687       3.0511472      0.95787384     0.052961677     0.060238808   2.1139582e-09        2.104592         2.104592       1391.7413                                                          1380.7391                                                       11.002256
             11       698.57317     0.022168003      0.11720243       68.265687       3.0312347      0.97539111     0.052961677     0.060238808   2.0722803e-09        2.104592         2.104592       1392.9371                                                          1381.9349                                                       11.002256
              9       698.79248     0.022322569      0.11699628       68.463511       3.0263411      0.97128831     0.049276178     0.064973761   2.0621642e-09        2.104592         2.104592       1393.3758                                                          1382.8226                                                       10.553167
              8       700.46192     0.022322569      0.11699628       68.463511       3.0414563      0.96346648     0.049276178     0.064973761   2.0935711e-09        2.104592         2.104592       1396.7147                                                          1386.1615                                                       10.553167
             19       698.97467     0.022322569      0.11699628       68.463511       3.0308137      0.97115818     0.049276178     0.064973761   2.0714081e-09        2.104592         2.104592       1393.7402                                                           1383.187                                                       10.553167
              8       699.47095     0.022322569      0.11699628       68.463511       3.0500972       0.9492039     0.049276178     0.064973761   2.1117397e-09        2.104592         2.104592       1394.7327                                                          1384.1795                                                       10.553167
              1       699.78888     0.022388606      0.11669823        68.49278       3.0551818      0.94685725      0.05148588     0.074311448   2.1225044e-09        2.104592         2.104592       1395.3686                                                          1384.8487                                                       10.519854
              1       698.00841     0.022388606      0.11669823        68.49278       3.0360291      0.96487532      0.05148588     0.074311448   2.0822394e-09        2.104592         2.104592       1391.8076                                                          1381.2878                                                       10.519854
              4       697.27124     0.022328745      0.11686865       68.779066       3.0447783      0.96643263     0.056230135     0.026471002   2.1005373e-09        2.104592         2.104592       1390.3333                                                          1379.9522                                                       10.381131
              8       697.28303     0.022328745      0.11686865       68.779066       3.0447094       0.9665276     0.056230135     0.026471002   2.1003926e-09        2.104592         2.104592       1390.3569                                                          1379.9758                                                       10.381131
              3       697.32558     0.022328745      0.11686865       68.779066       3.0575404      0.95386064     0.056230135     0.026471002   2.1275165e-09        2.104592         2.104592        1390.442                                                          1380.0608                                                       10.381131
              7       697.35467     0.022287026      0.11677133       68.776596       3.0557485      0.95565671     0.055932286     0.027505103   2.1237076e-09        2.104592         2.104592       1390.5002                                                           1380.064                                                         10.4362
              9       697.32845     0.022300429      0.11680385       68.810276       3.0554295      0.95497978     0.055567157     0.021598596   2.1230302e-09        2.104592         2.104592       1390.4477                                                          1379.9721                                                        10.47557
              8       697.27823     0.022300429      0.11680385       68.810276       3.0528145      0.95652637     0.055567157     0.021598596   2.1174858e-09        2.104592         2.104592       1390.3473                                                          1379.8717                                                        10.47557
              1       698.05948     0.022300429      0.11680385       68.810276       3.0518963      0.95592555     0.055567157     0.021598596   2.1155423e-09        2.104592         2.104592       1391.9098                                                          1381.4342                                                        10.47557
              1          698.08     0.022298488       0.1168487       68.775889        3.053847      0.95578286     0.056485513     0.023501697   2.1196732e-09        2.104592         2.104592       1391.9508                                                          1381.5466                                                       10.404238
              4       697.77305      0.02228698      0.11710595       68.796887       3.0536657      0.95549122     0.056121527     0.007781519   2.1192889e-09        2.104592         2.104592       1391.3369                                                          1380.9416                                                       10.395357
             17       698.00872      0.02228698      0.11710595       68.796887       3.0622574      0.95111085     0.056121527     0.007781519   2.1375756e-09        2.104592         2.104592       1391.8083                                                          1381.4129                                                       10.395357
              1       699.88364     0.021997362      0.11739861       68.481183       3.0430886      0.96308634     0.049436898     0.027907089    2.096991e-09        2.104592         2.104592       1395.5581                                                          1385.2736                                                       10.284474
              5       700.22907     0.022026874      0.11736502       68.654754       3.0471653       0.9627905     0.051290335      0.01812216   2.1055574e-09        2.104592         2.104592       1396.2489                                                          1385.8168                                                       10.432136
              7       700.31566     0.022026874      0.11736502       68.654754       3.0474327       0.9623288     0.051290335      0.01812216   2.1061204e-09        2.104592         2.104592       1396.4221                                                            1385.99                                                       10.432136
              7       701.34754     0.022026874      0.11736502       68.654754       3.0476206      0.95949215     0.051290335      0.01812216   2.1065162e-09        2.104592         2.104592       1398.4859                                                          1388.0538                                                       10.432136
              1       698.93742     0.022026874      0.11736502       68.654754        3.041086      0.96816352     0.051290335      0.01812216   2.0927958e-09        2.104592         2.104592       1393.6656                                                          1383.2335                                                       10.432136
              8       698.73944     0.022055388      0.11717106       68.743656       3.0509017       0.9671991     0.056145933     0.016773901   2.1134392e-09        2.104592         2.104592       1393.2697                                                          1382.6059                                                       10.663797
              3       698.76554     0.022000399      0.11712737       68.596887       3.0460766      0.96904794     0.054357319      0.02872524   2.1032663e-09        2.104592         2.104592       1393.3219                                                          1382.9138                                                       10.408133
              9       698.80516     0.022000399      0.11712737       68.596887       3.0463987      0.96889512     0.054357319      0.02872524   2.1039438e-09        2.104592         2.104592       1393.4011                                                           1382.993                                                       10.408133
              2       698.66695     0.022036647      0.11755478       68.691129       3.0449668      0.96664859     0.052620123    0.0016203188   2.1009335e-09        2.104592         2.104592       1393.1247                                                          1382.6989                                                       10.425809
              3       699.68106     0.022036647      0.11755478       68.691129       3.0382057      0.97645241     0.052620123    0.0016203188   2.0867767e-09        2.104592         2.104592       1395.1529                                                          1384.7271                                                       10.425809
              1       700.70899     0.022036647      0.11755478       68.691129       3.0275227      0.98494436     0.052620123    0.0016203188   2.0646024e-09        2.104592         2.104592       1397.2088                                                           1386.783                                                       10.425809
              2       699.52943     0.022036647      0.11755478       68.691129        3.029485      0.98110078     0.052620123    0.0016203188   2.0686577e-09        2.104592         2.104592       1394.8497                                                          1384.4239                                                       10.425809
              1       699.51881      0.02226241      0.11722778       68.755109       3.0230652        0.974725     0.047590022     0.034089928   2.0554197e-09        2.104592         2.104592       1394.8284                                                          1384.4586                                                       10.369863
              9        699.2203     0.022257457      0.11727347        68.79451       3.0221889      0.97457261     0.047110706      0.02407804   2.0536195e-09        2.104592         2.104592       1394.2314                                                          1383.8081                                                       10.423346
              5       699.87654     0.022277932      0.11687211       68.641058        3.022103      0.97476765     0.047447835     0.062376541    2.053443e-09        2.104592         2.104592       1395.5439                                                          1385.2526                                                       10.291248
             13       699.79277     0.022277932      0.11687211       68.641058       3.0383366      0.95771432     0.047447835     0.062376541   2.0870498e-09        2.104592         2.104592       1395.3764                                                          1385.0851                                                       10.291248
             10       699.62712     0.022256969      0.11710171       68.578312       3.0405492      0.95795383     0.048439255     0.059895731   2.0916727e-09        2.104592         2.104592        1395.045                                                          1384.7593                                                       10.285777
             16       698.32468     0.022290293      0.11735294       68.882929       3.0484072      0.95591933     0.051613942     0.013234071   2.1081739e-09        2.104592         2.104592       1392.4402                                                          1381.8917                                                       10.548447
              3       699.88913     0.022430955      0.11711282        68.34818       3.0397406      0.94915101     0.045872318     0.077146766    2.089982e-09        2.104592         2.104592       1395.5691                                                          1384.1749                                                       11.394205
              1        698.8661     0.022396084       0.1174575       68.512977       3.0385683      0.94876048     0.045048408     0.029432767   2.0875334e-09        2.104592         2.104592        1393.523                                                          1382.6374                                                       10.885668
              1       698.85515     0.022388504      0.11757347       68.516821       3.0381199      0.94858736      0.04471193     0.021419204   2.0865977e-09        2.104592         2.104592       1393.5011                                                          1382.5681                                                       10.933046
              3       698.60656     0.022332445      0.11748996       68.460665       3.0371622      0.95102339     0.044982213      0.02943981   2.0846003e-09        2.104592         2.104592       1393.0039                                                           1382.081                                                       10.922969
              1       698.62848     0.022332445      0.11748996       68.460665       3.0383831      0.95320454     0.044982213      0.02943981   2.0871469e-09        2.104592         2.104592       1393.0478                                                          1382.1248                                                       10.922969
              1       698.26503     0.022332445      0.11748996       68.460665       3.0358858       0.9555558     0.044982213      0.02943981   2.0819411e-09        2.104592         2.104592       1392.3209                                                          1381.3979                                                       10.922969
              2       699.32662     0.022309846      0.11667717        68.05015       3.0445795      0.95737986     0.050691693      0.10847555   2.1001198e-09        2.104592         2.104592       1394.4441                                                          1381.9365                                                       12.507536
              4       697.94796     0.022304876       0.1166901       68.360764       3.0510229      0.95951848     0.054176561     0.090572356   2.1136954e-09        2.104592         2.104592       1391.6867                                                          1381.0116                                                       10.675149
              6       696.63891     0.022278436        0.117706       68.479575       3.0512874      0.95713944     0.052965469      0.02022588   2.1142546e-09        2.104592         2.104592       1389.0686                                                          1378.2917                                                       10.776947
              9       696.67005     0.022273442      0.11772264       68.449345       3.0509905      0.95737969      0.05285658     0.023890449   2.1136269e-09        2.104592         2.104592       1389.1309                                                          1378.2607                                                       10.870264
              3       696.72894     0.022323778      0.11806902       68.424494       3.0517576      0.95491794     0.052202378     0.018465248   2.1152489e-09        2.104592         2.104592       1389.2487                                                          1377.9185                                                       11.330191
              7       696.32018     0.022323778      0.11806902       68.424494       3.0440835      0.96103412     0.052202378     0.018465248   2.0990784e-09        2.104592         2.104592       1388.4312                                                           1377.101                                                       11.330191
              2       697.22659     0.022348281      0.11780076       68.389884       3.0339729      0.96050535     0.047247658     0.029966438   2.0779625e-09        2.104592         2.104592        1390.244                                                          1378.7857                                                       11.458311
              4       697.65546     0.022348281      0.11780076       68.389884       3.0386221      0.95779782     0.047247658     0.029966438   2.0876458e-09        2.104592         2.104592       1391.1017                                                          1379.6434                                                       11.458311
              4       698.00854     0.022348281      0.11780076       68.389884       3.0382131      0.95880692     0.047247658     0.029966438   2.0867922e-09        2.104592         2.104592       1391.8079                                                          1380.3496                                                       11.458311
              1       697.86069     0.022283031      0.11698045        68.70452       3.0349224      0.96398826     0.047627558     0.027428367   2.0799365e-09        2.104592         2.104592       1391.5122                                                          1381.1965                                                       10.315706
              2       697.94968     0.022335952      0.11699396       68.791876       3.0358901      0.96202997     0.047523213     0.020208973   2.0819502e-09        2.104592         2.104592       1391.6902                                                          1381.3181                                                       10.372086
              1       698.48502     0.022340764      0.11678278       68.893077       3.0335661      0.96232915     0.046621282     0.015606416   2.0771173e-09        2.104592         2.104592       1392.7609                                                          1382.1376                                                        10.62321
              3       698.34674     0.022328386      0.11688705       68.896708       3.0329654      0.96241417     0.046283874    0.0082625615   2.0758698e-09        2.104592         2.104592       1392.4843                                                           1381.872                                                       10.612324
              2       698.28174     0.022328386      0.11688705       68.896708       3.0320309      0.96319234     0.046283874    0.0082625615   2.0739309e-09        2.104592         2.104592       1392.3543                                                           1381.742                                                       10.612324
              7       698.25738     0.022326811      0.11689182       68.898506       3.0320855      0.96322658     0.046319694     0.007601198   2.0740443e-09        2.104592         2.104592       1392.3056                                                          1381.6877                                                       10.617885
              1       699.88732     0.022326811      0.11689182       68.898506       3.0387279      0.95847275     0.046319694     0.007601198   2.0878667e-09        2.104592         2.104592       1395.5655                                                          1384.9476                                                       10.617885
              7       700.49061     0.022070474      0.11692227        68.31321       3.0366621      0.96874249     0.048108301     0.070560615    2.083558e-09        2.104592         2.104592        1396.772                                                          1386.3128                                                       10.459194
              1       700.49532     0.022067337      0.11697655       68.309734       3.0360748        0.968695     0.047762864     0.067885107   2.0823346e-09        2.104592         2.104592       1396.7815                                                          1386.3014                                                       10.480025
              5       698.79093     0.022067337      0.11697655       68.309734       3.0315083      0.97078695     0.047762864     0.067885107   2.0728474e-09        2.104592         2.104592       1393.3727                                                          1382.8927                                                       10.480025
              4       698.96066      0.02235629      0.11783814       68.160318       3.0381115      0.95574364     0.046392921      0.04967877   2.0865801e-09        2.104592         2.104592       1393.7121                                                          1380.5279                                                       13.184284
              2        700.6479     0.022318896      0.11708172       67.780387       3.0391465      0.95954698     0.048519713      0.13477514   2.0887407e-09        2.104592         2.104592       1397.0866                                                          1381.6195                                                       15.467143
              5       700.89131     0.022314119      0.11726683       67.748342       3.0377936      0.95935684     0.047624721      0.13086343    2.085917e-09        2.104592         2.104592       1397.5734                                                          1381.4798                                                       16.093583
             17       700.32019     0.022321797      0.11823346        67.85148       3.0368704      0.95605696     0.045549148     0.069026439    2.083992e-09        2.104592         2.104592       1396.4312                                                          1379.7128                                                       16.718377
              6       701.70249      0.02225937      0.11974661       67.743597       3.0351489      0.95487594     0.043105619     0.013835483   2.0804075e-09        2.104592         2.104592       1399.1958                                                          1378.5324                                                       20.663346
              1       702.59238      0.02225937      0.11974661       67.743597        3.041686      0.94880333     0.043105619     0.013835483   2.0940519e-09        2.104592         2.104592       1400.9756                                                          1380.3122                                                       20.663346
              3       702.75876     0.022272317      0.11978721       67.746793       3.0412904       0.9482874     0.042713396      0.01310726   2.0932236e-09        2.104592         2.104592       1401.3083                                                          1380.4738                                                       20.834544
              6       702.66328     0.022264413      0.11987177       67.761901       3.0409436      0.94834903     0.042495077    0.0065400217   2.0924978e-09        2.104592         2.104592       1401.1174                                                          1380.4119                                                       20.705489
              2       702.20373     0.022296626      0.11859332       67.763186       3.0419736       0.9518875     0.044770112      0.08139283   2.0946543e-09        2.104592         2.104592       1400.1983                                                          1382.3161                                                       17.882138
              1       702.82522     0.022296626      0.11859332       67.763186       3.0228253        0.965734     0.044770112      0.08139283   2.0549267e-09        2.104592         2.104592       1401.4413                                                          1383.5591                                                       17.882138
             12       702.82967     0.022324719       0.1183415       67.865835       3.0169606      0.96525517     0.041903009     0.078671594   2.0429105e-09        2.104592         2.104592       1401.4502                                                          1385.0425                                                       16.407664
              3       702.36507     0.022323053      0.11858951       67.891075       3.0177247       0.9646488     0.041922937     0.064138801   2.0444721e-09        2.104592         2.104592        1400.521                                                          1383.9948                                                       16.526145
             10       701.29174     0.022314911      0.11871624       67.992025       3.0181431      0.96420563     0.041980475     0.040768473   2.0453278e-09        2.104592         2.104592       1398.3743                                                          1382.7923                                                       15.581997
             10       700.61453     0.022314911      0.11871624       67.992025       3.0195861      0.96480953     0.041980475     0.040768473   2.0482812e-09        2.104592         2.104592       1397.0199                                                          1381.4379                                                       15.581997
              5       700.68595     0.022314911      0.11871624       67.992025       3.0229855       0.9591717     0.041980475     0.040768473    2.055256e-09        2.104592         2.104592       1397.1627                                                          1381.5807                                                       15.581997
              2       703.31573     0.022497119      0.11847791       68.052034        3.020345       0.9527424     0.039016672     0.053079549   2.0498363e-09        2.104592         2.104592       1402.4223                                                          1386.3668                                                       16.055459
              6       702.34152     0.022438491      0.11635694       68.460983       3.0393766       0.9572207     0.052051574     0.065963998   2.0892216e-09        2.104592         2.104592       1400.4739                                                          1389.6924                                                       10.781442
              1       701.20005     0.022250137      0.11665302       68.487129       3.0227557      0.96426232     0.045409534     0.038342178   2.0547838e-09        2.104592         2.104592       1398.1909                                                          1387.7356                                                       10.455346
              2       700.92166     0.022250137      0.11665302       68.487129       3.0206314      0.96817346     0.045409534     0.038342178   2.0504234e-09        2.104592         2.104592       1397.6341                                                          1387.1788                                                       10.455346
              6       700.16525      0.02230205       0.1166853       68.389082       3.0225601      0.96667613     0.045821988     0.059127489   2.0543818e-09        2.104592         2.104592       1396.1213                                                          1385.3574                                                       10.763964
             10        699.4002     0.022297935      0.11712169       68.485057        3.034131      0.96490121     0.050905621     0.022702292   2.0782909e-09        2.104592         2.104592       1394.5912                                                          1383.8811                                                       10.710123
              2       698.97234     0.022317235      0.11735195       68.349029       3.0463915      0.96364137      0.05649105     0.035946495   2.1039287e-09        2.104592         2.104592       1393.7355                                                          1382.3466                                                       11.388914
              5       699.07882     0.022319021      0.11728493       68.323889       3.0463666      0.96373919     0.056560275     0.042206767   2.1038763e-09        2.104592         2.104592       1393.9485                                                          1382.4777                                                       11.470791
              4       699.93231     0.022140569      0.11769344       67.894892       3.0414175      0.96910531     0.055369348     0.062042308   2.0934897e-09        2.104592         2.104592       1395.6554                                                          1381.4555                                                       14.199943
              1       701.71214     0.022169026      0.11779261       67.930649       3.0303584      0.96701638     0.049285039     0.043158744   2.0704651e-09        2.104592         2.104592       1399.2151                                                          1384.8022                                                       14.412912
              2       701.86965     0.022197177      0.11785801       68.130183       3.0231475      0.96591834     0.045283125     0.015380499    2.055589e-09        2.104592         2.104592       1399.5301                                                           1386.584                                                       12.946165
              3       701.95908     0.022197177      0.11785801       68.130183       3.0226933      0.96629201     0.045283125     0.015380499   2.0546555e-09        2.104592         2.104592        1399.709                                                          1386.7628                                                       12.946165
             12       701.95047     0.022197177      0.11785801       68.130183       3.0227756      0.96609955     0.045283125     0.015380499   2.0548247e-09        2.104592         2.104592       1399.6917                                                          1386.7456                                                       12.946165
              3        702.4904     0.022197177      0.11785801       68.130183       3.0404299      0.95013685     0.045283125     0.015380499   2.0914233e-09        2.104592         2.104592       1400.7716                                                          1387.8254                                                       12.946165
              5       702.11803      0.02220229      0.11725947       68.097182       3.0425875      0.95176454     0.047250016     0.050477883   2.0959405e-09        2.104592         2.104592       1400.0269                                                           1387.543                                                       12.483907
              1       702.42149     0.021767426      0.11874793       67.865821       3.0459251      0.96583228     0.051563139    0.0012572871   2.1029476e-09        2.104592         2.104592       1400.6338                                                          1387.3126                                                        13.32118
              5        701.6028     0.021767426      0.11874793       67.865821       3.0416524      0.96941041     0.051563139    0.0012572871   2.0939816e-09        2.104592         2.104592       1398.9964                                                          1385.6752                                                        13.32118
              3       702.37595     0.021767426      0.11874793       67.865821       3.0447386      0.96614057     0.051563139    0.0012572871    2.100454e-09        2.104592         2.104592       1400.5427                                                          1387.2215                                                        13.32118
              8       700.87828     0.022103514      0.11572034       68.818355       3.0558639      0.96345813     0.058327175      0.06413922   2.1239526e-09        2.104592         2.104592       1397.5474                                                          1385.8466                                                       11.700759
              1       700.17643     0.022103514      0.11572034       68.818355       3.0523426      0.97019561     0.058327175      0.06413922   2.1164867e-09        2.104592         2.104592       1396.1437                                                          1384.4429                                                       11.700759
              3         700.126     0.022094822      0.11581475       68.818741       3.0528851      0.97029356     0.058551366     0.059602379   2.1176352e-09        2.104592         2.104592       1396.0428                                                          1384.3815                                                       11.661348
              1       700.12261     0.022096093      0.11580662       68.796921       3.0535303      0.97021967     0.058867648     0.062584422   2.1190019e-09        2.104592         2.104592        1396.036                                                           1384.497                                                       11.538998
              7       699.69208     0.022096093      0.11580662       68.796921       3.0505746      0.97255525     0.058867648     0.062584422    2.112748e-09        2.104592         2.104592        1395.175                                                           1383.636                                                       11.538998
             12       699.59631     0.022087725      0.11589649       68.848743       3.0490946      0.97269245     0.058086996     0.051395169   2.1096235e-09        2.104592         2.104592       1394.9834                                                          1383.1911                                                       11.792374
              1       697.33812     0.022151869      0.11704639       68.513146       3.0407587      0.96749613     0.051485315     0.045823967    2.092111e-09        2.104592         2.104592       1390.4671                                                          1380.1746                                                       10.292504
              6       697.93169     0.022151869      0.11704639       68.513146       3.0378154      0.97137347     0.051485315     0.045823967   2.0859624e-09        2.104592         2.104592       1391.6542                                                          1381.3617                                                       10.292504
              1       697.68672     0.022143276      0.11731158       68.625281       3.0377459      0.97086908     0.051124183     0.017470285   2.0858174e-09        2.104592         2.104592       1391.1643                                                          1380.8761                                                       10.288136
              6       699.18296     0.022143276      0.11731158       68.625281       3.0424535      0.96803445     0.051124183     0.017470285   2.0956596e-09        2.104592         2.104592       1394.1567                                                          1383.8686                                                       10.288136
             11       697.09451     0.022143276      0.11731158       68.625281       3.0450087      0.96169188     0.051124183     0.017470285   2.1010214e-09        2.104592         2.104592       1389.9798                                                          1379.6917                                                       10.288136
              8       699.10366     0.022057821      0.11781693       68.540022       3.0326987      0.96501317     0.045280294      0.01017682   2.0753164e-09        2.104592         2.104592       1393.9981                                                          1383.7005                                                       10.297676
              8       699.35125     0.022073071      0.11784186       68.425421       3.0298784      0.96435678     0.043662119     0.023551826   2.0694717e-09        2.104592         2.104592       1394.4933                                                           1384.013                                                       10.480361
              8        697.9022     0.022087512      0.11851394         68.2017       3.0489768      0.96092984      0.05191518     0.017719292   2.1093749e-09        2.104592         2.104592       1391.5952                                                          1379.6757                                                       11.919487
              2       698.12668     0.022087512      0.11851394         68.2017       3.0475264      0.96371236      0.05191518     0.017719292   2.1063179e-09        2.104592         2.104592       1392.0442                                                          1380.1247                                                       11.919487
              9       697.65325     0.022087512      0.11851394         68.2017        3.037935      0.97129689      0.05191518     0.017719292   2.0862118e-09        2.104592         2.104592       1391.0973                                                          1379.1778                                                       11.919487
              7       697.45128     0.022087512      0.11851394         68.2017       3.0389917      0.96897974      0.05191518     0.017719292   2.0884175e-09        2.104592         2.104592       1390.6934                                                          1378.7739                                                       11.919487
              3       700.41814     0.022087512      0.11851394         68.2017       3.0307789      0.97322205      0.05191518     0.017719292    2.071336e-09        2.104592         2.104592       1396.6271                                                          1384.7076                                                       11.919487
              6       700.38527     0.022087512      0.11851394         68.2017       3.0318582      0.97193732      0.05191518     0.017719292   2.0735728e-09        2.104592         2.104592       1396.5614                                                          1384.6419                                                       11.919487
              2       697.60994     0.022087512      0.11851394         68.2017       3.0375358      0.97020546      0.05191518     0.017719292   2.0853792e-09        2.104592         2.104592       1391.0107                                                          1379.0912                                                       11.919487
              5       697.61133     0.022090563      0.11852015       68.206174       3.0375738      0.97011628     0.051896267     0.017514095   2.0854585e-09        2.104592         2.104592       1391.0135                                                          1379.1075                                                       11.906013
              6        697.8673     0.022090563      0.11852015       68.206174       3.0365092      0.97044898     0.051896267     0.017514095   2.0832395e-09        2.104592         2.104592       1391.5254                                                          1379.6194                                                       11.906013
             11       697.78924     0.022090563      0.11852015       68.206174       3.0453935      0.96533451     0.051896267     0.017514095     2.10183e-09        2.104592         2.104592       1391.3693                                                          1379.4633                                                       11.906013
             15       697.64179     0.022090563      0.11852015       68.206174        3.045626      0.96467009     0.051896267     0.017514095   2.1023188e-09        2.104592         2.104592       1391.0744                                                          1379.1684                                                       11.906013
              5       697.59316     0.022091514      0.11856467       68.211041       3.0456699      0.96446409     0.051833889     0.014395681   2.1024111e-09        2.104592         2.104592       1390.9771                                                          1379.0503                                                        11.92687
              1       697.72762     0.022091514      0.11856467       68.211041       3.0415178      0.96887175     0.051833889     0.014395681   2.0936998e-09        2.104592         2.104592        1391.246                                                          1379.3192                                                        11.92687
              2       698.33744     0.022249744      0.11862291       68.471955        3.055849      0.96364843     0.057298449    0.0030462241    2.123921e-09        2.104592         2.104592       1392.4657                                                          1381.4086                                                       11.057074
              1        699.0574     0.022379473      0.11775056       68.720762       3.0635719      0.96142464      0.06112727     0.026017571   2.1403874e-09        2.104592         2.104592       1393.9056                                                          1383.5947                                                       10.310939
              1       698.41105     0.022481791      0.11783751       68.530231        3.065309      0.95557517     0.060550705     0.035579498   2.1441087e-09        2.104592         2.104592       1392.6129                                                          1381.4837                                                       11.129207
              4       698.19182     0.022481791      0.11783751       68.530231       3.0623105      0.95637815     0.060550705     0.035579498   2.1376892e-09        2.104592         2.104592       1392.1744                                                          1381.0452                                                       11.129207
              7       698.12098     0.022483592      0.11789663       68.545822       3.0623575      0.95611905     0.060460264      0.03066078   2.1377896e-09        2.104592         2.104592       1392.0328                                                          1380.9212                                                       11.111571
             12       698.03489     0.022483592      0.11789663       68.545822         3.06601       0.9537903     0.060460264      0.03066078   2.1456122e-09        2.104592         2.104592       1391.8606                                                           1380.749                                                       11.111571
              9        697.2185     0.022296977      0.11780443       68.736172       3.0604159      0.96147201     0.059878283   0.00043264342   2.1336429e-09        2.104592         2.104592       1390.2278                                                          1379.9283                                                        10.29953
             26       697.49624     0.022321969      0.11749388       68.618048       3.0610845      0.96161342     0.060445418     0.034309149     2.13507e-09        2.104592         2.104592       1390.7833                                                          1380.4241                                                       10.359192
              8       697.48703     0.022321969      0.11749388       68.618048        3.061732      0.96098456     0.060445418     0.034309149   2.1364528e-09        2.104592         2.104592       1390.7649                                                          1380.4057                                                       10.359192
              1       698.64812     0.022321969      0.11749388       68.618048       3.0574495      0.96692651     0.060445418     0.034309149    2.127323e-09        2.104592         2.104592       1393.0871                                                          1382.7279                                                       10.359192
              1       699.87973     0.022416543      0.11630136       68.993384        3.053302      0.96710954     0.059229569     0.051663901   2.1185183e-09        2.104592         2.104592       1395.5503                                                           1384.393                                                       11.157323
              1       699.26351     0.022416543      0.11630136       68.993384       3.0599208      0.96015109     0.059229569     0.051663901   2.1325867e-09        2.104592         2.104592       1394.3178                                                          1383.1605                                                       11.157323
              7       699.97822     0.022319353      0.11744134       68.450376       3.0638065      0.96139969     0.060558019     0.070211302   2.1408895e-09        2.104592         2.104592       1395.7473                                                          1385.1047                                                       10.642544
              2       699.91195     0.022505722      0.11758997       68.462465       3.0654601      0.95375929     0.059103735     0.072441679   2.1444326e-09        2.104592         2.104592       1395.6147                                                          1384.4136                                                       11.201132
              6       699.80731     0.022470977      0.11669797       68.447885       3.0645001      0.95653521     0.060264954      0.10320289    2.142375e-09        2.104592         2.104592       1395.4054                                                           1384.697                                                       10.708412
              1       702.16442     0.022470977      0.11669797       68.447885       3.0608415      0.95433292     0.060264954      0.10320289   2.1345511e-09        2.104592         2.104592       1400.1197                                                          1389.4112                                                       10.708412
              8       699.30295     0.022110371        0.117095       68.555352       3.0532379      0.96644377     0.059729265       0.0404474   2.1183824e-09        2.104592         2.104592       1394.3967                                                          1384.1135                                                       10.283246
              1       698.54153     0.022109755      0.11735683       68.542559       3.0512405      0.96559855     0.058315507     0.027570955   2.1141554e-09        2.104592         2.104592       1392.8739                                                          1382.5892                                                       10.284719
              5       698.32334     0.022115623      0.11741596       68.560843       3.0529033      0.96480757     0.058947105     0.019235941   2.1176737e-09        2.104592         2.104592       1392.4375                                                          1382.1506                                                       10.286881
              3       698.00184     0.022226645      0.11761304       68.393447       3.0497415      0.96041603     0.055888767     0.041098898   2.1109886e-09        2.104592         2.104592       1391.7945                                                          1380.9686                                                       10.825852
              3       697.95113     0.022256084      0.11723379       68.509146       3.0470486      0.96031722     0.054800685     0.044695443   2.1053117e-09        2.104592         2.104592       1391.6931                                                          1381.2692                                                       10.423832
              4       698.51743     0.022256084      0.11723379       68.509146       3.0481016      0.95873139     0.054800685     0.044695443   2.1075296e-09        2.104592         2.104592       1392.8257                                                          1382.4018                                                       10.423832
              3       698.24293      0.02219981        0.117543       68.462071       3.0512291      0.95958976     0.056456459     0.029393079   2.1141312e-09        2.104592         2.104592       1392.2767                                                          1381.7242                                                       10.552513
              1       698.28062      0.02218303      0.11757076       68.474668       3.0530675      0.95991652     0.057491085     0.023655905   2.1180215e-09        2.104592         2.104592        1392.352                                                          1381.8402                                                       10.511804
              3       697.04322      0.02218303      0.11757076       68.474668       3.0594851      0.95736609     0.057491085     0.023655905   2.1316578e-09        2.104592         2.104592       1389.8773                                                          1379.3655                                                       10.511804
              4       697.03946     0.022191931       0.1175627       68.487908       3.0599756      0.95709866     0.057657342     0.023571605   2.1327036e-09        2.104592         2.104592       1389.8697                                                          1379.3783                                                       10.491449
              1       697.79749     0.022103863      0.11747898        68.42918        3.061564        0.960545     0.059529252     0.028683877   2.1360939e-09        2.104592         2.104592       1391.3858                                                          1380.9342                                                       10.451617
             11       697.85428     0.022103863      0.11747898        68.42918       3.0605195      0.96395796     0.059529252     0.028683877    2.133864e-09        2.104592         2.104592       1391.4994                                                          1381.0478                                                       10.451617
              3       697.65921     0.022103863      0.11747898        68.42918       3.0517321      0.97203585     0.059529252     0.028683877    2.115195e-09        2.104592         2.104592       1391.1092                                                          1380.6576                                                       10.451617
              2       697.85981     0.022092707      0.11728316       68.621975       3.0520349      0.97305966      0.06011152     0.013218497   2.1158356e-09        2.104592         2.104592       1391.5104                                                           1381.206                                                         10.3044
              6        697.5865     0.022092707      0.11728316       68.621975       3.0515818      0.97083911      0.06011152     0.013218497   2.1148771e-09        2.104592         2.104592       1390.9638                                                          1380.6594                                                         10.3044
              7       697.83925     0.022092707      0.11728316       68.621975       3.0514656      0.97009216      0.06011152     0.013218497   2.1146314e-09        2.104592         2.104592       1391.4693                                                          1381.1649                                                         10.3044
              3       698.50491     0.022092707      0.11728316       68.621975       3.0642798      0.95915444      0.06011152     0.013218497   2.1419031e-09        2.104592         2.104592       1392.8006                                                          1382.4962                                                         10.3044
              3        698.4967      0.02209412      0.11728741       68.626284       3.0643593      0.95908143     0.060128468     0.012506484   2.1420734e-09        2.104592         2.104592       1392.7842                                                          1382.4777                                                       10.306553
              5       698.49236       0.0220656      0.11696306       68.665805       3.0537002       0.9598249     0.055463614    0.0043754421    2.119362e-09        2.104592         2.104592       1392.7755                                                          1382.3582                                                       10.417325
              7       697.74126       0.0220656      0.11696306       68.665805       3.0506376      0.96359487     0.055463614    0.0043754421   2.1128812e-09        2.104592         2.104592       1391.2733                                                           1380.856                                                       10.417325
              1       697.75534     0.022062863      0.11699169       68.652418       3.0440263      0.96358765     0.052135294    0.0019249429   2.0989584e-09        2.104592         2.104592       1391.3015                                                          1380.9125                                                       10.389004
             16       698.19803     0.022062863      0.11699169       68.652418        3.030129      0.97532692     0.052135294    0.0019249429   2.0699903e-09        2.104592         2.104592       1392.1869                                                          1381.7979                                                       10.389004
              3       697.44536     0.022078684      0.11750453        68.53883       3.0308378      0.97482012     0.051696728    0.0092436742   2.0714579e-09        2.104592         2.104592       1390.6815                                                          1380.3827                                                       10.298803
             12       697.29653     0.022078684      0.11750453        68.53883       3.0314306       0.9744766     0.051696728    0.0092436742   2.0726864e-09        2.104592         2.104592       1390.3839                                                          1380.0851                                                       10.298803
             30       697.28837     0.022078684      0.11750453        68.53883       3.0312397      0.97508877     0.051696728    0.0092436742   2.0722907e-09        2.104592         2.104592       1390.3676                                                          1380.0688                                                       10.298803
             10       697.50227     0.022078684      0.11750453        68.53883        3.035296      0.97426428     0.051696728    0.0092436742   2.0807135e-09        2.104592         2.104592       1390.7954                                                          1380.4965                                                       10.298803
              3       697.77623     0.022058816      0.11756692       68.546568       3.0381147      0.97534441     0.053285122     0.010204118   2.0865867e-09        2.104592         2.104592       1391.3433                                                          1381.0579                                                       10.285363
              3       699.16355     0.022055767      0.11684491       68.324184       3.0406073       0.9777484     0.055713569     0.076209197   2.0917943e-09        2.104592         2.104592       1394.1179                                                          1383.7273                                                       10.390607
              1       698.29581      0.02224843      0.11756232       68.144573        3.043883      0.96613677      0.05388133     0.054962639   2.0986576e-09        2.104592         2.104592       1392.3824                                                          1379.9678                                                       12.414648
              4       699.12883     0.022178528      0.11710049       68.274986       3.0428274      0.96899416     0.054707709     0.044089766   2.0964435e-09        2.104592         2.104592       1394.0485                                                          1382.9473                                                       11.101152
              2       698.37745      0.02213466      0.11710246        68.34735       3.0429714      0.97130999     0.055329933     0.038791086   2.0967454e-09        2.104592         2.104592       1392.5457                                                          1381.8792                                                       10.666558
              3       698.35483     0.022375844      0.11678346       68.879196       3.0375216      0.96433016     0.050605181     0.012390396   2.0853495e-09        2.104592         2.104592       1392.5005                                                          1381.9753                                                       10.525187
              4       697.69559     0.022375844      0.11678346       68.879196       3.0393328      0.96165302     0.050605181     0.012390396   2.0891299e-09        2.104592         2.104592        1391.182                                                          1380.6568                                                       10.525187
              5       697.50508     0.022388579      0.11673174       68.893267       3.0398637      0.96198183     0.050887286     0.020912298   2.0902393e-09        2.104592         2.104592        1390.801                                                          1380.2355                                                       10.565487
              1       697.47093     0.022388579      0.11673174       68.893267       3.0387995      0.96266612     0.050887286     0.020912298   2.0880161e-09        2.104592         2.104592       1390.7327                                                          1380.1672                                                       10.565487
              2       697.98245     0.022444283      0.11668193       68.981075       3.0414368      0.96034728      0.05163774     0.012929386   2.0935302e-09        2.104592         2.104592       1391.7557                                                          1381.0276                                                       10.728159
              2        697.7369     0.022451149      0.11714192       68.550413       3.0531907      0.95845467     0.056697782     0.047276226   2.1182824e-09        2.104592         2.104592       1391.2646                                                          1380.5598                                                       10.704781
              5       697.51763     0.022451149      0.11714192       68.550413       3.0552313      0.95573419     0.056697782     0.047276226   2.1226095e-09        2.104592         2.104592       1390.8261                                                          1380.1213                                                       10.704781
              1       698.93531     0.022536827      0.11690719       68.495784       3.0432722      0.95524146     0.050374232     0.088268698   2.0973761e-09        2.104592         2.104592       1393.6614                                                          1382.8183                                                       10.843173
              3       698.32954     0.022496899       0.1166744         68.6522        3.039544      0.95726597     0.049287494     0.073962362   2.0895712e-09        2.104592         2.104592       1392.4499                                                           1382.102                                                       10.347938
              1       698.08301      0.02247223      0.11666343       68.714766       3.0392238      0.95840613     0.049433101     0.066593563   2.0889023e-09        2.104592         2.104592       1391.9568                                                          1381.6565                                                       10.300336
              4       698.36105     0.022410057      0.11667599       68.741074       3.0285539      0.96037654     0.044710018     0.051311385   2.0667325e-09        2.104592         2.104592       1392.5129                                                          1382.1907                                                       10.322214
              7       696.71297     0.022271556      0.11737228       68.675656       3.0324506      0.96216903     0.046925606    0.0037514757   2.0748014e-09        2.104592         2.104592       1389.2168                                                          1378.8863                                                       10.330481
              8       696.57709     0.022377058      0.11704688       68.715789       3.0475049      0.95975294     0.053891337     0.032929917   2.1062726e-09        2.104592         2.104592        1388.945                                                          1378.6348                                                       10.310198
              1       696.62475     0.022301453      0.11873543       68.254508       3.0498373      0.95752066      0.05323058    0.0042986107    2.111191e-09        2.104592         2.104592       1389.0403                                                          1376.0258                                                       13.014568
              1       696.78561     0.022301453      0.11873543       68.254508        3.050461      0.95784854      0.05323058    0.0042986107   2.1125081e-09        2.104592         2.104592        1389.362                                                          1376.3475                                                       13.014568
             20       697.30389     0.022332234      0.11854487       68.186972       3.0489228      0.95701278     0.052396301     0.021275878   2.1092612e-09        2.104592         2.104592       1390.3986                                                          1376.8267                                                       13.571891
              6        697.5948     0.022332234      0.11854487       68.186972       3.0542345      0.95207609     0.052396301     0.021275878   2.1204946e-09        2.104592         2.104592       1390.9804                                                          1377.4085                                                       13.571891
              2       697.59698     0.022341471      0.11843562       68.197059       3.0544867      0.95204218     0.052591949     0.025933448   2.1210296e-09        2.104592         2.104592       1390.9848                                                          1377.5909                                                       13.393859
              1       697.95502     0.022350245      0.11839903       68.130364       3.0553231      0.95179352     0.052969506     0.036854664   2.1228044e-09        2.104592         2.104592       1391.7009                                                          1377.7077                                                       13.993115
              5         698.296     0.022350245      0.11839903       68.130364       3.0579689      0.94777997     0.052969506     0.036854664   2.1284284e-09        2.104592         2.104592       1392.3828                                                          1378.3897                                                       13.993115
              1       697.60776     0.022335138      0.11804548       68.339258       3.0478146      0.94964461     0.048630922     0.025441922    2.106925e-09        2.104592         2.104592       1391.0063                                                          1379.1203                                                       11.886047
              2       697.71606     0.022335138      0.11804548       68.339258       3.0384036      0.96129759     0.048630922     0.025441922   2.0871897e-09        2.104592         2.104592       1391.2229                                                          1379.3369                                                       11.886047
              3       698.13173     0.022335138      0.11804548       68.339258       3.0298133      0.96620134     0.048630922     0.025441922   2.0693369e-09        2.104592         2.104592       1392.0543                                                          1380.1682                                                       11.886047
              4       698.12739     0.022336046      0.11804333       68.341142        3.029872      0.96617441     0.048653891     0.025395898   2.0694584e-09        2.104592         2.104592       1392.0456                                                          1380.1693                                                       11.876294
              4       698.18002     0.022338052      0.11826489       68.284831       3.0327129      0.96535267     0.049697616     0.021956567   2.0753459e-09        2.104592         2.104592       1392.1509                                                          1379.6608                                                       12.490062
              3       698.16583     0.022289192      0.11836467       68.244429       3.0293585      0.96725285     0.048433909     0.021498571   2.0683959e-09        2.104592         2.104592       1392.1225                                                          1379.5211                                                       12.601322
              5       697.00082     0.022289192      0.11836467       68.244429       3.0428231      0.95569506     0.048433909     0.021498571   2.0964344e-09        2.104592         2.104592       1389.7924                                                          1377.1911                                                       12.601322
              2       697.00034      0.02228353      0.11832617       68.230245       3.0434336       0.9559579     0.048854256     0.024371116   2.0977147e-09        2.104592         2.104592       1389.7915                                                          1377.1543                                                       12.637176
              2       697.01685     0.022261813       0.1184911       68.214306       3.0427171      0.95619363     0.048463183     0.015683183   2.0962122e-09        2.104592         2.104592       1389.8245                                                           1376.971                                                       12.853537
              5       698.22451     0.022261813       0.1184911       68.214306       3.0463367      0.95497753     0.048463183     0.015683183   2.1038134e-09        2.104592         2.104592       1392.2398                                                          1379.3863                                                       12.853537
             13       698.41694     0.022177304      0.11861268       68.122519        3.048166      0.95693598     0.050011447    0.0076020294   2.1076654e-09        2.104592         2.104592       1392.6247                                                          1379.2416                                                        13.38312
             17       698.56608     0.022177304      0.11861268       68.122519       3.0480446       0.9517662     0.050011447    0.0076020294   2.1074097e-09        2.104592         2.104592        1392.923                                                          1379.5399                                                        13.38312
              7        698.4176     0.022177304      0.11861268       68.122519       3.0322083      0.96718685     0.050011447    0.0076020294    2.074299e-09        2.104592         2.104592        1392.626                                                          1379.2429                                                        13.38312
              6       697.23189     0.022177304      0.11861268       68.122519       3.0377457      0.96371786     0.050011447    0.0076020294   2.0858171e-09        2.104592         2.104592       1390.2546                                                          1376.8715                                                        13.38312
              4       697.15362     0.022143053      0.11822762       68.153947       3.0362063      0.96618879      0.05022079     0.020036317   2.0826084e-09        2.104592         2.104592       1390.0981                                                          1377.6284                                                       12.469698
              1        697.0606     0.022137111      0.11815682       68.205076       3.0364482      0.96632162     0.050483511     0.013550533   2.0831124e-09        2.104592         2.104592        1389.912                                                           1377.856                                                       12.056041
              2       696.99772     0.022137111      0.11815682       68.205076       3.0410611      0.96305465     0.050483511     0.013550533   2.0927438e-09        2.104592         2.104592       1389.7863                                                          1377.7302                                                       12.056041
              1       697.88539     0.022152405      0.11646934       68.565217        3.047043      0.96669351     0.055695907      0.04419617   2.1052999e-09        2.104592         2.104592       1391.5616                                                          1381.2527                                                       10.308854
              1       697.87744     0.022215853      0.11652445       68.745729         3.05928      0.96415142     0.060508528     0.039814357   2.1312207e-09        2.104592         2.104592       1391.5457                                                          1380.9972                                                       10.548531
              1       698.52098     0.022372921      0.11656802       68.725867       3.0669203      0.95872965     0.062977106     0.050343968   2.1475662e-09        2.104592         2.104592       1392.8328                                                          1382.4964                                                       10.336364
              3       699.10882     0.022372921      0.11656802       68.725867       3.0582327       0.9667695     0.062977106     0.050343968   2.1289898e-09        2.104592         2.104592       1394.0085                                                          1383.6721                                                       10.336364
              1       699.09912     0.022372921      0.11656802       68.725867       3.0581662      0.96674643     0.062977106     0.050343968   2.1288483e-09        2.104592         2.104592        1393.989                                                          1383.6527                                                       10.336364
              3       699.21644     0.022373145      0.11665813       68.791349       3.0608746      0.96612853      0.06398241     0.040562514   2.1346219e-09        2.104592         2.104592       1394.2237                                                          1383.8195                                                       10.404234
              3         700.004      0.02255801       0.1167869       68.837748       3.0584195      0.96146125      0.06136529     0.050268922   2.1293876e-09        2.104592         2.104592       1395.7988                                                          1385.4615                                                       10.337287
              1       700.06242     0.022479375      0.11783405       68.403178       3.0569859      0.96238618     0.059699131     0.064570812   2.1263371e-09        2.104592         2.104592       1395.9157                                                          1384.2966                                                        11.61906
              5       698.67076     0.022331186       0.1182432       68.336143       3.0405161      0.96714696     0.052448909     0.043479372   2.0916035e-09        2.104592         2.104592       1393.1323                                                          1381.3768                                                       11.755506
              2        698.4943     0.022338737      0.11822575       68.361955       3.0405967      0.96685486     0.052451629     0.040782774   2.0917722e-09        2.104592         2.104592       1392.7794                                                          1381.1494                                                       11.630003
              3       697.47863     0.022188523      0.11740309       68.451229       3.0381028      0.97293807     0.053673768      0.04453176   2.0865619e-09        2.104592         2.104592       1390.7481                                                          1380.2763                                                        10.47177
              1        698.8258     0.022377234      0.11632135         69.0135       3.0486748      0.96833477     0.058711444     0.031608521   2.1087381e-09        2.104592         2.104592       1393.4424                                                          1382.1707                                                       11.271768
              1       700.67257     0.022377234      0.11632135         69.0135       3.0488169      0.97105751     0.058711444     0.031608521   2.1090378e-09        2.104592         2.104592        1397.136                                                          1385.8642                                                       11.271768
              2       700.80489     0.022351292      0.11627592       69.090533       3.0475559      0.97219353     0.058271012     0.026047544   2.1063799e-09        2.104592         2.104592       1397.4006                                                          1385.5496                                                       11.850962
              2       700.44682     0.022409766      0.11665783       69.052248       3.0489928      0.96950256     0.057913031     0.021511051   2.1094088e-09        2.104592         2.104592       1396.6845                                                           1385.511                                                       11.173503
              3        699.2104     0.022409766      0.11665783       69.052248        3.052356      0.96557713     0.057913031     0.021511051   2.1165151e-09        2.104592         2.104592       1394.2116                                                          1383.0381                                                       11.173503
              1       699.88041     0.022391484       0.1165483       69.133596       3.0461152      0.96765672     0.055213103     0.022955449   2.1033474e-09        2.104592         2.104592       1395.5516                                                          1383.7405                                                       11.811183
              2       699.93247     0.022397766      0.11655309       69.139989       3.0464364      0.96744407     0.055303601     0.022773147   2.1040233e-09        2.104592         2.104592       1395.6558                                                          1383.8323                                                       11.823446
              1       699.69317     0.022410629      0.11660856       69.143697       3.0450455      0.96686506     0.054506917     0.018445758   2.1010987e-09        2.104592         2.104592       1395.1772                                                           1383.451                                                       11.726162
              3       699.54817     0.022429156      0.11667649       69.125297       3.0454453      0.96603881      0.05448302     0.018005423   2.1019388e-09        2.104592         2.104592       1394.8871                                                          1383.3955                                                        11.49162
              1       699.52065     0.022427574      0.11669648       69.122301       3.0457316      0.96600558     0.054590766     0.017597137   2.1025407e-09        2.104592         2.104592       1394.8321                                                          1383.3645                                                       11.467625
              2       698.01722      0.02231266      0.11712677         68.7722       3.0396294      0.96859838     0.052174972     0.024921275   2.0897498e-09        2.104592         2.104592       1391.8253                                                          1381.4783                                                        10.34693
             12       698.80518     0.022279498      0.11803628        68.65343       3.0288499      0.96858213     0.045934607    0.0038784997   2.0673442e-09        2.104592         2.104592       1393.4012                                                          1383.0227                                                       10.378472
              4        699.9319     0.022279498      0.11803628        68.65343       3.0202342      0.97524927     0.045934607    0.0038784997   2.0496092e-09        2.104592         2.104592       1395.6546                                                          1385.2762                                                       10.378472
              2       699.38756     0.022279498      0.11803628        68.65343       3.0244328      0.97239797     0.045934607    0.0038784997   2.0582326e-09        2.104592         2.104592       1394.5659                                                          1384.1875                                                       10.378472
              1       699.27666      0.02227751       0.1181419       68.575285       3.0261034      0.97211858     0.046600802     0.009025818   2.0616741e-09        2.104592         2.104592       1394.3441                                                          1383.7823                                                       10.561813
              3       699.61173       0.0221957      0.11813354       68.618477       3.0266906      0.97449656     0.047328422    0.0016838426    2.062885e-09        2.104592         2.104592       1395.0143                                                          1384.6646                                                        10.34968
              4       699.88103     0.022163101      0.11813785       68.587598       3.0248967      0.97570613     0.046728539    0.0034054364   2.0591876e-09        2.104592         2.104592       1395.5529                                                          1385.1927                                                       10.360176
              5       700.04609     0.022163101      0.11813785       68.587598       3.0230579      0.97703653     0.046728539    0.0034054364   2.0554047e-09        2.104592         2.104592        1395.883                                                          1385.5228                                                       10.360176
              5       700.93163     0.022280126      0.11827452       68.167265       3.0203893      0.97375711     0.045027254     0.045532107   2.0499271e-09        2.104592         2.104592       1397.6541                                                          1384.7732                                                       12.880858
              1       699.78973     0.022290949        0.117505       68.423445       3.0230759      0.97497217     0.047287363     0.047147063   2.0554418e-09        2.104592         2.104592       1395.3703                                                          1384.5468                                                       10.823484
              2       697.20586     0.022290949        0.117505       68.423445         3.03177      0.96486082     0.047287363     0.047147063   2.0733898e-09        2.104592         2.104592       1390.2025                                                           1379.379                                                       10.823484
              3       697.93185     0.022438686      0.11740314       68.503926        3.044501      0.96040385     0.052193186     0.064024678    2.099955e-09        2.104592         2.104592       1391.6545                                                           1380.874                                                       10.780548
              2       697.95941     0.022438686      0.11740314       68.503926       3.0457773      0.95964879     0.052193186     0.064024678   2.1026368e-09        2.104592         2.104592       1391.7096                                                          1380.9291                                                       10.780548
              1       698.60697      0.02247431      0.11761099       68.417552       3.0466755      0.95824003     0.052087619     0.069980487   2.1045264e-09        2.104592         2.104592       1393.0048                                                           1381.634                                                       11.370736
              1       698.68385     0.022506704      0.11853212       68.410692       3.0455726      0.95447499     0.049793684     0.033769512   2.1022064e-09        2.104592         2.104592       1393.1585                                                          1380.8031                                                       12.355398
              2       700.04533     0.022687249      0.11790529       68.711765       3.0493173      0.95061556      0.05115558     0.039316539   2.1100935e-09        2.104592         2.104592       1395.8815                                                          1384.9542                                                       10.927229
              6       700.56432      0.02268793      0.11772768       68.884983       3.0615135       0.9498913     0.056823145     0.033028999   2.1359861e-09        2.104592         2.104592       1396.9195                                                          1386.5275                                                       10.392001
              4       697.20646     0.022438072      0.11766806       68.474372       3.0564668      0.95604148     0.056822705      0.03782023   2.1252335e-09        2.104592         2.104592       1390.2037                                                          1378.9958                                                       11.207921
              6       696.84033      0.02233639      0.11686753       68.664297        3.045511      0.96288983     0.053587555      0.04853619   2.1020771e-09        2.104592         2.104592       1389.4715                                                          1379.1787                                                        10.29276
              1       696.93823      0.02233639      0.11686753       68.664297       3.0501608      0.95790894     0.053587555      0.04853619   2.1118741e-09        2.104592         2.104592       1389.6673                                                          1379.3745                                                        10.29276
              2       697.28905     0.022368617       0.1165763       68.698127       3.0489556      0.95731816     0.053378977     0.050457563   2.1093304e-09        2.104592         2.104592       1390.3689                                                          1380.0504                                                       10.318487
              6       697.31876     0.022364358      0.11653369       68.708036       3.0485951      0.95762088     0.053302136     0.051087522   2.1085701e-09        2.104592         2.104592       1390.4283                                                          1380.0992                                                       10.329118
              1       697.34666     0.022364358      0.11653369       68.708036       3.0483931       0.9582341     0.053302136     0.051087522   2.1081441e-09        2.104592         2.104592       1390.4841                                                           1380.155                                                       10.329118
              9       696.61547     0.022301304      0.11721734        68.56877       3.0445624      0.95878241     0.050864527     0.037530273   2.1000839e-09        2.104592         2.104592       1389.0218                                                          1378.6282                                                       10.393582
              3       696.77051     0.022301304      0.11721734        68.56877       3.0463589      0.95667544     0.050864527     0.037530273     2.10386e-09        2.104592         2.104592       1389.3318                                                          1378.9383                                                       10.393582
              1       696.90019     0.022311479         0.11695       68.660941       3.0482663      0.95666776     0.052066027     0.036616924   2.1078768e-09        2.104592         2.104592       1389.5912                                                          1379.2903                                                       10.300904
              9       696.95889     0.022294659      0.11696263       68.606395        3.046578       0.9571503     0.051455204     0.038254892   2.1043211e-09        2.104592         2.104592       1389.7086                                                          1379.3875                                                        10.32106
              4       696.94571     0.022281254      0.11701065       68.901033       3.0499138      0.95644485     0.052688372    0.0017967015   2.1113525e-09        2.104592         2.104592       1389.6822                                                          1379.0106                                                       10.671671
              1       697.01942     0.022281254      0.11701065       68.901033        3.050087      0.95734058     0.052688372    0.0017967015   2.1117182e-09        2.104592         2.104592       1389.8296                                                           1379.158                                                       10.671671
              2       697.56282     0.022174914      0.11714431       68.804979       3.0563127      0.95980177     0.056016368    0.0061861356   2.1249061e-09        2.104592         2.104592       1390.9165                                                          1380.3562                                                       10.560255
              3       699.36513     0.022399796      0.11934689       68.303292       3.0587643      0.94848714     0.052272843    0.0031014277    2.130122e-09        2.104592         2.104592       1394.5211                                                          1380.9739                                                       13.547219
              7       699.57914     0.022343689      0.11931208       68.231665       3.0607003      0.95029928     0.053616993     0.011922222   2.1342498e-09        2.104592         2.104592       1394.9491                                                          1381.1891                                                       13.759984
              2       700.50175     0.022425138      0.11936818       68.309601       3.0549439       0.9489365     0.050241663     0.012448624   2.1219996e-09        2.104592         2.104592       1396.7943                                                          1383.2599                                                       13.534436
              1       700.91729     0.022567514      0.11818979       68.235305       3.0415864      0.94717975     0.045692573     0.039949792   2.0938433e-09        2.104592         2.104592       1397.6254                                                           1383.275                                                       14.350355
              2       700.89907     0.022570413      0.11817495       68.243297       3.0418261      0.94710561     0.045801882     0.039875365   2.0943454e-09        2.104592         2.104592        1397.589                                                          1383.3179                                                       14.271083
              1       698.13245     0.022343536      0.11738514       68.656681       3.0334897      0.95574367     0.044401862    0.0050351521   2.0769585e-09        2.104592         2.104592       1392.0557                                                          1381.6185                                                       10.437243
              3       702.04832     0.022343536      0.11738514       68.656681       3.0124554      0.97179822     0.044401862    0.0050351521   2.0337275e-09        2.104592         2.104592       1399.8875                                                          1389.4502                                                       10.437243
              1       702.40738     0.022430735      0.11742113       68.659241       3.0163023      0.96899977     0.045534194     0.011546485   2.0415661e-09        2.104592         2.104592       1400.6056                                                          1390.0417                                                       10.563915
              3       700.21182     0.022328435      0.11702391        68.83033       3.0351043      0.97063125     0.055297501    0.0027729486   2.0803147e-09        2.104592         2.104592       1396.2145                                                          1385.7882                                                       10.426252
              1       699.83752     0.022314034       0.1168298       68.960542       3.0346192       0.9724914     0.055267967    0.0071860205   2.0793059e-09        2.104592         2.104592       1395.4659                                                          1384.5742                                                       10.891707
              3       700.00379     0.022315729      0.11673548        68.99635       3.0346356       0.9726802     0.055392808     0.007149733     2.07934e-09        2.104592         2.104592       1395.7984                                                          1384.7117                                                       11.086673
              3        700.6951     0.022184126      0.11659146       68.737522       3.0187588      0.97854301     0.049512703     0.026376861   2.0465875e-09        2.104592         2.104592        1397.181                                                           1386.653                                                       10.527969
              1        699.6345     0.022184126      0.11659146       68.737522       3.0218124      0.97577528     0.049512703     0.026376861   2.0528464e-09        2.104592         2.104592       1395.0598                                                          1384.5319                                                       10.527969
              1       699.16951     0.022140519      0.11671541       68.758979       3.0256501      0.97621288     0.051294015     0.017310872   2.0607398e-09        2.104592         2.104592       1394.1298                                                          1383.5101                                                       10.619771
              1       699.42592      0.02220203      0.11644407       68.849189       3.0306119      0.97456022     0.053570047     0.021804295     2.07099e-09        2.104592         2.104592       1394.6427                                                          1383.7306                                                       10.912083
              4       698.14913      0.02220203      0.11644407       68.849189       3.0350626      0.97353534     0.053570047     0.021804295   2.0802279e-09        2.104592         2.104592       1392.0891                                                           1381.177                                                       10.912083
              1       698.27469     0.022211837      0.11634509        68.78363       3.0369365      0.97484987     0.054463936     0.050566547   2.0841299e-09        2.104592         2.104592       1392.3402                                                          1381.5587                                                       10.781535
              1       697.81653     0.022246955      0.11750143       68.569522       3.0230888      0.97138274     0.046191987     0.019066325   2.0554683e-09        2.104592         2.104592       1391.4239                                                          1381.0199                                                        10.40397
              8       698.42046     0.022131292      0.11738389       68.755285       3.0215849      0.97648609     0.046802197   0.00020473654   2.0523795e-09        2.104592         2.104592       1392.6317                                                          1382.1834                                                       10.448353
              1       698.44473     0.022131596      0.11723528       68.780721        3.020798      0.97690747     0.046737358    0.0019285596    2.050765e-09        2.104592         2.104592       1392.6803                                                          1382.1375                                                       10.542762
              1       698.45884     0.022132355      0.11722175       68.784023       3.0208944      0.97696361     0.046798253    0.0026552643   2.0509626e-09        2.104592         2.104592       1392.7085                                                          1382.1532                                                        10.55528
              5       697.66572     0.022215741      0.11709821        68.83104       3.0278859      0.97361197     0.049404841    0.0073391051   2.0653523e-09        2.104592         2.104592       1391.1223                                                          1380.5494                                                       10.572829
              1       697.30545     0.022215741      0.11709821        68.83104       3.0290917       0.9705676     0.049404841    0.0073391051   2.0678442e-09        2.104592         2.104592       1390.4017                                                          1379.8289                                                       10.572829
              6       697.37521      0.02224224      0.11730848        68.84487       3.0296429      0.96949136     0.049086844    0.0022326558   2.0689843e-09        2.104592         2.104592       1390.5412                                                          1380.0334                                                       10.507821
              2        697.2871      0.02224224      0.11730848        68.84487       3.0306376      0.96827155     0.049086844    0.0022326558   2.0710433e-09        2.104592         2.104592        1390.365                                                          1379.8572                                                       10.507821
              1       697.10118     0.022220882      0.11751877       68.648291       3.0414785      0.96715216     0.053377457     0.025063169   2.0936175e-09        2.104592         2.104592       1389.9932                                                          1379.7123                                                       10.280876
              2       696.77548      0.02220749      0.11757663       68.533873       3.0381323      0.96711698     0.051851378     0.029321105   2.0866236e-09        2.104592         2.104592       1389.3418                                                          1378.9549                                                       10.386842
              8       703.41002     0.022027687      0.11935467       67.668129       3.0145719      0.96938994     0.039360271     0.039302322   2.0380364e-09        2.104592         2.104592       1402.6109                                                          1384.4597                                                       18.151189
              3       704.47846     0.022232907      0.11929687       67.787375       3.0097341      0.96502642     0.035876453     0.048061147   2.0282006e-09        2.104592         2.104592       1404.7477                                                          1386.5497                                                       18.198032
              3       702.03151     0.022159084      0.11879648       68.112682       3.0062624      0.96940833     0.036095151     0.021014978   2.0211716e-09        2.104592         2.104592       1399.8538                                                           1386.603                                                       13.250867
              1       703.41282     0.022159084      0.11879648       68.112682       3.0010708      0.97580773     0.036095151     0.021014978   2.0107057e-09        2.104592         2.104592       1402.6164                                                          1389.3656                                                       13.250867
              3       702.93543     0.021952119      0.11748435       68.054242       3.0051021      0.98497349     0.041619122     0.069630339   2.0188278e-09        2.104592         2.104592       1401.6617                                                          1390.2552                                                       11.406498
              1       702.83687     0.021911278      0.11811525       67.759115        3.009114       0.9815413     0.042349424     0.059145372   2.0269434e-09        2.104592         2.104592       1401.4646                                                          1387.1583                                                       14.306223
              6       699.38034     0.022248143      0.11759507       68.106028       3.0554937      0.96788863     0.060825074     0.085046581   2.1231666e-09        2.104592         2.104592       1394.5515                                                          1382.1689                                                       12.382591
              5       699.76384     0.022299452      0.11691082       68.020359       3.0413432      0.96983317     0.055435162      0.12188014   2.0933343e-09        2.104592         2.104592       1395.3185                                                          1382.6599                                                       12.658548
              2       699.14422     0.022299452      0.11691082       68.020359       3.0474129      0.96410964     0.055435162      0.12188014   2.1060788e-09        2.104592         2.104592       1394.0793                                                          1381.4207                                                       12.658548
              1       698.67644     0.022216885      0.11690811       68.078952       3.0478294      0.96666367     0.056313297      0.10928477   2.1069561e-09        2.104592         2.104592       1393.1437                                                          1381.2965                                                        11.84724
              1       699.03768     0.022206673      0.11657689       68.144627        3.049578      0.96788515     0.057762612      0.11633913   2.1106435e-09        2.104592         2.104592       1393.8662                                                          1382.6827                                                       11.183492
              6       698.98063     0.022206673      0.11657689       68.144627       3.0497522      0.96798424     0.057762612      0.11633913   2.1110114e-09        2.104592         2.104592       1393.7521                                                          1382.5686                                                       11.183492
              2       699.37597     0.022224221      0.11673458       68.148029       3.0458936      0.96835741     0.055696309      0.11703982   2.1028813e-09        2.104592         2.104592       1394.5427                                                          1383.2608                                                       11.281934
              9       699.81067     0.022158837      0.11660091       68.134498       3.0466429      0.97052648     0.056743788      0.11947167   2.1044578e-09        2.104592         2.104592       1395.4122                                                           1384.357                                                       11.055182
              2       699.09213      0.02220467      0.11660898       68.149779       3.0429489      0.96942213     0.054800951      0.11718781   2.0966982e-09        2.104592         2.104592       1393.9751                                                          1382.8227                                                       11.152356
              5       699.47604     0.022234471      0.11652046       68.133516       3.0432636      0.96881608     0.054838933       0.1262539    2.097358e-09        2.104592         2.104592       1394.7429                                                          1383.4815                                                       11.261419
              1       700.78312     0.022234471      0.11652046       68.133516       3.0371973      0.97254308     0.054838933       0.1262539   2.0846733e-09        2.104592         2.104592       1397.3571                                                          1386.0956                                                       11.261419
              4       700.06337     0.022263238      0.11663278       68.298802       3.0493858      0.96978016     0.059805298      0.10531779   2.1102379e-09        2.104592         2.104592       1395.9176                                                          1385.2045                                                       10.713101
              1       699.05684     0.022263238      0.11663278       68.298802       3.0535331      0.96816639     0.059805298      0.10531779   2.1190079e-09        2.104592         2.104592       1393.9045                                                          1383.1914                                                       10.713101
              4       699.56828     0.022283393      0.11609308       68.297621       3.0511631      0.96916534     0.059547303      0.12700627   2.1139918e-09        2.104592         2.104592       1394.9274                                                          1384.3755                                                       10.551878
              2        700.1838     0.022087647       0.1162381       68.271789       3.0258509      0.97887772     0.049923992      0.10996279   2.0611535e-09        2.104592         2.104592       1396.1584                                                          1385.7793                                                       10.379161
              1        700.0585     0.022087647       0.1162381       68.271789       3.0270039      0.97771502     0.049923992      0.10996279   2.0635315e-09        2.104592         2.104592       1395.9078                                                          1385.5287                                                       10.379161
              1       699.34974     0.022046823      0.11719284       68.106116       3.0212396      0.97591345     0.046008356     0.076386553   2.0516709e-09        2.104592         2.104592       1394.4903                                                          1383.1833                                                       11.306998
              1       699.29609     0.021956876      0.11714674       68.018976        3.029528      0.97661689     0.050280449      0.07685485   2.0687465e-09        2.104592         2.104592        1394.383                                                          1382.9284                                                       11.454642
              2       698.89283     0.022004026      0.11620067       68.541384       3.0398149      0.97659631     0.056398369      0.05333306   2.0901374e-09        2.104592         2.104592       1393.5765                                                          1383.1008                                                       10.475669
              1       698.72665     0.022094697      0.11616397       68.465326       3.0402128      0.97297462     0.055865419     0.062952709   2.0909692e-09        2.104592         2.104592       1393.2441                                                          1382.9536                                                       10.290559
              1       698.71876     0.022094697      0.11616397       68.465326       3.0421886      0.97251003     0.055865419     0.062952709   2.0951046e-09        2.104592         2.104592       1393.2283                                                          1382.9378                                                       10.290559
              2       697.89395     0.022162992      0.11697378       68.399952       3.0450011      0.97044898     0.055085624     0.068544626   2.1010055e-09        2.104592         2.104592       1391.5787                                                          1381.1655                                                       10.413197
              1       697.92996     0.022118272      0.11794459       68.203578       3.0546411      0.96673358     0.057762678      0.04409373    2.121357e-09        2.104592         2.104592       1391.6507                                                          1380.0978                                                       11.552913
              1       697.60986     0.022118272      0.11794459       68.203578       3.0545869      0.96556685     0.057762678      0.04409373    2.121242e-09        2.104592         2.104592       1391.0105                                                          1379.4576                                                       11.552913
              5       697.78249     0.022090379      0.11800472       68.158582       3.0528236      0.96643589     0.057081224     0.044770289   2.1175049e-09        2.104592         2.104592       1391.3558                                                          1379.6021                                                       11.753722
              1       697.90058     0.022162109      0.11664049       68.495821       3.0571536      0.96743046     0.060996918     0.062281611   2.1266937e-09        2.104592         2.104592        1391.592                                                          1381.3102                                                       10.281785
              7       698.79703     0.022162109      0.11664049       68.495821       3.0614689      0.96564064     0.060996918     0.062281611   2.1358908e-09        2.104592         2.104592       1393.3849                                                          1383.1031                                                       10.281785
              7       698.90913     0.022182899      0.11650945       68.661019       3.0597309      0.96447956     0.060466248     0.035167117   2.1321819e-09        2.104592         2.104592       1393.6091                                                           1383.217                                                       10.392119
              4       699.59193     0.022182899      0.11650945       68.661019       3.0660482      0.95760684     0.060466248     0.035167117   2.1456942e-09        2.104592         2.104592       1394.9747                                                          1384.5826                                                       10.392119
              2       698.46395     0.022182899      0.11650945       68.661019       3.0519469      0.97037324     0.060466248     0.035167117   2.1156493e-09        2.104592         2.104592       1392.7187                                                          1382.3266                                                       10.392119
              4       698.51001     0.022182899      0.11650945       68.661019       3.0514702      0.96842784     0.060466248     0.035167117    2.114641e-09        2.104592         2.104592       1392.8108                                                          1382.4187                                                       10.392119
              2       698.45751     0.022179385       0.1165203       68.693907       3.0507923      0.96868911     0.060212249      0.03061409   2.1132081e-09        2.104592         2.104592       1392.7058                                                          1382.2542                                                       10.451685
              5       696.74229     0.022187758      0.11767812       68.506916       3.0510671      0.96509533     0.058134441    0.0070643537   2.1137889e-09        2.104592         2.104592       1389.2754                                                          1378.7492                                                       10.526145
              9       696.79093     0.022187915      0.11766616       68.513547       3.0517271      0.96500274     0.058443192    0.0065769882   2.1151845e-09        2.104592         2.104592       1389.3727                                                          1378.8642                                                       10.508452
              5       696.43119     0.022176299      0.11789797       68.477704         3.04704      0.96574251      0.05609148    0.0031787509   2.1052935e-09        2.104592         2.104592       1388.6532                                                          1378.0076                                                       10.645593
              2       696.99687     0.022170023      0.11842302       68.361288        3.053658      0.96385187      0.05798671    0.0012195892   2.1192726e-09        2.104592         2.104592       1389.7846                                                          1378.4565                                                       11.328048
              1       698.08448     0.022170023      0.11842302       68.361288       3.0639146      0.95360027      0.05798671    0.0012195892   2.1411211e-09        2.104592         2.104592       1391.9598                                                          1380.6317                                                       11.328048
              1       698.35535     0.022170023      0.11842302       68.361288       3.0672037      0.95300059      0.05798671    0.0012195892    2.148175e-09        2.104592         2.104592       1392.5015                                                          1381.1735                                                       11.328048
              1       698.39128     0.022163995      0.11841093       68.359945       3.0673705      0.95313197     0.058125238   0.00095348263   2.1485333e-09        2.104592         2.104592       1392.5734                                                          1381.2651                                                       11.308262
              1       698.02647     0.022190924      0.11841577       68.313255       3.0660655      0.95206148     0.057308802    0.0046258475   2.1457313e-09        2.104592         2.104592       1391.8438                                                          1380.1281                                                       11.715652
              1       697.68762     0.022126321      0.11704804       68.623719       3.0552105      0.96008633      0.05573923     0.019626716   2.1225654e-09        2.104592         2.104592       1391.1661                                                          1380.8557                                                       10.310345
              2       697.93259     0.022142445      0.11693545       68.606121       3.0581787      0.95965906     0.057062995     0.030335371   2.1288748e-09        2.104592         2.104592        1391.656                                                          1381.3539                                                       10.302129
              1       698.42606     0.022123972      0.11657376       68.690867       3.0567575       0.9612102     0.057287287     0.030307117   2.1258514e-09        2.104592         2.104592       1392.6429                                                          1382.1222                                                       10.520727
              4       699.48482     0.022238163      0.11642105       68.921221       3.0687625      0.95656612     0.062016796     0.017036305   2.1515262e-09        2.104592         2.104592       1394.7605                                                          1383.6304                                                       11.130048
              3        698.9165     0.022352161      0.11651878       68.820684       3.0636936      0.95286491     0.058701318     0.026700548   2.1406477e-09        2.104592         2.104592       1393.6238                                                          1383.1239                                                       10.499946
              3       698.56363     0.022352161      0.11651878       68.820684       3.0617167      0.95453959     0.058701318     0.026700548   2.1364201e-09        2.104592         2.104592       1392.9181                                                          1382.4181                                                       10.499946
              2       696.88034     0.022322863      0.11820757       68.400591       3.0583908      0.95128603     0.054261317      0.01071188   2.1293265e-09        2.104592         2.104592       1389.5515                                                           1377.943                                                       11.608537
              3       696.92902     0.022296729      0.11836873        68.31753       3.0525543      0.95219295     0.051612689    0.0094410317   2.1169349e-09        2.104592         2.104592       1389.6488                                                          1377.4724                                                       12.176494
              7       696.91309     0.022296729      0.11836873        68.31753       3.0523669       0.9524613     0.051612689    0.0094410317   2.1165381e-09        2.104592         2.104592        1389.617                                                          1377.4405                                                       12.176494
              7       696.91572     0.022352479      0.11739938       68.762912       3.0587766      0.95473095     0.055952683      0.01567099   2.1301482e-09        2.104592         2.104592       1389.6223                                                          1379.3165                                                       10.305782
              1       697.38349     0.022323984      0.11768799       68.783638       3.0625022      0.95461379     0.057300718    0.0029002486    2.138099e-09        2.104592         2.104592       1390.5578                                                          1380.2557                                                       10.302064
              7        697.0697     0.022317073       0.1179883       68.661732       3.0598491      0.95408581       0.0555995    0.0030903495    2.132434e-09        2.104592         2.104592       1389.9302                                                          1379.5144                                                       10.415821
             12       697.93655     0.022360085      0.11831714        68.61505       3.0646834       0.9514937     0.056738884    0.0027764007   2.1427678e-09        2.104592         2.104592       1391.6639                                                          1380.9767                                                       10.687199
              2        697.6075     0.022360085      0.11831714        68.61505       3.0553203      0.96096624     0.056738884    0.0027764007   2.1227983e-09        2.104592         2.104592       1391.0058                                                          1380.3186                                                       10.687199
              8       697.78979     0.022360085      0.11831714        68.61505       3.0505866      0.96216341     0.056738884    0.0027764007   2.1127734e-09        2.104592         2.104592       1391.3704                                                          1380.6832                                                       10.687199
              1       697.27393     0.022360085      0.11831714        68.61505       3.0540603      0.96074939     0.056738884    0.0027764007   2.1201254e-09        2.104592         2.104592       1390.3387                                                          1379.6515                                                       10.687199
              2       697.36577     0.022372835      0.11804733       68.695502       3.0540547       0.9615172     0.057139383    0.0081551875   2.1201135e-09        2.104592         2.104592       1390.5223                                                           1380.107                                                       10.415307
             10       697.26814     0.022372835      0.11804733       68.695502       3.0544783      0.95976122     0.057139383    0.0081551875   2.1210117e-09        2.104592         2.104592       1390.3271                                                          1379.9118                                                       10.415307
              6       697.53354     0.022372835      0.11804733       68.695502       3.0541893      0.95898509     0.057139383    0.0081551875   2.1203988e-09        2.104592         2.104592       1390.8579                                                          1380.4426                                                       10.415307
              1       697.53242     0.022369899      0.11805588        68.68448       3.0544061      0.95901299     0.057231436    0.0090762647   2.1208585e-09        2.104592         2.104592       1390.8556                                                          1380.4237                                                        10.43196
              5       697.24052     0.022368673      0.11752227       68.637596       3.0563287      0.95884801     0.059064604     0.021150468   2.1249401e-09        2.104592         2.104592       1390.2718                                                          1379.8271                                                       10.444767
              5       697.57575     0.022435599      0.11782479        68.52909        3.053983      0.95730095     0.057208101     0.033171019   2.1199614e-09        2.104592         2.104592       1390.9423                                                          1379.9603                                                       10.982034
              5       697.46166     0.022412091      0.11779103       68.507507       3.0527286      0.95830877     0.056914661     0.035406893   2.1173039e-09        2.104592         2.104592       1390.7141                                                           1379.733                                                       10.981086
              1       697.34787     0.022412091      0.11779103       68.507507       3.0602426      0.95146539     0.056914661     0.035406893   2.1332732e-09        2.104592         2.104592       1390.4865                                                          1379.5055                                                       10.981086
              1       697.25049     0.022412091      0.11779103       68.507507       3.0604304      0.95161172     0.056914661     0.035406893   2.1336739e-09        2.104592         2.104592       1390.2918                                                          1379.3107                                                       10.981086
              1       697.04472     0.022412091      0.11779103       68.507507       3.0566932      0.95524724     0.056914661     0.035406893   2.1257148e-09        2.104592         2.104592       1389.8803                                                          1378.8992                                                       10.981086
             12       697.33875     0.022139762      0.11862908       68.137954       3.0497181       0.9609455     0.054252296     0.019490904   2.1109394e-09        2.104592         2.104592       1390.4683                                                          1377.6671                                                       12.801241
              1       697.23391     0.022139762      0.11862908       68.137954       3.0492712      0.96165815     0.054252296     0.019490904   2.1099962e-09        2.104592         2.104592       1390.2586                                                          1377.4574                                                       12.801241
             10       697.77231     0.022139762      0.11862908       68.137954       3.0480304      0.96638199     0.054252296     0.019490904   2.1073796e-09        2.104592         2.104592       1391.3354                                                          1378.5342                                                       12.801241
              1       697.84488     0.022139762      0.11862908       68.137954       3.0440232      0.96961152     0.054252296     0.019490904   2.0989518e-09        2.104592         2.104592       1391.4806                                                          1378.6793                                                       12.801241
              1       697.16452     0.022139762      0.11862908       68.137954        3.045969      0.96589129     0.054252296     0.019490904   2.1030399e-09        2.104592         2.104592       1390.1199                                                          1377.3186                                                       12.801241
              2       697.13185     0.022117496      0.11846982       68.163253       3.0468692      0.96681599     0.055032186     0.021671535    2.104934e-09        2.104592         2.104592       1390.0545                                                          1377.7263                                                       12.328193
              3       697.19152     0.022199411      0.11768692       68.249635        3.037337      0.96925091      0.05220298     0.051286139   2.0849646e-09        2.104592         2.104592       1390.1739                                                          1378.7265                                                       11.447349
              1       700.89784     0.022199411      0.11768692       68.249635       3.0251531      0.98107125      0.05220298     0.051286139   2.0597158e-09        2.104592         2.104592       1397.5865                                                          1386.1391                                                       11.447349
              1       701.79527     0.022211023      0.11747519       68.362219       3.0295565      0.98216884     0.054233988     0.064887677   2.0688054e-09        2.104592         2.104592       1399.3814                                                          1388.6446                                                       10.736804
              6       701.85655     0.022206407      0.11750015       68.351531       3.0289581      0.98234987     0.053977996     0.064860212    2.067568e-09        2.104592         2.104592       1399.5039                                                          1388.7298                                                       10.774139
              1       699.52401     0.022224298      0.11741105       68.572872       3.0418914      0.97730104     0.059143229     0.022829455    2.094482e-09        2.104592         2.104592       1394.8388                                                          1384.4899                                                       10.348953
              1       696.64411     0.022224298      0.11741105       68.572872       3.0575696      0.96263681     0.059143229     0.022829455   2.1275786e-09        2.104592         2.104592        1389.079                                                          1378.7301                                                       10.348953
              4       697.23675     0.022253423      0.11864582       68.311936       3.0627659      0.95728134     0.058814004    0.0084226167   2.1386629e-09        2.104592         2.104592       1390.2643                                                          1378.1616                                                       12.102701
              1       697.90646      0.02231734      0.11831974       68.395877        3.068873      0.95582833     0.061472064     0.022013567   2.1517638e-09        2.104592         2.104592       1391.6037                                                          1380.0767                                                       11.527027
              5       696.84428     0.022368875      0.11788986       68.522134       3.0577327      0.95810034     0.057482147      0.02839432   2.1279256e-09        2.104592         2.104592       1389.4794                                                          1378.6353                                                        10.84407
              4       696.60097     0.022273971      0.11814688       68.318957       3.0525932      0.95889672     0.055591203     0.013750943   2.1170173e-09        2.104592         2.104592       1388.9928                                                          1377.0934                                                       11.899402
              3       696.69585     0.022273971      0.11814688       68.318957       3.0554889      0.95540406     0.055591203     0.013750943   2.1231564e-09        2.104592         2.104592       1389.1825                                                          1377.2831                                                       11.899402
             13       697.28216     0.022275202      0.11820086       68.305209       3.0624748      0.95354421     0.058285575     0.011302078   2.1380405e-09        2.104592         2.104592       1390.3551                                                          1378.2897                                                       12.065396
              4       697.32205     0.022282542      0.11821039       68.308017       3.0628991      0.95322059     0.058394036     0.011040924   2.1389478e-09        2.104592         2.104592       1390.4349                                                          1378.3439                                                       12.091045
              1       697.86307     0.022418693      0.11792435        68.20538       3.0422276      0.95603226     0.049923271     0.056539814   2.0951863e-09        2.104592         2.104592       1391.5169                                                          1378.4221                                                       13.094891
              3       697.94767     0.022418693      0.11792435        68.20538       3.0470465      0.95242474     0.049923271     0.056539814   2.1053073e-09        2.104592         2.104592       1391.6862                                                          1378.5913                                                       13.094891
              3       697.96856     0.022418693      0.11792435        68.20538       3.0467908      0.95300484     0.049923271     0.056539814    2.104769e-09        2.104592         2.104592       1391.7279                                                           1378.633                                                       13.094891
              2       698.00337      0.02241801      0.11796632       68.195169       3.0469364      0.95285076     0.049910084     0.055845015   2.1050754e-09        2.104592         2.104592       1391.7976                                                          1378.5686                                                       13.228935
              5       698.38547      0.02241801      0.11796632       68.195169       3.0377418       0.9610429     0.049910084     0.055845015   2.0858087e-09        2.104592         2.104592       1392.5618                                                          1379.3328                                                       13.228935
              4       698.60164     0.022372534       0.1177572       68.460931       3.0236327      0.96526989     0.044805981     0.024459715   2.0565866e-09        2.104592         2.104592       1392.9941                                                          1381.8195                                                       11.174548
              2       697.79265     0.022372534       0.1177572       68.460931       3.0293507      0.95815362     0.044805981     0.024459715   2.0683798e-09        2.104592         2.104592       1391.3761                                                          1380.2016                                                       11.174548
              2       697.79929      0.02244173      0.11772356       68.570262       3.0331608      0.95544271     0.045951371     0.016670672   2.0762756e-09        2.104592         2.104592       1391.3894                                                          1380.4597                                                       10.929708
              2       698.52994      0.02244173      0.11772356       68.570262       3.0438906      0.94802408     0.045951371     0.016670672   2.0986735e-09        2.104592         2.104592       1392.8507                                                           1381.921                                                       10.929708
              2       699.99905      0.02244173      0.11772356       68.570262        3.022248      0.96664117     0.045951371     0.016670672   2.0537408e-09        2.104592         2.104592       1395.7889                                                          1384.8592                                                       10.929708
              2        700.0734      0.02244173      0.11772356       68.570262       3.0224797      0.96488426     0.045951371     0.016670672   2.0542167e-09        2.104592         2.104592       1395.9376                                                          1385.0079                                                       10.929708
              7       702.66541     0.022658493      0.11789719       68.594496       3.0250423      0.95938201     0.045381378      0.03653471   2.0594875e-09        2.104592         2.104592       1401.1216                                                          1389.6149                                                       11.506761
              1       699.95359     0.022658493      0.11789719       68.594496       3.0363471      0.95029168     0.045381378      0.03653471   2.0829018e-09        2.104592         2.104592        1395.698                                                          1384.1912                                                       11.506761
              3       698.84826     0.022615532      0.11754624       68.581374       3.0433697      0.95102247     0.049114588     0.048802156   2.0975806e-09        2.104592         2.104592       1393.4873                                                          1382.3094                                                       11.177971
              6       698.79415     0.022616736      0.11747488       68.621415       3.0432624      0.95121037     0.049182951     0.046953154   2.0973557e-09        2.104592         2.104592       1393.3791                                                          1382.4047                                                       10.974379
              1       698.81327     0.022618281      0.11747605       68.619971       3.0433957      0.95112846     0.049225975     0.047092029   2.0976352e-09        2.104592         2.104592       1393.4174                                                          1382.4314                                                       10.986008
              2        698.6176     0.022607302      0.11724149       68.663172       3.0450732      0.95176115     0.050388787     0.050471356    2.101157e-09        2.104592         2.104592        1393.026                                                          1382.3267                                                       10.699322
              6       699.18041      0.02258106      0.11745074       68.440127       3.0484085      0.95228078     0.051564289     0.077504681   2.1081766e-09        2.104592         2.104592       1394.1516                                                          1382.5735                                                       11.578097
              8       702.02073     0.022781711      0.11687755       68.611493       3.0624374      0.94444402     0.057063354     0.082381353   2.1379604e-09        2.104592         2.104592       1399.8323                                                          1388.6371                                                       11.195208
              3       701.05397     0.022767657      0.11775695       68.614536       3.0532816      0.94504802     0.051786256     0.055984717   2.1184751e-09        2.104592         2.104592       1397.8988                                                          1386.2761                                                       11.622701
              4       700.32377     0.022731067      0.11771461       68.647106       3.0509084      0.94662379      0.05111159     0.050986183   2.1134534e-09        2.104592         2.104592       1396.4384                                                          1385.1475                                                       11.290862
              6       700.69317     0.022440359      0.11844265       67.802772       3.0581508      0.94948326     0.054681297     0.085513111   2.1288156e-09        2.104592         2.104592       1397.1772                                                          1378.5594                                                       18.617763
              2       699.48359     0.022573046      0.11761574       68.267201       3.0617564      0.94786105      0.05673113     0.076652056    2.136505e-09        2.104592         2.104592        1394.758                                                          1381.6825                                                       13.075471
              3       699.52812     0.022573046      0.11761574       68.267201        3.061916      0.94752303      0.05673113     0.076652056   2.1368459e-09        2.104592         2.104592       1394.8471                                                          1381.7716                                                       13.075471
              4       698.90097     0.022560239      0.11732825       68.399151         3.06054      0.94892059      0.05674336     0.070972661   2.1339077e-09        2.104592         2.104592       1393.5928                                                          1381.7892                                                       11.803597
              2       697.92232     0.022474725      0.11762962       68.330119       3.0528978      0.95251245     0.053622234     0.066936616   2.1176622e-09        2.104592         2.104592       1391.6355                                                          1379.5984                                                       12.037105
              7        697.2679     0.022456093      0.11769346        68.42068       3.0505643      0.95304688     0.052633598     0.050049508   2.1127262e-09        2.104592         2.104592       1390.3266                                                          1378.8265                                                       11.500086
              2       697.19829     0.022454748      0.11773715       68.429704        3.051364      0.95273635     0.052874207     0.046722452   2.1144166e-09        2.104592         2.104592       1390.1874                                                          1378.7036                                                       11.483827
              5       699.15742     0.022513514       0.1164817       68.912422       3.0657453      0.95307726     0.060460003     0.057137251   2.1450442e-09        2.104592         2.104592       1394.1057                                                           1383.559                                                        10.54662
              2        699.1853     0.022513514       0.1164817       68.912422       3.0608777      0.95654459     0.060460003     0.057137251   2.1346284e-09        2.104592         2.104592       1394.1614                                                          1383.6148                                                        10.54662
              1       696.51901     0.022322275      0.11792119       68.682254       3.0442903       0.9599359     0.052276602    0.0038671966   2.0995125e-09        2.104592         2.104592       1388.8288                                                          1378.4524                                                       10.376474
              4       696.60312     0.022215468      0.11749268       68.708235       3.0442241      0.96426757      0.05366561     0.011822702   2.0993735e-09        2.104592         2.104592       1388.9971                                                          1378.6979                                                       10.299174
              5       696.53084     0.022222505      0.11746214       68.697315        3.044247      0.96410959     0.053698611     0.014204893   2.0994216e-09        2.104592         2.104592       1388.8525                                                          1378.5592                                                        10.29331
              4       696.33318     0.022222505      0.11746214       68.697315       3.0451792      0.96421285     0.053698611     0.014204893   2.1013797e-09        2.104592         2.104592       1388.4572                                                          1378.1639                                                        10.29331
              2       696.19426      0.02221686      0.11748241       68.721944       3.0465726      0.96344197     0.054244501    0.0044060676   2.1043098e-09        2.104592         2.104592       1388.1793                                                          1377.8706                                                       10.308735
              5       696.26299     0.022204579      0.11748054       68.714137       3.0477653      0.96357752     0.054798666    0.0050174122   2.1068212e-09        2.104592         2.104592       1388.3168                                                          1378.0089                                                       10.307881
             11       696.26865     0.022224759      0.11754993       68.727037       3.0481968      0.96274809       0.0547174    0.0023664748   2.1077305e-09        2.104592         2.104592       1388.3281                                                          1378.0233                                                       10.304816
              4       696.23788     0.022224759      0.11754993       68.727037       3.0483837      0.96281681       0.0547174    0.0023664748   2.1081243e-09        2.104592         2.104592       1388.2666                                                          1377.9618                                                       10.304816
              3         696.135     0.022260756      0.11765245       68.624943       3.0518159      0.96100701     0.055734687     0.014460906   2.1153723e-09        2.104592         2.104592       1388.0608                                                           1377.713                                                       10.347762
              2       696.15877     0.022260756      0.11765245       68.624943       3.0527657      0.96041273     0.055734687     0.014460906   2.1173824e-09        2.104592         2.104592       1388.1083                                                          1377.7606                                                       10.347762
              4         696.209     0.022260756      0.11765245       68.624943       3.0511109      0.96098027     0.055734687     0.014460906   2.1138814e-09        2.104592         2.104592       1388.2088                                                          1377.8611                                                       10.347762
              3       696.23416     0.022260756      0.11765245       68.624943       3.0519587      0.96013174     0.055734687     0.014460906   2.1156744e-09        2.104592         2.104592       1388.2591                                                          1377.9114                                                       10.347762
              4       696.60929     0.022235086      0.11738457       68.617771       3.0555674      0.96095058     0.057900281     0.023848221    2.123323e-09        2.104592         2.104592       1389.0094                                                          1378.7069                                                       10.302499
              6        696.6028     0.022234963      0.11737884        68.61699       3.0554132      0.96098811     0.057846149     0.024096173   2.1229955e-09        2.104592         2.104592       1388.9964                                                          1378.6939                                                       10.302506
              1       696.62467     0.022235744      0.11735134       68.625078        3.055625      0.96098446     0.057972412     0.024130819   2.1234453e-09        2.104592         2.104592       1389.0402                                                          1378.7432                                                       10.296917
              1       697.06841     0.022265216      0.11724884       68.685043       3.0587882      0.96035812     0.059252689     0.028622491   2.1301728e-09        2.104592         2.104592       1389.9276                                                          1379.6378                                                       10.289887
              2       697.10965     0.022265216      0.11724884       68.685043       3.0574246      0.96370059     0.059252689     0.028622491     2.12727e-09        2.104592         2.104592       1390.0101                                                          1379.7202                                                       10.289887
             11       697.50483     0.022227882      0.11709571       68.756167       3.0577673      0.96545703     0.059988789     0.025234317   2.1279992e-09        2.104592         2.104592       1390.8005                                                          1380.3886                                                       10.411841
              4       697.21106     0.022324824      0.11689637        68.74719       3.0546101      0.96326106      0.05816322     0.040206569   2.1212913e-09        2.104592         2.104592       1390.2129                                                          1379.8673                                                       10.345605
              2       699.04909     0.022255158      0.11604179       68.705568       3.0551589      0.96830459     0.060477974     0.082106282   2.1224558e-09        2.104592         2.104592        1393.889                                                          1383.2823                                                       10.606715
              2       700.08971     0.022255158      0.11604179       68.705568       3.0557851      0.97026872     0.060477974     0.082106282   2.1237852e-09        2.104592         2.104592       1395.9702                                                          1385.3635                                                       10.606715
              1        698.5837     0.022231024      0.11617588       68.477175       3.0466353      0.97051668     0.056520275     0.087032661   2.1044417e-09        2.104592         2.104592       1392.9582                                                          1382.6737                                                       10.284482
              5       698.76847     0.022398031      0.11647042       68.730195       3.0493774      0.96448325     0.055768958     0.060296475   2.1102202e-09        2.104592         2.104592       1393.3277                                                          1382.9887                                                       10.339004
              1       697.93911     0.022398031      0.11647042       68.730195       3.0555677      0.95409532     0.055768958     0.060296475   2.1233235e-09        2.104592         2.104592        1391.669                                                            1381.33                                                       10.339004
              3        697.1581     0.022256705      0.11768399       68.453858       3.0391194      0.95600118     0.047930774     0.012883657   2.0886842e-09        2.104592         2.104592        1390.107                                                          1379.2301                                                       10.876927
              7       697.06438     0.022234058      0.11785157       68.377684        3.038667      0.95667543     0.047682466     0.016926801   2.0877395e-09        2.104592         2.104592       1389.9196                                                          1378.7289                                                       11.190701
              6       697.17668     0.022234058      0.11785157       68.377684       3.0382106      0.95668162     0.047682466     0.016926801    2.086787e-09        2.104592         2.104592       1390.1442                                                          1378.9535                                                       11.190701
              3        696.9317     0.022234058      0.11785157       68.377684       3.0346964      0.96025359     0.047682466     0.016926801   2.0794663e-09        2.104592         2.104592       1389.6542                                                          1378.4635                                                       11.190701
              2       696.57901     0.022160464      0.11766672       68.447283       3.0408066      0.96370106     0.051297569       0.0262007   2.0922112e-09        2.104592         2.104592       1388.9488                                                          1378.4006                                                       10.548261
              5       696.56994     0.022220892      0.11821374       68.351729        3.046164      0.95949747     0.052099149     0.021138099   2.1034501e-09        2.104592         2.104592       1388.9307                                                          1377.5727                                                       11.358035
              1       699.00823     0.022220892      0.11821374       68.351729       3.0384844      0.96331414     0.052099149     0.021138099   2.0873584e-09        2.104592         2.104592       1393.8073                                                          1382.4492                                                       11.358035
              2       699.55972     0.022220207      0.11752294        68.50579       3.0310384      0.96456361     0.050014064     0.012139595   2.0718735e-09        2.104592         2.104592       1394.9102                                                          1384.3547                                                       10.555547
              2       698.67095     0.022220207      0.11752294        68.50579       3.0423923      0.95461862     0.050014064     0.012139595   2.0955314e-09        2.104592         2.104592       1393.1327                                                          1382.5772                                                       10.555547
              1       698.78128     0.022220207      0.11752294        68.50579        3.043871      0.96164108     0.050014064     0.012139595   2.0986325e-09        2.104592         2.104592       1393.3534                                                          1382.7978                                                       10.555547
              2       700.27623     0.022092512      0.11652852       68.813172        3.038303      0.97154966     0.050633371     0.026059579   2.0869798e-09        2.104592         2.104592       1396.3433                                                          1385.2541                                                       11.089188
              1       700.28787     0.022250519      0.11655786       68.880549       3.0318849      0.96772156     0.046568476      0.02970928   2.0736281e-09        2.104592         2.104592       1396.3666                                                          1385.4495                                                       10.917051
              4        700.7612     0.022149656      0.11719752       68.695893       3.0201847       0.9706764     0.041449616     0.013236612   2.0495077e-09        2.104592         2.104592       1397.3132                                                          1386.9557                                                       10.357514
              2       700.46431     0.022221251      0.11715277       68.718526        3.022914      0.96805482      0.04204613     0.017768245    2.055109e-09        2.104592         2.104592       1396.7194                                                          1386.3806                                                       10.338794
              1        701.0163     0.022250512      0.11751154       68.755544       3.0199834      0.96716193     0.040009908    0.0048644734   2.0490951e-09        2.104592         2.104592       1397.8234                                                          1387.5059                                                       10.317555
              2       699.83765     0.022250512      0.11751154       68.755544        3.020091      0.96567548     0.040009908    0.0048644734   2.0493157e-09        2.104592         2.104592       1395.4661                                                          1385.1486                                                       10.317555
              2       698.41632     0.022201559      0.11737651       68.671643       3.0353579      0.96533652     0.047042395     0.021366153   2.0808424e-09        2.104592         2.104592       1392.6235                                                           1382.332                                                       10.291423
              2       697.64513     0.022201559      0.11737651       68.671643       3.0262674      0.97168305     0.047042395     0.021366153   2.0620123e-09        2.104592         2.104592       1391.0811                                                          1380.7897                                                       10.291423
              1       697.58849     0.022175447      0.11737002       68.628201       3.0251436      0.97236363     0.046782303     0.021735406   2.0596961e-09        2.104592         2.104592       1390.9678                                                          1380.6852                                                       10.282568
              2       697.13409     0.022175447      0.11737002       68.628201       3.0293399      0.96692047     0.046782303     0.021735406   2.0683574e-09        2.104592         2.104592        1390.059                                                          1379.7764                                                       10.282568
              4       697.63189     0.022142772      0.11688799       68.742106       3.0292997      0.96945516      0.04786962     0.026839784   2.0682743e-09        2.104592         2.104592       1391.0546                                                          1380.4938                                                       10.560811
              3       697.57736     0.022125993       0.1165562       68.574614       3.0472476       0.9670487      0.05598727     0.054177946   2.1057306e-09        2.104592         2.104592       1390.9455                                                          1380.6092                                                       10.336368
              1       697.45558     0.022125993       0.1165562       68.574614       3.0461843       0.9684888      0.05598727     0.054177946   2.1034929e-09        2.104592         2.104592        1390.702                                                          1380.3656                                                       10.336368
              1       697.49314     0.022124898      0.11653058       68.585201        3.046263       0.9685865      0.05607285       0.0538968   2.1036584e-09        2.104592         2.104592       1390.7771                                                          1380.4217                                                       10.355361
              2       697.53583      0.02211971      0.11646823       68.568453       3.0431267      0.96932631     0.054906957     0.056925953    2.097071e-09        2.104592         2.104592       1390.8625                                                          1380.5157                                                       10.346813
              2       697.50727     0.022118198      0.11648249       68.565763       3.0429753      0.96929874     0.054827958     0.055948039   2.0967534e-09        2.104592         2.104592       1390.8054                                                          1380.4643                                                        10.34106
              1       698.76411     0.022044226      0.11621799       68.864897       3.0317996      0.97392909      0.05122135     0.019703498   2.0734514e-09        2.104592         2.104592        1393.319                                                          1381.6528                                                       11.666212
              2       699.68248     0.022044226      0.11621799       68.864897        3.028735      0.97450577      0.05122135     0.019703498   2.0671068e-09        2.104592         2.104592       1395.1558                                                          1383.4896                                                       11.666212
              4       700.81053     0.022044226      0.11621799       68.864897       3.0411796       0.9624441      0.05122135     0.019703498   2.0929917e-09        2.104592         2.104592       1397.4119                                                          1385.7457                                                       11.666212
              4       700.49932     0.022044226      0.11621799       68.864897       3.0349376      0.96749475      0.05122135     0.019703498    2.079968e-09        2.104592         2.104592       1396.7895                                                          1385.1232                                                       11.666212
              2       699.74601     0.022466101      0.11688601       69.059269       3.0323434      0.95488332     0.045561648     0.019300299    2.074579e-09        2.104592         2.104592       1395.2828                                                           1384.347                                                       10.935794
              5       701.27359     0.022466101      0.11688601       69.059269       3.0336206      0.95208724     0.045561648     0.019300299   2.0772306e-09        2.104592         2.104592        1398.338                                                          1387.4022                                                       10.935794
              2       698.71781     0.022466101      0.11688601       69.059269       3.0358002      0.95499738     0.045561648     0.019300299    2.081763e-09        2.104592         2.104592       1393.2264                                                          1382.2906                                                       10.935794
              6       698.62719     0.022466101      0.11688601       69.059269       3.0307906      0.95948457     0.045561648     0.019300299   2.0713603e-09        2.104592         2.104592       1393.0452                                                          1382.1094                                                       10.935794
              1       697.16961     0.022384987      0.11744706       68.661391       3.0327982      0.95763089     0.045955575      0.01575267    2.075523e-09        2.104592         2.104592         1390.13                                                          1379.6866                                                       10.443394
              4       697.26342     0.022383973      0.11742376       68.662557       3.0321026      0.95779172     0.045709684      0.01597913   2.0740796e-09        2.104592         2.104592       1390.3177                                                          1379.8808                                                        10.43682
              3       697.29941     0.022377097      0.11755068       68.624202       3.0312541      0.95769521     0.045193493     0.013848771   2.0723206e-09        2.104592         2.104592       1390.3896                                                          1379.8502                                                        10.53945
              3       696.63475     0.022400172      0.11766803       68.668926       3.0392322      0.95529259     0.048118843    0.0053341626   2.0889199e-09        2.104592         2.104592       1389.0603                                                          1378.5397                                                       10.520584
              4       696.68239     0.022400172      0.11766803       68.668926       3.0416502      0.95349376     0.048118843    0.0053341626    2.093977e-09        2.104592         2.104592       1389.1556                                                           1378.635                                                       10.520584
              2        697.0806     0.022400172      0.11766803       68.668926       3.0378863      0.95900353     0.048118843    0.0053341626   2.0861103e-09        2.104592         2.104592        1389.952                                                          1379.4314                                                       10.520584
              5        697.6776     0.022311051      0.11791635       68.471515       3.0293248      0.96172719     0.044835218    0.0043767117   2.0683263e-09        2.104592         2.104592        1391.146                                                          1380.0426                                                       11.103462
              5       697.41592     0.022311051      0.11791635       68.471515       3.0348856      0.95537713     0.044835218    0.0043767117   2.0798599e-09        2.104592         2.104592       1390.6226                                                          1379.5192                                                       11.103462
              6       698.53138     0.022311051      0.11791635       68.471515       3.0320546      0.95421626     0.044835218    0.0043767117   2.0739801e-09        2.104592         2.104592       1392.8536                                                          1381.7501                                                       11.103462
              5       698.16155     0.022287605      0.11800434       68.332174       3.0363013      0.95456033      0.04670383      0.02213292   2.0828063e-09        2.104592         2.104592       1392.1139                                                          1380.3944                                                       11.719536
              1       699.02656     0.022317029      0.11826171       68.228145       3.0391526      0.95452519     0.047371692     0.046691249   2.0887536e-09        2.104592         2.104592       1393.8439                                                          1381.3206                                                       12.523313
              1       698.94661     0.022302573       0.1182008       68.221279       3.0407162      0.95487063     0.048248504     0.048979772   2.0920222e-09        2.104592         2.104592        1393.684                                                          1381.2462                                                       12.437851
              3       700.74099     0.022302573       0.1182008       68.221279       3.0461108      0.94875343     0.048248504     0.048979772   2.1033381e-09        2.104592         2.104592       1397.2728                                                          1384.8349                                                       12.437851
              3       700.51204     0.022307041      0.11816553       68.271851        3.047226      0.94866548     0.048744352      0.04582227   2.1056852e-09        2.104592         2.104592       1396.8149                                                          1384.7537                                                       12.061207
              6       700.10811     0.022307041      0.11816553       68.271851       3.0409874      0.95395749     0.048744352      0.04582227   2.0925895e-09        2.104592         2.104592        1396.007                                                          1383.9458                                                       12.061207
              2       699.99404     0.022272565      0.11811753       68.279769       3.0405032      0.95526743     0.048919416     0.044217252   2.0915764e-09        2.104592         2.104592       1395.7789                                                          1383.9611                                                       11.817838
              1       699.35084     0.022272565      0.11811753       68.279769       3.0395259      0.95675222     0.048919416     0.044217252   2.0895334e-09        2.104592         2.104592       1394.4925                                                          1382.6747                                                       11.817838
              2       699.29017     0.022312101      0.11731491        68.38334       3.0392527      0.95712027     0.049768819     0.062234055   2.0889626e-09        2.104592         2.104592       1394.3712                                                          1383.4478                                                       10.923329
              2        698.9008     0.022298648      0.11736783       68.356336       3.0462685      0.95548561     0.052659629     0.055802309     2.10367e-09        2.104592         2.104592       1393.5924                                                          1382.5137                                                        11.07871
              5       700.28963     0.022203987      0.11700122       68.266833       3.0428044       0.9607871     0.052705435     0.082110014   2.0963952e-09        2.104592         2.104592       1396.3701                                                          1385.4626                                                       10.907448
              3        697.7309     0.022203987      0.11700122       68.266833       3.0428629      0.96676829     0.052705435     0.082110014   2.0965179e-09        2.104592         2.104592       1391.2526                                                          1380.3452                                                       10.907448
              2        697.5374     0.022215582      0.11674418       68.574443       3.0439011       0.9674933     0.053508871     0.060159776   2.0986955e-09        2.104592         2.104592       1390.8656                                                          1380.5836                                                       10.282022
              1       697.67876     0.022215582      0.11674418       68.574443       3.0371566      0.97275651     0.053508871     0.060159776   2.0845887e-09        2.104592         2.104592       1391.1483                                                          1380.8663                                                       10.282022
              6       697.73616     0.022215582      0.11674418       68.574443       3.0394617      0.96793793     0.053508871     0.060159776   2.0893994e-09        2.104592         2.104592       1391.2631                                                          1380.9811                                                       10.282022
              6       698.26264     0.022447317      0.11645474       69.041373       3.0476247      0.96065155     0.055679441     0.034027475   2.1065248e-09        2.104592         2.104592       1392.3161                                                          1381.1757                                                       11.140452
              2       698.52985     0.022478859      0.11641897       69.092139       3.0476854      0.95974664     0.055505541     0.031418084   2.1066528e-09        2.104592         2.104592       1392.8505                                                          1381.5455                                                       11.305023
              2       698.52917     0.022479112      0.11642219       69.088178       3.0461726      0.96005058     0.054855992     0.032467567   2.1034683e-09        2.104592         2.104592       1392.8492                                                          1381.5624                                                       11.286796
              3       698.24567     0.022429388      0.11635415       68.964073       3.0412292      0.96227727      0.05320195     0.044807603   2.0930955e-09        2.104592         2.104592       1392.2822                                                          1381.3667                                                       10.915494
              1       698.23025     0.022429388      0.11635415       68.964073       3.0439744      0.95927284      0.05320195     0.044807603   2.0988493e-09        2.104592         2.104592       1392.2513                                                          1381.3358                                                       10.915494
              9       698.75806     0.022364667      0.11654712       69.031668       3.0286884        0.960856     0.046446133    0.0081867405   2.0670104e-09        2.104592         2.104592       1393.3069                                                          1382.1205                                                       11.186469
              1       698.44751     0.022373251       0.1170049       68.643958       3.0635762      0.95619897      0.06107326     0.053341104   2.1403965e-09        2.104592         2.104592       1392.6858                                                          1382.3783                                                       10.307483
              7       699.42673     0.022218674      0.11720735        68.74637       3.0659386      0.96111049     0.063141973     0.029619474    2.145459e-09        2.104592         2.104592       1394.6443                                                          1384.2444                                                        10.39987
              3       698.75589     0.022235071      0.11722357       68.807199       3.0638916      0.96042448     0.062026038     0.019523595   2.1410718e-09        2.104592         2.104592       1393.3026                                                           1382.819                                                       10.483575
              3       698.23873     0.022235071      0.11722357       68.807199       3.0641751      0.96242569     0.062026038     0.019523595   2.1416789e-09        2.104592         2.104592       1392.2683                                                          1381.7847                                                       10.483575
              2        700.5921     0.022104475       0.1163413       68.969985       3.0666201      0.96790506     0.065517407      0.02083558   2.1469216e-09        2.104592         2.104592        1396.975                                                           1384.875                                                       12.100012
              5       701.75367     0.021827467      0.11633904       68.873812       3.0391864       0.9791477     0.055648756    0.0019041868   2.0888241e-09        2.104592         2.104592       1399.2982                                                           1386.617                                                       12.681168
              1       702.52043     0.021827467      0.11633904       68.873812       3.0408357      0.97599046     0.055648756    0.0019041868   2.0922721e-09        2.104592         2.104592       1400.8317                                                          1388.1505                                                       12.681168
              1       701.32206     0.021987595      0.11612837        69.05799       3.0530641      0.97037182     0.060089447    0.0038278537   2.1180143e-09        2.104592         2.104592       1398.4349                                                           1384.873                                                       13.561925
              3        701.2626     0.021987595      0.11612837        69.05799       3.0456323      0.98108245     0.060089447    0.0038278537    2.102332e-09        2.104592         2.104592        1398.316                                                          1384.7541                                                       13.561925
              4       701.34992     0.021987595      0.11612837        69.05799       3.0434382      0.98260542     0.060089447    0.0038278537   2.0977243e-09        2.104592         2.104592       1398.4907                                                          1384.9287                                                       13.561925
              1       700.59332     0.022164878        0.116163       69.181139        3.049205      0.97674907     0.061182107    0.0045989451   2.1098564e-09        2.104592         2.104592       1396.9775                                                          1383.3936                                                       13.583886
              1        697.7427     0.022251544      0.11723166       68.467201       3.0426033      0.97184467     0.055843633     0.052798984   2.0959736e-09        2.104592         2.104592       1391.2762                                                          1380.7889                                                       10.487348
              5       697.51782     0.022251544      0.11723166       68.467201       3.0500026      0.96608123     0.055843633     0.052798984   2.1115399e-09        2.104592         2.104592       1390.8264                                                          1380.3391                                                       10.487348
