#        weight    minuslogpost        omegabh2        omegach2              H0            logA              ns             tau      mnu_sample        A_planck      TT_tSZ_Amp      TT_kSZ_Amp              As             mnu       chi2__CMB   minuslogprior minuslogprior__0            chi2 chi2__sbt_spt_audit.likelihoods.candl_cobaya.CandlCobayaLikelihood chi2__sbt_spt_audit.likelihoods.desi_dr2_bao.DESIDR2BAOGaussian chi2__planck_2018_lowl.TT chi2__planck_2018_lowl.EE_sroll2 chi2__planck_2018_highl_plik.TT_lite_native chi2__planckpr4lensing.PlanckPR4Lensing
             10       967.65007         0.02237            0.12           67.36           3.044          0.9649          0.0544            0.06               1       1.6260042       2.0989942   2.0989032e-09            0.06       491.75224       5.7934714        5.7934714       1923.7132                                                          1402.0248                                                       29.936121                 23.491641                         389.9931                                   69.538347                               8.7291548
              7       964.19377         0.02237            0.12           67.36           3.044          0.9649          0.0544            0.06               1       1.5902206       1.9790458   2.0989032e-09            0.06       491.75224       5.7934714        5.7934714       1916.8006                                                          1395.1122                                                       29.936121                 23.491641                         389.9931                                   69.538347                               8.7291548
              4       958.06466         0.02237            0.12           67.36           3.044          0.9649          0.0544            0.06               1       1.0767206       2.3386357   2.0989032e-09            0.06       491.75224       5.7934714        5.7934714       1904.5424                                                           1382.854                                                       29.936121                 23.491641                         389.9931                                   69.538347                               8.7291548
              5       958.03847         0.02237            0.12           67.36           3.044          0.9649          0.0544            0.06       1.0004755       1.0767206       2.3386357   2.0989032e-09            0.06       491.69987       5.7934714        5.7934714         1904.49                                                           1382.854                                                       29.936121                  23.41915                        389.99442                                    69.64572                               8.6405857
              7       958.22511         0.02237            0.12           67.36           3.044          0.9649          0.0544            0.06       1.0004755       1.0439336       2.3643298   2.0989032e-09            0.06       491.69987       5.7934714        5.7934714       1904.8633                                                          1383.2273                                                       29.936121                  23.41915                        389.99442                                    69.64572                               8.6405857
              5       956.58986     0.022309369      0.11968803       67.375014       3.0415121      0.96166162     0.053195933     0.066105214       1.0004755       1.2466428       2.5886577   2.0936878e-09     0.066105214        491.2528       5.7934714        5.7934714       1901.5928                                                          1382.5136                                                       27.826403                 24.151115                        390.08791                                   68.612849                               8.4009266
              2       956.09213     0.022309369      0.11968803       67.375014       3.0415121      0.96166162     0.053195933     0.066105214       1.0004755       1.2037233       2.5654087   2.0936878e-09     0.066105214        491.2528       5.7934714        5.7934714       1900.5973                                                          1381.5181                                                       27.826403                 24.151115                        390.08791                                   68.612849                               8.4009266
              4       956.23844     0.022309369      0.11968803       67.375014       3.0415121      0.96166162     0.053195933     0.066105214       1.0001739       1.2037233       2.5654087   2.0936878e-09     0.066105214       491.54544       5.7934714        5.7934714       1900.8899                                                          1381.5181                                                       27.826403                  24.20128                        390.07871                                   68.844525                               8.4209247
              1       957.27496     0.022309369      0.11968803       67.375014       3.0415121      0.96166162     0.053195933     0.066105214       1.0029264       1.2037233       2.5654087   2.0936878e-09     0.066105214       493.61848       5.7934714        5.7934714        1902.963                                                          1381.5181                                                       27.826403                 23.754745                        390.12577                                   71.236138                               8.5018178
              1       957.81996     0.022309369      0.11968803       67.375014       3.0415121      0.96166162     0.053195933     0.066105214       1.0029264       1.0913383       2.7706633   2.0936878e-09     0.066105214       493.61848       5.7934714        5.7934714        1904.053                                                          1382.6081                                                       27.826403                 23.754745                        390.12577                                   71.236138                               8.5018178
              7       956.87705     0.022309369      0.11968803       67.375014       3.0415121      0.96166162     0.053195933     0.066105214       1.0020041       1.0913383       2.7706633   2.0936878e-09     0.066105214       491.73267       5.7934714        5.7934714       1902.1672                                                          1382.6081                                                       27.826403                 23.901829                        390.10934                                   69.312401                               8.4091021
              5       956.30314     0.022309369      0.11968803       67.375014       3.0415121      0.96166162     0.053195933     0.066105214       1.0020041       1.1325832       2.6126405   2.0936878e-09     0.066105214       491.73267       5.7934714        5.7934714       1901.0193                                                          1381.4603                                                       27.826403                 23.901829                        390.10934                                   69.312401                               8.4091021
              1       955.27645      0.02228867      0.11958879        67.39835       3.0404135      0.95976803     0.051951055     0.071620557       1.0020041       1.1325832       2.6126405    2.091389e-09     0.071620557       491.35039       5.7934714        5.7934714       1898.9659                                                          1381.0389                                                       26.576663                 24.440692                        390.21809                                    68.28121                               8.4103918
              4       955.62623      0.02228867      0.11958879        67.39835       3.0404135      0.95976803     0.051951055     0.071620557       1.0029745       1.1325832       2.6126405    2.091389e-09     0.071620557       492.04996       5.7934714        5.7934714       1899.6655                                                          1381.0389                                                       26.576663                 24.276613                        390.23437                                   69.006994                               8.5319845
              2       955.29865      0.02228867      0.11958879        67.39835       3.0404135      0.95976803     0.051951055     0.071620557        1.002197       1.1325832       2.6126405    2.091389e-09     0.071620557        491.3948       5.7934714        5.7934714       1899.0104                                                          1381.0389                                                       26.576663                 24.407875                        390.23247                                   68.325679                               8.4287738
              5       955.29739      0.02228867      0.11958879        67.39835       3.0404135      0.95976803     0.051951055     0.071620557        1.002197       1.1328105       2.6123289    2.091389e-09     0.071620557        491.3948       5.7934714        5.7934714       1899.0078                                                          1381.0364                                                       26.576663                 24.407875                        390.23247                                   68.325679                               8.4287738
              4       955.96084      0.02228867      0.11958879        67.39835       3.0404135      0.95976803     0.051951055     0.071620557        1.002197       1.2196585       2.7726235    2.091389e-09     0.071620557        491.3948       5.7934714        5.7934714       1900.3347                                                          1382.3633                                                       26.576663                 24.407875                        390.23247                                   68.325679                               8.4287738
              4       955.69577      0.02228867      0.11958879        67.39835       3.0404135      0.95976803     0.051951055     0.071620557        1.002197        1.095551        2.812917    2.091389e-09     0.071620557        491.3948       5.7934714        5.7934714       1899.8046                                                          1381.8331                                                       26.576663                 24.407875                        390.23247                                   68.325679                               8.4287738
              5       956.15931      0.02228867      0.11958879        67.39835       3.0404135      0.95976803     0.051951055     0.071620557        1.003161        1.095551        2.812917    2.091389e-09     0.071620557       492.32187       5.7934714        5.7934714       1900.7317                                                          1381.8331                                                       26.576663                  24.24538                        390.22318                                   69.289643                               8.5636622
              6        957.8722      0.02228867      0.11958879        67.39835       3.0404135      0.95976803     0.051951055     0.071620557        1.003161      0.92147964       3.0918824    2.091389e-09     0.071620557       492.32187       5.7934714        5.7934714       1904.1575                                                          1385.2589                                                       26.576663                  24.24538                        390.22318                                   69.289643                               8.5636622
              1        959.6253      0.02228867      0.11958879        67.39835       3.0404135      0.95976803     0.051951055     0.071620557        1.003161      0.82586823       3.0056843    2.091389e-09     0.071620557       492.32187       5.7934714        5.7934714       1907.6637                                                          1388.7651                                                       26.576663                  24.24538                        390.22318                                   69.289643                               8.5636622
              2       956.45239      0.02228867      0.11958879        67.39835       3.0404135      0.95976803     0.051951055     0.071620557        1.003161       1.0391004       2.7691661    2.091389e-09     0.071620557       492.32187       5.7934714        5.7934714       1901.3178                                                          1382.4193                                                       26.576663                  24.24538                        390.22318                                   69.289643                               8.5636622
              3       956.76291      0.02228867      0.11958879        67.39835       3.0404135      0.95976803     0.051951055     0.071620557       1.0004991       1.0391004       2.7691661    2.091389e-09     0.071620557       492.94291       5.7934714        5.7934714       1901.9389                                                          1382.4193                                                       26.576663                  24.70081                        390.22791                                   69.647699                               8.3664948
              3       957.31918      0.02228867      0.11958879        67.39835       3.0404135      0.95976803     0.051951055     0.071620557       1.0039333       1.0391004       2.7691661    2.091389e-09     0.071620557       494.05544       5.7934714        5.7934714       1903.0514                                                          1382.4193                                                       26.576663                 24.117291                        390.26611                                   70.948829                               8.7232181
             11       956.84196      0.02228867      0.11958879        67.39835       3.0404135      0.95976803     0.051951055     0.071620557       1.0004266       1.0391004       2.7691661    2.091389e-09     0.071620557       493.10102       5.7934714        5.7934714        1902.097                                                          1382.4193                                                       26.576663                  24.71354                        390.22791                                    69.79071                               8.3688569
              4       956.80545      0.02228867      0.11958879        67.39835       3.0404135      0.95976803     0.051951055     0.071620557       1.0004266       1.1414035       2.8660995    2.091389e-09     0.071620557       493.10102       5.7934714        5.7934714        1902.024                                                          1382.3463                                                       26.576663                  24.71354                        390.22791                                    69.79071                               8.3688569
              1        959.8875      0.02228867      0.11958879        67.39835       3.0404135      0.95976803     0.051951055     0.071620557      0.99979411      0.86996329       3.0121899    2.091389e-09     0.071620557       494.79773       5.7934714        5.7934714       1908.1881                                                          1386.8137                                                       26.576663                  24.82517                        390.22536                                   71.340179                               8.4070179
              1       960.55113      0.02228867      0.11958879        67.39835       3.0404135      0.95976803     0.051951055     0.071620557      0.99979411       1.0519576        3.318998    2.091389e-09     0.071620557       494.79773       5.7934714        5.7934714       1909.5153                                                          1388.1409                                                       26.576663                  24.82517                        390.22536                                   71.340179                               8.4070179
              1       961.29891      0.02228867      0.11958879        67.39835       3.0404135      0.95976803     0.051951055     0.071620557       1.0046259       1.0519576        3.318998    2.091389e-09     0.071620557       496.29329       5.7934714        5.7934714       1911.0109                                                          1388.1409                                                       26.576663                 24.004113                        390.28132                                   73.102887                               8.9049732
              1       962.90172      0.02228867      0.11958879        67.39835       3.0404135      0.95976803     0.051951055     0.071620557       1.0046259      0.74874232       3.2235723    2.091389e-09     0.071620557       496.29329       5.7934714        5.7934714       1914.2165                                                          1391.3465                                                       26.576663                 24.004113                        390.28132                                   73.102887                               8.9049732
              1       960.89949      0.02228867      0.11958879        67.39835       3.0404135      0.95976803     0.051951055     0.071620557       1.0031407      0.74874232       3.2235723    2.091389e-09     0.071620557       492.28882       5.7934714        5.7934714        1910.212                                                          1391.3465                                                       26.576663                 24.248761                        390.22318                                   69.256775                               8.5600987
              1       956.00934      0.02228867      0.11958879        67.39835       3.0404135      0.95976803     0.051951055     0.071620557       1.0031407       1.2219581       2.1960499    2.091389e-09     0.071620557       492.28882       5.7934714        5.7934714       1900.4317                                                          1381.5663                                                       26.576663                 24.248761                        390.22318                                   69.256775                               8.5600987
              1       957.69368      0.02228867      0.11958879        67.39835       3.0404135      0.95976803     0.051951055     0.071620557       1.0031407       1.4479618       2.4591743    2.091389e-09     0.071620557       492.28882       5.7934714        5.7934714       1903.8004                                                          1384.9349                                                       26.576663                 24.248761                        390.22318                                   69.256775                               8.5600987
              3       957.72823      0.02228867      0.11958879        67.39835       3.0404135      0.95976803     0.051951055     0.071620557       1.0027745       1.5902582       1.4757479    2.091389e-09     0.071620557       491.80069       5.7934714        5.7934714       1903.8695                                                          1385.4922                                                       26.576663                 24.310222                        390.23437                                   68.755109                               8.5009912
              4       957.08995      0.02228867      0.11958879        67.39835       3.0404135      0.95976803     0.051951055     0.071620557       1.0021717       1.2717266       1.8769757    2.091389e-09     0.071620557       491.38785       5.7934714        5.7934714        1902.593                                                          1384.6285                                                       26.576663                 24.412178                        390.23247                                   68.317006                               8.4261955
              4       955.06271      0.02228867      0.11958879        67.39835       3.0404135      0.95976803     0.051951055     0.071620557       1.0021717       1.3685898       2.1414799    2.091389e-09     0.071620557       491.38785       5.7934714        5.7934714       1898.5385                                                           1380.574                                                       26.576663                 24.412178                        390.23247                                   68.317006                               8.4261955
              9       955.07915      0.02228867      0.11958879        67.39835       3.0404135      0.95976803     0.051951055     0.071620557       1.0021717       1.3675666       2.1200509    2.091389e-09     0.071620557       491.38785       5.7934714        5.7934714       1898.5714                                                          1380.6068                                                       26.576663                 24.412178                        390.23247                                   68.317006                               8.4261955
              7       955.05936     0.022288273      0.11957359       67.397995       3.0405556      0.95970891     0.051904424     0.071567054       1.0021717        1.349882       2.0274877   2.0916862e-09     0.071567054       491.36157       5.7934714        5.7934714       1898.5318                                                          1380.6096                                                       26.560646                 24.447105                        390.21044                                   68.295125                                8.408899
              4       955.09334     0.022288273      0.11957359       67.397995       3.0405556      0.95970891     0.051904424     0.071567054       1.0023848        1.349882       2.0274877   2.0916862e-09     0.071567054       491.42953       5.7934714        5.7934714       1898.5997                                                          1380.6096                                                       26.560646                 24.410854                        390.23536                                   68.353713                               8.4296005
              5       956.30033     0.022288273      0.11957359       67.397995       3.0405556      0.95970891     0.051904424     0.071567054       1.0023848       1.5023189       1.6572965   2.0916862e-09     0.071567054       491.42953       5.7934714        5.7934714       1901.0137                                                          1383.0236                                                       26.560646                 24.410854                        390.23536                                   68.353713                               8.4296005
              3       956.86924     0.022288273      0.11957359       67.397995       3.0405556      0.95970891     0.051904424     0.071567054       1.0023848       1.5771065       1.5537141   2.0916862e-09     0.071567054       491.42953       5.7934714        5.7934714       1902.1515                                                          1384.1614                                                       26.560646                 24.410854                        390.23536                                   68.353713                               8.4296005
              1       959.00057     0.022288273      0.11957359       67.397995       3.0405556      0.95970891     0.051904424     0.071567054       1.0023848       1.5027466       1.3253763   2.0916862e-09     0.071567054       491.42953       5.7934714        5.7934714       1906.4142                                                           1388.424                                                       26.560646                 24.410854                        390.23536                                   68.353713                               8.4296005
              2       960.53627     0.022288273      0.11957359       67.397995       3.0405556      0.95970891     0.051904424     0.071567054       1.0044624       1.5576759       1.3067265   2.0916862e-09     0.071567054       495.21745       5.7934714        5.7934714       1909.4856                                                          1387.7075                                                       26.560646                 24.064252                        390.26022                                   72.078475                               8.8145069
              1       955.35295     0.022231994      0.11980039        67.35151       3.0502017      0.96192202     0.053391567     0.062668828       1.0044624       1.5576759       1.3067265   2.1119604e-09     0.062668828       491.33942       5.7934714        5.7934714        1899.119                                                          1380.3859                                                       27.393606                 24.099817                        390.06389                                   68.407624                               8.7680966
              2       954.60049     0.022239783      0.11980413       67.374818       3.0509841      0.96104242     0.054125001     0.062319852       1.0044624       1.5576759       1.3067265   2.1136134e-09     0.062319852       491.11936       5.7934714        5.7934714        1897.614                                                          1379.5346                                                       26.960052                 24.291149                        389.97671                                   68.160788                               8.6907159
              9       955.17484     0.022239783      0.11980413       67.374818       3.0509841      0.96104242     0.054125001     0.062319852       1.0063721       1.5576759       1.3067265   2.1136134e-09     0.062319852       492.26806       5.7934714        5.7934714       1898.7627                                                          1379.5346                                                       26.960052                 23.976651                        390.01336                                   69.840874                               8.4371762
             13       956.02335     0.022239783      0.11980413       67.374818       3.0509841      0.96104242     0.054125001     0.062319852       1.0063721       1.3057143       1.3771721   2.1136134e-09     0.062319852       492.26806       5.7934714        5.7934714       1900.4598                                                          1381.2316                                                       26.960052                 23.976651                        390.01336                                   69.840874                               8.4371762
              2       954.60266     0.022239783      0.11980413       67.374818       3.0509841      0.96104242     0.054125001     0.062319852       1.0063721       1.4315629       1.8575621   2.1136134e-09     0.062319852       492.26806       5.7934714        5.7934714       1897.6184                                                          1378.3903                                                       26.960052                 23.976651                        390.01336                                   69.840874                               8.4371762
              2       955.43163     0.022239783      0.11980413       67.374818       3.0509841      0.96104242     0.054125001     0.062319852       1.0063721       1.0903355       1.9469541   2.1136134e-09     0.062319852       492.26806       5.7934714        5.7934714       1899.2763                                                          1380.0482                                                       26.960052                 23.976651                        390.01336                                   69.840874                               8.4371762
              5        954.0742     0.022239783      0.11980413       67.374818       3.0509841      0.96104242     0.054125001     0.062319852       1.0063721       1.3803929       1.5861404   2.1136134e-09     0.062319852       492.26806       5.7934714        5.7934714       1896.5615                                                          1377.3333                                                       26.960052                 23.976651                        390.01336                                   69.840874                               8.4371762
              5       954.39955     0.022239783      0.11980413       67.374818       3.0509841      0.96104242     0.054125001     0.062319852       1.0063721       1.4680038       1.4832408   2.1136134e-09     0.062319852       492.26806       5.7934714        5.7934714       1897.2122                                                           1377.984                                                       26.960052                 23.976651                        390.01336                                   69.840874                               8.4371762
              1       954.07443     0.022239783      0.11980413       67.374818       3.0509841      0.96104242     0.054125001     0.062319852       1.0059865       1.4680038       1.4832408   2.1136134e-09     0.062319852       491.61782       5.7934714        5.7934714       1896.5619                                                           1377.984                                                       26.960052                 24.039195                          389.999                                    69.11397                               8.4656596
              9       955.86534     0.022239783      0.11980413       67.374818       3.0509841      0.96104242     0.054125001     0.062319852       1.0059865       1.4924693       1.1020814   2.1136134e-09     0.062319852       491.61782       5.7934714        5.7934714       1900.1437                                                          1381.5659                                                       26.960052                 24.039195                          389.999                                    69.11397                               8.4656596
              2       955.97093     0.022239783      0.11980413       67.374818       3.0509841      0.96104242     0.054125001     0.062319852       1.0061292       1.4924693       1.1020814   2.1136134e-09     0.062319852       491.82901       5.7934714        5.7934714       1900.3549                                                          1381.5659                                                       26.960052                 24.015994                          389.999                                   69.360233                               8.4537851
              1       956.97426     0.022239783      0.11980413       67.374818       3.0509841      0.96104242     0.054125001     0.062319852       1.0061292       1.5660243      0.92584292   2.1136134e-09     0.062319852       491.82901       5.7934714        5.7934714       1902.3616                                                          1383.5725                                                       26.960052                 24.015994                          389.999                                   69.360233                               8.4537851
              9        957.1438     0.022239783      0.11980413       67.374818       3.0509841      0.96104242     0.054125001     0.062319852       1.0061292       1.5577843      0.91312607   2.1136134e-09     0.062319852       491.82901       5.7934714        5.7934714       1902.7007                                                          1383.9116                                                       26.960052                 24.015994                          389.999                                   69.360233                               8.4537851
              2       957.27221     0.022239783      0.11980413       67.374818       3.0509841      0.96104242     0.054125001     0.062319852       1.0062736       1.5577843      0.91312607   2.1136134e-09     0.062319852       492.08583       5.7934714        5.7934714       1902.9575                                                          1383.9116                                                       26.960052                 23.992592                        390.01336                                   69.636508                               8.4433691
              3       955.26362     0.022239783      0.11980413       67.374818       3.0509841      0.96104242     0.054125001     0.062319852       1.0062736       1.4325517       1.2721102   2.1136134e-09     0.062319852       492.08583       5.7934714        5.7934714       1898.9403                                                          1379.8944                                                       26.960052                 23.992592                        390.01336                                   69.636508                               8.4433691
              1       956.35564     0.022239783      0.11980413       67.374818       3.0509841      0.96104242     0.054125001     0.062319852        1.002815       1.4325517       1.2721102   2.1136134e-09     0.062319852       494.26985       5.7934714        5.7934714       1901.1243                                                          1379.8944                                                       26.960052                 24.571313                        389.94716                                   70.613291                               9.1380901
              1       956.29351     0.022239783      0.11980413       67.374818       3.0509841      0.96104242     0.054125001     0.062319852        1.002815       1.4818774       1.2403368   2.1136134e-09     0.062319852       494.26985       5.7934714        5.7934714       1901.0001                                                          1379.7702                                                       26.960052                 24.571313                        389.94716                                   70.613291                               9.1380901
              5       957.10797     0.022239783      0.11980413       67.374818       3.0509841      0.96104242     0.054125001     0.062319852       1.0076719       1.4818774       1.2403368   2.1136134e-09     0.062319852       495.89877       5.7934714        5.7934714        1902.629                                                          1379.7702                                                       26.960052                 23.769155                        389.98281                                   73.721775                               8.4250373
              3         955.693     0.022239783      0.11980413       67.374818       3.0509841      0.96104242     0.054125001     0.062319852       1.0076719       1.3691379       1.6900918   2.1136134e-09     0.062319852       495.89877       5.7934714        5.7934714        1899.799                                                          1376.9402                                                       26.960052                 23.769155                        389.98281                                   73.721775                               8.4250373
              3       955.95643     0.022239783      0.11980413       67.374818       3.0509841      0.96104242     0.054125001     0.062319852       1.0022121       1.3817301       1.7330031   2.1136134e-09     0.062319852       496.40429       5.7934714        5.7934714       1900.3259                                                          1376.9616                                                       26.960052                 24.676007                        389.94759                                   72.425309                               9.3553911
              1       953.30367     0.022239783      0.11980413       67.374818       3.0509841      0.96104242     0.054125001     0.062319852       1.0055236       1.3817301       1.7330031   2.1136134e-09     0.062319852       491.09878       5.7934714        5.7934714       1895.0204                                                          1376.9616                                                       26.960052                 24.114887                        389.96927                                   68.499635                               8.5149871
              5       953.36771     0.022239783      0.11980413       67.374818       3.0509841      0.96104242     0.054125001     0.062319852       1.0055236       1.3349746       1.6703578   2.1136134e-09     0.062319852       491.09878       5.7934714        5.7934714       1895.1485                                                          1377.0896                                                       26.960052                 24.114887                        389.96927                                   68.499635                               8.5149871
              2       955.00741     0.022239783      0.11980413       67.374818       3.0509841      0.96104242     0.054125001     0.062319852       1.0055236       1.4973764       1.8386956   2.1136134e-09     0.062319852       491.09878       5.7934714        5.7934714       1898.4279                                                           1380.369                                                       26.960052                 24.114887                        389.96927                                   68.499635                               8.5149871
              4       954.78212     0.022239783      0.11980413       67.374818       3.0509841      0.96104242     0.054125001     0.062319852       1.0055236       1.1097868       1.8989267   2.1136134e-09     0.062319852       491.09878       5.7934714        5.7934714       1897.9773                                                          1379.9185                                                       26.960052                 24.114887                        389.96927                                   68.499635                               8.5149871
              1       954.39971     0.022239783      0.11980413       67.374818       3.0509841      0.96104242     0.054125001     0.062319852       1.0055236       1.0312574       2.3264755   2.1136134e-09     0.062319852       491.09878       5.7934714        5.7934714       1897.2125                                                          1379.1536                                                       26.960052                 24.114887                        389.96927                                   68.499635                               8.5149871
              3       954.61166     0.022239783      0.11980413       67.374818       3.0509841      0.96104242     0.054125001     0.062319852       1.0055236       1.2810764       2.3032384   2.1136134e-09     0.062319852       491.09878       5.7934714        5.7934714       1897.6364                                                          1379.5775                                                       26.960052                 24.114887                        389.96927                                   68.499635                               8.5149871
              3       954.52817     0.022239783      0.11980413       67.374818       3.0509841      0.96104242     0.054125001     0.062319852       1.0050701       1.2810764       2.3032384   2.1136134e-09     0.062319852        490.9318       5.7934714        5.7934714       1897.4694                                                          1379.5775                                                       26.960052                 24.189727                        389.99055                                   68.172142                                8.579376
              2       954.83759     0.022239783      0.11980413       67.374818       3.0509841      0.96104242     0.054125001     0.062319852        1.004052       1.2810764       2.3032384   2.1136134e-09     0.062319852       491.55063       5.7934714        5.7934714       1898.0882                                                          1379.5775                                                       26.960052                 24.360276                        389.97671                                   68.431415                               8.7822307
              1       953.47541     0.022239783      0.11980413       67.374818       3.0509841      0.96104242     0.054125001     0.062319852        1.004052        1.270909       2.0388986   2.1136134e-09     0.062319852       491.55063       5.7934714        5.7934714       1895.3639                                                          1376.8532                                                       26.960052                 24.360276                        389.97671                                   68.431415                               8.7822307
              1       953.37424     0.022239783      0.11980413       67.374818       3.0509841      0.96104242     0.054125001     0.062319852       1.0046464       1.2828476        2.082075   2.1136134e-09     0.062319852        491.0008       5.7934714        5.7934714       1895.1615                                                          1377.2007                                                       26.960052                 24.260315                        389.97411                                   68.112407                               8.6539674
              1       953.46736     0.022239783      0.11980413       67.374818       3.0509841      0.96104242     0.054125001     0.062319852       1.0043798       1.2828476        2.082075   2.1136134e-09     0.062319852       491.18703       5.7934714        5.7934714       1895.3478                                                          1377.2007                                                       26.960052                 24.305034                        389.97671                                   68.197203                               8.7080845
              4        953.2181     0.022239783      0.11980413       67.374818       3.0509841      0.96104242     0.054125001     0.062319852       1.0043798        1.249561       2.0120894   2.1136134e-09     0.062319852       491.18703       5.7934714        5.7934714       1894.8493                                                          1376.7022                                                       26.960052                 24.305034                        389.97671                                   68.197203                               8.7080845
              2       953.20528     0.022239783      0.11980413       67.374818       3.0509841      0.96104242     0.054125001     0.062319852       1.0044098        1.249561       2.0120894   2.1136134e-09     0.062319852       491.16138       5.7934714        5.7934714       1894.8236                                                          1376.7022                                                       26.960052                 24.299998                        389.97671                                   68.182948                               8.7017257
              4       953.33016     0.022257642      0.11970435       67.378051       3.0514532      0.96034106     0.055121437     0.059818469       1.0044098        1.249561       2.0120894   2.1146051e-09     0.059818469       491.25447       5.7934714        5.7934714       1895.0734                                                          1376.6915                                                        27.12738                 24.402535                        389.92595                                   68.349892                                8.576085
              7       953.39968     0.022257642      0.11970435       67.378051       3.0514532      0.96034106     0.055121437     0.059818469       1.0044098       1.3111318       1.8231605   2.1146051e-09     0.059818469       491.25447       5.7934714        5.7934714       1895.2124                                                          1376.8306                                                        27.12738                 24.402535                        389.92595                                   68.349892                                8.576085
              9       954.99535     0.022257642      0.11970435       67.378051       3.0514532      0.96034106     0.055121437     0.059818469       1.0044098       1.3520334         1.43166   2.1146051e-09     0.059818469       491.25447       5.7934714        5.7934714       1898.4038                                                          1380.0219                                                        27.12738                 24.402535                        389.92595                                   68.349892                                8.576085
              4       954.77804     0.022257519      0.11970953       67.381969       3.0515144      0.96026702     0.055092718     0.059783616       1.0044098       1.3520334         1.43166   2.1147347e-09     0.059783616        491.1765       5.7934714        5.7934714       1897.9691                                                          1379.7562                                                       27.036386                 24.429721                        389.93817                                   68.220212                               8.5884006
              2       953.66951     0.022257519      0.11970953       67.381969       3.0515144      0.96026702     0.055092718     0.059783616       1.0044098       1.2836464       1.7197517   2.1147347e-09     0.059783616        491.1765       5.7934714        5.7934714       1895.7521                                                          1377.5392                                                       27.036386                 24.429721                        389.93817                                   68.220212                               8.5884006
              3       954.22287     0.022257519      0.11970953       67.381969       3.0515144      0.96026702     0.055092718     0.059783616       1.0044098       1.2328605        1.725205   2.1147347e-09     0.059783616        491.1765       5.7934714        5.7934714       1896.8588                                                          1378.6459                                                       27.036386                 24.429721                        389.93817                                   68.220212                               8.5884006
              7       954.25725     0.022257519      0.11970953       67.381969       3.0515144      0.96026702     0.055092718     0.059783616       1.0048247       1.2328605        1.725205   2.1147347e-09     0.059783616       491.24527       5.7934714        5.7934714       1896.9276                                                          1378.6459                                                       27.036386                 24.359399                        389.92802                                   68.438259                                8.519586
              3       954.54834     0.022257519      0.11970953       67.381969       3.0515144      0.96026702     0.055092718     0.059783616       1.0034912       1.2328605        1.725205   2.1147347e-09     0.059783616       491.82744       5.7934714        5.7934714       1897.5097                                                          1378.6459                                                       27.036386                  24.58714                        389.89948                                   68.552321                               8.7884964
              1       954.31432     0.022257519      0.11970953       67.381969       3.0515144      0.96026702     0.055092718     0.059783616       1.0034912       1.4840418       1.7292734   2.1147347e-09     0.059783616       491.82744       5.7934714        5.7934714       1897.0417                                                          1378.1779                                                       27.036386                  24.58714                        389.89948                                   68.552321                               8.7884964
              4       954.29409     0.022257519      0.11970953       67.381969       3.0515144      0.96026702     0.055092718     0.059783616       1.0054232       1.4840418       1.7292734   2.1147347e-09     0.059783616       491.78698       5.7934714        5.7934714       1897.0012                                                          1378.1779                                                       27.036386                 24.258772                         389.9304                                   69.153958                               8.4438406
              1       953.39225     0.022257519      0.11970953       67.381969       3.0515144      0.96026702     0.055092718     0.059783616       1.0054232         1.25979       1.9971528   2.1147347e-09     0.059783616       491.78698       5.7934714        5.7934714       1895.1976                                                          1376.3742                                                       27.036386                 24.258772                         389.9304                                   69.153958                               8.4438406
              3       953.30473     0.022257519      0.11970953       67.381969       3.0515144      0.96026702     0.055092718     0.059783616       1.0052818         1.25979       1.9971528   2.1147347e-09     0.059783616       491.61194       5.7934714        5.7934714       1895.0225                                                          1376.3742                                                       27.036386                 24.282442                        389.92802                                   68.942239                               8.4592358
              5       953.31225     0.022257519      0.11970953       67.381969       3.0515144      0.96026702     0.055092718     0.059783616       1.0036464         1.25979       1.9971528   2.1147347e-09     0.059783616       491.62696       5.7934714        5.7934714       1895.0375                                                          1376.3742                                                       27.036386                 24.560337                        389.89948                                   68.417099                               8.7500454
              6       953.50555     0.022257519      0.11970953       67.381969       3.0515144      0.96026702     0.055092718     0.059783616        1.005581         1.25979       1.9971528   2.1147347e-09     0.059783616       492.01356       5.7934714        5.7934714       1895.4241                                                          1376.3742                                                       27.036386                 24.232436                        389.93138                                    69.42126                               8.4284836
             13       953.53833     0.022257519      0.11970953       67.381969       3.0515144      0.96026702     0.055092718     0.059783616        1.005581       1.2432059       2.0050227   2.1147347e-09     0.059783616       492.01356       5.7934714        5.7934714       1895.4897                                                          1376.4398                                                       27.036386                 24.232436                        389.93138                                    69.42126                               8.4284836
              9       954.80035     0.022257519      0.11970953       67.381969       3.0515144      0.96026702     0.055092718     0.059783616        1.005581        1.145264        1.913649   2.1147347e-09     0.059783616       492.01356       5.7934714        5.7934714       1898.0137                                                          1378.9638                                                       27.036386                 24.232436                        389.93138                                    69.42126                               8.4284836
              8       954.82885     0.022222031      0.11987774       67.405905       3.0505873       0.9616403     0.054785409     0.055854874        1.005581        1.145264        1.913649    2.112775e-09     0.055854874       492.64973       5.7934714        5.7934714       1898.0708                                                          1379.1876                                                       26.233477                 23.846161                        389.97273                                   70.346051                               8.4847827
              5       953.77693     0.022222031      0.11987774       67.405905       3.0505873       0.9616403     0.054785409     0.055854874        1.005581       1.1799605       2.3111236    2.112775e-09     0.055854874       492.64973       5.7934714        5.7934714       1895.9669                                                          1377.0837                                                       26.233477                 23.846161                        389.97273                                   70.346051                               8.4847827
              4       955.74985     0.022222031      0.11987774       67.405905       3.0505873       0.9616403     0.054785409     0.055854874       1.0068611       1.1799605       2.3111236    2.112775e-09     0.055854874       496.59555       5.7934714        5.7934714       1899.9127                                                          1377.0837                                                       26.233477                 23.644349                        390.02306                                   74.481814                               8.4463292
              4       956.34269     0.022222031      0.11987774       67.405905       3.0505873       0.9616403     0.054785409     0.055854874         1.00715       1.1799605       2.3111236    2.112775e-09     0.055854874       497.78123       5.7934714        5.7934714       1901.0984                                                          1377.0837                                                       26.233477                 23.599494                        390.01708                                   75.709721                                8.454935
              1       956.23563     0.022142132      0.11934925       67.712246       3.0464376       0.9662831     0.050897756     0.038844928         1.00715       1.1799605       2.3111236   2.1040257e-09     0.038844928       492.04894       5.7934714        5.7934714       1900.8843                                                          1390.1598                                                       18.675563                 22.847506                         390.8045                                   69.889243                               8.5076972
              1       953.94128     0.022142132      0.11934925       67.712246       3.0464376       0.9662831     0.050897756     0.038844928         1.00715       1.1747487       1.7723104   2.1040257e-09     0.038844928       492.04894       5.7934714        5.7934714       1896.2956                                                          1385.5711                                                       18.675563                 22.847506                         390.8045                                   69.889243                               8.5076972
              5       953.88417     0.022142132      0.11934925       67.712246       3.0464376       0.9662831     0.050897756     0.038844928         1.00715       1.1853584       1.7641678   2.1040257e-09     0.038844928       492.04894       5.7934714        5.7934714       1896.1814                                                          1385.4569                                                       18.675563                 22.847506                         390.8045                                   69.889243                               8.5076972
              5       954.03881     0.022142132      0.11934925       67.712246       3.0464376       0.9662831     0.050897756     0.038844928         1.00715       1.1734631       1.7177997   2.1040257e-09     0.038844928       492.04894       5.7934714        5.7934714       1896.4907                                                          1385.7662                                                       18.675563                 22.847506                         390.8045                                   69.889243                               8.5076972
              4       954.79562     0.022142132      0.11934925       67.712246       3.0464376       0.9662831     0.050897756     0.038844928         1.00715        1.050579       2.0123352   2.1040257e-09     0.038844928       492.04894       5.7934714        5.7934714       1898.0043                                                          1387.2798                                                       18.675563                 22.847506                         390.8045                                   69.889243                               8.5076972
              2       955.68984     0.022142132      0.11934925       67.712246       3.0464376       0.9662831     0.050897756     0.038844928         1.00715       1.1850246       2.2431076   2.1040257e-09     0.038844928       492.04894       5.7934714        5.7934714       1899.7927                                                          1389.0682                                                       18.675563                 22.847506                         390.8045                                   69.889243                               8.5076972
              2       955.51739     0.022142132      0.11934925       67.712246       3.0464376       0.9662831     0.050897756     0.038844928       1.0066417       1.1850246       2.2431076   2.1040257e-09     0.038844928       491.70405       5.7934714        5.7934714       1899.4478                                                          1389.0682                                                       18.675563                 22.918259                         390.7905                                   69.451847                               8.5434471
              5       954.04711     0.022142132      0.11934925       67.712246       3.0464376       0.9662831     0.050897756     0.038844928       1.0066417       1.1256845       1.9815762   2.1040257e-09     0.038844928       491.70405       5.7934714        5.7934714       1896.5073                                                          1386.1277                                                       18.675563                 22.918259                         390.7905                                   69.451847                               8.5434471
              1       953.94001     0.022142132      0.11934925       67.712246       3.0464376       0.9662831     0.050897756     0.038844928       1.0066417       1.2591023       1.8860935   2.1040257e-09     0.038844928       491.70405       5.7934714        5.7934714       1896.2931                                                          1385.9135                                                       18.675563                 22.918259                         390.7905                                   69.451847                               8.5434471
              4       953.93366     0.021957806      0.11891404       67.615799       3.0604582       0.9648214     0.057698412     0.039003728       1.0066417       1.2591023       1.8860935   2.1337331e-09     0.039003728       493.40747       5.7934714        5.7934714       1896.2804                                                           1385.074                                                       17.798879                 23.468696                        390.22772                                   70.506775                               9.2042735
              1       954.37208     0.021957806      0.11891404       67.615799       3.0604582       0.9648214     0.057698412     0.039003728       1.0098377       1.3462996       1.7343772   2.1337331e-09     0.039003728       494.22851       5.7934714        5.7934714       1897.1572                                                          1385.1298                                                       17.798879                 22.997127                        390.21581                                   72.516466                               8.4991026
              1        954.8098     0.021957806      0.11891404       67.615799       3.0604582       0.9648214     0.057698412     0.039003728       1.0098377        1.142648       2.0442534   2.1337331e-09     0.039003728       494.22851       5.7934714        5.7934714       1898.0327                                                          1386.0053                                                       17.798879                 22.997127                        390.21581                                   72.516466                               8.4991026
              3       955.11772     0.021957806      0.11891404       67.615799       3.0604582       0.9648214     0.057698412     0.039003728       1.0098377       1.1062775        2.073414   2.1337331e-09     0.039003728       494.22851       5.7934714        5.7934714       1898.6485                                                          1386.6211                                                       17.798879                 22.997127                        390.21581                                   72.516466                               8.4991026
              1       957.15493     0.021957806      0.11891404       67.615799       3.0604582       0.9648214     0.057698412     0.039003728       1.0050618       1.1062775        2.073414   2.1337331e-09     0.039003728       498.30293       5.7934714        5.7934714       1902.7229                                                          1386.6211                                                       17.798879                 23.713446                        390.21854                                   74.524064                               9.8468876
              5       953.92076     0.021957806      0.11891404       67.615799       3.0604582       0.9648214     0.057698412     0.039003728       1.0072009       1.1359514       2.1303781   2.1337331e-09     0.039003728       492.49151       5.7934714        5.7934714       1896.2546                                                          1385.9642                                                       17.798879                 23.383953                        390.19832                                   69.885448                               9.0237895
              2       954.36425     0.021957806      0.11891404       67.615799       3.0604582       0.9648214     0.057698412     0.039003728       1.0072009       1.0781445       2.1862714   2.1337331e-09     0.039003728       492.49151       5.7934714        5.7934714       1897.1416                                                          1386.8512                                                       17.798879                 23.383953                        390.19832                                   69.885448                               9.0237895
              3       954.46287     0.021957806      0.11891404       67.615799       3.0604582       0.9648214     0.057698412     0.039003728       1.0072009       1.0651159       2.2230579   2.1337331e-09     0.039003728       492.49151       5.7934714        5.7934714       1897.3388                                                          1387.0484                                                       17.798879                 23.383953                        390.19832                                   69.885448                               9.0237895
              6       953.60404     0.021957806      0.11891404       67.615799       3.0604582       0.9648214     0.057698412     0.039003728       1.0072009       1.2520628       2.0324037   2.1337331e-09     0.039003728       492.49151       5.7934714        5.7934714       1895.6211                                                          1385.3307                                                       17.798879                 23.383953                        390.19832                                   69.885448                               9.0237895
              4       953.50127     0.021957806      0.11891404       67.615799       3.0604582       0.9648214     0.057698412     0.039003728       1.0087215       1.3131044       1.9247849   2.1337331e-09     0.039003728       492.30956       5.7934714        5.7934714       1895.4156                                                          1385.3072                                                       17.798879                 23.158186                        390.20576                                    70.28971                                  8.6559
              1       953.33961     0.021957806      0.11891404       67.615799       3.0604582       0.9648214     0.057698412     0.039003728        1.008088       1.3131044       1.9247849   2.1337331e-09     0.039003728       491.98623       5.7934714        5.7934714       1895.0923                                                          1385.3072                                                       17.798879                 23.251414                        390.19655                                   69.750826                               8.7874459
              3       952.61917     0.021950177      0.11895154       67.641329        3.061123       0.9652591     0.058482418     0.040305657        1.008088       1.3131044       1.9247849   2.1351521e-09     0.040305657       492.84838       5.7934714        5.7934714       1893.6514                                                          1383.4946                                                       17.308389                 23.121483                        390.32505                                     70.7007                               8.7011464
              2        952.7716     0.021950177      0.11895154       67.641329        3.061123       0.9652591     0.058482418     0.040305657       1.0066101       1.3131044       1.9247849   2.1351521e-09     0.040305657       493.15326       5.7934714        5.7934714       1893.9563                                                          1383.4946                                                       17.308389                 23.339902                         390.2932                                   70.454664                               9.0654962
              7       952.86311     0.021950177      0.11895154       67.641329        3.061123       0.9652591     0.058482418     0.040305657       1.0064734       1.3131044       1.9247849   2.1351521e-09     0.040305657       493.33626       5.7934714        5.7934714       1894.1393                                                          1383.4946                                                       17.308389                 23.360433                        390.28997                                   70.578089                               9.1077742
              2       953.17484     0.021950177      0.11895154       67.641329        3.061123       0.9652591     0.058482418     0.040305657       1.0064734       1.3556998       1.9673537   2.1351521e-09     0.040305657       493.33626       5.7934714        5.7934714       1894.7627                                                          1384.1181                                                       17.308389                 23.360433                        390.28997                                   70.578089                               9.1077742
              3       952.86433     0.021950177      0.11895154       67.641329        3.061123       0.9652591     0.058482418     0.040305657       1.0070789       1.3556998       1.9673537   2.1351521e-09     0.040305657       492.71525       5.7934714        5.7934714       1894.1417                                                          1384.1181                                                       17.308389                 23.269902                        390.29382                                   70.219964                               8.9315648
              1       953.76042     0.021950177      0.11895154       67.641329        3.061123       0.9652591     0.058482418     0.040305657       1.0070789       1.1523466       1.8813477   2.1351521e-09     0.040305657       492.71525       5.7934714        5.7934714       1895.9339                                                          1385.9103                                                       17.308389                 23.269902                        390.29382                                   70.219964                               8.9315648
              3       954.33011     0.021950177      0.11895154       67.641329        3.061123       0.9652591     0.058482418     0.040305657       1.0070789       1.0836743       2.6268593   2.1351521e-09     0.040305657       492.71525       5.7934714        5.7934714       1897.0733                                                          1387.0496                                                       17.308389                 23.269902                        390.29382                                   70.219964                               8.9315648
              2       954.28997     0.021950177      0.11895154       67.641329        3.061123       0.9652591     0.058482418     0.040305657        1.007266       1.0836743       2.6268593   2.1351521e-09     0.040305657       492.63496       5.7934714        5.7934714        1896.993                                                          1387.0496                                                       17.308389                 23.242151                        390.30229                                   70.207635                               8.8828872
              1       954.33993     0.021950177      0.11895154       67.641329        3.061123       0.9652591     0.058482418     0.040305657        1.007266       1.1096054       2.6160931   2.1351521e-09     0.040305657       492.63496       5.7934714        5.7934714       1897.0929                                                          1387.1496                                                       17.308389                 23.242151                        390.30229                                   70.207635                               8.8828872
              6       953.46402     0.021950177      0.11895154       67.641329        3.061123       0.9652591     0.058482418     0.040305657        1.007266       1.0874415       2.1648484   2.1351521e-09     0.040305657       492.63496       5.7934714        5.7934714       1895.3411                                                          1385.3977                                                       17.308389                 23.242151                        390.30229                                   70.207635                               8.8828872
              3       954.26716     0.021906841      0.11910803       67.656138       3.0601989      0.96509141     0.058726152     0.039350988        1.007266       1.0874415       2.1648484     2.13318e-09     0.039350988       493.81319       5.7934714        5.7934714       1896.9474                                                          1386.3409                                                       16.793331                 23.171205                        390.38934                                   71.531216                               8.7214318
             20       953.02329     0.021906841      0.11910803       67.656138       3.0601989      0.96509141     0.058726152     0.039350988        1.007266       1.4896744       1.8429052     2.13318e-09     0.039350988       493.81319       5.7934714        5.7934714       1894.4596                                                          1383.8531                                                       16.793331                 23.171205                        390.38934                                   71.531216                               8.7214318
              3       952.83361     0.021912065       0.1190742       67.660003       3.0601832       0.9651205     0.058852999     0.039419769        1.007266       1.4896744       1.8429052   2.1331465e-09     0.039419769       493.66178       5.7934714        5.7934714       1894.0803                                                          1383.6632                                                       16.755274                 23.153982                        390.42475                                   71.394961                               8.6880873
              2       952.81816     0.021912065       0.1190742       67.660003       3.0601832       0.9651205     0.058852999     0.039419769       1.0072339       1.4896744       1.8429052   2.1331465e-09     0.039419769       493.63087       5.7934714        5.7934714       1894.0494                                                          1383.6632                                                       16.755274                 23.158684                        390.42475                                   71.354139                               8.6933054
              6       952.74388     0.021912065       0.1190742       67.660003       3.0601832       0.9651205     0.058852999     0.039419769       1.0072339       1.4847027       1.8064482   2.1331465e-09     0.039419769       493.63087       5.7934714        5.7934714       1893.9008                                                          1383.5147                                                       16.755274                 23.158684                        390.42475                                   71.354139                               8.6933054
              2        952.5928     0.021912065       0.1190742       67.660003       3.0601832       0.9651205     0.058852999     0.039419769       1.0072339       1.4193443       1.7459376   2.1331465e-09     0.039419769       493.63087       5.7934714        5.7934714       1893.5987                                                          1383.2125                                                       16.755274                 23.158684                        390.42475                                   71.354139                               8.6933054
              2       953.93701     0.021912065       0.1190742       67.660003       3.0601832       0.9651205     0.058852999     0.039419769       1.0086394       1.4193443       1.7459376   2.1331465e-09     0.039419769       496.31929       5.7934714        5.7934714       1896.2871                                                          1383.2125                                                       16.755274                 22.956173                        390.42102                                   74.403219                               8.5388783
              4       952.97032     0.021892912      0.11875449       67.657851       3.0599438       0.9650992     0.058390589     0.036494454       1.0086394       1.4193443       1.7459376   2.1326359e-09     0.036494454       493.81025       5.7934714        5.7934714       1894.3537                                                          1384.1656                                                       16.377814                 23.006927                        390.30318                                   71.992317                               8.5078314
              3       952.17676     0.021892912      0.11875449       67.657851       3.0599438       0.9650992     0.058390589     0.036494454       1.0071256       1.2662593       2.1007642   2.1326359e-09     0.036494454       492.91277       5.7934714        5.7934714       1892.7666                                                           1383.476                                                       16.377814                 23.227056                        390.30651                                   70.628782                               8.7504204
              5        952.1989     0.021892912      0.11875449       67.657851       3.0599438       0.9650992     0.058390589     0.036494454       1.0070409       1.2662593       2.1007642   2.1326359e-09     0.036494454       492.95705       5.7934714        5.7934714       1892.8109                                                           1383.476                                                       16.377814                 23.239596                        390.30651                                   70.641718                               8.7692179
              8       952.35132     0.021892912      0.11875449       67.657851       3.0599438       0.9650992     0.058390589     0.036494454       1.0070409       1.3639868        1.836367   2.1326359e-09     0.036494454       492.95705       5.7934714        5.7934714       1893.1157                                                          1383.7808                                                       16.377814                 23.239596                        390.30651                                   70.641718                               8.7692179
              5       952.36252     0.021892912      0.11875449       67.657851       3.0599438       0.9650992     0.058390589     0.036494454       1.0078804       1.3639868        1.836367   2.1326359e-09     0.036494454       492.97944       5.7934714        5.7934714       1893.1381                                                          1383.7808                                                       16.377814                  23.11632                        390.32364                                   70.932062                                8.607418
              7       952.84409     0.021892912      0.11875449       67.657851       3.0599438       0.9650992     0.058390589     0.036494454       1.0078804       1.2241978       1.9352034   2.1326359e-09     0.036494454       492.97944       5.7934714        5.7934714       1894.1012                                                           1384.744                                                       16.377814                  23.11632                        390.32364                                   70.932062                                8.607418
              1       953.02107     0.021893832      0.11883119       67.637836       3.0600212      0.96485356     0.058046512     0.036311559       1.0078804       1.2241978       1.9352034   2.1328008e-09     0.036311559       492.91987       5.7934714        5.7934714       1894.4552                                                          1384.7777                                                       16.757637                 23.203274                         390.2728                                   70.740039                               8.7037587
              4       952.52142     0.021893832      0.11883119       67.637836       3.0600212      0.96485356     0.058046512     0.036311559       1.0078804       1.2773033       1.9958842   2.1328008e-09     0.036311559       492.91987       5.7934714        5.7934714       1893.4559                                                          1383.7784                                                       16.757637                 23.203274                         390.2728                                   70.740039                               8.7037587
              1       952.45257     0.021869201       0.1188084       67.630683       3.0586396      0.96419541     0.058301966     0.035646569       1.0078517       1.2773033       1.9958842   2.1298562e-09     0.035646569       493.39723       5.7934714        5.7934714       1893.3182                                                          1383.3098                                                       16.611147                 23.215747                        390.30583                                   71.368712                               8.5069399
              4       952.23222     0.021869201       0.1188084       67.630683       3.0586396      0.96419541     0.058301966     0.035646569       1.0078517       1.3298079       1.9576959   2.1298562e-09     0.035646569       493.39723       5.7934714        5.7934714       1892.8775                                                          1382.8691                                                       16.611147                 23.215747                        390.30583                                   71.368712                               8.5069399
              2       952.13914     0.021869201       0.1188084       67.630683       3.0586396      0.96419541     0.058301966     0.035646569       1.0078517       1.3367277       1.9760315   2.1298562e-09     0.035646569       493.39723       5.7934714        5.7934714       1892.6913                                                           1382.683                                                       16.611147                 23.215747                        390.30583                                   71.368712                               8.5069399
              5       951.94367     0.021869201       0.1188084       67.630683       3.0586396      0.96419541     0.058301966     0.035646569        1.007487       1.3367277       1.9760315   2.1298562e-09     0.035646569       493.00629       5.7934714        5.7934714       1892.3004                                                           1382.683                                                       16.611147                 23.269817                        390.29735                                   70.889205                                8.549914
              2       953.32458     0.021869201       0.1188084       67.630683       3.0586396      0.96419541     0.058301966     0.035646569        1.007487       1.1476718       2.1198522   2.1298562e-09     0.035646569       493.00629       5.7934714        5.7934714       1895.0622                                                          1385.4448                                                       16.611147                 23.269817                        390.29735                                   70.889205                                8.549914
              1       953.43048     0.021869201       0.1188084       67.630683       3.0586396      0.96419541     0.058301966     0.035646569       1.0060968       1.1476718       2.1198522   2.1298562e-09     0.035646569       493.21808       5.7934714        5.7934714        1895.274                                                          1385.4448                                                       16.611147                 23.479584                        390.26096                                    70.66986                               8.8076739
              1       953.14143     0.021869201       0.1188084       67.630683       3.0586396      0.96419541     0.058301966     0.035646569       1.0060968        1.128711       2.2165399   2.1298562e-09     0.035646569       493.21808       5.7934714        5.7934714       1894.6959                                                          1384.8667                                                       16.611147                 23.479584                        390.26096                                    70.66986                               8.8076739
              7       953.15365     0.021869201       0.1188084       67.630683       3.0586396      0.96419541     0.058301966     0.035646569       1.0060968        1.128035       2.2164267   2.1298562e-09     0.035646569       493.21808       5.7934714        5.7934714       1894.7204                                                          1384.8911                                                       16.611147                 23.479584                        390.26096                                    70.66986                               8.8076739
              4       953.12245     0.021869201       0.1188084       67.630683       3.0586396      0.96419541     0.058301966     0.035646569        1.008429       1.1530251       2.2667901   2.1298562e-09     0.035646569       494.40144       5.7934714        5.7934714        1894.658                                                          1383.6454                                                       16.611147                 23.131051                        390.32692                                   72.483749                               8.4597157
              2       953.25624     0.021869201       0.1188084       67.630683       3.0586396      0.96419541     0.058301966     0.035646569        1.008429        1.274733       2.5557215   2.1298562e-09     0.035646569       494.40144       5.7934714        5.7934714       1894.9255                                                           1383.913                                                       16.611147                 23.131051                        390.32692                                   72.483749                               8.4597157
              1       955.58263     0.021869201       0.1188084       67.630683       3.0586396      0.96419541     0.058301966     0.035646569        1.008429       1.1214486       2.0058123   2.1298562e-09     0.035646569       494.40144       5.7934714        5.7934714       1899.5783                                                          1388.5657                                                       16.611147                 23.131051                        390.32692                                   72.483749                               8.4597157
              2       954.25025     0.021869201       0.1188084       67.630683       3.0586396      0.96419541     0.058301966     0.035646569        1.008429       1.3513545       1.6731108   2.1298562e-09     0.035646569       494.40144       5.7934714        5.7934714       1896.9135                                                           1385.901                                                       16.611147                 23.131051                        390.32692                                   72.483749                               8.4597157
              3       954.10632     0.021869201       0.1188084       67.630683       3.0586396      0.96419541     0.058301966     0.035646569       1.0055264       1.3513545       1.6731108   2.1298562e-09     0.035646569       494.11359       5.7934714        5.7934714       1896.6257                                                           1385.901                                                       16.611147                 23.567268                        390.26716                                   71.322352                               8.9568139
              5       953.15955     0.021869201       0.1188084       67.630683       3.0586396      0.96419541     0.058301966     0.035646569       1.0055264       1.4523294       1.7061704   2.1298562e-09     0.035646569       494.11359       5.7934714        5.7934714       1894.7321                                                          1384.0074                                                       16.611147                 23.567268                        390.26716                                   71.322352                               8.9568139
              1       954.03981     0.021869201       0.1188084       67.630683       3.0586396      0.96419541     0.058301966     0.035646569       1.0055264       1.3155717       1.7401462   2.1298562e-09     0.035646569       494.11359       5.7934714        5.7934714       1896.4927                                                          1385.7679                                                       16.611147                 23.567268                        390.26716                                   71.322352                               8.9568139
              1       954.60197     0.021869201       0.1188084       67.630683       3.0586396      0.96419541     0.058301966     0.035646569       1.0055264       1.3047598       1.6966264   2.1298562e-09     0.035646569       494.11359       5.7934714        5.7934714        1897.617                                                          1386.8923                                                       16.611147                 23.567268                        390.26716                                   71.322352                               8.9568139
             10       954.05766     0.021869201       0.1188084       67.630683       3.0586396      0.96419541     0.058301966     0.035646569       1.0075101       1.3047598       1.6966264   2.1298562e-09     0.035646569       493.02498       5.7934714        5.7934714       1896.5284                                                          1386.8923                                                       16.611147                 23.266387                        390.29735                                   70.914349                               8.5468949
              3       954.02788     0.021869201       0.1188084       67.630683       3.0586396      0.96419541     0.058301966     0.035646569       1.0063728       1.3047598       1.6966264   2.1298562e-09     0.035646569       492.96542       5.7934714        5.7934714       1896.4688                                                          1386.8923                                                       16.611147                 23.437501                        390.27351                                   70.509789                               8.7446135
              1       952.22534     0.021869201       0.1188084       67.630683       3.0586396      0.96419541     0.058301966     0.035646569       1.0063728       1.1561551       2.3062106   2.1298562e-09     0.035646569       492.96542       5.7934714        5.7934714       1892.8637                                                          1383.2872                                                       16.611147                 23.437501                        390.27351                                   70.509789                               8.7446135
              1        952.4117     0.021869201       0.1188084       67.630683       3.0586396      0.96419541     0.058301966     0.035646569       1.0063728       1.1383292       2.3129373   2.1298562e-09     0.035646569       492.96542       5.7934714        5.7934714       1893.2365                                                          1383.6599                                                       16.611147                 23.437501                        390.27351                                   70.509789                               8.7446135
              2       952.33516     0.021869201       0.1188084       67.630683       3.0586396      0.96419541     0.058301966     0.035646569       1.0066183       1.1383292       2.3129373   2.1298562e-09     0.035646569       492.81233       5.7934714        5.7934714       1893.0834                                                          1383.6599                                                       16.611147                 23.400238                        390.26626                                   70.452374                               8.6934668
              1       952.60673     0.021869201       0.1188084       67.630683       3.0586396      0.96419541     0.058301966     0.035646569       1.0059902       1.1383292       2.3129373   2.1298562e-09     0.035646569       493.35547       5.7934714        5.7934714       1893.6265                                                          1383.6599                                                       16.611147                 23.495892                        390.26716                                   70.758806                               8.8336141
              1       952.45842     0.021869201       0.1188084       67.630683       3.0586396      0.96419541     0.058301966     0.035646569       1.0059902       1.1063023       2.5674329   2.1298562e-09     0.035646569       493.35547       5.7934714        5.7934714       1893.3299                                                          1383.3633                                                       16.611147                 23.495892                        390.26716                                   70.758806                               8.8336141
              4       955.90745     0.021869201       0.1188084       67.630683       3.0586396      0.96419541     0.058301966     0.035646569       1.0059902       0.8980952       2.6071168   2.1298562e-09     0.035646569       493.35547       5.7934714        5.7934714        1900.228                                                          1390.2614                                                       16.611147                 23.495892                        390.26716                                   70.758806                               8.8336141
              1       954.71765     0.021869201       0.1188084       67.630683       3.0586396      0.96419541     0.058301966     0.035646569       1.0059902      0.92609869       3.0953175   2.1298562e-09     0.035646569       493.35547       5.7934714        5.7934714       1897.8484                                                          1387.8817                                                       16.611147                 23.495892                        390.26716                                   70.758806                               8.8336141
              3       957.28884     0.021869201       0.1188084       67.630683       3.0586396      0.96419541     0.058301966     0.035646569       1.0097867      0.92609869       3.0953175   2.1298562e-09     0.035646569       498.49786       5.7934714        5.7934714       1902.9907                                                          1387.8817                                                       16.611147                 22.936208                        390.29903                                   76.814174                               8.4484417
              6       954.47908     0.021869201       0.1188084       67.630683       3.0586396      0.96419541     0.058301966     0.035646569       1.0071439      0.91608877       3.0816334   2.1298562e-09     0.035646569       492.81646       5.7934714        5.7934714       1897.3712                                                          1387.9436                                                       16.611147                  23.32106                        390.29804                                   70.597686                               8.5996734
              6       953.57097     0.021869201       0.1188084       67.630683       3.0586396      0.96419541     0.058301966     0.035646569       1.0071439      0.99543979       2.5741142   2.1298562e-09     0.035646569       492.81646       5.7934714        5.7934714        1895.555                                                          1386.1274                                                       16.611147                  23.32106                        390.29804                                   70.597686                               8.5996734
              7       951.69866     0.021869201       0.1188084       67.630683       3.0586396      0.96419541     0.058301966     0.035646569       1.0071439       1.2034767       2.4009921   2.1298562e-09     0.035646569       492.81646       5.7934714        5.7934714       1891.8104                                                          1382.3828                                                       16.611147                  23.32106                        390.29804                                   70.597686                               8.5996734
             19       951.59753     0.021869201       0.1188084       67.630683       3.0586396      0.96419541     0.058301966     0.035646569       1.0071439       1.2435677       2.3115556   2.1298562e-09     0.035646569       492.81646       5.7934714        5.7934714       1891.6081                                                          1382.1805                                                       16.611147                  23.32106                        390.29804                                   70.597686                               8.5996734
              3       951.76298     0.021869201       0.1188084       67.630683       3.0586396      0.96419541     0.058301966     0.035646569       1.0071439       1.3809597       2.1169542   2.1298562e-09     0.035646569       492.81646       5.7934714        5.7934714        1891.939                                                          1382.5114                                                       16.611147                  23.32106                        390.29804                                   70.597686                               8.5996734
              2       951.73733     0.021869201       0.1188084       67.630683       3.0586396      0.96419541     0.058301966     0.035646569       1.0071439       1.2117395       2.2837662   2.1298562e-09     0.035646569       492.81646       5.7934714        5.7934714       1891.8877                                                          1382.4601                                                       16.611147                  23.32106                        390.29804                                   70.597686                               8.5996734
             10       951.74526     0.021869201       0.1188084       67.630683       3.0586396      0.96419541     0.058301966     0.035646569       1.0065741       1.2117395       2.2837662   2.1298562e-09     0.035646569       492.83233       5.7934714        5.7934714       1891.9036                                                          1382.4601                                                       16.611147                 23.406934                        390.26626                                    70.45681                               8.7023315
              1       951.28052     0.021888301      0.11891504       67.607075       3.0566345       0.9631224      0.05712059     0.043427174       1.0065741       1.2117395       2.2837662   2.1255901e-09     0.043427174       491.95451       5.7934714        5.7934714       1890.9741                                                          1381.9192                                                       17.100379                 23.623613                        390.10777                                   69.665629                               8.5574975
              5       951.28445     0.021888301      0.11891504       67.607075       3.0566345       0.9631224      0.05712059     0.043427174       1.0065575       1.2117395       2.2837662   2.1255901e-09     0.043427174       491.96238       5.7934714        5.7934714        1890.982                                                          1381.9192                                                       17.100379                 23.626202                        390.10777                                   69.668637                               8.5597722
              4        950.9508     0.021888301      0.11891504       67.607075       3.0566345       0.9631224      0.05712059     0.043427174       1.0065575       1.2719886       2.4443543   2.1255901e-09     0.043427174       491.96238       5.7934714        5.7934714       1890.3147                                                          1381.2519                                                       17.100379                 23.626202                        390.10777                                   69.668637                               8.5597722
              1       951.23479     0.021888301      0.11891504       67.607075       3.0566345       0.9631224      0.05712059     0.043427174       1.0065575        1.299622       2.1060122   2.1255901e-09     0.043427174       491.96238       5.7934714        5.7934714       1890.8826                                                          1381.8199                                                       17.100379                 23.626202                        390.10777                                   69.668637                               8.5597722
              1        951.2368     0.021888301      0.11891504       67.607075       3.0566345       0.9631224      0.05712059     0.043427174       1.0072318        1.299622       2.1060122   2.1255901e-09     0.043427174       491.96639       5.7934714        5.7934714       1890.8867                                                          1381.8199                                                       17.100379                 23.522015                        390.11967                                   69.840079                               8.4846317
              3       951.69599     0.021888301      0.11891504       67.607075       3.0566345       0.9631224      0.05712059     0.043427174       1.0057081        1.299622       2.1060122   2.1255901e-09     0.043427174       492.88478       5.7934714        5.7934714        1891.805                                                          1381.8199                                                       17.100379                 23.759568                        390.10985                                    70.31099                               8.7043637
              2        952.3581     0.021888301      0.11891504       67.607075       3.0566345       0.9631224      0.05712059     0.043427174       1.0057081       1.5188327       1.9374374   2.1255901e-09     0.043427174       492.88478       5.7934714        5.7934714       1893.1293                                                          1383.1441                                                       17.100379                 23.759568                        390.10985                                    70.31099                               8.7043637
             12       951.86839     0.021888301      0.11891504       67.607075       3.0566345       0.9631224      0.05712059     0.043427174       1.0070479       1.5188327       1.9374374   2.1255901e-09     0.043427174       491.90534       5.7934714        5.7934714       1892.1498                                                          1383.1441                                                       17.100379                 23.550286                        390.11967                                   69.733728                               8.5016622
              4       952.10905     0.021888301      0.11891504       67.607075       3.0566345       0.9631224      0.05712059     0.043427174       1.0070479        1.390799       1.7990484   2.1255901e-09     0.043427174       491.90534       5.7934714        5.7934714       1892.6312                                                          1383.6254                                                       17.100379                 23.550286                        390.11967                                   69.733728                               8.5016622
              7       952.50758     0.021888301      0.11891504       67.607075       3.0566345       0.9631224      0.05712059     0.043427174       1.0058297        1.390799       1.7990484   2.1255901e-09     0.043427174       492.70241       5.7934714        5.7934714       1893.4282                                                          1383.6254                                                       17.100379                 23.740342                        390.12173                                   70.160101                               8.6802357
              1       951.80563     0.021888301      0.11891504       67.607075       3.0566345       0.9631224      0.05712059     0.043427174       1.0058297       1.4555526       1.9540562   2.1255901e-09     0.043427174       492.70241       5.7934714        5.7934714       1892.0243                                                          1382.2215                                                       17.100379                 23.740342                        390.12173                                   70.160101                               8.6802357
              2       951.57397     0.021888301      0.11891504       67.607075       3.0566345       0.9631224      0.05712059     0.043427174       1.0058297       1.3766687       2.0194929   2.1255901e-09     0.043427174       492.70241       5.7934714        5.7934714        1891.561                                                          1381.7582                                                       17.100379                 23.740342                        390.12173                                   70.160101                               8.6802357
              1       951.52523     0.021889581      0.11832379       67.890089       3.0633267      0.96573937     0.061207479     0.040900677       1.0058297       1.3766687       2.0194929   2.1398627e-09     0.040900677       494.14335       5.7934714        5.7934714       1891.4635                                                          1384.2253                                                       13.094829                 23.305312                        390.94595                                   71.267614                               8.6244693
             16       951.99269     0.021889581      0.11832379       67.890089       3.0633267      0.96573937     0.061207479     0.040900677       1.0058297       1.1375798       2.3760721   2.1398627e-09     0.040900677       494.14335       5.7934714        5.7934714       1892.3984                                                          1385.1603                                                       13.094829                 23.305312                        390.94595                                   71.267614                               8.6244693
              1       952.32345     0.021889581      0.11832379       67.890089       3.0633267      0.96573937     0.061207479     0.040900677       1.0058297        1.256037       2.6296929   2.1398627e-09     0.040900677       494.14335       5.7934714        5.7934714       1893.0599                                                          1385.8218                                                       13.094829                 23.305312                        390.94595                                   71.267614                               8.6244693
              5       952.19757     0.021889581      0.11832379       67.890089       3.0633267      0.96573937     0.061207479     0.040900677       1.0058297        1.169092       2.2237844   2.1398627e-09     0.040900677       494.14335       5.7934714        5.7934714       1892.8082                                                            1385.57                                                       13.094829                 23.305312                        390.94595                                   71.267614                               8.6244693
              1       952.32603     0.021889581      0.11832379       67.890089       3.0633267      0.96573937     0.061207479     0.040900677       1.0058297       1.1566332       2.2329765   2.1398627e-09     0.040900677       494.14335       5.7934714        5.7934714       1893.0651                                                           1385.827                                                       13.094829                 23.305312                        390.94595                                   71.267614                               8.6244693
             10       952.63237     0.021889581      0.11832379       67.890089       3.0633267      0.96573937     0.061207479     0.040900677       1.0058297       1.1256537       2.8430414   2.1398627e-09     0.040900677       494.14335       5.7934714        5.7934714       1893.6778                                                          1386.4396                                                       13.094829                 23.305312                        390.94595                                   71.267614                               8.6244693
              1       953.13356     0.021889581      0.11832379       67.890089       3.0633267      0.96573937     0.061207479     0.040900677       1.0058297       1.0073362       2.5986478   2.1398627e-09     0.040900677       494.14335       5.7934714        5.7934714       1894.6802                                                           1387.442                                                       13.094829                 23.305312                        390.94595                                   71.267614                               8.6244693
              1        951.4805     0.021889581      0.11832379       67.890089       3.0633267      0.96573937     0.061207479     0.040900677       1.0058297       1.3757915       2.1072818   2.1398627e-09     0.040900677       494.14335       5.7934714        5.7934714       1891.3741                                                          1384.1359                                                       13.094829                 23.305312                        390.94595                                   71.267614                               8.6244693
              7       951.12161     0.021889581      0.11832379       67.890089       3.0633267      0.96573937     0.061207479     0.040900677       1.0070545       1.3757915       2.1072818   2.1398627e-09     0.040900677       493.42557       5.7934714        5.7934714       1890.6563                                                          1384.1359                                                       13.094829                 23.124184                        390.96268                                   70.878084                               8.4606236
              2       952.22089     0.021889581      0.11832379       67.890089       3.0633267      0.96573937     0.061207479     0.040900677       1.0070545        1.512886       2.0107535   2.1398627e-09     0.040900677       493.42557       5.7934714        5.7934714       1892.8548                                                          1386.3344                                                       13.094829                 23.124184                        390.96268                                   70.878084                               8.4606236
              1       952.24694     0.021889581      0.11832379       67.890089       3.0633267      0.96573937     0.061207479     0.040900677       1.0065036        1.512886       2.0107535   2.1398627e-09     0.040900677       493.47767       5.7934714        5.7934714       1892.9069                                                          1386.3344                                                       13.094829                 23.205053                        390.94561                                   70.807029                               8.5199802
              5       952.18943     0.021889581      0.11832379       67.890089       3.0633267      0.96573937     0.061207479     0.040900677       1.0065036       1.2943218       2.5921208   2.1398627e-09     0.040900677       493.47767       5.7934714        5.7934714       1892.7919                                                          1386.2194                                                       13.094829                 23.205053                        390.94561                                   70.807029                               8.5199802
              6       951.45362     0.021889581      0.11832379       67.890089       3.0633267      0.96573937     0.061207479     0.040900677       1.0065036       1.1409859       2.4553621   2.1398627e-09     0.040900677       493.47767       5.7934714        5.7934714       1891.3203                                                          1384.7478                                                       13.094829                 23.205053                        390.94561                                   70.807029                               8.5199802
              2       952.97827     0.021889581      0.11832379       67.890089       3.0633267      0.96573937     0.061207479     0.040900677        1.008984       1.1409859       2.4553621   2.1398627e-09     0.040900677       496.52696       5.7934714        5.7934714       1894.3696                                                          1384.7478                                                       13.094829                  22.84849                        390.97072                                   74.271923                               8.4358289
              4       952.57837     0.021889581      0.11832379       67.890089       3.0633267      0.96573937     0.061207479     0.040900677        1.008984       1.3417591       2.1451214   2.1398627e-09     0.040900677       496.52696       5.7934714        5.7934714       1893.5698                                                           1383.948                                                       13.094829                  22.84849                        390.97072                                   74.271923                               8.4358289
              1       952.75835     0.021889581      0.11832379       67.890089       3.0633267      0.96573937     0.061207479     0.040900677        1.008984       1.3203353       2.0427072   2.1398627e-09     0.040900677       496.52696       5.7934714        5.7934714       1893.9298                                                           1384.308                                                       13.094829                  22.84849                        390.97072                                   74.271923                               8.4358289
              8       952.65403     0.021914834      0.11834593        67.71302       3.0658983      0.96379456     0.061696057       0.0420116        1.008984       1.3203353       2.0427072   2.1453726e-09       0.0420116       493.57463       5.7934714        5.7934714       1893.7211                                                          1384.7844                                                        15.36206                 23.366661                        391.17822                                   70.628029                               8.4017209
              4        954.2954     0.021914834      0.11834593        67.71302       3.0658983      0.96379456     0.061696057       0.0420116        1.008984       1.0505408       2.3015053   2.1453726e-09       0.0420116       493.57463       5.7934714        5.7934714       1897.0039                                                          1388.0672                                                        15.36206                 23.366661                        391.17822                                   70.628029                               8.4017209
              6       952.72597     0.021914834      0.11834593        67.71302       3.0658983      0.96379456     0.061696057       0.0420116        1.008984       1.3146795       1.9628775   2.1453726e-09       0.0420116       493.57463       5.7934714        5.7934714        1893.865                                                          1384.9283                                                        15.36206                 23.366661                        391.17822                                   70.628029                               8.4017209
              2       952.78747     0.021914834      0.11834593        67.71302       3.0658983      0.96379456     0.061696057       0.0420116        1.008984       1.2065938       2.2067281   2.1453726e-09       0.0420116       493.57463       5.7934714        5.7934714        1893.988                                                          1385.0513                                                        15.36206                 23.366661                        391.17822                                   70.628029                               8.4017209
              4       952.83193     0.021914834      0.11834593        67.71302       3.0658983      0.96379456     0.061696057       0.0420116       1.0066211       1.2065938       2.2067281   2.1453726e-09       0.0420116       493.66356       5.7934714        5.7934714       1894.0769                                                          1385.0513                                                        15.36206                 23.730851                        391.16859                                   69.918184                               8.8459392
              4       952.97092     0.021914834      0.11834593        67.71302       3.0658983      0.96379456     0.061696057       0.0420116       1.0066211       1.2517492        2.004364   2.1453726e-09       0.0420116       493.66356       5.7934714        5.7934714       1894.3549                                                          1385.3293                                                        15.36206                 23.730851                        391.16859                                   69.918184                               8.8459392
              1       953.30251     0.021914834      0.11834593        67.71302       3.0658983      0.96379456     0.061696057       0.0420116       1.0066211       1.3892588       2.1266666   2.1453726e-09       0.0420116       493.66356       5.7934714        5.7934714       1895.0181                                                          1385.9925                                                        15.36206                 23.730851                        391.16859                                   69.918184                               8.8459392
              3       953.81703     0.021897488      0.11838689       67.744092       3.0659174      0.96342616     0.061274169     0.039650108       1.0066211       1.2055441       2.5946824   2.1454135e-09     0.039650108       494.60393       5.7934714        5.7934714       1896.0471                                                          1386.5682                                                       14.874995                  23.86861                        391.00831                                   70.746634                               8.9803711
              1       953.96644     0.021897488      0.11838689       67.744092       3.0659174      0.96342616     0.061274169     0.039650108       1.0066211       1.0510473       2.5137608   2.1454135e-09     0.039650108       494.60393       5.7934714        5.7934714       1896.3459                                                           1386.867                                                       14.874995                  23.86861                        391.00831                                   70.746634                               8.9803711
              1       952.87554     0.021929788       0.1183095       67.687529        3.063571       0.9613681      0.06104913     0.047436912       1.0066211       1.0510473       2.5137608   2.1403853e-09     0.047436912       492.16207       5.7934714        5.7934714       1894.1641                                                          1386.2846                                                       15.717449                 24.199068                        390.95708                                    68.53047                               8.4754467
              4        951.1593     0.021929788       0.1183095       67.687529        3.063571       0.9613681      0.06104913     0.047436912       1.0066211       1.3082056       2.2926765   2.1403853e-09     0.047436912       492.16207       5.7934714        5.7934714       1890.7317                                                          1382.8521                                                       15.717449                 24.199068                        390.95708                                    68.53047                               8.4754467
              5       951.36181     0.021929788       0.1183095       67.687529        3.063571       0.9613681      0.06104913     0.047436912       1.0086089       1.3082056       2.2926765   2.1403853e-09     0.047436912       492.56707       5.7934714        5.7934714       1891.1367                                                          1382.8521                                                       15.717449                 23.874467                        390.91806                                   69.476809                               8.2977394
              4       951.10326     0.021929788       0.1183095       67.687529        3.063571       0.9613681      0.06104913     0.047436912       1.0082233       1.3082056       2.2926765   2.1403853e-09     0.047436912       492.04998       5.7934714        5.7934714       1890.6196                                                          1382.8521                                                       15.717449                 23.936574                        390.91806                                   68.886747                               8.3086001
              2       951.19952     0.021929788       0.1183095       67.687529        3.063571       0.9613681      0.06104913     0.047436912        1.006555       1.3082056       2.2926765   2.1403853e-09     0.047436912        492.2425       5.7934714        5.7934714       1890.8121                                                          1382.8521                                                       15.717449                 24.210061                        390.95708                                   68.588785                               8.4865717
              4       951.81609     0.021929788       0.1183095       67.687529        3.063571       0.9613681      0.06104913     0.047436912        1.006555       1.4680661        2.007543   2.1403853e-09     0.047436912        492.2425       5.7934714        5.7934714       1892.0452                                                          1384.0853                                                       15.717449                 24.210061                        390.95708                                   68.588785                               8.4865717
              1        951.7861     0.021929788       0.1183095       67.687529        3.063571       0.9613681      0.06104913     0.047436912        1.006555       1.1600727       2.3996669   2.1403853e-09     0.047436912        492.2425       5.7934714        5.7934714       1891.9853                                                          1384.0253                                                       15.717449                 24.210061                        390.95708                                   68.588785                               8.4865717
              5        951.5334     0.021929788       0.1183095       67.687529        3.063571       0.9613681      0.06104913     0.047436912        1.006555       1.3509032       2.0557893   2.1403853e-09     0.047436912        492.2425       5.7934714        5.7934714       1891.4798                                                          1383.5199                                                       15.717449                 24.210061                        390.95708                                   68.588785                               8.4865717
              3       951.33989     0.021929788       0.1183095       67.687529        3.063571       0.9613681      0.06104913     0.047436912       1.0069381       1.3509032       2.0557893   2.1403853e-09     0.047436912       491.85548       5.7934714        5.7934714       1891.0928                                                          1383.5199                                                       15.717449                 24.146553                        390.95055                                   68.331582                               8.4267981
              1       951.80414     0.021929788       0.1183095       67.687529        3.063571       0.9613681      0.06104913     0.047436912       1.0069381       1.4857082        2.046782   2.1403853e-09     0.047436912       491.85548       5.7934714        5.7934714       1892.0213                                                          1384.4484                                                       15.717449                 24.146553                        390.95055                                   68.331582                               8.4267981
              5       951.28634     0.021929788       0.1183095       67.687529        3.063571       0.9613681      0.06104913     0.047436912       1.0069381       1.4076811       2.0850069   2.1403853e-09     0.047436912       491.85548       5.7934714        5.7934714       1890.9857                                                          1383.4128                                                       15.717449                 24.146553                        390.95055                                   68.331582                               8.4267981
              1       951.32435     0.021929788       0.1183095       67.687529        3.063571       0.9613681      0.06104913     0.047436912       1.0068424       1.4076811       2.0850069   2.1403853e-09     0.047436912       491.93149       5.7934714        5.7934714       1891.0617                                                          1383.4128                                                       15.717449                 24.162372                        390.95089                                    68.37756                               8.4406657
              6       951.54075     0.021929788       0.1183095       67.687529        3.063571       0.9613681      0.06104913     0.047436912       1.0068424       1.3967781       1.9675113   2.1403853e-09     0.047436912       491.93149       5.7934714        5.7934714       1891.4946                                                          1383.8456                                                       15.717449                 24.162372                        390.95089                                    68.37756                               8.4406657
              9       951.56531     0.021929788       0.1183095       67.687529        3.063571       0.9613681      0.06104913     0.047436912       1.0068424       1.3874909       1.9666664   2.1403853e-09     0.047436912       491.93149       5.7934714        5.7934714       1891.5437                                                          1383.8947                                                       15.717449                 24.162372                        390.95089                                    68.37756                               8.4406657
              1       951.70375     0.021929788       0.1183095       67.687529        3.063571       0.9613681      0.06104913     0.047436912       1.0068424       1.3595365       2.4474018   2.1403853e-09     0.047436912       491.93149       5.7934714        5.7934714       1891.8206                                                          1384.1716                                                       15.717449                 24.162372                        390.95089                                    68.37756                               8.4406657
              3       952.12184     0.021929788       0.1183095       67.687529        3.063571       0.9613681      0.06104913     0.047436912       1.0068424       1.1122705       2.4330234   2.1403853e-09     0.047436912       491.93149       5.7934714        5.7934714       1892.6567                                                          1385.0078                                                       15.717449                 24.162372                        390.95089                                    68.37756                               8.4406657
              4       951.46011     0.021929788       0.1183095       67.687529        3.063571       0.9613681      0.06104913     0.047436912       1.0068424       1.1400359       2.5622261   2.1403853e-09     0.047436912       491.93149       5.7934714        5.7934714       1891.3333                                                          1383.6843                                                       15.717449                 24.162372                        390.95089                                    68.37756                               8.4406657
              2       951.74786     0.021929788       0.1183095       67.687529        3.063571       0.9613681      0.06104913     0.047436912       1.0068424       1.4666952       2.1064453   2.1403853e-09     0.047436912       491.93149       5.7934714        5.7934714       1891.9088                                                          1384.2598                                                       15.717449                 24.162372                        390.95089                                    68.37756                               8.4406657
              1       954.20187     0.021922967      0.11849125       67.857571       3.0573624      0.96312911     0.059299441     0.058171847       1.0068424       1.4666952       2.1064453   2.1271377e-09     0.058171847       493.16783       5.7934714        5.7934714       1896.8168                                                          1390.1128                                                        13.53615                  23.47955                        390.48476                                   70.547455                               8.6560656
              2       953.02461     0.021922967      0.11849125       67.857571       3.0573624      0.96312911     0.059299441     0.058171847       1.0068424       1.2633011       2.7250455   2.1271377e-09     0.058171847       493.16783       5.7934714        5.7934714       1894.4623                                                          1387.7583                                                        13.53615                  23.47955                        390.48476                                   70.547455                               8.6560656
              1       953.53048     0.021922967      0.11849125       67.857571       3.0573624      0.96312911     0.059299441     0.058171847       1.0037262       1.3325987       2.6678666   2.1271377e-09     0.058171847       493.96502       5.7934714        5.7934714        1895.474                                                          1387.9728                                                        13.53615                 23.971166                        390.46292                                    71.11524                               8.4156928
              2       952.46362     0.021922967      0.11849125       67.857571       3.0573624      0.96312911     0.059299441     0.058171847       1.0054446       1.3325987       2.6678666   2.1271377e-09     0.058171847        491.8313       5.7934714        5.7934714       1893.3403                                                          1387.9728                                                        13.53615                 23.696213                        390.47197                                   69.206756                               8.4563692
              7       953.59312     0.021922967      0.11849125       67.857571       3.0573624      0.96312911     0.059299441     0.058171847       1.0054446       1.5214383       2.3624699   2.1271377e-09     0.058171847        491.8313       5.7934714        5.7934714       1895.5993                                                          1390.2318                                                        13.53615                 23.696213                        390.47197                                   69.206756                               8.4563692
              3        952.4421     0.021922967      0.11849125       67.857571       3.0573624      0.96312911     0.059299441     0.058171847       1.0054446       1.2107214       2.8259484   2.1271377e-09     0.058171847        491.8313       5.7934714        5.7934714       1893.2973                                                          1387.9298                                                        13.53615                 23.696213                        390.47197                                   69.206756                               8.4563692
              4       952.66829     0.021922967      0.11849125       67.857571       3.0573624      0.96312911     0.059299441     0.058171847       1.0054446       1.3984557       2.3931373   2.1271377e-09     0.058171847        491.8313       5.7934714        5.7934714       1893.7496                                                          1388.3822                                                        13.53615                 23.696213                        390.47197                                   69.206756                               8.4563692
              1       952.80119     0.021922967      0.11849125       67.857571       3.0573624      0.96312911     0.059299441     0.058171847       1.0054446       1.4317798       2.4452815   2.1271377e-09     0.058171847        491.8313       5.7934714        5.7934714       1894.0154                                                           1388.648                                                        13.53615                 23.696213                        390.47197                                   69.206756                               8.4563692
              2       953.01387     0.021922967      0.11849125       67.857571       3.0573624      0.96312911     0.059299441     0.058171847       1.0054446       1.3741771       2.2851216   2.1271377e-09     0.058171847        491.8313       5.7934714        5.7934714       1894.4408                                                          1389.0733                                                        13.53615                 23.696213                        390.47197                                   69.206756                               8.4563692
              1       953.11715     0.021922967      0.11849125       67.857571       3.0573624      0.96312911     0.059299441     0.058171847       1.0054446       1.4817024       2.3028319   2.1271377e-09     0.058171847        491.8313       5.7934714        5.7934714       1894.6474                                                          1389.2799                                                        13.53615                 23.696213                        390.47197                                   69.206756                               8.4563692
              1       953.47381     0.021922967      0.11849125       67.857571       3.0573624      0.96312911     0.059299441     0.058171847       1.0054446       1.4112422       2.7306183   2.1271377e-09     0.058171847        491.8313       5.7934714        5.7934714       1895.3607                                                          1389.9932                                                        13.53615                 23.696213                        390.47197                                   69.206756                               8.4563692
              3       952.64997     0.021922967      0.11849125       67.857571       3.0573624      0.96312911     0.059299441     0.058171847       1.0054446       1.3480235       2.7082973   2.1271377e-09     0.058171847        491.8313       5.7934714        5.7934714        1893.713                                                          1388.3455                                                        13.53615                 23.696213                        390.47197                                   69.206756                               8.4563692
              1       952.94248     0.021922967      0.11849125       67.857571       3.0573624      0.96312911     0.059299441     0.058171847       1.0063733       1.3480235       2.7082973   2.1271377e-09     0.058171847       492.41632       5.7934714        5.7934714        1894.298                                                          1388.3455                                                        13.53615                  23.55158                        390.48173                                   69.810496                               8.5725232
              2       952.68558      0.02192575      0.11848344       67.859729       3.0573725       0.9632798     0.059309542     0.057582329       1.0063733       1.3480235       2.7082973   2.1271592e-09     0.057582329       492.39531       5.7934714        5.7934714       1893.7842                                                          1387.8539                                                       13.534984                 23.518678                        390.48476                                   69.829721                               8.5621511
              1       952.64632      0.02192575      0.11848344       67.859729       3.0573725       0.9632798     0.059309542     0.057582329       1.0063097       1.3480235       2.7082973   2.1271592e-09     0.057582329       492.31679       5.7934714        5.7934714       1893.7057                                                          1387.8539                                                       13.534984                 23.528468                        390.48476                                   69.751168                                8.552389
              1       954.37187      0.02192575      0.11848344       67.859729       3.0573725       0.9632798     0.059309542     0.057582329       1.0063097        1.302357       2.1588471   2.1271592e-09     0.057582329       492.31679       5.7934714        5.7934714       1897.1568                                                           1391.305                                                       13.534984                 23.528468                        390.48476                                   69.751168                                8.552389
              1       953.22308      0.02192575      0.11848344       67.859729       3.0573725       0.9632798     0.059309542     0.057582329       1.0063097       1.4574058       2.1450948   2.1271592e-09     0.057582329       492.31679       5.7934714        5.7934714       1894.8592                                                          1389.0074                                                       13.534984                 23.528468                        390.48476                                   69.751168                                8.552389
              1       953.46589     0.021920832      0.11855175       67.848256         3.05808      0.96319348     0.059231831     0.058539213       1.0063097       1.4574058       2.1450948   2.1286648e-09     0.058539213       492.25873       5.7934714        5.7934714       1895.3448                                                          1389.4289                                                       13.657216                 23.603925                        390.46357                                   69.691295                               8.4999336
              2       953.57404     0.021920832      0.11855175       67.848256         3.05808      0.96319348     0.059231831     0.058539213       1.0063097        1.509645       2.2100572   2.1286648e-09     0.058539213       492.25873       5.7934714        5.7934714       1895.5611                                                          1389.6452                                                       13.657216                 23.603925                        390.46357                                   69.691295                               8.4999336
              1       954.67827     0.021920832      0.11855175       67.848256         3.05808      0.96319348     0.059231831     0.058539213       1.0076653        1.509645       2.2100572   2.1286648e-09     0.058539213        494.4672       5.7934714        5.7934714       1897.7696                                                          1389.6452                                                       13.657216                 23.396158                         390.4437                                   71.905721                               8.7216176
             10        953.5807     0.021920832      0.11855175       67.848256         3.05808      0.96319348     0.059231831     0.058539213       1.0063365        1.509645       2.2100572   2.1286648e-09     0.058539213       492.27205       5.7934714        5.7934714       1895.5745                                                          1389.6452                                                       13.657216                 23.599756                         390.4576                                   69.711719                               8.5029752
              2       954.19787     0.021920832      0.11855175       67.848256         3.05808      0.96319348     0.059231831     0.058539213       1.0043955        1.509645       2.2100572   2.1286648e-09     0.058539213       493.50639       5.7934714        5.7934714       1896.8088                                                          1389.6452                                                       13.657216                 23.907039                        390.47197                                   70.702082                               8.4253021
              1       956.22266     0.021920832      0.11855175       67.848256         3.05808      0.96319348     0.059231831     0.058539213       1.0043955       1.6348245       2.2530266   2.1286648e-09     0.058539213       493.50639       5.7934714        5.7934714       1900.8584                                                          1393.6948                                                       13.657216                 23.907039                        390.47197                                   70.702082                               8.4253021
              1       956.03346     0.021920832      0.11855175       67.848256         3.05808      0.96319348     0.059231831     0.058539213       1.0045939       1.6348245       2.2530266   2.1286648e-09     0.058539213       493.12799       5.7934714        5.7934714         1900.48                                                          1393.6948                                                       13.657216                 23.875089                        390.46272                                   70.370231                               8.4199528
              1       953.97575     0.021920832      0.11855175       67.848256         3.05808      0.96319348     0.059231831     0.058539213       1.0045939       1.5017074       2.2965849   2.1286648e-09     0.058539213       493.12799       5.7934714        5.7934714       1896.3646                                                          1389.5794                                                       13.657216                 23.875089                        390.46272                                   70.370231                               8.4199528
              2       953.98979     0.021920832      0.11855175       67.848256         3.05808      0.96319348     0.059231831     0.058539213       1.0045939       1.4450351       2.1233905   2.1286648e-09     0.058539213       493.12799       5.7934714        5.7934714       1896.3926                                                          1389.6074                                                       13.657216                 23.875089                        390.46272                                   70.370231                               8.4199528
              5        953.4329     0.021920832      0.11855175       67.848256         3.05808      0.96319348     0.059231831     0.058539213       1.0045939       1.1622438       2.7448778   2.1286648e-09     0.058539213       493.12799       5.7934714        5.7934714       1895.2789                                                          1388.4937                                                       13.657216                 23.875089                        390.46272                                   70.370231                               8.4199528
              5       953.40332     0.021920832      0.11855175       67.848256         3.05808      0.96319348     0.059231831     0.058539213       1.0045939         1.14159       2.9399845   2.1286648e-09     0.058539213       493.12799       5.7934714        5.7934714       1895.2197                                                          1388.4345                                                       13.657216                 23.875089                        390.46272                                   70.370231                               8.4199528
             16       953.83048     0.021920832      0.11855175       67.848256         3.05808      0.96319348     0.059231831     0.058539213       1.0045939       1.0772087       2.9831614   2.1286648e-09     0.058539213       493.12799       5.7934714        5.7934714        1896.074                                                          1389.2888                                                       13.657216                 23.875089                        390.46272                                   70.370231                               8.4199528
              3       953.37224     0.021920832      0.11855175       67.848256         3.05808      0.96319348     0.059231831     0.058539213       1.0045939       1.3664139       2.6345561   2.1286648e-09     0.058539213       493.12799       5.7934714        5.7934714       1895.1575                                                          1388.3723                                                       13.657216                 23.875089                        390.46272                                   70.370231                               8.4199528
              4       953.65514     0.021920832      0.11855175       67.848256         3.05808      0.96319348     0.059231831     0.058539213       1.0045939       1.3945229        2.635302   2.1286648e-09     0.058539213       493.12799       5.7934714        5.7934714       1895.7233                                                          1388.9381                                                       13.657216                 23.875089                        390.46272                                   70.370231                               8.4199528
              9       953.74276     0.021920832      0.11855175       67.848256         3.05808      0.96319348     0.059231831     0.058539213       1.0045939       1.3978062       2.6473842   2.1286648e-09     0.058539213       493.12799       5.7934714        5.7934714       1895.8986                                                          1389.1134                                                       13.657216                 23.875089                        390.46272                                   70.370231                               8.4199528
              2       954.36549     0.021920832      0.11855175       67.848256         3.05808      0.96319348     0.059231831     0.058539213       1.0076286       1.3978062       2.6473842   2.1286648e-09     0.058539213       494.37345       5.7934714        5.7934714        1897.144                                                          1389.1134                                                       13.657216                 23.401709                         390.4437                                   71.814233                               8.7138034
              1       954.76584     0.021920832      0.11855175       67.848256         3.05808      0.96319348     0.059231831     0.058539213         1.00792       1.3978062       2.6473842   2.1286648e-09     0.058539213       495.17416       5.7934714        5.7934714       1897.9447                                                          1389.1134                                                       13.657216                 23.357659                        390.44751                                   72.590249                               8.7787409
              3       956.21832     0.021920832      0.11855175       67.848256         3.05808      0.96319348     0.059231831     0.058539213         1.00792       1.2432987       2.2440737   2.1286648e-09     0.058539213       495.17416       5.7934714        5.7934714       1900.8497                                                          1392.0183                                                       13.657216                 23.357659                        390.44751                                   72.590249                               8.7787409
              1       953.14617     0.021934914      0.11820507       67.793878       3.0585803      0.96311842     0.060391295     0.052125026         1.00792       1.2432987       2.2440737   2.1297299e-09     0.052125026       495.67614       5.7934714        5.7934714       1894.7054                                                          1384.8016                                                       14.227628                 23.299456                        390.74101                                   72.994509                               8.6411667
              1       953.68138     0.021934914      0.11820507       67.793878       3.0585803      0.96311842     0.060391295     0.052125026         1.00792       1.5745442       1.8425843   2.1297299e-09     0.052125026       495.67614       5.7934714        5.7934714       1895.7758                                                           1385.872                                                       14.227628                 23.299456                        390.74101                                   72.994509                               8.6411667
              1       954.15789     0.021934914      0.11820507       67.793878       3.0585803      0.96311842     0.060391295     0.052125026       1.0081869       1.5745442       1.8425843   2.1297299e-09     0.052125026       496.62916       5.7934714        5.7934714       1896.7288                                                           1385.872                                                       14.227628                 23.259635                        390.74101                                   73.926421                               8.7020986
              1       951.82933     0.021934914      0.11820507       67.793878       3.0585803      0.96311842     0.060391295     0.052125026        1.006284       1.5745442       1.8425843   2.1297299e-09     0.052125026       491.97206       5.7934714        5.7934714       1892.0717                                                           1385.872                                                       14.227628                 23.548146                        390.72847                                   69.310419                               8.3850262
              1        951.9401     0.021938272      0.11802451       67.748032       3.0604294      0.96204623     0.059435975     0.054341514        1.006499       1.5745442       1.8425843   2.1336717e-09     0.054341514       492.22845       5.7934714        5.7934714       1892.2933                                                          1385.4154                                                       14.649407                  24.04026                        390.51069                                   69.367216                               8.3102868
             10       950.79261     0.021938272      0.11802451       67.748032       3.0604294      0.96204623     0.059435975     0.054341514        1.006499       1.3971209       1.9742431   2.1336717e-09     0.054341514       492.22845       5.7934714        5.7934714       1889.9983                                                          1383.1204                                                       14.649407                  24.04026                        390.51069                                   69.367216                               8.3102868
              6       950.98107     0.021938272      0.11802451       67.748032       3.0604294      0.96204623     0.059435975     0.054341514       1.0092223       1.3971209       1.9742431   2.1336717e-09     0.054341514       492.60538       5.7934714        5.7934714       1890.3752                                                          1383.1204                                                       14.649407                 23.606452                        390.50715                                   70.076627                                8.415149
              8       950.73789     0.021938272      0.11802451       67.748032       3.0604294      0.96204623     0.059435975     0.054341514       1.0092223       1.1898227       2.4673033   2.1336717e-09     0.054341514       492.60538       5.7934714        5.7934714       1889.8888                                                          1382.6341                                                       14.649407                 23.606452                        390.50715                                   70.076627                                8.415149
              1       950.86843     0.021938272      0.11802451       67.748032       3.0604294      0.96204623     0.059435975     0.054341514       1.0092223       1.3920949       2.2346238   2.1336717e-09     0.054341514       492.60538       5.7934714        5.7934714       1890.1499                                                          1382.8951                                                       14.649407                 23.606452                        390.50715                                   70.076627                                8.415149
              9       950.95832     0.021938272      0.11802451       67.748032       3.0604294      0.96204623     0.059435975     0.054341514       1.0092223       1.4274225       2.0019627   2.1336717e-09     0.054341514       492.60538       5.7934714        5.7934714       1890.3297                                                          1383.0749                                                       14.649407                 23.606452                        390.50715                                   70.076627                                8.415149
              4       952.18896     0.021938272      0.11802451       67.748032       3.0604294      0.96204623     0.059435975     0.054341514       1.0101434       1.4274225       2.0019627   2.1336717e-09     0.054341514       495.06666       5.7934714        5.7934714        1892.791                                                          1383.0749                                                       14.649407                 23.465077                         390.5077                                   72.516056                               8.5778294
              1       952.36611     0.021938272      0.11802451       67.748032       3.0604294      0.96204623     0.059435975     0.054341514       1.0101434       1.1555483       2.4027976   2.1336717e-09     0.054341514       495.06666       5.7934714        5.7934714       1893.1453                                                          1383.4292                                                       14.649407                 23.465077                         390.5077                                   72.516056                               8.5778294
              3        950.4421     0.021938272      0.11802451       67.748032       3.0604294      0.96204623     0.059435975     0.054341514       1.0081651       1.1555483       2.4027976   2.1336717e-09     0.054341514       491.21865       5.7934714        5.7934714       1889.2973                                                          1383.4292                                                       14.649407                 23.772002                        390.49882                                   68.640517                               8.3073103
             12       949.92981     0.021938272      0.11802451       67.748032       3.0604294      0.96204623     0.059435975     0.054341514       1.0081651       1.3488735       2.2181663   2.1336717e-09     0.054341514       491.21865       5.7934714        5.7934714       1888.2727                                                          1382.4046                                                       14.649407                 23.772002                        390.49882                                   68.640517                               8.3073103
              1       950.86408     0.021938272      0.11802451       67.748032       3.0604294      0.96204623     0.059435975     0.054341514       1.0081651       1.0565711       2.7434165   2.1336717e-09     0.054341514       491.21865       5.7934714        5.7934714       1890.1412                                                          1384.2732                                                       14.649407                 23.772002                        390.49882                                   68.640517                               8.3073103
              1       951.19674     0.021938272      0.11802451       67.748032       3.0604294      0.96204623     0.059435975     0.054341514       1.0081651       1.0217945       2.8009481   2.1336717e-09     0.054341514       491.21865       5.7934714        5.7934714       1890.8065                                                          1384.9385                                                       14.649407                 23.772002                        390.49882                                   68.640517                               8.3073103
              3       953.10558     0.021938272      0.11802451       67.748032       3.0604294      0.96204623     0.059435975     0.054341514       1.0081651      0.90557529       2.8163383   2.1336717e-09     0.054341514       491.21865       5.7934714        5.7934714       1894.6242                                                          1388.7562                                                       14.649407                 23.772002                        390.49882                                   68.640517                               8.3073103
              6       953.70846     0.021938272      0.11802451       67.748032       3.0604294      0.96204623     0.059435975     0.054341514       1.0081651      0.87175866       2.8618459   2.1336717e-09     0.054341514       491.21865       5.7934714        5.7934714         1895.83                                                          1389.9619                                                       14.649407                 23.772002                        390.49882                                   68.640517                               8.3073103
              2       952.10162     0.021938272      0.11802451       67.748032       3.0604294      0.96204623     0.059435975     0.054341514       1.0081651       1.3005735       2.7803928   2.1336717e-09     0.054341514       491.21865       5.7934714        5.7934714       1892.6163                                                          1386.7482                                                       14.649407                 23.772002                        390.49882                                   68.640517                               8.3073103
             10       952.51241     0.021938272      0.11802451       67.748032       3.0604294      0.96204623     0.059435975     0.054341514       1.0081651       0.9432289       2.7614615   2.1336717e-09     0.054341514       491.21865       5.7934714        5.7934714       1893.4379                                                          1387.5698                                                       14.649407                 23.772002                        390.49882                                   68.640517                               8.3073103
              1       952.22335     0.021938272      0.11802451       67.748032       3.0604294      0.96204623     0.059435975     0.054341514       1.0081651       1.1984316       2.0077914   2.1336717e-09     0.054341514       491.21865       5.7934714        5.7934714       1892.8598                                                          1386.9917                                                       14.649407                 23.772002                        390.49882                                   68.640517                               8.3073103
              3       952.78474     0.021938272      0.11802451       67.748032       3.0604294      0.96204623     0.059435975     0.054341514       1.0090864       1.1984316       2.0077914   2.1336717e-09     0.054341514       492.34143       5.7934714        5.7934714       1893.9825                                                          1386.9917                                                       14.649407                 23.627504                        390.50715                                   69.810223                               8.3965567
              1       953.34571     0.021938272      0.11802451       67.748032       3.0604294      0.96204623     0.059435975     0.054341514       1.0095961       1.1984316       2.0077914   2.1336717e-09     0.054341514       493.46338       5.7934714        5.7934714       1895.1045                                                          1386.9917                                                       14.649407                  23.54882                        390.50729                                   70.933784                               8.4734866
              1       951.77937     0.021938272      0.11802451       67.748032       3.0604294      0.96204623     0.059435975     0.054341514       1.0095961       1.3980292       1.8746053   2.1336717e-09     0.054341514       493.46338       5.7934714        5.7934714       1891.9718                                                           1383.859                                                       14.649407                  23.54882                        390.50729                                   70.933784                               8.4734866
              3       952.65915     0.021938272      0.11802451       67.748032       3.0604294      0.96204623     0.059435975     0.054341514       1.0095961       1.5862415       1.7734731   2.1336717e-09     0.054341514       493.46338       5.7934714        5.7934714       1893.7313                                                          1385.6186                                                       14.649407                  23.54882                        390.50729                                   70.933784                               8.4734866
              7       952.13526     0.021938272      0.11802451       67.748032       3.0604294      0.96204623     0.059435975     0.054341514       1.0082936       1.2758202       1.8624076   2.1336717e-09     0.054341514       491.30335       5.7934714        5.7934714       1892.6836                                                          1386.7308                                                       14.649407                 23.751675                        390.49895                                   68.736839                               8.3158925
              2       952.08644     0.021938272      0.11802451       67.748032       3.0604294      0.96204623     0.059435975     0.054341514       1.0073708       1.2758202       1.8624076   2.1336717e-09     0.054341514       491.20572       5.7934714        5.7934714       1892.5859                                                          1386.7308                                                       14.649407                 23.898853                        390.49661                                   68.528068                               8.2821892
              4       952.31721     0.021938272      0.11802451       67.748032       3.0604294      0.96204623     0.059435975     0.054341514       1.0086572       1.2758202       1.8624076   2.1336717e-09     0.054341514       491.66726       5.7934714        5.7934714       1893.0475                                                          1386.7308                                                       14.649407                 23.694441                        390.49896                                   69.126887                               8.3469735
              2        952.6572     0.021938272      0.11802451       67.748032       3.0604294      0.96204623     0.059435975     0.054341514       1.0090895       1.2758202       1.8624076   2.1336717e-09     0.054341514       492.34724       5.7934714        5.7934714       1893.7275                                                          1386.7308                                                       14.649407                 23.627017                        390.50715                                   69.816109                               8.3969707
              2       952.91742     0.021938272      0.11802451       67.748032       3.0604294      0.96204623     0.059435975     0.054341514       1.0093458       1.2758202       1.8624076   2.1336717e-09     0.054341514       492.86768       5.7934714        5.7934714       1894.2479                                                          1386.7308                                                       14.649407                 23.587358                        390.50729                                   70.339769                                8.433264
              4       951.82713     0.021938272      0.11802451       67.748032       3.0604294      0.96204623     0.059435975     0.054341514       1.0093458       1.4750216       1.7514199   2.1336717e-09     0.054341514       492.86768       5.7934714        5.7934714       1892.0673                                                          1384.5502                                                       14.649407                 23.587358                        390.50729                                   70.339769                                8.433264
             13       951.60183     0.021938272      0.11802451       67.748032       3.0604294      0.96204623     0.059435975     0.054341514       1.0091267       1.4750216       1.7514199   2.1336717e-09     0.054341514        492.4171       5.7934714        5.7934714       1891.6167                                                          1384.5502                                                       14.649407                 23.621251                        390.50715                                   69.886771                                8.401929
              4       952.33516     0.021938272      0.11802451       67.748032       3.0604294      0.96204623     0.059435975     0.054341514       1.0091267       1.6035053       1.7243463   2.1336717e-09     0.054341514        492.4171       5.7934714        5.7934714       1893.0834                                                          1386.0169                                                       14.649407                 23.621251                        390.50715                                   69.886771                                8.401929
              6       951.73664     0.021938272      0.11802451       67.748032       3.0604294      0.96204623     0.059435975     0.054341514       1.0081676       1.6035053       1.7243463   2.1336717e-09     0.054341514       491.22006       5.7934714        5.7934714       1891.8863                                                          1386.0169                                                       14.649407                  23.77161                        390.49882                                    68.64217                                8.307464
              3        951.0465     0.021938272      0.11802451       67.748032       3.0604294      0.96204623     0.059435975     0.054341514       1.0081676       1.5280392       1.7762367   2.1336717e-09     0.054341514       491.22006       5.7934714        5.7934714       1890.5061                                                          1384.6366                                                       14.649407                  23.77161                        390.49882                                    68.64217                                8.307464
              2       950.95394     0.021938272      0.11802451       67.748032       3.0604294      0.96204623     0.059435975     0.054341514       1.0081676       1.4636689       1.7659567   2.1336717e-09     0.054341514       491.22006       5.7934714        5.7934714       1890.3209                                                          1384.4515                                                       14.649407                  23.77161                        390.49882                                    68.64217                                8.307464
              8       952.08059     0.021938272      0.11802451       67.748032       3.0604294      0.96204623     0.059435975     0.054341514          1.0096       1.4636689       1.7659567   2.1336717e-09     0.054341514       493.47335       5.7934714        5.7934714       1892.5742                                                          1384.4515                                                       14.649407                 23.548221                        390.50729                                   70.943688                               8.4741509
              5       952.23022     0.021938272      0.11802451       67.748032       3.0604294      0.96204623     0.059435975     0.054341514          1.0096       1.4441192       2.3160909   2.1336717e-09     0.054341514       493.47335       5.7934714        5.7934714       1892.8735                                                          1384.7507                                                       14.649407                 23.548221                        390.50729                                   70.943688                               8.4741509
              2       951.61599     0.021947209      0.11805529       67.691054       3.0606056      0.96182836     0.058973898     0.054934793          1.0096       1.3634844       1.9199894   2.1340477e-09     0.054934793       492.16093       5.7934714        5.7934714        1891.645                                                          1383.9966                                                       15.487464                 23.651064                        390.37145                                   69.783135                               8.3552828
              6       951.02639     0.021947209      0.11805529       67.691054       3.0606056      0.96182836     0.058973898     0.054934793       1.0083467       1.3634844       1.9199894   2.1340477e-09     0.054934793       490.98173       5.7934714        5.7934714       1890.4658                                                          1383.9966                                                       15.487464                  23.84884                        390.40307                                   68.452126                               8.2776974
              2       951.08707     0.021947209      0.11805529       67.691054       3.0606056      0.96182836     0.058973898     0.054934793       1.0078153       1.3634844       1.9199894   2.1340477e-09     0.054934793        491.1031       5.7934714        5.7934714       1890.5872                                                          1383.9966                                                       15.487464                 23.934194                        390.37651                                   68.511476                               8.2809209
              1       953.57121     0.021947209      0.11805529       67.691054       3.0606056      0.96182836     0.058973898     0.054934793       1.0055815       1.3634844       1.9199894   2.1340477e-09     0.054934793       496.07138       5.7934714        5.7934714       1895.5555                                                          1383.9966                                                       15.487464                 24.301976                        390.36503                                   72.871831                               8.5325418
              3       950.54342     0.021964439      0.11826098       67.739671       3.0598555      0.96244114     0.059110201     0.060374046       1.0059092       1.3634844       1.9199894   2.1324475e-09     0.060374046       492.01537       5.7934714        5.7934714       1889.4999                                                          1382.4359                                                       15.048641                 24.004733                        390.41014                                    69.25127                               8.3492253
              4       951.34551     0.021964439      0.11826098       67.739671       3.0598555      0.96244114     0.059110201     0.060374046       1.0059092       1.2444519       2.0073916   2.1324475e-09     0.060374046       492.01537       5.7934714        5.7934714       1891.1041                                                          1384.0401                                                       15.048641                 24.004733                        390.41014                                    69.25127                               8.3492253
              8       950.75893     0.021964439      0.11826098       67.739671       3.0598555      0.96244114     0.059110201     0.060374046        1.006782       1.2444519       2.0073916   2.1324475e-09     0.060374046        490.8422       5.7934714        5.7934714       1889.9309                                                          1384.0401                                                       15.048641                 23.863685                        390.40437                                   68.253524                               8.3206216
              5       949.16861     0.021964439      0.11826098       67.739671       3.0598555      0.96244114     0.059110201     0.060374046       1.0078393       1.3362301       2.2303963   2.1324475e-09     0.060374046       490.86558       5.7934714        5.7934714       1886.7503                                                           1380.836                                                       15.048641                  23.69598                        390.40637                                   68.398964                               8.3642643
              1       949.45998     0.021964439      0.11826098       67.739671       3.0598555      0.96244114     0.059110201     0.060374046       1.0078393       1.3602894       2.0454832   2.1324475e-09     0.060374046       490.86558       5.7934714        5.7934714        1887.333                                                          1381.4188                                                       15.048641                  23.69598                        390.40637                                   68.398964                               8.3642643
              1       949.36543     0.021964439      0.11826098       67.739671       3.0598555      0.96244114     0.059110201     0.060374046       1.0073894       1.3602894       2.0454832   2.1324475e-09     0.060374046       490.67648       5.7934714        5.7934714       1887.1439                                                          1381.4188                                                       15.048641                 23.766924                        390.41776                                   68.156538                                8.335254
              1       949.16325     0.021964439      0.11826098       67.739671       3.0598555      0.96244114     0.059110201     0.060374046       1.0073894       1.3715497       2.1912826   2.1324475e-09     0.060374046       490.67648       5.7934714        5.7934714       1886.7396                                                          1381.0144                                                       15.048641                 23.766924                        390.41776                                   68.156538                                8.335254
              3       949.16466     0.021965076      0.11825295       67.738928       3.0599196      0.96246563     0.059205282     0.060222598       1.0073894       1.3715497       2.1912826   2.1325843e-09     0.060222598        490.6886       5.7934714        5.7934714       1886.7424                                                          1380.9935                                                         15.0603                 23.755566                        390.43249                                   68.165544                               8.3350045
              2       949.21843     0.021965076      0.11825295       67.738928       3.0599196      0.96246563     0.059205282     0.060222598       1.0073894       1.3841469       2.1910606   2.1325843e-09     0.060222598        490.6886       5.7934714        5.7934714       1886.8499                                                           1381.101                                                         15.0603                 23.755566                        390.43249                                   68.165544                               8.3350045
              8       949.04876     0.021965076      0.11825295       67.738928       3.0599196      0.96246563     0.059205282     0.060222598       1.0073894       1.2555566       2.4244118   2.1325843e-09     0.060222598        490.6886       5.7934714        5.7934714       1886.5106                                                          1380.7617                                                         15.0603                 23.755566                        390.43249                                   68.165544                               8.3350045
             11       949.80957     0.021965076      0.11825295       67.738928       3.0599196      0.96246563     0.059205282     0.060222598       1.0073894       1.0852843       2.6662388   2.1325843e-09     0.060222598        490.6886       5.7934714        5.7934714       1888.0322                                                          1382.2833                                                         15.0603                 23.755566                        390.43249                                   68.165544                               8.3350045
              1       949.93792     0.021965076      0.11825295       67.738928       3.0599196      0.96246563     0.059205282     0.060222598       1.0078666       1.0852843       2.6662388   2.1325843e-09     0.060222598       490.94528       5.7934714        5.7934714       1888.2889                                                          1382.2833                                                         15.0603                 23.680453                        390.43224                                   68.465383                               8.3672073
              3        949.8609     0.021965076      0.11825295       67.738928       3.0599196      0.96246563     0.059205282     0.060222598       1.0076318       1.0852843       2.6662388   2.1325843e-09     0.060222598       490.79125       5.7934714        5.7934714       1888.1349                                                          1382.2833                                                         15.0603                 23.717316                        390.44436                                   68.280379                               8.3491959
              5        949.2497     0.021965076      0.11825295       67.738928       3.0599196      0.96246563     0.059205282     0.060222598       1.0076318       1.2184707       2.5610311   2.1325843e-09     0.060222598       490.79125       5.7934714        5.7934714       1886.9125                                                          1381.0609                                                         15.0603                 23.717316                        390.44436                                   68.280379                               8.3491959
              2       949.10761     0.021965076      0.11825295       67.738928       3.0599196      0.96246563     0.059205282     0.060222598       1.0076318       1.3136317       2.3303879   2.1325843e-09     0.060222598       490.79125       5.7934714        5.7934714       1886.6283                                                          1380.7767                                                         15.0603                 23.717316                        390.44436                                   68.280379                               8.3491959
              4       949.82807     0.021965076      0.11825295       67.738928       3.0599196      0.96246563     0.059205282     0.060222598       1.0076318       1.0870306       2.6975899   2.1325843e-09     0.060222598       490.79125       5.7934714        5.7934714       1888.0692                                                          1382.2176                                                         15.0603                 23.717316                        390.44436                                   68.280379                               8.3491959
              1       949.75597     0.021965076      0.11825295       67.738928       3.0599196      0.96246563     0.059205282     0.060222598       1.0076318       1.4363498       1.8982162   2.1325843e-09     0.060222598       490.79125       5.7934714        5.7934714        1887.925                                                          1382.0734                                                         15.0603                 23.717316                        390.44436                                   68.280379                               8.3491959
             17       949.26851     0.021965076      0.11825295       67.738928       3.0599196      0.96246563     0.059205282     0.060222598       1.0076318       1.3233323       2.4012185   2.1325843e-09     0.060222598       490.79125       5.7934714        5.7934714       1886.9501                                                          1381.0985                                                         15.0603                 23.717316                        390.44436                                   68.280379                               8.3491959
              9       949.18298     0.021965076      0.11825295       67.738928       3.0599196      0.96246563     0.059205282     0.060222598       1.0076318       1.2687664       2.4743595   2.1325843e-09     0.060222598       490.79125       5.7934714        5.7934714        1886.779                                                          1380.9275                                                         15.0603                 23.717316                        390.44436                                   68.280379                               8.3491959
              1       949.13667     0.021965076      0.11825295       67.738928       3.0599196      0.96246563     0.059205282     0.060222598       1.0074321       1.2687664       2.4743595   2.1325843e-09     0.060222598       490.69864       5.7934714        5.7934714       1886.6864                                                          1380.9275                                                         15.0603                 23.748811                        390.43249                                   68.180158                               8.3371805
              2       949.78924     0.021965076      0.11825295       67.738928       3.0599196      0.96246563     0.059205282     0.060222598       1.0074321        1.279019       2.0715264   2.1325843e-09     0.060222598       490.69864       5.7934714        5.7934714       1887.9915                                                          1382.2326                                                         15.0603                 23.748811                        390.43249                                   68.180158                               8.3371805
              1       951.28802     0.021991465      0.11789975       67.726116       3.0589246       0.9641846     0.060231346     0.056597949       1.0074321        1.279019       2.0715264   2.1304633e-09     0.056597949       492.29371       5.7934714        5.7934714       1890.9891                                                          1383.4305                                                       15.264869                 23.209514                        390.65822                                   70.025377                               8.4005951
              2       952.09362     0.021991465      0.11789975       67.726116       3.0589246       0.9641846     0.060231346     0.056597949       1.0074321       1.4787604       1.9953187   2.1304633e-09     0.056597949       492.29371       5.7934714        5.7934714       1892.6003                                                          1385.0417                                                       15.264869                 23.209514                        390.65822                                   70.025377                               8.4005951
              5       951.51845     0.021991465      0.11789975       67.726116       3.0589246       0.9641846     0.060231346     0.056597949       1.0065268       1.4787604       1.9953187   2.1304633e-09     0.056597949       491.14337       5.7934714        5.7934714         1891.45                                                          1385.0417                                                       15.264869                 23.344423                        390.61837                                   68.873638                               8.3069406
              3       950.70852     0.021991465      0.11789975       67.726116       3.0589246       0.9641846     0.060231346     0.056597949       1.0065268       1.2108783       2.3926735   2.1304633e-09     0.056597949       491.14337       5.7934714        5.7934714       1889.8301                                                          1383.4219                                                       15.264869                 23.344423                        390.61837                                   68.873638                               8.3069406
              3       951.11949     0.021991465      0.11789975       67.726116       3.0589246       0.9641846     0.060231346     0.056597949       1.0065268       1.1149446       2.5181358   2.1304633e-09     0.056597949       491.14337       5.7934714        5.7934714        1890.652                                                          1384.2438                                                       15.264869                 23.344423                        390.61837                                   68.873638                               8.3069406
              6       951.06556     0.021991465      0.11789975       67.726116       3.0589246       0.9641846     0.060231346     0.056597949       1.0059981       1.1149446       2.5181358   2.1304633e-09     0.056597949       491.03553       5.7934714        5.7934714       1890.5442                                                          1384.2438                                                       15.264869                 23.424356                        390.62907                                   68.700827                               8.2812768
              3       951.10824     0.021991465      0.11789975       67.726116       3.0589246       0.9641846     0.060231346     0.056597949       1.0064871       1.1149446       2.5181358   2.1304633e-09     0.056597949       491.12089       5.7934714        5.7934714       1890.6295                                                          1384.2438                                                       15.264869                  23.35039                        390.61837                                   68.847857                               8.3042711
              4       951.39437     0.021991465      0.11789975       67.726116       3.0589246       0.9641846     0.060231346     0.056597949       1.0052086       1.1099032       2.5231335   2.1304633e-09     0.056597949       491.62796       5.7934714        5.7934714       1891.2018                                                           1384.309                                                       15.264869                 23.545222                        390.66637                                   69.133307                               8.2830636
              5       950.96206     0.021991465      0.11789975       67.726116       3.0589246       0.9641846     0.060231346     0.056597949       1.0052086       1.2900689       2.3083702   2.1304633e-09     0.056597949       491.62796       5.7934714        5.7934714       1890.3372                                                          1383.4444                                                       15.264869                 23.545222                        390.66637                                   69.133307                               8.2830636
              1       950.98389     0.021991465      0.11789975       67.726116       3.0589246       0.9641846     0.060231346     0.056597949       1.0052086       1.1879872        2.358201   2.1304633e-09     0.056597949       491.62796       5.7934714        5.7934714       1890.3808                                                           1383.488                                                       15.264869                 23.545222                        390.66637                                   69.133307                               8.2830636
              2       951.23905     0.021991465      0.11789975       67.726116       3.0589246       0.9641846     0.060231346     0.056597949       1.0073884       1.2255613       2.3874623   2.1304633e-09     0.056597949       492.21391       5.7934714        5.7934714       1890.8912                                                          1383.4124                                                       15.264869                 23.215965                        390.65822                                   69.945084                               8.3946401
              4       951.45554     0.021991465      0.11789975       67.726116       3.0589246       0.9641846     0.060231346     0.056597949       1.0073884       1.3249148       1.9265351   2.1304633e-09     0.056597949       492.21391       5.7934714        5.7934714       1891.3241                                                          1383.8454                                                       15.264869                 23.215965                        390.65822                                   69.945084                               8.3946401
              3       950.86537     0.021991465      0.11789975       67.726116       3.0589246       0.9641846     0.060231346     0.056597949        1.006166       1.3249148       1.9265351   2.1304633e-09     0.056597949       491.03357       5.7934714        5.7934714       1890.1438                                                          1383.8454                                                       15.264869                 23.398886                        390.63197                                    68.71562                               8.2870981
              1       950.64899     0.021991465      0.11789975       67.726116       3.0589246       0.9641846     0.060231346     0.056597949        1.006166       1.2997239        2.037684   2.1304633e-09     0.056597949       491.03357       5.7934714        5.7934714        1889.711                                                          1383.4126                                                       15.264869                 23.398886                        390.63197                                    68.71562                               8.2870981
             10       949.93801     0.021981586      0.11794708       67.734645        3.059105      0.96425118     0.059937765     0.059775774        1.006166       1.2997239        2.037684   2.1308478e-09     0.059775774       491.12608       5.7934714        5.7934714       1888.2891                                                          1382.1244                                                       15.038556                 23.424925                        390.59217                                   68.808968                               8.3000249
              7       950.79444     0.021981586      0.11794708       67.734645        3.059105      0.96425118     0.059937765     0.059775774        1.006166       1.3239671       1.8079893   2.1308478e-09     0.059775774       491.12608       5.7934714        5.7934714       1890.0019                                                          1383.8373                                                       15.038556                 23.424925                        390.59217                                   68.808968                               8.3000249
              2       950.80801     0.021981586      0.11794708       67.734645        3.059105      0.96425118     0.059937765     0.059775774        1.006166       1.2502513       2.6001203   2.1308478e-09     0.059775774       491.12608       5.7934714        5.7934714       1890.0291                                                          1383.8644                                                       15.038556                 23.424925                        390.59217                                   68.808968                               8.3000249
             11       950.95291     0.021981586      0.11794708       67.734645        3.059105      0.96425118     0.059937765     0.059775774        1.006166       1.0414544       2.5806896   2.1308478e-09     0.059775774       491.12608       5.7934714        5.7934714       1890.3189                                                          1384.1542                                                       15.038556                 23.424925                        390.59217                                   68.808968                               8.3000249
              1       948.38104       0.0220936      0.11836372       67.935441       3.0547515      0.96035189     0.057148723     0.045700502        1.006166       1.0414544       2.5806896   2.1215912e-09     0.045700502       489.94377       5.7934714        5.7934714       1885.1751                                                          1381.2063                                                       14.025112                 24.350641                        390.04716                                   67.250645                               8.2953159
              3       948.55796       0.0220936      0.11836372       67.935441       3.0547515      0.96035189     0.057148723     0.045700502        1.006166       1.1791949       2.1541991   2.1215912e-09     0.045700502       489.94377       5.7934714        5.7934714        1885.529                                                          1381.5601                                                       14.025112                 24.350641                        390.04716                                   67.250645                               8.2953159
              1       948.69398       0.0220936      0.11836372       67.935441       3.0547515      0.96035189     0.057148723     0.045700502        1.006166        1.595147        1.662703   2.1215912e-09     0.045700502       489.94377       5.7934714        5.7934714        1885.801                                                          1381.8321                                                       14.025112                 24.350641                        390.04716                                   67.250645                               8.2953159
              2       952.56951       0.0220936      0.11836372       67.935441       3.0547515      0.96035189     0.057148723     0.045700502       1.0096928        1.595147        1.662703   2.1215912e-09     0.045700502       497.69482       5.7934714        5.7934714       1893.5521                                                          1381.8321                                                       14.025112                 23.773783                        390.06016                                   74.942734                                8.918144
              3       951.81315       0.0220936      0.11836372       67.935441       3.0547515      0.96035189     0.057148723     0.045700502       1.0033745        1.595147        1.662703   2.1215912e-09     0.045700502       496.18211       5.7934714        5.7934714       1892.0394                                                          1381.8321                                                       14.025112                 24.834257                        390.03708                                   72.834322                               8.4764475
              5       952.01573       0.0220936      0.11836372       67.935441       3.0547515      0.96035189     0.057148723     0.045700502       1.0033745       1.4399406       1.6608581   2.1215912e-09     0.045700502       496.18211       5.7934714        5.7934714       1892.4445                                                          1382.2373                                                       14.025112                 24.834257                        390.03708                                   72.834322                               8.4764475
              2       952.81802       0.0220936      0.11836372       67.935441       3.0547515      0.96035189     0.057148723     0.045700502       1.0031412       1.6476413       1.6722556   2.1215912e-09     0.045700502       497.20946       5.7934714        5.7934714       1894.0491                                                          1382.8145                                                       14.025112                 24.875773                        390.03708                                   73.777502                               8.5191028
              2       953.69462       0.0220936      0.11836372       67.935441       3.0547515      0.96035189     0.057148723     0.045700502       1.0099533       1.6476413       1.6722556   2.1215912e-09     0.045700502       498.96266       5.7934714        5.7934714       1895.8023                                                          1382.8145                                                       14.025112                 23.732607                        390.07742                                   76.151486                               9.0011476
              1        953.3586       0.0220936      0.11836372       67.935441       3.0547515      0.96035189     0.057148723     0.045700502       1.0029141       1.6476413       1.6722556   2.1215912e-09     0.045700502       498.29061       5.7934714        5.7934714       1895.1302                                                          1382.8145                                                       14.025112                 24.916325                        390.04329                                   74.766285                               8.5647129
              1       951.57744       0.0220936      0.11836372       67.935441       3.0547515      0.96035189     0.057148723     0.045700502       1.0029141       1.4134811       2.3368507   2.1215912e-09     0.045700502       498.29061       5.7934714        5.7934714       1891.5679                                                          1379.2522                                                       14.025112                 24.916325                        390.04329                                   74.766285                               8.5647129
              2       951.67562     0.022007202      0.11860275        67.57165       3.0471691       0.9655861     0.054548932     0.063496028       1.0029141       1.4134811       2.3368507   2.1055653e-09     0.063496028       492.76212       5.7934714        5.7934714       1891.7643                                                          1380.7769                                                       18.225318                  23.24181                        390.04169                                    71.09005                               8.3885726
              2       950.91868     0.022007202      0.11860275        67.57165       3.0471691       0.9655861     0.054548932     0.063496028       1.0029141       1.4735717         1.95111   2.1055653e-09     0.063496028       492.76212       5.7934714        5.7934714       1890.2504                                                           1379.263                                                       18.225318                  23.24181                        390.04169                                    71.09005                               8.3885726
              2        950.1585     0.022007202      0.11860275        67.57165       3.0471691       0.9655861     0.054548932     0.063496028       1.0052337       1.4735717         1.95111   2.1055653e-09     0.063496028       491.24177       5.7934714        5.7934714       1888.7301                                                           1379.263                                                       18.225318                 22.906356                        390.06859                                    69.68678                               8.5800441
              2       950.48837     0.022007202      0.11860275        67.57165       3.0471691       0.9655861     0.054548932     0.063496028       1.0033516       1.4735717         1.95111   2.1055653e-09     0.063496028       491.90152       5.7934714        5.7934714       1889.3898                                                           1379.263                                                       18.225318                 23.177293                        390.05705                                    70.27447                               8.3927021
              1       950.25646     0.022007202      0.11860275        67.57165       3.0471691       0.9655861     0.054548932     0.063496028       1.0033516       1.1609991       2.3191359   2.1055653e-09     0.063496028       491.90152       5.7934714        5.7934714        1888.926                                                          1378.7991                                                       18.225318                 23.177293                        390.05705                                    70.27447                               8.3927021
              1       949.78338     0.022007202      0.11860275        67.57165       3.0471691       0.9655861     0.054548932     0.063496028       1.0033516       1.2639235       2.2602776   2.1055653e-09     0.063496028       491.90152       5.7934714        5.7934714       1887.9798                                                           1377.853                                                       18.225318                 23.177293                        390.05705                                    70.27447                               8.3927021
              1       949.43381     0.022007202      0.11860275        67.57165       3.0471691       0.9655861     0.054548932     0.063496028       1.0049414       1.2940342       2.3129317   2.1055653e-09     0.063496028       491.01843       5.7934714        5.7934714       1887.2807                                                          1378.0369                                                       18.225318                 22.947631                        390.06878                                   69.469014                               8.5330022
              1       949.63263     0.022007202      0.11860275        67.57165       3.0471691       0.9655861     0.054548932     0.063496028       1.0049414       1.2964939       2.3823142   2.1055653e-09     0.063496028       491.01843       5.7934714        5.7934714       1887.6783                                                          1378.4346                                                       18.225318                 22.947631                        390.06878                                   69.469014                               8.5330022
              4       949.78218     0.022007202      0.11860275        67.57165       3.0471691       0.9655861     0.054548932     0.063496028       1.0049414       1.4308155       1.8827003   2.1055653e-09     0.063496028       491.01843       5.7934714        5.7934714       1887.9774                                                          1378.7337                                                       18.225318                 22.947631                        390.06878                                   69.469014                               8.5330022
              4       951.02673     0.022092295      0.11879586       67.598493       3.0503332      0.96420964      0.05413897      0.05985984       1.0049414       1.4308155       1.8827003   2.1122382e-09      0.05985984       491.08578       5.7934714        5.7934714       1890.4665                                                          1380.3588                                                       19.021931                 23.534796                        390.06234                                   69.080461                               8.4081857
              1       950.66332      0.02210651      0.11853057       67.612344       3.0494435      0.96337102     0.053861252     0.065827117       1.0049414       1.4308155       1.8827003   2.1103598e-09     0.065827117       491.26932       5.7934714        5.7934714       1889.7397                                                            1379.93                                                       18.540324                 23.709693                        390.08082                                   69.155179                                8.323628
              2       950.12724      0.02210651      0.11853057       67.612344       3.0494435      0.96337102     0.053861252     0.065827117       1.0049414       1.2975977       2.0512802   2.1103598e-09     0.065827117       491.26932       5.7934714        5.7934714       1888.6675                                                          1378.8579                                                       18.540324                 23.709693                        390.08082                                   69.155179                                8.323628
              8       949.98851      0.02210651      0.11853057       67.612344       3.0494435      0.96337102     0.053861252     0.065827117       1.0077581       1.2975977       2.0512802   2.1103598e-09     0.065827117       490.99187       5.7934714        5.7934714       1888.3901                                                          1378.8579                                                       18.540324                  23.27966                        390.10649                                   68.991589                                8.614139
              5       949.97332      0.02210651      0.11853057       67.612344       3.0494435      0.96337102     0.053861252     0.065827117       1.0077581       1.3180651       1.9154494   2.1103598e-09     0.065827117       490.99187       5.7934714        5.7934714       1888.3597                                                          1378.8275                                                       18.540324                  23.27966                        390.10649                                   68.991589                                8.614139
              1       950.78998      0.02210651      0.11853057       67.612344       3.0494435      0.96337102     0.053861252     0.065827117       1.0077581       1.5008163       1.6075265   2.1103598e-09     0.065827117       490.99187       5.7934714        5.7934714        1889.993                                                          1380.4608                                                       18.540324                  23.27966                        390.10649                                   68.991589                                8.614139
              2       950.18954      0.02210651      0.11853057       67.612344       3.0494435      0.96337102     0.053861252     0.065827117       1.0060887       1.5008163       1.6075265   2.1103598e-09     0.065827117         489.791       5.7934714        5.7934714       1888.7921                                                          1380.4608                                                       18.540324                 23.531514                         390.0729                                   67.818309                               8.3682704
              2       950.34828      0.02210651      0.11853057       67.612344       3.0494435      0.96337102     0.053861252     0.065827117       1.0056749       1.5008163       1.6075265   2.1103598e-09     0.065827117       490.10846       5.7934714        5.7934714       1889.1096                                                          1380.4608                                                       18.540324                 23.595304                        390.07485                                    68.09789                               8.3404202
              1       950.40155      0.02210651      0.11853057       67.612344       3.0494435      0.96337102     0.053861252     0.065827117       1.0056749        1.481648        1.788442   2.1103598e-09     0.065827117       490.10846       5.7934714        5.7934714       1889.2162                                                          1380.5674                                                       18.540324                 23.595304                        390.07485                                    68.09789                               8.3404202
              3       950.29345      0.02210651      0.11853057       67.612344       3.0494435      0.96337102     0.053861252     0.065827117       1.0069383        1.481648        1.788442   2.1103598e-09     0.065827117       489.89227       5.7934714        5.7934714            1889                                                          1380.5674                                                       18.540324                 23.402236                        390.06697                                   67.956296                               8.4667701
              1       950.34066      0.02210651      0.11853057       67.612344       3.0494435      0.96337102     0.053861252     0.065827117       1.0069383       1.5058394       1.6792431   2.1103598e-09     0.065827117       489.89227       5.7934714        5.7934714       1889.0944                                                          1380.6618                                                       18.540324                 23.402236                        390.06697                                   67.956296                               8.4667701
              4       950.25963      0.02210651      0.11853057       67.612344       3.0494435      0.96337102     0.053861252     0.065827117       1.0069383       1.1047639       2.4956647   2.1103598e-09     0.065827117       489.89227       5.7934714        5.7934714       1888.9323                                                          1380.4997                                                       18.540324                 23.402236                        390.06697                                   67.956296                               8.4667701
              3       950.52297      0.02210651      0.11853057       67.612344       3.0494435      0.96337102     0.053861252     0.065827117       1.0069383       1.0723748       2.2500575   2.1103598e-09     0.065827117       489.89227       5.7934714        5.7934714        1889.459                                                          1381.0264                                                       18.540324                 23.402236                        390.06697                                   67.956296                               8.4667701
              3       951.81536      0.02210651      0.11853057       67.612344       3.0494435      0.96337102     0.053861252     0.065827117       1.0083885       1.0723748       2.2500575   2.1103598e-09     0.065827117       492.47706       5.7934714        5.7934714       1892.0438                                                          1381.0264                                                       18.540324                 23.186711                        390.14179                                   70.386356                               8.7621975
              4       952.62629      0.02210651      0.11853057       67.612344       3.0494435      0.96337102     0.053861252     0.065827117       1.0083885       1.0756502       2.0661233   2.1103598e-09     0.065827117       492.47706       5.7934714        5.7934714       1893.6656                                                          1382.6482                                                       18.540324                 23.186711                        390.14179                                   70.386356                               8.7621975
              2       952.82023      0.02210651      0.11853057       67.612344       3.0494435      0.96337102     0.053861252     0.065827117       1.0083885       0.9557838       2.6382248   2.1103598e-09     0.065827117       492.47706       5.7934714        5.7934714       1894.0535                                                          1383.0361                                                       18.540324                 23.186711                        390.14179                                   70.386356                               8.7621975
              4       952.80309      0.02210651      0.11853057       67.612344       3.0494435      0.96337102     0.053861252     0.065827117       1.0083885      0.95908502        2.563644   2.1103598e-09     0.065827117       492.47706       5.7934714        5.7934714       1894.0192                                                          1383.0019                                                       18.540324                 23.186711                        390.14179                                   70.386356                               8.7621975
              1       951.67776      0.02210651      0.11853057       67.612344       3.0494435      0.96337102     0.053861252     0.065827117       1.0072644      0.95908502        2.563644   2.1103598e-09     0.065827117        490.2264       5.7934714        5.7934714       1891.7686                                                          1383.0019                                                       18.540324                 23.353248                        390.09159                                   68.262317                               8.5192484
              2        949.9907      0.02210651      0.11853057       67.612344       3.0494435      0.96337102     0.053861252     0.065827117       1.0072644       1.2247426       1.9314617   2.1103598e-09     0.065827117        490.2264       5.7934714        5.7934714       1888.3945                                                          1379.6277                                                       18.540324                 23.353248                        390.09159                                   68.262317                               8.5192484
              6       949.59513      0.02210651      0.11853057       67.612344       3.0494435      0.96337102     0.053861252     0.065827117       1.0072644       1.3290506       1.9358535   2.1103598e-09     0.065827117        490.2264       5.7934714        5.7934714       1887.6033                                                          1378.8366                                                       18.540324                 23.353248                        390.09159                                   68.262317                               8.5192484
              1       949.59668      0.02210651      0.11853057       67.612344       3.0494435      0.96337102     0.053861252     0.065827117       1.0072644       1.3277862       1.9508549   2.1103598e-09     0.065827117        490.2264       5.7934714        5.7934714       1887.6064                                                          1378.8397                                                       18.540324                 23.353248                        390.09159                                   68.262317                               8.5192484
             10       949.35429      0.02210651      0.11853057       67.612344       3.0494435      0.96337102     0.053861252     0.065827117       1.0066477       1.3277862       1.9508549   2.1103598e-09     0.065827117       489.74163       5.7934714        5.7934714       1887.1216                                                          1378.8397                                                       18.540324                 23.446188                        390.06697                                   67.801633                               8.4268429
              3       949.66614      0.02210651      0.11853057       67.612344       3.0494435      0.96337102     0.053861252     0.065827117       1.0066477       1.4234399       1.7341899   2.1103598e-09     0.065827117       489.74163       5.7934714        5.7934714       1887.7453                                                          1379.4634                                                       18.540324                 23.446188                        390.06697                                   67.801633                               8.4268429
              2       949.37861      0.02210651      0.11853057       67.612344       3.0494435      0.96337102     0.053861252     0.065827117       1.0066477       1.3360779       1.8757693   2.1103598e-09     0.065827117       489.74163       5.7934714        5.7934714       1887.1703                                                          1378.8883                                                       18.540324                 23.446188                        390.06697                                   67.801633                               8.4268429
              1       950.24181     0.022061061      0.11881166       67.531338       3.0488212      0.96330328     0.054256442     0.067653162       1.0066477       1.3360779       1.8757693   2.1090468e-09     0.067653162       491.06401       5.7934714        5.7934714       1888.8967                                                          1378.1534                                                       19.679305                 23.326652                        390.01112                                   69.126582                               8.5996599
              8       950.68155     0.022061061      0.11881166       67.531338       3.0488212      0.96330328     0.054256442     0.067653162       1.0066477       1.5006526       1.9209052   2.1090468e-09     0.067653162       491.06401       5.7934714        5.7934714       1889.7762                                                          1379.0328                                                       19.679305                 23.326652                        390.01112                                   69.126582                               8.5996599
              8        951.0333     0.022061061      0.11881166       67.531338       3.0488212      0.96330328     0.054256442     0.067653162       1.0038104       1.5006526       1.9209052   2.1090468e-09     0.067653162       491.76751       5.7934714        5.7934714       1890.4797                                                          1379.0328                                                       19.679305                 23.763155                        390.02847                                    69.59912                               8.3767571
              9       950.37021     0.022061061      0.11881166       67.531338       3.0488212      0.96330328     0.054256442     0.067653162       1.0038104       1.2849008       2.0140852   2.1090468e-09     0.067653162       491.76751       5.7934714        5.7934714       1889.1535                                                          1377.7067                                                       19.679305                 23.763155                        390.02847                                    69.59912                               8.3767571
              5       950.50649     0.022061061      0.11881166       67.531338       3.0488212      0.96330328     0.054256442     0.067653162       1.0038104       1.3166521       1.9250115   2.1090468e-09     0.067653162       491.76751       5.7934714        5.7934714        1889.426                                                          1377.9792                                                       19.679305                 23.763155                        390.02847                                    69.59912                               8.3767571
              1       950.63112     0.022061061      0.11881166       67.531338       3.0488212      0.96330328     0.054256442     0.067653162       1.0038104       1.1586393       2.2616946   2.1090468e-09     0.067653162       491.76751       5.7934714        5.7934714       1889.6753                                                          1378.2285                                                       19.679305                 23.763155                        390.02847                                    69.59912                               8.3767571
              3       950.06781     0.022061061      0.11881166       67.531338       3.0488212      0.96330328     0.054256442     0.067653162       1.0063871       1.1586393       2.2616946   2.1090468e-09     0.067653162       490.64089       5.7934714        5.7934714       1888.5487                                                          1378.2285                                                       19.679305                 23.365682                        389.99651                                   68.725296                               8.5534007
              2       950.52747     0.022061061      0.11881166       67.531338       3.0488212      0.96330328     0.054256442     0.067653162       1.0063871       1.3708511       1.7329694   2.1090468e-09     0.067653162       490.64089       5.7934714        5.7934714        1889.468                                                          1379.1478                                                       19.679305                 23.365682                        389.99651                                   68.725296                               8.5534007
              5       949.59139     0.022061061      0.11881166       67.531338       3.0488212      0.96330328     0.054256442     0.067653162       1.0063871       1.3655348       2.0751543   2.1090468e-09     0.067653162       490.64089       5.7934714        5.7934714       1887.5958                                                          1377.2756                                                       19.679305                 23.365682                        389.99651                                   68.725296                               8.5534007
              2       949.59451     0.022061061      0.11881166       67.531338       3.0488212      0.96330328     0.054256442     0.067653162       1.0063871       1.3661263       2.0769263   2.1090468e-09     0.067653162       490.64089       5.7934714        5.7934714       1887.6021                                                          1377.2819                                                       19.679305                 23.365682                        389.99651                                   68.725296                               8.5534007
              2       949.56088     0.022061061      0.11881166       67.531338       3.0488212      0.96330328     0.054256442     0.067653162       1.0063871       1.3446717       2.0362747   2.1090468e-09     0.067653162       490.64089       5.7934714        5.7934714       1887.5348                                                          1377.2146                                                       19.679305                 23.365682                        389.99651                                   68.725296                               8.5534007
              4       949.47224     0.022061061      0.11881166       67.531338       3.0488212      0.96330328     0.054256442     0.067653162       1.0063871       1.3005861       2.1576694   2.1090468e-09     0.067653162       490.64089       5.7934714        5.7934714       1887.3575                                                          1377.0373                                                       19.679305                 23.365682                        389.99651                                   68.725296                               8.5534007
              1       949.70218     0.022060783      0.11877737       67.529061       3.0486427      0.96338069     0.054238535     0.067968671       1.0041397       1.3005861       2.1576694   2.1086704e-09     0.067968671       491.08294       5.7934714        5.7934714       1887.8174                                                          1377.0603                                                       19.674148                 23.683117                        390.04856                                   68.985152                                8.366108
              1       950.03951     0.021961379      0.11853695       67.596244       3.0534361      0.96536028     0.057511792     0.065193013       1.0041645       1.2645214        2.397686   2.1188023e-09     0.065193013       491.80244       5.7934714        5.7934714       1888.4921                                                          1379.4673                                                       17.222339                   23.2384                        390.19225                                   69.974151                               8.3976363
              1       950.46566     0.021961379      0.11853695       67.596244       3.0534361      0.96536028     0.057511792     0.065193013       1.0063843       1.2645214        2.397686   2.1188023e-09     0.065193013       492.65473       5.7934714        5.7934714       1889.3444                                                          1379.4673                                                       17.222339                 22.917011                        390.17428                                   70.968791                                8.594648
              1       949.90974     0.021961379      0.11853695       67.596244       3.0534361      0.96536028     0.057511792     0.065193013       1.0055766       1.2645214        2.397686   2.1188023e-09     0.065193013       491.54289       5.7934714        5.7934714       1888.2325                                                          1379.4673                                                       17.222339                 23.032037                        390.17958                                   69.852115                               8.4791561
              2       949.82491     0.021961379      0.11853695       67.596244       3.0534361      0.96536028     0.057511792     0.065193013       1.0046998       1.2645214        2.397686   2.1188023e-09     0.065193013       491.37323       5.7934714        5.7934714       1888.0629                                                          1379.4673                                                       17.222339                 23.159438                        390.18761                                   69.615758                               8.4104246
              1       949.94076     0.021961379      0.11853695       67.596244       3.0534361      0.96536028     0.057511792     0.065193013       1.0043649       1.2645214        2.397686   2.1188023e-09     0.065193013       491.60492       5.7934714        5.7934714       1888.2946                                                          1379.4673                                                       17.222339                 23.208746                        390.20116                                   69.795194                               8.3998237
              1       949.76713      0.02198284      0.11858522       67.591744       3.0530769      0.96485825     0.057442366     0.067804029       1.0041416       1.2796698       2.4025344   2.1180415e-09     0.067804029       491.19055       5.7934714        5.7934714       1887.9473                                                           1379.247                                                        17.50975                 23.330958                        390.14662                                   69.313231                               8.3997436
              1       950.45609     0.022136326      0.11902432       67.569345       3.0546967      0.96360882     0.057701546     0.069150043       1.0051191       1.1694277       2.5436512    2.121475e-09     0.069150043       490.41687       5.7934714        5.7934714       1889.3252                                                          1378.8221                                                       20.086291                 23.550165                        390.16392                                   68.304603                               8.3981743
              1       950.51717     0.022136326      0.11902432       67.569345       3.0546967      0.96360882     0.057701546     0.069150043       1.0036343       1.1694277       2.5436512    2.121475e-09     0.069150043       490.53901       5.7934714        5.7934714       1889.4474                                                          1378.8221                                                       20.086291                 23.782534                        390.15652                                   68.159583                               8.4403744
              1       950.53731     0.022136326      0.11902432       67.569345       3.0546967      0.96360882     0.057701546     0.069150043       1.0052732       1.1694277       2.5436512    2.121475e-09     0.069150043        490.5793       5.7934714        5.7934714       1889.4877                                                          1378.8221                                                       20.086291                 23.526434                        390.16215                                   68.487163                               8.4035514
              1       951.35132     0.022136326      0.11902432       67.569345       3.0546967      0.96360882     0.057701546     0.069150043        1.006179       1.1694277       2.5436512    2.121475e-09     0.069150043       492.20731       5.7934714        5.7934714       1891.1157                                                          1378.8221                                                       20.086291                 23.388535                        390.15545                                   70.191385                                8.471942
              1       951.39588     0.022136326      0.11902432       67.569345       3.0546967      0.96360882     0.057701546     0.069150043       1.0062152       1.1694277       2.5436512    2.121475e-09     0.069150043       492.29645       5.7934714        5.7934714       1891.2048                                                          1378.8221                                                       20.086291                 23.383072                        390.15545                                   70.281939                               8.4759817
              1       951.39092     0.022136326      0.11902432       67.569345       3.0546967      0.96360882     0.057701546     0.069150043       1.0026675       1.1694277       2.5436512    2.121475e-09     0.069150043       492.28652       5.7934714        5.7934714       1891.1949                                                          1378.8221                                                       20.086291                 23.937496                        390.13992                                   69.648975                               8.5601289
              1       950.36399     0.022136326      0.11902432       67.569345       3.0546967      0.96360882     0.057701546     0.069150043       1.0048873       1.1694277       2.5436512    2.121475e-09     0.069150043       490.23266       5.7934714        5.7934714        1889.141                                                          1378.8221                                                       20.086291                 23.585989                        390.16392                                   68.089217                               8.3935322
              3       949.79097     0.022047581      0.11879159       67.728853       3.0574408      0.96506061     0.059321504     0.055803973       1.0047937       1.1593337       2.6170031   2.1273045e-09     0.055803973       491.07142       5.7934714        5.7934714        1887.995                                                          1380.4341                                                        16.48949                 23.334836                        390.42994                                   68.867795                               8.4388513
              1       950.32419     0.022047581      0.11879159       67.728853       3.0574408      0.96506061     0.059321504     0.055803973       1.0059124       1.1593337       2.6170031   2.1273045e-09     0.055803973       492.13786       5.7934714        5.7934714       1889.0614                                                          1380.4341                                                        16.48949                 23.168681                        390.44846                                   70.093453                               8.4272667
              1       951.02723     0.022047581      0.11879159       67.728853       3.0574408      0.96506061     0.059321504     0.055803973        1.006556       1.1593337       2.6170031   2.1273045e-09     0.055803973       493.54395       5.7934714        5.7934714       1890.4675                                                          1380.4341                                                        16.48949                 23.074808                        390.46036                                   71.544686                                8.464095
              1       949.82318     0.022047581      0.11879159       67.728853       3.0574408      0.96506061     0.059321504     0.055803973       1.0050352       1.1593337       2.6170031   2.1273045e-09     0.055803973       491.13586       5.7934714        5.7934714       1888.0594                                                          1380.4341                                                        16.48949                 23.298648                        390.41653                                   68.992496                               8.4281882
              1       949.49048     0.022047581      0.11879159       67.728853       3.0574408      0.96506061     0.059321504     0.055803973       1.0049432       1.1947172       2.2546692   2.1273045e-09     0.055803973       491.09654       5.7934714        5.7934714        1887.394                                                           1379.808                                                        16.48949                 23.312409                        390.41653                                   68.935885                               8.4317177
              1       950.48299     0.022047581      0.11879159       67.728853       3.0574408      0.96506061     0.059321504     0.055803973       1.0030001       1.1947172       2.2546692   2.1273045e-09     0.055803973       493.08156       5.7934714        5.7934714        1889.379                                                           1379.808                                                        16.48949                 23.609168                        390.43818                                   70.374388                               8.6598201
              1       950.65475     0.022057603      0.11872754       67.765093       3.0594124      0.96475721     0.060368703     0.056660093       1.0029642       1.1923262       2.3000958   2.1315029e-09     0.056660093       493.36897       5.7934714        5.7934714       1889.7226                                                          1380.3671                                                       15.986535                 23.731156                        390.70754                                   70.252665                               8.6776106
              1       949.58392     0.022057603      0.11872754       67.765093       3.0594124      0.96475721     0.060368703     0.056660093       1.0044378       1.1923262       2.3000958   2.1315029e-09     0.056660093        491.2273       5.7934714        5.7934714       1887.5809                                                          1380.3671                                                       15.986535                 23.501483                        390.71481                                   68.551973                               8.4590315
              1        949.6155     0.022057603      0.11872754       67.765093       3.0594124      0.96475721     0.060368703     0.056660093       1.0045444       1.2676051       2.4349855   2.1315029e-09     0.056660093       491.18513       5.7934714        5.7934714        1887.644                                                          1380.4724                                                       15.986535                 23.485116                        390.70873                                   68.541513                               8.4497738
              1       949.79583     0.022057603      0.11872754       67.765093       3.0594124      0.96475721     0.060368703     0.056660093       1.0040082        1.258749       2.4521077   2.1315029e-09     0.056660093       491.52726       5.7934714        5.7934714       1888.0047                                                          1380.4909                                                       15.986535                 23.567766                        390.70662                                   68.747609                               8.5052658
              1       950.70591     0.022016301       0.1185742       67.782839       3.0566109      0.96798352     0.058596117     0.047997571       1.0047723       1.1589692       2.3960831   2.1255398e-09     0.047997571        492.2864       5.7934714        5.7934714       1889.8249                                                           1382.137                                                       15.401518                 22.757551                        390.28632                                   70.717601                               8.5249204
              1        952.2376     0.022020625      0.11852267       67.793089       3.0589329      0.96817547     0.059693148     0.046806805       1.0040282       1.1188083       2.4509621   2.1304811e-09     0.046806805       493.56199       5.7934714        5.7934714       1892.8883                                                          1384.0423                                                       15.283922                 22.874476                        390.52405                                   71.413278                                8.750183
              1       952.26403     0.022020625      0.11852267       67.793089       3.0589329      0.96817547     0.059693148     0.046806805       1.0067188       1.1188083       2.4509621   2.1304811e-09     0.046806805       493.61485       5.7934714        5.7934714       1892.9411                                                          1384.0423                                                       15.283922                 22.506894                         390.5349                                   72.137677                               8.4353756
              2       951.13568     0.022020625      0.11852267       67.793089       3.0589329      0.96817547     0.059693148     0.046806805       1.0066412       1.2654767        1.858727   2.1304811e-09     0.046806805       493.47144       5.7934714        5.7934714       1890.6844                                                          1381.9291                                                       15.283922                 22.517186                         390.5349                                   71.982755                               8.4366025
              1       951.79263     0.022020625      0.11852267       67.793089       3.0589329      0.96817547     0.059693148     0.046806805       1.0067386       1.2239704       2.2522162   2.1304811e-09     0.046806805       493.65577       5.7934714        5.7934714       1891.9983                                                          1383.0586                                                       15.283922                 22.504283                        390.53806                                   72.178293                               8.4351377
              1       951.26478     0.022020625      0.11852267       67.793089       3.0589329      0.96817547     0.059693148     0.046806805       1.0047083       1.2239704       2.2522162   2.1304811e-09     0.046806805       492.60007       5.7934714        5.7934714       1890.9426                                                          1383.0586                                                       15.283922                  22.77949                        390.51498                                   70.688249                               8.6173483
              1       951.61126     0.022105401      0.11870661       67.842099       3.0561015      0.96767895     0.059359145     0.049870957       1.0062482       1.2301178       2.3336596   2.1244574e-09     0.049870957       495.66501       5.7934714        5.7934714       1891.6356                                                          1380.4995                                                       15.471108                 22.525521                        390.44309                                   74.174977                               8.5214212
              2       952.20149     0.022184224      0.11878562       67.852869       3.0541066      0.96814861       0.0583305     0.059672563       1.0059359       1.4009816       1.7965468   2.1202236e-09     0.059672563       495.33771       5.7934714        5.7934714        1892.816                                                          1381.5505                                                       15.927827                 22.461225                        390.26264                                   73.961394                               8.6524504
              1        951.0513     0.022184224      0.11878562       67.852869       3.0541066      0.96814861       0.0583305     0.059672563       1.0016084       1.4009816       1.7965468   2.1202236e-09     0.059672563       493.03733       5.7934714        5.7934714       1890.5157                                                          1381.5505                                                       15.927827                 23.057538                        390.28632                                   71.087003                               8.6064741
              1       950.21489      0.02210006      0.11863926       67.878479       3.0512964      0.96927087     0.057108492     0.047463571       1.0018487       1.4232597       1.6415373   2.1142737e-09     0.047463571       493.73591       5.7934714        5.7934714       1888.8428                                                          1380.1701                                                       14.936861                 22.723815                        390.12723                                   72.280741                               8.6041226
              4       949.38403      0.02210006      0.11863926       67.878479       3.0512964      0.96927087     0.057108492     0.047463571       1.0028331       1.4232597       1.6415373   2.1142737e-09     0.047463571       492.07419       5.7934714        5.7934714       1887.1811                                                          1380.1701                                                       14.936861                 22.590016                        390.16452                                   70.824958                               8.4946938
              1       950.50288     0.022110407      0.11871217       67.842428       3.0505221      0.96911869     0.056534981      0.04774207       1.0019545       1.4174591        1.611784   2.1126371e-09      0.04774207       493.56782       5.7934714        5.7934714       1889.4188                                                          1380.2911                                                       15.559881                 22.737328                        390.09004                                   72.127851                               8.6125946
              1       950.62609     0.022110407      0.11871217       67.842428       3.0505221      0.96911869     0.056534981      0.04774207       1.0018557       1.4174591        1.611784   2.1126371e-09      0.04774207       493.81425       5.7934714        5.7934714       1889.6652                                                          1380.2911                                                       15.559881                 22.750926                        390.09601                                   72.339133                               8.6281809
              2       949.70527     0.022110407      0.11871217       67.842428       3.0505221      0.96911869     0.056534981      0.04774207        1.002881       1.4174591        1.611784   2.1126371e-09      0.04774207        491.9726       5.7934714        5.7934714       1887.8236                                                          1380.2911                                                       15.559881                 22.611093                        390.07256                                   70.785109                               8.5038359
              1       950.01901     0.022110407      0.11871217       67.842428       3.0505221      0.96911869     0.056534981      0.04774207        1.004781       1.4174591        1.611784   2.1126371e-09      0.04774207       492.60008       5.7934714        5.7934714       1888.4511                                                          1380.2911                                                       15.559881                 22.361007                        390.12876                                   71.619222                               8.4910861
              1       949.68231     0.022059322      0.11849212       67.853025       3.0556365      0.96872293     0.059033111      0.04274541       1.0042949        1.437674       1.5915646   2.1234698e-09      0.04274541       491.96781       5.7934714        5.7934714       1887.7777                                                            1380.92                                                       14.889838                 22.587925                        390.38322                                   70.527208                               8.4694543
              4       949.34012     0.022059322      0.11849212       67.853025       3.0556365      0.96872293     0.059033111      0.04274541       1.0043069       1.2867252       1.9976067   2.1234698e-09      0.04274541        491.9687       5.7934714        5.7934714       1887.0933                                                          1380.2348                                                       14.889838                 22.586312                        390.38322                                   70.530714                               8.4684482
              2       950.59528     0.022059322      0.11849212       67.853025       3.0556365      0.96872293     0.059033111      0.04274541       1.0061335       1.2867252       1.9976067   2.1234698e-09      0.04274541       494.47902       5.7934714        5.7934714       1889.6036                                                          1380.2348                                                       14.889838                 22.346082                        390.40446                                   73.283012                               8.4454637
              1       949.55753     0.022059796      0.11849639       67.850112       3.0555645      0.96874159     0.059004166     0.042746565       1.0034947       1.2852973        1.997272   2.1233169e-09     0.042746565       492.35558       5.7934714        5.7934714       1887.5281                                                           1380.238                                                       14.934578                 22.689903                        390.38067                                   70.724292                               8.5607202
              1       950.03959     0.022059796      0.11849639       67.850112       3.0555645      0.96874159     0.059004166     0.042746565       1.0028448       1.2852973        1.997272   2.1233169e-09     0.042746565        493.3197       5.7934714        5.7934714       1888.4922                                                           1380.238                                                       14.934578                 22.779523                        390.36771                                   71.500249                               8.6722168
              1       950.10983     0.022084222      0.11860904       67.776082       3.0542151      0.96733078     0.058675673     0.043556255       1.0024236       1.2880222       1.7217032   2.1204536e-09     0.043556255       492.41718       5.7934714        5.7934714       1888.6327                                                          1379.9613                                                       16.254229                 23.050486                        390.29918                                   70.419089                               8.6484238
              1       949.94917     0.022084222      0.11860904       67.776082       3.0542151      0.96733078     0.058675673     0.043556255       1.0026037       1.2880222       1.7217032   2.1204536e-09     0.043556255       492.09586       5.7934714        5.7934714       1888.3114                                                          1379.9613                                                       16.254229                 23.024481                        390.29918                                   70.158317                               8.6138831
              1       949.49107     0.022084222      0.11860904       67.776082       3.0542151      0.96733078     0.058675673     0.043556255        1.003493       1.2880222       1.7217032   2.1204536e-09     0.043556255       491.17966       5.7934714        5.7934714       1887.3952                                                          1379.9613                                                       16.254229                 22.897836                        390.29209                                   69.508925                               8.4808049
              1       950.13557     0.022084222      0.11860904       67.776082       3.0542151      0.96733078     0.058675673     0.043556255       1.0037143       1.4392612       1.3953229   2.1204536e-09     0.043556255       491.12761       5.7934714        5.7934714       1888.6842                                                          1381.3024                                                       16.254229                 22.866685                        390.29209                                   69.511517                               8.4573181
              1       950.81475     0.022084222      0.11860904       67.776082       3.0542151      0.96733078     0.058675673     0.043556255       1.0051408       1.4392612       1.3953229   2.1204536e-09     0.043556255       492.48597       5.7934714        5.7934714       1890.0426                                                          1381.3024                                                       16.254229                  22.66914                        390.33276                                   71.086691                               8.3973771
              2       951.27368     0.022074754       0.1189019       67.703372        3.053219      0.96654263     0.057672317     0.046446571       1.0055029       1.4784225       1.4076721   2.1183425e-09     0.046446571       492.92225       5.7934714        5.7934714       1890.9604                                                          1380.5741                                                       17.464098                 22.784228                          390.171                                   71.524668                               8.4423563
              1       951.23823     0.022074754       0.1189019       67.703372        3.053219      0.96654263     0.057672317     0.046446571       1.0054709       1.4784225       1.4076721   2.1183425e-09     0.046446571       492.85135       5.7934714        5.7934714       1890.8895                                                          1380.5741                                                       17.464098                 22.788676                          390.171                                   71.449976                               8.4417015
              1        951.2008       0.0220542      0.11861704       67.762017       3.0557058      0.96573028     0.058948626     0.048028509       1.0057866       1.5321446       1.3517063   2.1236169e-09     0.048028509       492.26611       5.7934714        5.7934714       1890.8146                                                           1382.469                                                       16.079544                 22.973421                        390.39655                                   70.499068                               8.3970642
              1       949.85629       0.0220542      0.11861704       67.762017       3.0557058      0.96573028     0.058948626     0.048028509       1.0045912       1.5457187       1.5174545   2.1236169e-09     0.048028509       490.93825       5.7934714        5.7934714       1888.1256                                                          1381.1078                                                       16.079544                 23.146194                        390.38442                                   69.003097                               8.4045463
              1       950.47313       0.0220542      0.11861704       67.762017       3.0557058      0.96573028     0.058948626     0.048028509       1.0057371       1.5457187       1.5174545   2.1236169e-09     0.048028509       492.17194       5.7934714        5.7934714       1889.3593                                                          1381.1078                                                       16.079544                 22.980481                        390.39655                                   70.399713                               8.3951903
              1       951.62186     0.021977803      0.11846245       67.810965       3.0552262      0.96524278     0.058353336     0.043245305       1.0063353       1.6411198       1.3719339   2.1225986e-09     0.043245305        492.0666       5.7934714        5.7934714       1891.6568                                                          1384.8885                                                       14.701651                 23.037704                        390.29878                                   70.327651                               8.4024653
              1       952.68977     0.022072814      0.11863243       67.643047       3.0563968      0.96237246     0.057723905     0.051840637       1.0075979       1.6400901       1.2099713   2.1250848e-09     0.051840637       491.47337       5.7934714        5.7934714       1893.7926                                                          1384.2569                                                       18.062296                 23.603054                         390.1598                                   69.383108                               8.3274092
              1       952.17135     0.022072814      0.11863243       67.643047       3.0563968      0.96237246     0.057723905     0.051840637       1.0077731       1.3642002       2.4110224   2.1250848e-09     0.051840637       491.83633       5.7934714        5.7934714       1892.7558                                                          1382.8571                                                       18.062296                 23.575953                         390.1598                                   69.765045                               8.3355302
              1       951.43566     0.022072814      0.11863243       67.643047       3.0563968      0.96237246     0.057723905     0.051840637       1.0068007       1.3642002       2.4110224   2.1250848e-09     0.051840637       490.36493       5.7934714        5.7934714       1891.2844                                                          1382.8571                                                       18.062296                 23.727692                        390.16488                                   68.152327                               8.3200324
              1       951.35979     0.022072814      0.11863243       67.643047       3.0563968      0.96237246     0.057723905     0.051840637       1.0067983       1.3704426       2.3887092   2.1250848e-09     0.051840637       490.36297       5.7934714        5.7934714       1891.1326                                                          1382.7074                                                       18.062296                 23.728061                        390.16488                                   68.149944                               8.3200823
              2       951.26371     0.022086806      0.11893433       67.647253       3.0535822      0.96277059     0.056201742     0.052961941       1.0061447       1.3765875       2.4663302   2.1191119e-09     0.052961941       490.13475       5.7934714        5.7934714       1890.9405                                                          1382.3967                                                       18.409058                 23.686009                        390.06104                                   68.012705                               8.3749983
              1       950.77983     0.022086806      0.11893433       67.647253       3.0535822      0.96277059     0.056201742     0.052961941       1.0061259       1.3571451       2.4578068   2.1191119e-09     0.052961941       490.12423       5.7934714        5.7934714       1889.9727                                                          1381.4394                                                       18.409058                 23.688951                        390.06104                                   67.998796                               8.3754389
              1       954.07171     0.021906083       0.1185973       67.715085       3.0606974      0.96436094     0.059404841     0.042334608       1.0069815       1.6949403       1.6471412   2.1342435e-09     0.042334608       492.26924       5.7934714        5.7934714       1896.5565                                                            1388.84                                                       15.447225                 23.381085                        390.52094                                   69.845989                               8.5212173
              1       954.06127     0.021910867      0.11872195       67.724757       3.0593885      0.96391143     0.059063407     0.041466269       1.0063703       1.7252715       1.6578717    2.131452e-09     0.041466269       492.09572       5.7934714        5.7934714       1896.5356                                                          1388.9649                                                       15.474977                 23.506469                        390.41593                                   69.636248                               8.5370786
              1       953.82383     0.021944879      0.11889444       67.695297       3.0587734      0.96402256     0.059086297      0.04457874       1.0056351       1.6980497       1.7541791   2.1301414e-09      0.04457874       491.94086       5.7934714        5.7934714       1896.0607                                                          1387.8277                                                       16.292203                 23.532862                        390.41349                                   69.408943                               8.5855637
              1       952.44299     0.022073086      0.11913607       67.583726       3.0565745      0.96219126     0.057113793     0.043101052       1.0063991       1.6394558       1.5520568   2.1254625e-09     0.043101052        490.5567       5.7934714        5.7934714        1893.299                                                          1382.9142                                                       19.828138                 23.876022                        390.07071                                   68.018198                               8.5917679
              1       951.08477     0.022073086      0.11913607       67.583726       3.0565745      0.96219126     0.057113793     0.043101052       1.0058495       1.2371602       1.7726446   2.1254625e-09     0.043101052       490.62508       5.7934714        5.7934714       1890.5826                                                          1380.1294                                                       19.828138                 23.964555                        390.06796                                   67.889707                               8.7028562
              2       950.83878      0.02207405      0.11913752       67.598324       3.0565186      0.96230941     0.057058676     0.042821092       1.0061579       1.2355381       1.7821024   2.1253437e-09     0.042821092       490.52776       5.7934714        5.7934714       1890.0906                                                          1379.9835                                                       19.579328                 23.892936                        390.07334                                   67.924381                                8.637106
              1       951.09916      0.02207405      0.11913752       67.598324       3.0565186      0.96230941     0.057058676     0.042821092       1.0053514       1.2355381       1.7821024   2.1253437e-09     0.042821092       491.04851       5.7934714        5.7934714       1890.6114                                                          1379.9835                                                       19.579328                 24.023418                        390.06081                                   68.142489                               8.8217975
              1       951.72757     0.022110362      0.11913699       67.589636       3.0539732      0.96275345     0.056029837     0.043504699        1.007111       1.2119224        1.737232   2.1199407e-09     0.043504699       491.42826       5.7934714        5.7934714       1891.8682                                                          1380.2624                                                       20.177554                 23.566198                        390.00635                                   69.447812                               8.4078946
              1       952.23091     0.022110362      0.11913699       67.589636       3.0539732      0.96275345     0.056029837     0.043504699       1.0075923       1.2119224        1.737232   2.1199407e-09     0.043504699       492.43493       5.7934714        5.7934714       1892.8749                                                          1380.2624                                                       20.177554                 23.492362                        389.99641                                   70.563134                               8.3830272
              1       952.09894     0.022110362      0.11913699       67.589636       3.0539732      0.96275345     0.056029837     0.043504699       1.0077018       1.4809682        1.405437   2.1199407e-09     0.043504699       492.71094       5.7934714        5.7934714       1892.6109                                                          1379.7224                                                       20.177554                 23.475673                        389.99641                                   70.859018                               8.3798429
              1       951.52029     0.022110362      0.11913699       67.589636       3.0539732      0.96275345     0.056029837     0.043504699       1.0071778       1.4809682        1.405437   2.1199407e-09     0.043504699       491.55364       5.7934714        5.7934714       1891.4536                                                          1379.7224                                                       20.177554                 23.555907                        390.00985                                   69.584498                               8.4033839
              1       951.72136     0.022110362      0.11913699       67.589636       3.0539732      0.96275345     0.056029837     0.043504699       1.0073152         1.44862       1.8963516   2.1199407e-09     0.043504699       491.82392       5.7934714        5.7934714       1891.8558                                                          1379.8543                                                       20.177554                 23.534774                        390.00985                                   69.884115                               8.3951775
              1       951.07674     0.022110362      0.11913699       67.589636       3.0539732      0.96275345     0.056029837     0.043504699        1.005319         1.44862       1.8963516   2.1199407e-09     0.043504699       490.53469       5.7934714        5.7934714       1890.5665                                                          1379.8543                                                       20.177554                 23.847619                        390.05806                                   67.971671                               8.6573409
              1       950.75999     0.022130727      0.11939185       67.570841       3.0484274      0.96371446     0.053826032     0.046489639       1.0040724       1.4792855        1.491887   2.1082166e-09     0.046489639       490.70452       5.7934714        5.7934714        1889.933                                                          1378.2332                                                       20.995359                 23.630901                        390.08016                                   68.394783                               8.5986729
              1       950.64768     0.022130727      0.11939185       67.570841       3.0484274      0.96371446     0.053826032     0.046489639       1.0053946       1.4726194       1.5560572   2.1082166e-09     0.046489639       490.80402       5.7934714        5.7934714       1889.7084                                                           1377.909                                                       20.995359                 23.427998                        390.07233                                    68.84691                               8.4567844
              2       950.69246     0.022130727      0.11939185       67.570841       3.0484274      0.96371446     0.053826032     0.046489639       1.0052858       1.1559549        2.006548   2.1082166e-09     0.046489639       490.70239       5.7934714        5.7934714        1889.798                                                          1378.1002                                                       20.995359                 23.444484                        390.07233                                   68.722242                               8.4633412
              1       950.95087     0.022130727      0.11939185       67.570841       3.0484274      0.96371446     0.053826032     0.046489639       1.0057285       1.1559549        2.006548   2.1082166e-09     0.046489639       491.21921       5.7934714        5.7934714       1890.3148                                                          1378.1002                                                       20.995359                 23.377652                        390.07233                                   69.326866                                 8.44237
              1       950.93418     0.022130727      0.11939185       67.570841       3.0484274      0.96371446     0.053826032     0.046489639       1.0057057       1.1559549        2.006548   2.1082166e-09     0.046489639       491.18584       5.7934714        5.7934714       1890.2814                                                          1378.1002                                                       20.995359                 23.381086                        390.07233                                   69.289342                               8.4430825
              1       951.60564     0.021935369      0.11927204       67.768364       3.0518494      0.96574235     0.055430323     0.030769208       1.0054732       1.2133855       2.1782119    2.115443e-09     0.030769208       493.25037       5.7934714        5.7934714       1891.6243                                                          1382.6233                                                       15.750664                  23.06945                        390.08798                                   71.421941                               8.6709998
              1        951.4245     0.021935369      0.11927204       67.768364       3.0518494      0.96574235     0.055430323     0.030769208       1.0049352       1.2080559       2.2621027    2.115443e-09     0.030769208       493.32537       5.7934714        5.7934714       1891.2621                                                           1382.186                                                       15.750664                 23.147607                        390.08977                                   71.340841                               8.7471545
              1       951.23416     0.021963672      0.11929997       67.752408       3.0529153      0.96461251     0.056001456     0.031668126        1.003962       1.2175552       2.2437656   2.1176993e-09     0.031668126       493.44268       5.7934714        5.7934714       1890.8814                                                          1381.1898                                                       16.248891                 23.555968                        390.08397                                   70.854764                                8.947977
              1       950.74551     0.021963672      0.11929997       67.752408       3.0529153      0.96461251     0.056001456     0.031668126       1.0058536       1.2175552       2.2437656   2.1176993e-09     0.031668126       492.46539       5.7934714        5.7934714       1889.9041                                                          1381.1898                                                       16.248891                 23.269667                        390.02738                                   70.559104                               8.6092438
              2       950.64171     0.021963672      0.11929997       67.752408       3.0529153      0.96461251     0.056001456     0.031668126       1.0055383       1.2175552       2.2437656   2.1176993e-09     0.031668126       492.25779       5.7934714        5.7934714       1889.6965                                                          1381.1898                                                       16.248891                 23.316652                        390.01615                                   70.278542                               8.6464469
              1       950.88656     0.021963672      0.11929997       67.752408       3.0529153      0.96461251     0.056001456     0.031668126       1.0044219       1.2175552       2.2437656   2.1176993e-09     0.031668126       492.74748       5.7934714        5.7934714       1890.1862                                                          1381.1898                                                       16.248891                 23.485368                        390.07763                                    70.34446                               8.8400191
              1       951.75904     0.021963672      0.11929997       67.752408       3.0529153      0.96461251     0.056001456     0.031668126        1.003418       1.2235261       2.2526012   2.1176993e-09     0.031668126       494.62931       5.7934714        5.7934714       1891.9311                                                          1381.0529                                                       16.248891                  23.64039                        390.06699                                   71.824836                               9.0970885
              1       952.26927     0.021963672      0.11929997       67.752408       3.0529153      0.96461251     0.056001456     0.031668126       1.0035668       1.4721167       2.0887347   2.1176993e-09     0.031668126        494.2634       5.7934714        5.7934714       1892.9516                                                          1382.4393                                                       16.248891                 23.617204                        390.07221                                   71.519989                               9.0539997
              1       951.03895     0.021987822      0.11937956       67.548297       3.0484353      0.96269214     0.054143403     0.032762552       1.0050963       1.5209398       1.7916607   2.1082332e-09     0.032762552       491.18986       5.7934714        5.7934714       1890.4909                                                           1379.345                                                       19.956068                  23.63514                        390.05868                                   68.942895                               8.5531494
              1       950.85262     0.021987822      0.11937956       67.548297       3.0484353      0.96269214     0.054143403     0.032762552       1.0050236       1.2397137       2.6600389   2.1082332e-09     0.032762552       491.16854       5.7934714        5.7934714       1890.1183                                                          1378.9937                                                       19.956068                 23.646489                        390.05868                                   68.900883                               8.5624916
              1       952.07547     0.021959319      0.11957817       67.475753       3.0477303       0.9623873     0.053567448     0.035933242       1.0049119       1.2738456       2.6872832   2.1067474e-09     0.035933242       491.46647       5.7934714        5.7934714        1892.564                                                          1379.9821                                                       21.115459                 23.716133                        390.08323                                   69.039585                               8.6275198
              2       952.08957     0.021959319      0.11957817       67.475753       3.0477303       0.9623873     0.053567448     0.035933242       1.0049163       1.2920822       2.6557167   2.1067474e-09     0.035933242       491.46682       5.7934714        5.7934714       1892.5922                                                          1380.0099                                                       21.115459                 23.715442                        390.08323                                   69.041251                               8.6268976
              1       952.64417     0.022064128      0.11959363        67.39084        3.042017      0.96278557     0.051426095     0.042093971       1.0045185       1.2400003        2.537039   2.0947452e-09     0.042093971       491.42236       5.7934714        5.7934714       1893.7014                                                          1378.0535                                                       24.225555                 23.495671                        390.51171                                   68.961191                               8.4537859
              1       954.51895      0.02204041      0.11974561       67.416041       3.0373779      0.96196973     0.049683234     0.052587012       1.0033869        1.401093       2.5417005   2.0850499e-09     0.052587012       491.89032       5.7934714        5.7934714        1897.451                                                          1382.3733                                                       23.187396                 23.694834                        391.07758                                   68.565615                               8.5522839
              1       957.42058      0.02204041      0.11974561       67.416041       3.0373779      0.96196973     0.049683234     0.052587012       1.0052238       1.1353534       2.3874221   2.0850499e-09     0.052587012       495.40355       5.7934714        5.7934714       1903.2542                                                          1384.6633                                                       23.187396                 23.412302                        391.07424                                   72.063784                               8.8532224
              1       951.55503     0.021940919      0.11885393       67.589912       3.0472797      0.96389899     0.054151371     0.051914462       1.0049059       1.0880921       2.4576973   2.1057982e-09     0.051914462       491.15729       5.7934714        5.7934714       1891.5231                                                          1382.6727                                                       17.693108                 23.343647                        390.04162                                    69.32747                               8.4445569
              1        952.4297     0.021940919      0.11885393       67.589912       3.0472797      0.96389899     0.054151371     0.051914462       1.0050941       1.6536052       1.6349805   2.1057982e-09     0.051914462       491.14669       5.7934714        5.7934714       1893.2725                                                          1384.4327                                                       17.693108                 23.315453                        390.01565                                   69.358487                                8.457097
              1       952.84354     0.021940405      0.11884597       67.591409       3.0473542       0.9638703     0.054191129     0.051794306       1.0038697       1.6545673       1.6320608   2.1059552e-09     0.051794306       491.95322       5.7934714        5.7934714       1894.1001                                                          1384.4886                                                       17.658323                  23.50878                        390.02772                                   69.993795                               8.4229275
              2        952.4861     0.021940405      0.11884597       67.591409       3.0473542       0.9638703     0.054191129     0.051794306       1.0052854       1.6545673       1.6320608   2.1059552e-09     0.051794306       491.23834       5.7934714        5.7934714       1893.3853                                                          1384.4886                                                       17.658323                 23.294718                         390.0658                                   69.408295                               8.4695258
              1       952.46807     0.021940405      0.11884597       67.591409       3.0473542       0.9638703     0.054191129     0.051794306       1.0052982       1.6575246        1.663085   2.1059552e-09     0.051794306       491.24441       5.7934714        5.7934714       1893.3492                                                          1384.4465                                                       17.658323                 23.292813                         390.0658                                   69.415148                                 8.47065
              1        952.8411     0.021962971      0.11885149       67.598348        3.048268      0.96300218     0.054603891     0.053264439       1.0039062       1.6725257       1.6552561   2.1078803e-09     0.053264439       491.49919       5.7934714        5.7934714       1894.0953                                                          1384.8341                                                          17.762                 23.727898                        390.04365                                   69.323945                                  8.4037
              1       954.20635     0.021951043      0.11894801        67.58523       3.0482331      0.96345005     0.054737723     0.058383108       1.0033031       1.6795564       1.7686203   2.1078068e-09     0.058383108       492.40953       5.7934714        5.7934714       1896.8258                                                            1386.59                                                       17.826255                 23.692142                        390.02372                                   70.251273                               8.4423927
              1       956.94563     0.021951043      0.11894801        67.58523       3.0482331      0.96345005     0.054737723     0.058383108       1.0034318       1.7970238       1.8660771   2.1078068e-09     0.058383108       492.17004       5.7934714        5.7934714       1902.3043                                                           1392.308                                                       17.826255                 23.671947                        390.02139                                   70.036853                               8.4398466
              1       956.50491     0.021951043      0.11894801        67.58523       3.0482331      0.96345005     0.054737723     0.058383108       1.0041571       1.7970238       1.8660771   2.1078068e-09     0.058383108       491.28858       5.7934714        5.7934714       1901.4229                                                           1392.308                                                       17.826255                 23.559108                        390.03605                                   69.243893                               8.4495326
              1       957.46949     0.021951043      0.11894801        67.58523       3.0482331      0.96345005     0.054737723     0.058383108       1.0029281       1.7970238       1.8660771   2.1078068e-09     0.058383108       493.21775       5.7934714        5.7934714        1903.352                                                           1392.308                                                       17.826255                  23.75128                        390.00609                                   71.003214                               8.4571687
              1       956.39033     0.021951043      0.11894801        67.58523       3.0482331      0.96345005     0.054737723     0.058383108       1.0028209       0.9384877       3.6498079   2.1078068e-09     0.058383108       493.49097       5.7934714        5.7934714       1901.1937                                                          1389.8765                                                       17.826255                 23.768277                        390.00609                                   71.253186                               8.4634137
              1       952.38152     0.021951043      0.11894801        67.58523       3.0482331      0.96345005     0.054737723     0.058383108       1.0028127       1.3577616       2.5973547   2.1078068e-09     0.058383108       493.51244       5.7934714        5.7934714       1893.1761                                                          1381.8374                                                       17.826255                 23.769573                        390.00609                                   71.272847                               8.4639258
              1       951.17524     0.021951043      0.11894801        67.58523       3.0482331      0.96345005     0.054737723     0.058383108       1.0047103       1.3577616       2.5973547   2.1078068e-09     0.058383108       491.09988       5.7934714        5.7934714       1890.7635                                                          1381.8374                                                       17.826255                 23.474203                        390.03002                                   69.111412                               8.4842466
              2       951.54702     0.021951043      0.11894801        67.58523       3.0482331      0.96345005     0.054737723     0.058383108       1.0056992       1.3577616       2.5973547   2.1078068e-09     0.058383108       491.84344       5.7934714        5.7934714       1891.5071                                                          1381.8374                                                       17.826255                 23.324773                        390.02772                                   69.886112                               8.6048294
              1       951.85289     0.021951043      0.11894801        67.58523       3.0482331      0.96345005     0.054737723     0.058383108       1.0032364        1.141542       2.9073231   2.1078068e-09     0.058383108       492.54565       5.7934714        5.7934714       1892.1188                                                          1381.7469                                                       17.826255                 23.702636                        390.02755                                   70.371243                               8.4442207
              1       957.18023     0.021951043      0.11894801        67.58523       3.0482331      0.96345005     0.054737723     0.058383108       1.0005359        1.141542       2.9073231   2.1078068e-09     0.058383108       503.20033       5.7934714        5.7934714       1902.7735                                                          1381.7469                                                       17.826255                 24.138353                        389.95575                                   80.294737                               8.8114967
              2       955.78664     0.022180849      0.11920919       67.457915       3.0394418      0.95988172     0.049435597     0.073009836        1.001279       1.1991975       2.4949791   2.0893577e-09     0.073009836       500.04439       5.7934714        5.7934714       1899.9863                                                          1376.9007                                                       23.041235                 24.838874                        390.97612                                   75.846071                               8.3833211
              1       953.21256     0.022165548      0.11844871       67.704592       3.0432054      0.96328586     0.051582461     0.069166542       1.0021054       1.0930966       2.5701721    2.097236e-09     0.069166542       498.15966       5.7934714        5.7934714       1894.8382                                                          1379.1724                                                       17.506094                 24.002849                        390.49167                                   75.346247                               8.3189012
              1       950.47906     0.022165548      0.11844871       67.704592       3.0432054      0.96328586     0.051582461     0.069166542       1.0035953       1.0930966       2.5701721    2.097236e-09     0.069166542       492.69266       5.7934714        5.7934714       1889.3712                                                          1379.1724                                                       17.506094                 23.764037                        390.51973                                   70.020741                               8.3881541
              1       950.44803     0.022149463      0.11826401       67.844127        3.052148       0.9632835      0.05459388     0.071134724       1.0062423       1.0588298       2.7668246    2.116075e-09     0.071134724        490.2168       5.7934714        5.7934714       1889.3091                                                          1383.9835                                                       15.108859                 23.732976                        390.01512                                   68.069088                               8.3996176
              1        949.6021     0.022149463      0.11826401       67.844127        3.052148       0.9632835      0.05459388     0.071134724       1.0079492       1.0748324       2.6441704    2.116075e-09     0.071134724       489.77478       5.7934714        5.7934714       1887.6172                                                          1382.7336                                                       15.108859                 23.468808                        390.00778                                   67.589643                               8.7085459
              2       948.95134     0.022094509      0.11801159       67.883775       3.0550121      0.96314298      0.05597433     0.067795928       1.0070482       1.2974198       2.3353646   2.1221443e-09     0.067795928       490.16122       5.7934714        5.7934714       1886.3157                                                           1382.113                                                       14.041503                 23.718167                        389.98819                                   68.063164                               8.3916958
              1       948.78699     0.022094509      0.11801159       67.883775       3.0550121      0.96314298      0.05597433     0.067795928       1.0083843       1.2974198       2.3353646   2.1221443e-09     0.067795928       489.83252       5.7934714        5.7934714        1885.987                                                           1382.113                                                       14.041503                 23.510961                        389.98052                                    67.71678                               8.6242507
              2        948.7133     0.022094509      0.11801159       67.883775       3.0550121      0.96314298      0.05597433     0.067795928       1.0080233       1.2974198       2.3353646   2.1221443e-09     0.067795928       489.68515       5.7934714        5.7934714       1885.8397                                                           1382.113                                                       14.041503                 23.566406                        389.99309                                   67.577664                               8.5479922
              1       949.43382      0.02207352      0.11782054       67.970984       3.0551087      0.96297554     0.055146301     0.056399421       1.0092191       1.3074855       2.1413691   2.1223493e-09     0.056399421       489.66463       5.7934714        5.7934714       1887.2807                                                          1384.6078                                                       13.008265                 23.563313                        390.00159                                   67.640123                               8.4596039
              1       949.16827     0.022292998      0.11803076         67.9127       3.0504738      0.95849529     0.053401051     0.074290508       1.0083596       1.4062835       1.9509613    2.112535e-09     0.074290508        492.4498       5.7934714        5.7934714       1886.7496                                                          1379.0534                                                       15.246385                  24.61737                        390.01833                                   68.878769                               8.9353306
              2       949.83142     0.022292998      0.11803076         67.9127       3.0504738      0.95849529     0.053401051     0.074290508       1.0087845       1.4178636       1.5981143    2.112535e-09     0.074290508       492.80121       5.7934714        5.7934714       1888.0759                                                          1380.0283                                                       15.246385                 24.544246                        390.01196                                   69.168015                               9.0769926
              1       951.25549     0.022292998      0.11803076         67.9127       3.0504738      0.95849529     0.053401051     0.074290508       1.0057861       1.4178636       1.5981143    2.112535e-09     0.074290508       495.64935       5.7934714        5.7934714        1890.924                                                          1380.0283                                                       15.246385                 25.072559                        389.96597                                   72.240427                                8.370397
              1       951.02157     0.022292998      0.11803076         67.9127       3.0504738      0.95849529     0.053401051     0.074290508       1.0059446       1.4178636       1.5981143    2.112535e-09     0.074290508       495.18152       5.7934714        5.7934714       1890.4562                                                          1380.0283                                                       15.246385                 25.043949                        389.96959                                   71.777449                               8.3905295
              1       949.60931     0.022292998      0.11803076         67.9127       3.0504738      0.95849529     0.053401051     0.074290508       1.0080719       1.4178636       1.5981143    2.112535e-09     0.074290508         492.357       5.7934714        5.7934714       1887.6317                                                          1380.0283                                                       15.246385                 24.667244                        390.02479                                   68.817837                               8.8471302
              1       949.64858     0.022292998      0.11803076         67.9127       3.0504738      0.95849529     0.053401051     0.074290508       1.0076313       1.4178636       1.5981143    2.112535e-09     0.074290508       492.43553       5.7934714        5.7934714       1887.7102                                                          1380.0283                                                       15.246385                 24.744134                        390.03072                                    68.93646                               8.7242232
              1       949.73559     0.022292998      0.11803076         67.9127       3.0504738      0.95849529     0.053401051     0.074290508       1.0085934       1.4178636       1.5981143    2.112535e-09     0.074290508       492.60956       5.7934714        5.7934714       1887.8842                                                          1380.0283                                                       15.246385                 24.577064                        390.01235                                   69.008557                               9.0115914
              1        950.2717     0.022292998      0.11803076         67.9127       3.0504738      0.95849529     0.053401051     0.074290508       1.0088256       1.3855819       1.5583821    2.112535e-09     0.074290508       492.87469       5.7934714        5.7934714       1888.9565                                                          1380.8354                                                       15.246385                 24.537202                         390.0375                                   69.208567                               9.0914156
              2       948.91618     0.022186917      0.11826952       68.183264       3.0487173      0.96234103     0.052398232     0.054664439       1.0076149       1.3481452       1.8388577   2.1088277e-09     0.054664439       490.15841       5.7934714        5.7934714       1886.2454                                                          1384.0352                                                       12.051804                 23.821702                        390.32898                                   67.283799                               8.7239308
              1       947.16335     0.022093145      0.11797039       68.124157       3.0528685      0.96467974     0.055498222     0.050053235       1.0074971       1.2487011       1.9790374   2.1176002e-09     0.050053235       489.62899       5.7934714        5.7934714       1882.7398                                                          1381.1764                                                       11.934343                 23.253947                        389.98345                                   67.835127                                8.556466
              1       947.47895     0.022093145      0.11797039       68.124157       3.0528685      0.96467974     0.055498222     0.050053235       1.0081826       1.2487011       1.9790374   2.1176002e-09     0.050053235       490.26018       5.7934714        5.7934714        1883.371                                                          1381.1764                                                       11.934343                 23.153109                        390.02025                                   68.379215                               8.7076056
              2       947.03746     0.022093145      0.11797039       68.124157       3.0528685      0.96467974     0.055498222     0.050053235       1.0072068       1.3560484       1.8335387   2.1176002e-09     0.050053235       489.56746       5.7934714        5.7934714        1882.488                                                          1380.9862                                                       11.934343                 23.297075                        389.97579                                   67.791371                               8.5032217
              1        946.8166     0.022093145      0.11797039       68.124157       3.0528685      0.96467974     0.055498222     0.050053235       1.0072319       1.2827634       2.0885546   2.1176002e-09     0.050053235       489.56745       5.7934714        5.7934714       1882.0463                                                          1380.5445                                                       11.934343                  23.29333                        389.97579                                   67.790753                               8.5075795
              1       947.29043     0.022093145      0.11797039       68.124157       3.0528685      0.96467974     0.055498222     0.050053235       1.0083467       1.2827634       2.0885546   2.1176002e-09     0.050053235       490.51511       5.7934714        5.7934714       1882.9939                                                          1380.5445                                                       11.934343                 23.129183                        390.03582                                   68.601038                                8.749075
              1       947.16731     0.022093145      0.11797039       68.124157       3.0528685      0.96467974     0.055498222     0.050053235       1.0077765       1.3925948       1.9356942   2.1176002e-09     0.050053235       489.81126       5.7934714        5.7934714       1882.7477                                                          1381.0021                                                       11.934343                 23.212671                        390.00256                                   67.982265                               8.6137638
              1       949.81681     0.022093145      0.11797039       68.124157       3.0528685      0.96467974     0.055498222     0.050053235       1.0081606        1.666976       1.3766862   2.1176002e-09     0.050053235       490.23097       5.7934714        5.7934714       1888.0467                                                          1385.8814                                                       11.934343                  23.15632                        390.02025                                   68.352194                               8.7022078
              1       950.35272      0.02218191      0.11793477       68.040852       3.0518753      0.96450845      0.05496293     0.055536872       1.0085645       1.5973316       1.3023549   2.1154979e-09     0.055536872       490.87376       5.7934714        5.7934714       1889.1185                                                          1385.1295                                                       13.115247                 23.117382                        390.05774                                   68.899797                               8.7988504
              1       949.23791      0.02218191      0.11793477       68.040852       3.0518753      0.96450845      0.05496293     0.055536872       1.0085465       1.4774708       1.5424519   2.1154979e-09     0.055536872        490.8379       5.7934714        5.7934714       1886.8889                                                          1382.9357                                                       13.115247                  23.11999                        390.05774                                   68.866364                                 8.79381
              2       948.77892     0.022154085      0.11801114       67.993536       3.0507133      0.96502482     0.054738265      0.05857601       1.0078585       1.4897196        1.594684   2.1130411e-09      0.05857601       490.52846       5.7934714        5.7934714       1885.9709                                                          1382.0325                                                       13.409916                 23.032026                          390.063                                   68.617143                               8.8162893
              1       948.33098     0.022154085      0.11801114       67.993536       3.0507133      0.96502482     0.054738265      0.05857601        1.006193       1.4897196        1.594684   2.1130411e-09      0.05857601       489.63259       5.7934714        5.7934714        1885.075                                                          1382.0325                                                       13.409916                 23.275172                        390.02988                                   67.874522                               8.4530173
              1       948.51026     0.022154085      0.11801114       67.993536       3.0507133      0.96502482     0.054738265      0.05857601       1.0082608        1.221913       2.0872993   2.1130411e-09      0.05857601       491.32207       5.7934714        5.7934714       1885.4336                                                          1380.7016                                                       13.409916                 22.974666                        390.06805                                   69.343663                               8.9356977
              1        948.0165     0.022154085      0.11801114       67.993536       3.0507133      0.96502482     0.054738265      0.05857601       1.0071122       1.1851084       1.9776653   2.1130411e-09      0.05857601       489.64038       5.7934714        5.7934714       1884.4461                                                          1381.3958                                                       13.409916                 23.139926                         390.0414                                   67.831721                               8.6273283
              1       948.03283     0.022229848      0.11758551       68.201769       3.0462457      0.96346616     0.052695504     0.073351904       1.0072137       1.3665366       1.7591123   2.1036219e-09     0.073351904         490.817       5.7934714        5.7934714       1884.4787                                                          1382.0238                                                       11.637878                 23.451726                        390.30058                                   67.234981                               9.8297183
              1       948.28042     0.022175492      0.11760467       68.204619       3.0460718      0.96469732     0.052583102     0.072080174       1.0069425       1.3601876       1.8290185   2.1032562e-09     0.072080174       490.62792       5.7934714        5.7934714       1884.9739                                                          1382.9463                                                       11.399696                 23.214835                        390.33361                                   67.384244                               9.6952352
              2       948.02806     0.022175492      0.11760467       68.204619       3.0460718      0.96469732     0.052583102     0.072080174       1.0069856        1.190657       2.3737776   2.1032562e-09     0.072080174        490.6342       5.7934714        5.7934714       1884.4692                                                          1382.4353                                                       11.399696                 23.208497                        390.33361                                   67.376796                               9.7152974
              1       948.37145     0.022175492      0.11760467       68.204619       3.0460718      0.96469732     0.052583102     0.072080174       1.0078308        1.190657       2.3737776   2.1032562e-09     0.072080174       491.32097       5.7934714        5.7934714        1885.156                                                          1382.4353                                                       11.399696                 23.085262                        390.37196                                   67.726711                               10.137043
              1       948.11417     0.022175492      0.11760467       68.204619       3.0460718      0.96469732     0.052583102     0.072080174       1.0073523        1.190657       2.3737776   2.1032562e-09     0.072080174       490.80642       5.7934714        5.7934714       1884.6414                                                          1382.4353                                                       11.399696                 23.154774                        390.34713                                   67.412845                               9.8916694
              1       948.24025     0.022175492      0.11760467       68.204619       3.0460718      0.96469732     0.052583102     0.072080174       1.0075743       1.2145269       2.4028419   2.1032562e-09     0.072080174       490.99388       5.7934714        5.7934714       1884.8936                                                             1382.5                                                       11.399696                 23.122439                        390.34713                                   67.520952                               10.003362
              3       947.37031     0.022138409       0.1173097       68.250582       3.0487496      0.96504651     0.054448485     0.072668993       1.0075973       1.2227924       2.4364391   2.1088959e-09     0.072668993       490.87919       5.7934714        5.7934714       1883.1537                                                          1381.3638                                                       10.910678                 23.062283                        390.09059                                   67.617397                               10.108928
              1       947.24386     0.022138409       0.1173097       68.250582       3.0487496      0.96504651     0.054448485     0.072668993       1.0063654       1.2227924       2.4364391   2.1088959e-09     0.072668993       490.62628       5.7934714        5.7934714       1882.9008                                                          1381.3638                                                       10.910678                 23.242189                        390.04883                                   67.820705                               9.5145557
              1       947.33076     0.022138312      0.11730993        68.25062       3.0487476      0.96504816     0.054448076     0.072655618       1.0066561       1.2227925       2.4365471   2.1088917e-09     0.072655618       490.59694       5.7934714        5.7934714       1883.0746                                                          1381.5673                                                       10.910347                 23.198871                        390.05107                                   67.696826                               9.6501662
              1       947.39663     0.022138312      0.11730993        68.25062       3.0487476      0.96504816     0.054448076     0.072655618       1.0072978       1.2227925       2.4365471   2.1088917e-09     0.072655618       490.72867       5.7934714        5.7934714       1883.2063                                                          1381.5673                                                       10.910347                 23.105119                        390.07238                                   67.590902                               9.9602751
              1       947.51284     0.022138312      0.11730993        68.25062       3.0487476      0.96504816     0.054448076     0.072655618       1.0063464       1.2745425       2.4149775   2.1088917e-09     0.072655618       490.74847       5.7934714        5.7934714       1883.4387                                                          1381.7799                                                       10.910347                 23.244536                        390.04883                                   67.943444                               9.5116624
              1       947.13126     0.022156267      0.11722462       68.287879       3.0497619      0.96513282     0.055556105     0.074454209       1.0059875       1.2638363       2.4843506   2.1110318e-09     0.074454209       490.48475       5.7934714        5.7934714       1882.6756                                                          1381.4256                                                       10.765227                 23.247545                        389.98495                                   67.610925                               9.6413216
              1       947.10087     0.022156267      0.11722462       68.287879       3.0497619      0.96513282     0.055556105     0.074454209        1.006151       1.2638363       2.4843506   2.1110318e-09     0.074454209       490.42397       5.7934714        5.7934714       1882.6148                                                          1381.4256                                                       10.765227                 23.223363                        389.98471                                   67.498596                               9.7173017
              1       946.85229     0.022156267      0.11722462       68.287879       3.0497619      0.96513282     0.055556105     0.074454209       1.0060754       1.2601197        2.267083   2.1110318e-09     0.074454209        490.4475       5.7934714        5.7934714       1882.1176                                                          1380.9049                                                       10.765227                  23.23453                        389.98495                                   67.546085                               9.6819358
              1       946.86244     0.022156267      0.11722462       68.287879       3.0497619      0.96513282     0.055556105     0.074454209       1.0065683       1.2601197        2.267083   2.1110318e-09     0.074454209       490.46781       5.7934714        5.7934714       1882.1379                                                          1380.9049                                                       10.765227                 23.161993                        390.01246                                   67.372999                               9.9203512
              1       946.93929     0.022156267      0.11722462       68.287879       3.0497619      0.96513282     0.055556105     0.074454209       1.0068568       1.2601197        2.267083   2.1110318e-09     0.074454209       490.62151       5.7934714        5.7934714       1882.2916                                                          1380.9049                                                       10.765227                  23.11987                        390.01216                                    67.42107                               10.068414
              1       947.17108     0.022156267      0.11722462       68.287879       3.0497619      0.96513282     0.055556105     0.074454209       1.0072877       1.2601197        2.267083   2.1110318e-09     0.074454209       491.08508       5.7934714        5.7934714       1882.7552                                                          1380.9049                                                       10.765227                 23.057486                        390.02878                                   67.697557                               10.301253
              1       947.20642     0.022156267      0.11722462       68.287879       3.0497619      0.96513282     0.055556105     0.074454209       1.0052928       1.2601197        2.267083   2.1110318e-09     0.074454209       491.15577       5.7934714        5.7934714       1882.8259                                                          1380.9049                                                       10.765227                 23.350994                        389.97796                                   68.485528                               9.3412901
              1       949.87514     0.022135384      0.11714567       68.301682       3.0510875      0.96522995     0.055880752      0.07118275       1.0058763        1.662021       1.4964247    2.113832e-09      0.07118275       491.15034       5.7934714        5.7934714       1888.1633                                                          1386.3571                                                       10.655942                 23.316294                        389.99648                                   68.600779                               9.2367906
              1       949.62663     0.022197862      0.11726465        68.35861       3.0500639      0.96469291      0.05572673     0.069592795       1.0045948       1.1533447       2.0798604   2.1116693e-09     0.069592795        492.0525       5.7934714        5.7934714       1887.6663                                                          1384.9797                                                       10.634095                 23.573697                        389.97303                                   69.498607                               9.0071574
              1       949.65526     0.022139916      0.11728688       68.328255       3.0505769      0.96514682     0.056298795      0.06571313       1.0043326       1.1557211       2.1157405    2.112753e-09      0.06571313       492.16013       5.7934714        5.7934714       1887.7236                                                          1384.9346                                                       10.628867                  23.47256                        389.96709                                   69.856829                               8.8636502
              1         948.672     0.022134899      0.11727921       68.333443       3.0504423      0.96502668     0.056232504     0.065326818       1.0063475       1.1674771       2.1010524   2.1124686e-09     0.065326818        490.2954       5.7934714        5.7934714       1885.7571                                                          1384.8614                                                       10.600223                 23.195865                        389.99108                                   67.471145                               9.6373103
              1       948.76728     0.022134899      0.11727921       68.333443       3.0504423      0.96502668     0.056232504     0.065326818       1.0053724       1.1674771       2.1010524   2.1124686e-09     0.065326818       490.48596       5.7934714        5.7934714       1885.9476                                                          1384.8614                                                       10.600223                 23.340723                        389.97568                                   67.942014                                9.227546
              1       949.55282     0.022158852      0.11719065        68.30572       3.0478385      0.96572392     0.054722727     0.062928275       1.0075589       1.1257963       1.9639355   2.1069753e-09     0.062928275       491.56714       5.7934714        5.7934714       1887.5187                                                          1385.1976                                                       10.753936                 22.861594                        390.11898                                     68.4281                               10.158473
              1       948.95377     0.022158852      0.11719065        68.30572       3.0478385      0.96572392     0.054722727     0.062928275       1.0063688       1.1257963       1.9639355   2.1069753e-09     0.062928275       490.36904       5.7934714        5.7934714       1886.3206                                                          1385.1976                                                       10.753936                 23.029867                        390.11707                                   67.650771                               9.5713319
              1       948.95272     0.022158852      0.11719065        68.30572       3.0478385      0.96572392     0.054722727     0.062928275        1.006356       1.1257963       1.9639355   2.1069753e-09     0.062928275       490.36694       5.7934714        5.7934714       1886.3185                                                          1385.1976                                                       10.753936                 23.031711                        390.11707                                   67.652592                               9.5655718
              1       949.02615     0.022172856      0.11718673       68.282233        3.048048      0.96525897     0.054851336     0.063859201       1.0058833       1.1266753       1.9368331   2.1074168e-09     0.063859201       490.33117       5.7934714        5.7934714       1886.4654                                                          1385.2424                                                       10.891817                  23.19722                        390.00556                                   67.790874                               9.3375198
              1       948.88339     0.022172856      0.11718673       68.282233        3.048048      0.96525897     0.054851336     0.063859201        1.005841       1.1471499       1.9025408   2.1074168e-09     0.063859201       490.35362       5.7934714        5.7934714       1886.1798                                                          1384.9344                                                       10.891817                 23.203447                        390.00556                                   67.824258                               9.3203572
              2       946.39815     0.022172856      0.11718673       68.282233        3.048048      0.96525897     0.054851336     0.063859201       1.0056219       1.1919766       2.3661487   2.1074168e-09     0.063859201       490.50443       5.7934714        5.7934714       1881.2094                                                          1379.8131                                                       10.891817                 23.235763                        389.99974                                   68.035258                               9.2336741
              1       947.35003     0.022152725      0.11721164       68.442626       3.0497655       0.9664478     0.056022721     0.058392624       1.0047605       1.1721607       2.5718073   2.1110394e-09     0.058392624       490.91782       5.7934714        5.7934714       1883.1131                                                          1381.8288                                                       10.366519                 23.129159                        390.04378                                   68.733022                               9.0118581
              1        947.7597     0.022152725      0.11721164       68.442626       3.0497655       0.9664478     0.056022721     0.058392624        1.007355       1.1721607       2.5718073   2.1110394e-09     0.058392624       491.73715       5.7934714        5.7934714       1883.9325                                                          1381.8288                                                       10.366519                 22.761412                        390.03482                                   68.797088                               10.143826
              1       948.17488     0.022152725      0.11721164       68.442626       3.0497655       0.9664478     0.056022721     0.058392624       1.0039521       1.1721607       2.5718073   2.1110394e-09     0.058392624       492.56752       5.7934714        5.7934714       1884.7628                                                          1381.8288                                                       10.366519                 23.248186                        390.00716                                   70.547983                               8.7641848
              1       949.47151     0.022152725      0.11721164       68.442626       3.0497655       0.9664478     0.056022721     0.058392624       1.0031528       1.1721607       2.5718073   2.1110394e-09     0.058392624       495.16078       5.7934714        5.7934714       1887.3561                                                          1381.8288                                                       10.366519                 23.367477                        390.01428                                   73.209984                                8.569039
              3       949.14199     0.022152725      0.11721164       68.442626       3.0497655       0.9664478     0.056022721     0.058392624       1.0031673       1.2848801       2.3388258   2.1110394e-09     0.058392624       495.10572       5.7934714        5.7934714        1886.697                                                          1381.2248                                                       10.366519                 23.365298                        390.01428                                   73.154016                               8.5721345
              1       946.72094     0.022152725      0.11721164       68.442626       3.0497655       0.9664478     0.056022721     0.058392624       1.0053887       1.2848801       2.3388258   2.1110394e-09     0.058392624       490.26363       5.7934714        5.7934714       1881.8549                                                          1381.2248                                                       10.366519                 23.038113                        390.05827                                   67.928287                               9.2389549
              1       947.08531     0.022152725      0.11721164       68.442626       3.0497655       0.9664478     0.056022721     0.058392624       1.0047034       1.2848801       2.3388258   2.1110394e-09     0.058392624       490.99237       5.7934714        5.7934714       1882.5837                                                          1381.2248                                                       10.366519                 23.137508                        390.02975                                   68.832403                                8.992707
              2       948.54175     0.022152725      0.11721164       68.442626       3.0497655       0.9664478     0.056022721     0.058392624       1.0067847       1.3590214       2.4919592   2.1110394e-09     0.058392624       490.75544       5.7934714        5.7934714       1885.4966                                                          1384.3746                                                       10.366519                 22.840618                        390.04397                                   68.019564                               9.8512863
              1       948.33294     0.022152725      0.11721164       68.442626       3.0497655       0.9664478     0.056022721     0.058392624       1.0063623       1.3590214       2.4919592   2.1110394e-09     0.058392624       490.33781       5.7934714        5.7934714       1885.0789                                                          1384.3746                                                       10.366519                 22.899809                        390.06791                                   67.719675                               9.6504137
              1       948.23923      0.02218784      0.11705155       68.359772       3.0497368      0.96644748     0.055638158     0.057989317        1.005754       1.2972559       2.3383173   2.1109788e-09     0.057989317       490.33713       5.7934714        5.7934714       1884.8915                                                           1383.933                                                       10.621423                  23.03204                        390.06146                                   68.234628                               9.0090046
              1       948.50424     0.022159455      0.11694619       68.361842       3.0519892       0.9668531     0.056871971     0.059609949       1.0058344       1.2873616       2.4079603   2.1157388e-09     0.059609949       490.37939       5.7934714        5.7934714       1885.4215                                                          1384.5168                                                       10.525304                 22.972513                        390.06298                                   68.380832                               8.9630598
              2        948.4871     0.022159455      0.11694619       68.361842       3.0519892       0.9668531     0.056871971     0.059609949       1.0071962       1.2873616       2.4079603   2.1157388e-09     0.059609949       490.34513       5.7934714        5.7934714       1885.3873                                                          1384.5168                                                       10.525304                 22.781596                        390.04362                                   68.033761                               9.4861493
              1       948.34591     0.022159455      0.11694619       68.361842       3.0519892       0.9668531     0.056871971     0.059609949       1.0067533       1.2873616       2.4079603   2.1157388e-09     0.059609949       490.06275       5.7934714        5.7934714       1885.1049                                                          1384.5168                                                       10.525304                 22.843177                        390.04209                                   67.876934                               9.3005474
              2       947.30203     0.022160419      0.11703849       68.256263       3.0516322      0.96539111      0.05706877     0.062510799       1.0064884       1.3305833       2.3469313   2.1149836e-09     0.062510799       490.27397       5.7934714        5.7934714       1883.0171                                                          1381.7968                                                       10.946292                 23.109023                        390.09239                                    67.74965                               9.3229011
              1        947.2821     0.022160419      0.11703849       68.256263       3.0516322      0.96539111      0.05706877     0.062510799       1.0064187       1.3305833       2.3469313   2.1149836e-09     0.062510799       490.23411       5.7934714        5.7934714       1882.9773                                                          1381.7968                                                       10.946292                 23.119169                        390.08384                                   67.736354                               9.2947468
              1       947.78343     0.022143102      0.11702602       68.261535       3.0511211      0.96606514     0.056650229     0.060980385       1.0066377       1.3182705       2.3449852    2.113903e-09     0.060980385       490.32683       5.7934714        5.7934714       1883.9799                                                          1382.7804                                                       10.872729                 22.955561                        390.02391                                   68.029706                               9.3176458
              1       948.12942     0.022143102      0.11702602       68.261535       3.0511211      0.96606514     0.056650229     0.060980385       1.0073451       1.3182705       2.3449852    2.113903e-09     0.060980385        491.0188       5.7934714        5.7934714       1884.6719                                                          1382.7804                                                       10.872729                 22.856019                        390.02819                                   68.510983                               9.6236097
              1       948.41158     0.022143102      0.11702602       68.261535       3.0511211      0.96606514     0.056650229     0.060980385       1.0073609       1.4423922       2.0878012    2.113903e-09     0.060980385       491.04204       5.7934714        5.7934714       1885.2362                                                          1383.3214                                                       10.872729                 22.853818                        390.02819                                   68.529188                               9.6308485
              1       947.96149     0.022143102      0.11702602       68.261535       3.0511211      0.96606514     0.056650229     0.060980385       1.0074776       1.1390001       2.1715596    2.113903e-09     0.060980385         491.231       5.7934714        5.7934714        1884.336                                                          1382.2323                                                       10.872729                 22.837518                        390.03407                                   68.674317                               9.6851001
              1       948.04092     0.022143102      0.11702602       68.261535       3.0511211      0.96606514     0.056650229     0.060980385       1.0076542       1.2771747        2.361871    2.113903e-09     0.060980385       491.54416       5.7934714        5.7934714       1884.4949                                                           1382.078                                                       10.872729                 22.812904                        390.03407                                   68.928012                               9.7691755
              1       947.43464     0.022143102      0.11702602       68.261535       3.0511211      0.96606514     0.056650229     0.060980385       1.0059908       1.2771747        2.361871    2.113903e-09     0.060980385       490.33159       5.7934714        5.7934714       1883.2823                                                           1382.078                                                       10.872729                 23.047947                        390.04358                                   68.168946                               9.0711164
              1       947.43542     0.022143102      0.11702602       68.261535       3.0511211      0.96606514     0.056650229     0.060980385       1.0060099       1.2771747        2.361871    2.113903e-09     0.060980385       490.33315       5.7934714        5.7934714       1883.2839                                                           1382.078                                                       10.872729                 23.045196                        390.05315                                   68.156871                               9.0779387
              1       950.06717     0.022143102      0.11702602       68.261535       3.0511211      0.96606514     0.056650229     0.060980385       1.0090596       1.2771747        2.361871    2.113903e-09     0.060980385       495.59666       5.7934714        5.7934714       1888.5474                                                           1382.078                                                       10.872729                 22.620628                        390.05659                                   72.398023                               10.521419
              1       946.61923     0.022128465      0.11739549        68.17096       3.0465704      0.96555162     0.054891468     0.058569162       1.0065629       1.3244553       2.3312782   2.1043051e-09     0.058569162       491.29276       5.7934714        5.7934714       1881.6515                                                          1378.9055                                                       11.453234                 22.882361                        390.06281                                   68.616672                               9.7309225
              1       947.17191     0.022128465      0.11739549        68.17096       3.0465704      0.96555162     0.054891468     0.058569162       1.0034557       1.3244553       2.3312782   2.1043051e-09     0.058569162       492.39812       5.7934714        5.7934714       1882.7569                                                          1378.9055                                                       11.453234                 23.333279                        390.02318                                   70.415042                               8.6266226
              1       947.46128      0.02215128      0.11728107       68.197134       3.0470381       0.9653478     0.054779077     0.055398848        1.004057       1.3034873       2.2446854   2.1052895e-09     0.055398848       492.14248       5.7934714        5.7934714       1883.3356                                                          1379.8178                                                       11.375369                 23.357243                         390.0257                                   70.166524                               8.5930054
              1       947.65238      0.02215128      0.11728107       68.197134       3.0470381       0.9653478     0.054779077     0.055398848       1.0039012       1.3034873       2.2446854   2.1052895e-09     0.055398848       492.52468       5.7934714        5.7934714       1883.7178                                                          1379.8178                                                       11.375369                 23.380689                           390.01                                   70.575804                               8.5581869
              1       951.70781      0.02215128      0.11728107       68.197134       3.0470381       0.9653478     0.054779077     0.055398848        1.008464       1.1701138       1.7966328   2.1052895e-09     0.055398848       495.17335       5.7934714        5.7934714       1891.8287                                                            1385.28                                                       11.375369                 22.724451                        390.11702                                   71.984521                               10.347353
              2       950.36297     0.022193962      0.11746694       68.237316       3.0473723      0.96420277     0.055505558     0.055636225       1.0073672       1.1922187       1.8888554   2.1059933e-09     0.055636225       494.14436       5.7934714        5.7934714        1889.139                                                          1383.6296                                                       11.365079                 23.049695                        390.05308                                   70.885086                               10.156494
              1        948.5168     0.022193962      0.11746694       68.237316       3.0473723      0.96420277     0.055505558     0.055636225        1.003982       1.1922187       1.8888554   2.1059933e-09     0.055636225       490.45203       5.7934714        5.7934714       1885.4467                                                          1383.6296                                                       11.365079                 23.554811                        389.99456                                   68.133474                               8.7691835
