#                 weight             minuslogpost                 omegabh2                 omegach2                       H0                     logA                       ns                      tau               mnu_sample                 A_planck               TT_tSZ_Amp               TT_kSZ_Amp                       As                      mnu                chi2__CMB            minuslogprior         minuslogprior__0                     chi2 chi2__sbt_spt_audit.likelihoods.candl_cobaya.CandlCobayaLikelihood chi2__sbt_spt_audit.likelihoods.desi_dr2_bao.DESIDR2BAOGaussian chi2__planck_2018_lowl.TT chi2__planck_2018_lowl.EE_sroll2 chi2__planck_2018_highl_plik.TT_lite_native chi2__planckpr4lensing.PlanckPR4Lensing
                       1       1085.0294849299278     0.022640711924573457      0.11783163811831418       68.989524620625943        3.061774133868739      0.96063246979188455     0.065835412248090072     0.032584204556037819      0.98310279699228353       1.3625718546670125       1.5732264226754049   2.1365428688170572e-09     0.032584204556037819       728.77014346219028       5.7934714303969193       5.7934714303969193       2158.4720269990617                                                 1419.3908828776421                                              10.311000659229446        28.770035786350661               392.63202216738455                          287.89294410671886                      19.475141401736163
                       2       1085.8443948389724     0.022707245148401251      0.11757715296185511       68.999317425774976       3.0629387144014997      0.95976728288074031     0.066384274205868538     0.039834644955264904      0.98341739852211385       1.3630241006367587        1.496507812210512   2.1390324944528856e-09     0.039834644955264904       732.05116142436975       5.7934714303969193       5.7934714303969193        2160.101846817151                                                 1417.7315912750289                                               10.31909411775189        29.092415261585472               392.92678167714621                          291.21964564210936                      18.812318843528661
                       4       1081.3652534982798      0.02251617685320241       0.1183906321000729       68.683401387047795       3.0763940269928174      0.94875169957374816     0.065055117854760883     0.022745414357686143      0.99178105505826497       1.3679979526142136       1.5703863427578806   2.1680083477296057e-09     0.022745414357686143       740.17477850328373       5.7934714303969193       5.7934714303969193       2151.1435641357657                                                 1400.2548156110126                                              10.713970021469128        32.820332903041503               392.75414466639666                          289.95076769551594                      24.649533238329649
                       4        1058.545806965745      0.02251617685320241       0.1183906321000729       68.683401387047795       3.0763940269928174      0.94875169957374816     0.065055117854760883     0.022745414357686143      0.99359468701888909       1.3679979526142136       1.5703863427578806   2.1680083477296057e-09     0.022745414357686143       694.53588543821422       5.7934714303969193       5.7934714303969193       2105.5046710706961                                                 1400.2548156110126                                              10.713970021469128        32.317249658431081               392.76331764785454                          247.66129356696752                      21.794024564961074
                       2       1031.1136252203585      0.02251617685320241       0.1183906321000729       68.683401387047795       3.0763940269928174      0.94875169957374816     0.065055117854760883     0.022745414357686143      0.99611843400982758       1.3679979526142136       1.5703863427578806   2.1680083477296057e-09     0.022745414357686143       639.67152194744142       5.7934714303969193       5.7934714303969193        2050.640307579923                                                 1400.2548156110126                                              10.713970021469128        31.633608656349111               392.66872028131553                          197.07391645067256                       18.29527655910416
                       3       1031.1094719317871     0.022455969681071813       0.1183391924110911       68.779085470493811       3.0796783422762184      0.94780220463343312     0.065703847935658921    0.0059679876912372733      0.99748708580934575        1.369295017672381        1.570312242156777   2.1751404763490829e-09    0.0059679876912372733       639.69718814733267       5.7934714303969193       5.7934714303969193       2050.6320010027803                                                 1400.5483003001195                                              10.386512555328139        31.977530834661707               393.10017869922746                          195.33181170704174                      19.287666906401743
                       4       1028.8872140636249     0.022455969681071813       0.1183391924110911       68.779085470493811       3.0796783422762184      0.94780220463343312     0.065703847935658921    0.0059679876912372733      0.99748708580934575       1.3667776131492317       1.7743471020741102   2.1751404763490829e-09    0.0059679876912372733       639.69718814733267       5.7934714303969193       5.7934714303969193        2046.187485266456                                                 1396.1037845637952                                              10.386512555328139        31.977530834661707               393.10017869922746                          195.33181170704174                      19.287666906401743
                       1       1028.9836836284026     0.022455969681071813       0.1183391924110911       68.779085470493811       3.0796783422762184      0.94780220463343312     0.065703847935658921    0.0059679876912372733      0.99748708580934575       1.3579424882470983       1.7773134396796673   2.1751404763490829e-09    0.0059679876912372733       639.69718814733267       5.7934714303969193       5.7934714303969193       2046.3804243960112                                                 1396.2967236933507                                              10.386512555328139        31.977530834661707               393.10017869922746                          195.33181170704174                      19.287666906401743
                       1       1029.3185028625157     0.022203985228333077      0.11825883911732538       68.352520942431781        3.090202953688713      0.95090401794485557     0.071289572120972908      0.04472223431036941      0.99770026808601098       1.3582382994316031       2.0166942443005058   2.1981538757456474e-09      0.04472223431036941       633.80598688957514       5.7934714303969193       5.7934714303969193       2047.0500628642376                                                 1402.1548211220634                                              11.089254852598916        30.872295987427776               396.68250090699871                           186.2010332420495                      20.050156753099191
                       3       1028.2448314212959     0.022252652965063752      0.11629594883789665        68.46240260674719        3.089942498547873      0.95769763802960173     0.075423055792392502      0.10446933807719073       0.9955077011971265       1.3586406621177398       1.9967872798219592   2.1975814298198303e-09      0.10446933807719073       632.08705981761318       5.7934714303969193       5.7934714303969193       2044.9027199817979                                                 1402.5277955172198                                              10.287864646964522        28.498497284578548               399.11837467878121                          192.21633987935454                      12.253847974898907
                       1       1027.6499788926565     0.022252652965063752      0.11629594883789665        68.46240260674719        3.089942498547873      0.95769763802960173     0.075423055792392502      0.10446933807719073       0.9955682883816066       1.3586406621177398       1.9967872798219592   2.1975814298198303e-09      0.10446933807719073       630.89735476033491       5.7934714303969193       5.7934714303969193       2043.7130149245193                                                 1402.5277955172198                                              10.287864646964522        28.484487025152305               399.11837467878121                          191.08923673510714                      12.205256321294277
                       1       1027.0568787778607      0.02229460378111451       0.1162879501855794       68.195235654110178        3.085445526897491      0.96034074548383852      0.07385971619878394      0.14482103336441479      0.99443516036748114       1.3596090182675873       1.9189583656571576   2.1877211557338583e-09      0.14482103336441479       628.24044665704764       5.7934714303969193       5.7934714303969193       2042.5268146949277                                                 1403.3615326380257                                              10.924835399854368        27.470360103338635               397.77018206128167                          192.65650142144236                      10.343403070985028
                       1         1022.05443950955     0.022293832374075812      0.11695909904382353       68.413268149271474       3.0774311115622859       0.9661614534421723     0.073014352741502045      0.08777548602202348      0.98998432746135456       1.3593398290687093       1.7204111821258681   2.1702579220312865e-09      0.08777548602202348       622.45729745057656       5.7934714303969193       5.7934714303969193       2032.5219361583061                                                 1399.5421097013584                                              10.522529006371164        25.940067655524274               396.83838217309261                          186.31921038979399                      13.359637232165682
                       2       1021.4941905252857     0.022282379503556802      0.11679118407013779       68.579227660178702       3.0753917266246602      0.96675202708593322     0.072031379513601404     0.079870811669554412      0.99013939567795284       1.3594521201965779        1.746129321056769   2.1658364407978925e-09     0.079870811669554412       621.66729600431802       5.7934714303969193       5.7934714303969193       2031.4014381897775                                                  1399.453045298327                                              10.281096887132406        25.749054292651294               396.09497960326451                          186.99983835192876                      12.823423756473533
                       1       1021.1513981347775     0.022289965695394792      0.11685957044911578       68.650500851370651        3.074162982079073      0.96654374940935628     0.071400745014721781     0.070976968535638743      0.99005422872700088        1.359131686190173       1.7507835322822276   2.1631768154193454e-09     0.070976968535638743       621.16508633311128       5.7934714303969193       5.7934714303969193       2030.7158534087612                                                 1399.2427670765471                                               10.30799999910287        25.808982750430175               395.66478843316276                           186.5948595494493                       13.09645560006904
                       1       1015.5534842980987     0.022132830400643195      0.11745586020067691       68.608889044699225       3.0729373473293151      0.96203334674578733     0.064855710471064365     0.033697871781593579      0.99592106178362194       1.3672751257586353       1.5624958596996965    2.160527174821978e-09     0.033697871781593579        617.9730345771228       5.7934714303969193       5.7934714303969193       2019.5200257354036                                                 1391.2548330862621                                              10.292158072018841        26.669778316448685               392.30981059066681                          183.44497177146263                      15.548473898544628
                       1       1015.6155607855578     0.022134223176391552      0.11742936152897557       68.610101584371037        3.072983105098348      0.96194330104243508     0.064851120666559472     0.034871843480380658      0.99598580261382719       1.3672394116189199        1.567873972533449    2.160626037987295e-09     0.034871843480380658       618.05434570086072       5.7934714303969193       5.7934714303969193       2019.6441787103217                                                 1391.2955025306171                                              10.294330478843822        26.693910583677905                 392.310430811993                          183.63641971659885                      15.413584588591032
                       1       1011.0741666945885     0.022244187257389501      0.11783454058451445       68.254219781375681       3.0572908469243329      0.95952169416179633     0.058045075687801706     0.039600063739354319      0.99418183846231167        1.365148160476231       1.5370596985455447   2.1269855741227424e-09     0.039600063739354319       617.09907060255193       5.7934714303969193       5.7934714303969193       2010.5613905283831                                                 1381.6826874152512                                              11.779632510579987        27.081277688010516               390.07759782916867                          185.74289313713015                       14.19730194824262
                       2       1011.6297668460014     0.022313749458670058      0.11781871313175146       68.253749371822934       3.0566964974148743      0.96085247068727975     0.057895537305555071     0.049477163423198571      0.99374878194815708       1.3665228663403457       1.3867579294682817   2.1257217768959709e-09     0.049477163423198571       616.75807480099854       5.7934714303969193       5.7934714303969193       2011.6725908312089                                                 1382.8899551714437                                                12.0245608587667        26.738243878556261               389.97872682397804                          186.26919462255151                      13.771909475912697
                       2       1010.3724440530635     0.022313749458670058      0.11781871313175146       68.253749371822934       3.0566964974148743      0.96085247068727975     0.057895537305555071     0.049477163423198571      0.99374878194815708       1.2597470711606487       1.7544902412365087   2.1257217768959709e-09     0.049477163423198571       616.75807480099854       5.7934714303969193       5.7934714303969193       2009.1579452453332                                                 1380.3753095855679                                                12.0245608587667        26.738243878556261               389.97872682397804                          186.26919462255151                      13.771909475912697
                       1       1010.3415157432867     0.022318599623816882      0.11701581536641936       68.605696256661432         3.05370165231278      0.96458665827482359     0.058261237583732542      0.03455524367390423      0.99276615653424161       1.2611885694392426       1.6539832491630115    2.119365092837221e-09      0.03455524367390423       615.83400420848523       5.7934714303969193       5.7934714303969193       2009.0960886257794                                                 1382.9115461545578                                              10.350538262736537        25.684612097855734               390.06221619467328                            187.566952947522                      12.520222968434236
                       1        1010.946618465611     0.022249450354608506      0.11653313482846271       68.522651690532115       3.0558462587723816      0.96415337220251451     0.058671464888202775     0.062898868968413124      0.99424513506008372       1.2613943273710633       1.8074070763019792    2.123915174228599e-09     0.062898868968413124       616.83663717048205       5.7934714303969193       5.7934714303969193       2010.3062940704281                                                  1383.169341584218                                              10.300315315727886        25.702660897698479               390.15072416301058                          190.24343218193084                      10.739819927842206
                       5       1011.0067653884773     0.022216380295893821      0.11644239448162438       68.463185983707234       3.0554733912511693       0.9658148070663074     0.059395944128527209     0.067478986317319453         0.99342702650074       1.2613300042932634       1.8198573583895934    2.123123382868134e-09     0.067478986317319453       616.61454107854513       5.7934714303969193       5.7934714303969193       2010.4265879161608                                                 1383.4901510039563                                              10.321895833659333        25.253560940855209               390.27663494404021                          190.49336532522872                      10.590979868421014
                       1       1010.2447960767365     0.022202550460106427      0.11697126667948367       68.208928267249888       3.0520543242826523      0.96363243998703807     0.058494411646236984     0.080672415049557494      0.99196861715171814        1.255391018460311       2.1493257184321628   2.1158766773848665e-09     0.080672415049557494       616.93362325697819       5.7934714303969193       5.7934714303969193       2008.9026492926791                                                 1380.7806641146781                                              11.188361921023281        25.792350440555197                390.1249686871281                          190.63161589631483                      10.384688232979974
                       2       1010.0618854869865     0.022198775186061739      0.11693955325300831       68.264241880550415       3.0507062523169557      0.96375696661776644     0.057961893551266394     0.075311077838491627      0.99186698075173696       1.2552031203096186       2.1629867344509073   2.1130262450788272e-09     0.075311077838491627       616.85118229295574       5.7934714303969193       5.7934714303969193       2008.5368281131791                                                 1380.7693557207842                                              10.916290099439033        25.745357352654764               390.03292769724459                          190.72966738573041                      10.343229857326062
                       6        1007.937252579516     0.022198775186061739      0.11693955325300831       68.264241880550415       3.0507062523169557      0.96375696661776644     0.057961893551266394     0.075311077838491627      0.99208587707944973       1.2552031203096186       2.1629867344509073   2.1130262450788272e-09     0.075311077838491627       612.60191647801469       5.7934714303969193       5.7934714303969193       2004.2875622982381                                                 1380.7693557207842                                              10.916290099439033        25.703046023758532               390.04104611550468                          186.64141909549886                      10.216405243252584
                       2       1009.0136121561798     0.022198775186061739      0.11693955325300831       68.264241880550415       3.0507062523169557      0.96375696661776644     0.057961893551266394     0.075311077838491627      0.99208587707944973       1.4110734922556809       2.5258922022031136   2.1130262450788272e-09     0.075311077838491627       612.60191647801469       5.7934714303969193       5.7934714303969193       2006.4402814515656                                                 1382.9220748741118                                              10.916290099439033        25.703046023758532               390.04104611550468                          186.64141909549886                      10.216405243252584
                       2       1009.9494564073229     0.022111004933674211      0.11661326131571638        68.32959203291999       3.0401280157713129      0.96448292331687979     0.052835054477887132     0.075649539464683516      0.99239910215862348       1.4107863793782645       2.7020523740427067   2.0907919607235246e-09     0.075649539464683516       614.54118745248991       5.7934714303969193       5.7934714303969193        2008.311969953852                                                 1383.3544431597234                                              10.416339341638846        25.228132279387637               390.07572114802724                          190.30652126229913                      8.9308127627758331
                       1       1010.3597446653299     0.022166616579815307       0.1171330988284862       68.192514217818584       3.0379328266007062      0.96109351249101982     0.048996612214890892     0.066533079516861202      0.99452905653050738       1.4143366832020263       2.4769791187057848   2.0862073107813686e-09     0.066533079516861202       615.24667012399698       5.7934714303969193       5.7934714303969193       2009.1325464698659                                                 1382.5667730816406                                              11.319103264228252         26.02128782026989               391.18281249664938                          188.60392588122087                      9.4386439258568569
                       2       1009.4041350099615     0.021960030536808881      0.11790618037872956       68.340951120468873       3.0500532566932472      0.95680251332268174     0.051470925695120413    0.0017381164941372151      0.99813150814537344        1.416249380368847       2.5498388760909259   2.1116468985906332e-09    0.0017381164941372151       611.99115395692536       5.7934714303969193       5.7934714303969193        2007.221327159129                                                 1384.6303095839737                                              10.599863618229788        27.318269002997965               390.13424892100875                          181.45741175289319                      13.081224280025451
                      10       953.99069901930829     0.021960030536808881      0.11790618037872956       68.340951120468873       3.0500532566932472      0.95680251332268174     0.051470925695120413    0.0017381164941372151       1.0072955935831769        1.416249380368847       2.5498388760909259   2.1116468985906332e-09    0.0017381164941372151       501.16428197561902       5.7934714303969193       5.7934714303969193       1896.3944551778227                                                 1384.6303095839737                                              10.599863618229788        25.476081553717449               390.24703115254437                          77.060029594209723                      8.3811396751474927
                       6        950.9493768625905     0.021960030536808881      0.11790618037872956       68.340951120468873       3.0500532566932472      0.95680251332268174     0.051470925695120413    0.0017381164941372151       1.0134075998464953        1.416249380368847       2.5498388760909259   2.1116468985906332e-09    0.0017381164941372151       495.08163766218365       5.7934714303969193       5.7934714303969193       1890.3118108643871                                                 1384.6303095839737                                              10.599863618229788        24.389861311010634               390.39996571064199                          71.388348927289798                      8.9034617132411782
                       5       951.26972516596902     0.022116966245110888      0.11814393375164799       67.968726872928997       3.0471222451640765      0.96369225180275198     0.052124607926589288     0.051177199091761973       1.0099319715811765       1.4198746929756725        2.101656530068329   2.1054666987282701e-09     0.051177199091761973       493.61940975083542       5.7934714303969193       5.7934714303969193       1890.9525074711441                                                 1383.7289104679089                                               13.60418725239947        22.972762051523773               390.49882114452038                          71.021262976314262                      9.1265635784769952
                       1       950.04315313823179     0.022145322383209331       0.1183228233077871        67.96175688063353       3.0441990012286309      0.96540670931579264     0.052928867639449276     0.047661188938216824       1.0072019825030536       1.4164541751303792       2.1834196214642012   2.0993208931908196e-09     0.047661188938216824       493.64480887618225       5.7934714303969193       5.7934714303969193       1888.4993634156697                                                 1380.7875045377762                                              14.067050001711019        22.701230721185937               390.36373073980633                          71.522070361901044                      9.0577770532889286
                       9       948.50715891141635     0.022145322383209331       0.1183228233077871        67.96175688063353       3.0441990012286309      0.96540670931579264     0.052928867639449276     0.047661188938216824        1.005956518482271       1.4164541751303792       2.1834196214642012   2.0993208931908196e-09     0.047661188938216824       490.57282042255156       5.7934714303969193       5.7934714303969193       1885.4273749620388                                                 1380.7875045377762                                              14.067050001711019        22.873681900810311               390.32948663599387                          68.664954486020164                      8.7046973997272001
                       4       948.52326584736102     0.022145322383209331       0.1183228233077871        67.96175688063353       3.0441990012286309      0.96540670931579264     0.052928867639449276     0.047661188938216824        1.005956518482271       1.4295399634587658       2.1523154440655548   2.0993208931908196e-09     0.047661188938216824       490.57282042255156       5.7934714303969193       5.7934714303969193       1885.4595888339281                                                 1380.8197184096657                                              14.067050001711019        22.873681900810311               390.32948663599387                          68.664954486020164                      8.7046973997272001
                       5       949.22100615826048     0.022145322383209331       0.1183228233077871        67.96175688063353       3.0441990012286309      0.96540670931579264     0.052928867639449276     0.047661188938216824        1.005956518482271       1.4485416141753442       2.1900761766890717   2.0993208931908196e-09     0.047661188938216824       490.57282042255156       5.7934714303969193       5.7934714303969193       1886.8550694557271                                                 1382.2151990314646                                              14.067050001711019        22.873681900810311               390.32948663599387                          68.664954486020164                      8.7046973997272001
                       1       948.06882262241754      0.02216522684518718      0.11812827909050223       68.155830517679206        3.045021789524708      0.96607502355402963     0.054344600267998359     0.036106078021620705       1.0051641889395106       1.4471297581487934       2.2239394155357366   2.1010489006461169e-09     0.036106078021620705       490.26384637585204       5.7934714303969193       5.7934714303969193       1884.5507023840412                                                 1381.9838762275745                                              12.302979780614269        22.805560727193949               390.12775196388901                          68.678800335151337                      8.6517333496177802
                       5        948.8164757201406     0.022250003718159456      0.11726621510331352       68.376153932026597       3.0400797890306901      0.96579318762881317     0.051991005513150015     0.048810028265820059       1.0059862264158226       1.4479767141444739       2.1866376938925138    2.090691131073301e-09     0.048810028265820059       491.31936059628026       5.7934714303969193       5.7934714303969193       1886.0460085794873                                                 1383.8973175196898                                               10.82933046351731        22.781040192632247               390.62731098357017                          67.963856674040983                      9.9471527460368545
                       2       949.47408669210608     0.022208347724629124      0.11726602776520546       68.427723145087612       3.0329389038895518      0.96831299500383339     0.049670534137219467     0.038973330551299173       1.0045981087298383       1.4477255434125222       2.2126421362416826   2.0758149236990161e-09     0.038973330551299173       492.76396248404848       5.7934714303969193       5.7934714303969193       1887.3612305234183                                                 1384.0173076736139                                               10.57996036575582         22.25168042353755               391.62940136607983                          68.563405415585876                       10.31947527884523
                       1       951.22163235004518     0.022208347724629124      0.11726602776520546       68.427723145087612       3.0329389038895518      0.96831299500383339     0.049670534137219467     0.038973330551299173       1.0045981087298383      0.84795589166539798       3.1076365550058789   2.0758149236990161e-09     0.038973330551299173       492.76396248404848       5.7934714303969193       5.7934714303969193       1890.8563218392965                                                 1387.5123989894919                                               10.57996036575582         22.25168042353755               391.62940136607983                          68.563405415585876                       10.31947527884523
                       2       951.19529132610762     0.022258366669354844      0.11735356081632001       68.492925857853152       3.0331022034993853      0.96869433619975331     0.050026521265574379     0.031005268894897017       1.0040770855517915      0.84823682214643437       3.0098086617609332   2.0761539311452812e-09     0.031005268894897017       492.19061495126141       5.7934714303969193       5.7934714303969193       1890.8036397914213                                                 1388.0716619389716                                              10.541362901188135        22.228373424512711                391.4897908530819                          68.545350587767118                      9.9271000858996636
                       1       951.02589996222741     0.022247687551320925      0.11749606577437406       68.428953951047916       3.0343123156065976      0.96829044266285969     0.050278498603698263     0.030477584107566576       1.0043060218275959      0.84858075055427085        2.994136906746987   2.0786678308972865e-09     0.030477584107566576       491.90112425878402       5.7934714303969193       5.7934714303969193       1890.4648570636609                                                 1387.7913343775226                                              10.772398427354414        22.301266277650029               391.37679684049522                          68.591817795801234                       9.631243344837495
                       4       950.84516309596199     0.022250043685996323      0.11754373086401387       68.436551365565435       3.0346085342153395      0.96814391125997024      0.05031859425393248      0.02935263409121678       1.0043519286447795      0.84850260770392483       2.9956167481923286   2.0792836621960335e-09      0.02935263409121678       491.77473513939134       5.7934714303969193       5.7934714303969193       1890.1033833311301                                                 1387.5642756571474                                              10.764372534591192        22.334981084462243               391.34003096776837                          68.537896961897289                      9.5618261252634245
                       6       950.14956995264185     0.022250043685996323      0.11754373086401387       68.436551365565435       3.0346085342153395      0.96814391125997024      0.05031859425393248      0.02935263409121678       1.0043519286447795      0.96334700111658289       2.1624369782428596   2.0792836621960335e-09      0.02935263409121678       491.77473513939134       5.7934714303969193       5.7934714303969193       1888.7121970444898                                                 1386.1730893705071                                              10.764372534591192        22.334981084462243               391.34003096776837                          68.537896961897289                      9.5618261252634245
                       2       950.10707431944422     0.022246243565240235      0.11748782754576736       68.381989685955432       3.0356299196436187      0.96736560301767183     0.050780379365261467     0.034084875416049348       1.0045592331172459      0.96287536076111935       2.2003867565114432   2.0814084971828818e-09     0.034084875416049348        491.5995360675019       5.7934714303969193       5.7934714303969193       1888.6272057780945                                                   1386.07425570905                                              10.953414001542811        22.469964329064226               391.12813077926705                          68.399764006395387                      9.6016769527752146
                       2       949.84242843799211     0.022246243565240235      0.11748782754576736       68.381989685955432       3.0356299196436187      0.96736560301767183     0.050780379365261467     0.034084875416049348       1.0026168198740031      0.96287536076111935       2.2003867565114432   2.0814084971828818e-09     0.034084875416049348       491.07024430459734       5.7934714303969193       5.7934714303969193       1888.0979140151903                                                   1386.07425570905                                              10.953414001542811        22.730747403487385               391.08170412815701                          68.392508830412581                      8.8652839425403513
                       1       948.90386808770165     0.022253476736242405      0.11801885239113143       68.427269963043386       3.0390770264954532      0.96644217204257943     0.052199041266132548    0.0087364996060750912       1.0023242098022633      0.96230639351489478       2.1564812421885344   2.0885957151122038e-09    0.0087364996060750912       489.94313877962708       5.7934714303969193       5.7934714303969193       1886.2207933146094                                                 1385.1876563152057                                              11.089998219776502        23.001574432025564               390.53030733762984                          68.064714685214739                       8.346542324756987
                       3       949.10925518427621     0.022270474295043946      0.11715183333879113       68.769609693940041       3.0458433323327552      0.96834924704483571     0.056580580046324151    0.0081155639809943787       1.0024475265879829       0.9627544269965308        2.131080309183814   2.1027757114871882e-09    0.0081155639809943787       489.32545313139025       5.7934714303969193       5.7934714303969193       1886.6315675077585                                                 1386.9394997383667                                              10.366614638001364        22.739335576328813               390.02903270707702                          68.141349933033581                      8.4157349149508356
                       1       948.93033421475218     0.022270474295043946      0.11715183333879113       68.769609693940041       3.0458433323327552      0.96834924704483571     0.056580580046324151    0.0081155639809943787       1.0033630890559861       0.9627544269965308        2.131080309183814   2.1027757114871882e-09    0.0081155639809943787       488.96761119234236       5.7934714303969193       5.7934714303969193       1886.2737255687105                                                 1386.9394997383667                                              10.366614638001364        22.614344252985404               390.07073542352111                          67.683153448493385                      8.5993780673424371
                       1       949.17324885420453     0.022290406376391059      0.11709296643470836       68.829728873804683       3.0453929126768058      0.96862375691316016     0.056610961617927794      0.00644433195639596       1.0031155968409766      0.96252969995896265       2.1208296614782727   2.1018287932459847e-09      0.00644433195639596       488.96583825215509       5.7934714303969193       5.7934714303969193       1886.7595548476152                                                 1387.3359495510695                                              10.457767044390623        22.577218578044096               390.09366251633276                           67.64085619831053                      8.6541009594677138
                       2       949.45934279561845     0.022278295297513313      0.11735160821598177       68.667652292395488       3.0517322598140861      0.96362022484930587     0.056909613887690842     0.038386949613490019       1.0059057630424855      0.96036563100506722       2.3853758025174914   2.1151953384106397e-09     0.038386949613490019       489.54880044577197       5.7934714303969193       5.7934714303969193        1887.331742730443                                                 1387.5029349329602                                              10.280007351710834        23.621514747826041               390.03916899851009                          67.076484276079952                      8.8116324233558707
                       4       947.82351131754706     0.022278295297513313      0.11735160821598177       68.667652292395488       3.0517322598140861      0.96362022484930587     0.056909613887690842     0.038386949613490019       1.0059057630424855       1.4035561828862764       2.3513102073928844   2.1151953384106397e-09     0.038386949613490019       489.54880044577197       5.7934714303969193       5.7934714303969193       1884.0600797743002                                                 1384.2312719768174                                              10.280007351710834        23.621514747826041               390.03916899851009                          67.076484276079952                      8.8116324233558707
                       7       948.56991276452675     0.022278295297513313      0.11735160821598177       68.667652292395488       3.0517322598140861      0.96362022484930587     0.056909613887690842     0.038386949613490019       1.0059057630424855       1.3024015519415371       1.6215595341235369   2.1151953384106397e-09     0.038386949613490019       489.54880044577197       5.7934714303969193       5.7934714303969193       1885.5528826682596                                                 1385.7240748707768                                              10.280007351710834        23.621514747826041               390.03916899851009                          67.076484276079952                      8.8116324233558707
                      11       948.97576929492857     0.022329392295492183       0.1175094507059353       68.599170884597029       3.0533396182561976        0.965091441699932     0.057701390200049316     0.041418350008912988       1.0054930227090089       1.3048114110549118       1.3965881614102642   2.1185979493696915e-09     0.041418350008912988       489.10309827546911       5.7934714303969193       5.7934714303969193       1886.3645957290632                                                 1386.8882999582802                                              10.373197495314137        23.365245156844026               390.04878913973175                          67.120243202346586                      8.5688207765467101
                       2       949.95614540101769     0.022343450186363089      0.11724589495251336       68.762037249091165       3.0560774440006186      0.96624062506566133     0.059014624964837066      0.03370400950826534       1.0058585494653551       1.3068104018224289       1.2680397932004353    2.124406248805316e-09      0.03370400950826534       489.00784544817998       5.7934714303969193       5.7934714303969193       1888.3253479412415                                                 1389.0048517862015                                              10.312650706859827        23.172901777619188               390.22971512458724                          67.117029054486608                      8.4881994914869576
                      11       949.97043188941586     0.022344099635105939      0.11724416525305183       68.768467520261055       3.0561065961005029      0.96633923657867515     0.059075606218870189     0.032759677313846436       1.0058100670722312       1.3068655493324381       1.2610219036234263    2.124468180611193e-09     0.032759677313846436       488.99966032641032       5.7934714303969193       5.7934714303969193       1888.3539209180378                                                 1389.0362898498438                                               10.31797074178378        23.155549851840476               390.24719290497075                          67.121304022938759                      8.4756135466603215
                       1       950.02321655494961     0.022343727220304442      0.11726143363561828        68.81464876692948       3.0563261529412933      0.96639661843866342     0.059226640796894284     0.027146595952544032       1.0057555904677176        1.306812055956984       1.2564194520515346   2.1249346733422484e-09     0.027146595952544032       488.94378055096882       5.7934714303969193       5.7934714303969193       1888.4594902491053                                                 1389.1448290562839                                              10.370880641852565        23.157610453552593               390.24967465185608                          67.114480315095108                      8.4220151304649917
                       1       950.13329644460202     0.022343727220304442      0.11726143363561828        68.81464876692948       3.0563261529412933      0.96639661843866342     0.059226640796894284     0.027146595952544032       1.0050635196906101        1.306812055956984       1.2564194520515346   2.1249346733422484e-09     0.027146595952544032       489.16394033027331       5.7934714303969193       5.7934714303969193       1888.6796500284102                                                 1389.1448290562839                                              10.370880641852565        23.259954822746636               390.22893160694628                          67.349448267271953                      8.3256056333084594
                       4        950.2783961052121     0.022338084404433401      0.11733993305605266       68.800975778552171       3.0576959640784671      0.96561435530908779     0.059369463232208396     0.025489014858864217        1.005582446826593       1.3070652719008666       1.2551011305717963   2.1278474270293266e-09     0.025489014858864217       489.30615649679402       5.7934714303969193       5.7934714303969193       1888.9698493496303                                                 1389.3198386790334                                              10.343854173803058        23.430825902565914               390.26751607043599                          67.325261918829867                      8.2825526049622216
                       1       949.74072347196966     0.022329875706930367      0.11736855283223258        68.67857808805617        3.062100255376357      0.96286899935155279     0.062212614751424374     0.023005331305673803       1.0052381209969152       1.3036849268225947       1.4147685647145505   2.1372397550271404e-09     0.023005331305673803       491.23419519165816       5.7934714303969193       5.7934714303969193       1887.8945040831454                                                 1386.3468844277356                                              10.313424463751488        24.108208036663996               391.06623000204098                          67.844569480662557                      8.2151876722906376
                       1       948.06205013927502     0.022329875706930367      0.11736855283223258        68.67857808805617        3.062100255376357      0.96286899935155279     0.062212614751424374     0.023005331305673803       1.0052381209969152       1.4686139293624378       1.4333642356676655   2.1372397550271404e-09     0.023005331305673803       491.23419519165816       5.7934714303969193       5.7934714303969193       1884.5371574177561                                                 1382.9895377623466                                              10.313424463751488        24.108208036663996               391.06623000204098                          67.844569480662557                      8.2151876722906376
                       5       950.11096838426579      0.02233883641692733      0.11643332172582764       68.893779110974279        3.061987254036973      0.96029639952782675     0.061810674338154445     0.043672077254293763       1.0069727809514222       1.4661173472908278        1.708681360846189   2.1369982577172545e-09     0.043672077254293763       494.31624904133304       5.7934714303969193       5.7934714303969193       1888.6349939077377                                                 1383.4689120037617                                              10.849832862642707        24.667577647260202               390.91676800116255                          69.916306781070887                      8.8155966118394087
                       5       950.41047838467091      0.02233883641692733      0.11643332172582764       68.893779110974279        3.061987254036973      0.96029639952782675     0.061810674338154445     0.043672077254293763       1.0069727809514222       1.0490395344978614       2.8348312397928899   2.1369982577172545e-09     0.043672077254293763       494.31624904133304       5.7934714303969193       5.7934714303969193       1889.2340139085479                                                  1384.067932004572                                              10.849832862642707        24.667577647260202               390.91676800116255                          69.916306781070887                      8.8155966118394087
                       4       945.91726815561458       0.0221337910075898      0.11758939110811882       68.574588164360918       3.0450515124196955      0.96481425152675682     0.053937161144070996     0.016348962200307997       1.0047937209670657       1.0508273300229283       2.8407816182071288   2.1011113508300497e-09     0.016348962200307997       489.67254121906564       5.7934714303969193       5.7934714303969193       1880.2475934504353                                                 1380.2836182669332                                              10.291433964436461        23.287685219451816               390.15485084392037                          67.695997885492815                      8.5340072702006218
                       5       945.73663869958955     0.022157799526226974      0.11758192670326377        68.58605021582953       3.0474462146296553       0.9647180409618592     0.054814155584426115     0.016453581252476007       1.0051055051042548       1.0518009899459007       2.7591676699110432   2.1061489161522912e-09     0.016453581252476007       489.33654384510663       5.7934714303969193       5.7934714303969193       1879.8863345383852                                                 1380.2547461494473                                              10.295044543831246        23.348025817208622               390.01122830567556                          67.541457631314884                      8.4358320909075957
                       1       947.25517048918607     0.022221216567263499      0.11719277743210656       68.534892740409475       3.0406527339883196      0.96228582889267256     0.050550962009712534     0.035333981194202502       1.0064278064153178       1.0523213172556802       2.7669973582621026   2.0918893252316835e-09     0.035333981194202502       491.79947026469148       5.7934714303969193       5.7934714303969193       1882.9233981175782                                                 1380.7744483340402                                              10.349479518846481        23.716660246558661               390.94037112455175                          67.906148523376842                       9.236290370204248
                       2       947.15281545256221     0.022220740045570939      0.11722674739702192       68.532045175818553       3.0407610883165366      0.96208684958762514     0.050594970090334403     0.033404819642824476       1.0064146834823577       1.0521788132333438       2.7708098762733688    2.092116002774748e-09     0.033404819642824476       491.74747646629771       5.7934714303969193       5.7934714303969193       1882.7186880443305                                                 1380.6096155322232                                              10.361596045809543        23.763222803468125               390.90393248575748                          67.920497860961333                      9.1598233161107707
                       1       947.35046682660652     0.022245182220010221      0.11700031236802411       68.740707512386649       3.0367282001414404      0.96376382173712161     0.049934254558231327     0.022723085877442067       1.0051661789030781       1.0510425279135664       2.7907030421105969   2.0836957233213611e-09     0.022723085877442067       492.08948175104308       5.7934714303969193       5.7934714303969193       1883.1139907924191                                                  1380.646641771054                                              10.377867270322207        23.407928708139025               391.30324359552179                          67.860649827978634                      9.5176596194035969
                       1        947.5491573939446     0.022204945744866925      0.11663351805867324       68.738101324848472       3.0396386172075793      0.96376645936001371     0.051715475617505433     0.032603242961526072       1.0054764772475617       1.0503701559192418       2.8930124362488643    2.089768980483829e-09     0.032603242961526072       492.08119253597272       5.7934714303969193       5.7934714303969193       1883.5113719270953                                                 1380.9199617397151                                              10.510217651407467        23.413906784636424               390.60890863086775                          68.179557707363955                      9.8788194131045941
                       4       947.65783925300002     0.022204945744866925      0.11663351805867324       68.738101324848472       3.0396386172075793      0.96376645936001371     0.051715475617505433     0.032603242961526072       1.0052798039632296       1.0503701559192418       2.8930124362488643    2.089768980483829e-09     0.032603242961526072       492.29855625408373       5.7934714303969193       5.7934714303969193       1883.7287356452061                                                 1380.9199617397151                                              10.510217651407467        23.443730306196812               390.63202436248571                          68.441177755284684                      9.7816238301165122
                       2        948.7053719584776     0.022230807120217921      0.11639400237953941       68.665837798397945       3.0385073490772498       0.9636704248986816     0.051328251910654502     0.052318873985911368       1.0053224073807114       1.0500789499850351       2.9198271966173279   2.0874062281416501e-09     0.052318873985911368       493.69334601692447       5.7934714303969193       5.7934714303969193       1885.8238010561613                                                 1381.7343902316518                                              10.396064807585136        23.431185773211382               390.66721035985915                          68.861730560173996                      10.733219323679911
                       4       949.38437906679474     0.022230807120217921      0.11639400237953941       68.665837798397945       3.0385073490772498       0.9636704248986816     0.051328251910654502     0.052318873985911368       1.0053224073807114      0.96988020790543761       3.0061675308093938   2.0874062281416501e-09     0.052318873985911368       493.69334601692447       5.7934714303969193       5.7934714303969193       1887.1818152727956                                                 1383.0924044482861                                              10.396064807585136        23.431185773211382               390.66721035985915                          68.861730560173996                      10.733219323679911
                       2       951.17664939785459     0.022317537184840659      0.11745640938394654       68.409809205059886       3.0359934520074039      0.96093909216092366     0.047121397508881543     0.056709570634451159       1.0066676702431741      0.97248077533508337        2.792026169094787   2.0821652940856146e-09     0.056709570634451159        495.1744347589925       5.7934714303969193       5.7934714303969193       1890.7663559349153                                                 1384.7165167979558                                              10.875404377967087        24.005101846724699               392.54091279768977                          68.771333250628516                      9.8570868639495277
                       8       951.99504720971242     0.022317537184840659      0.11745640938394654       68.409809205059886       3.0359934520074039      0.96093909216092366     0.047121397508881543     0.056709570634451159       1.0057482500793287      0.97248077533508337        2.792026169094787   2.0821652940856146e-09     0.056709570634451159       496.81123038270806       5.7934714303969193       5.7934714303969193        1892.403151558631                                                 1384.7165167979558                                              10.875404377967087         24.15535375920507               392.51853851044831                          70.699948746827275                      9.4373893662274337
                       3       951.27641780960357     0.022271386590638008      0.11776176588118462       68.221314720601924       3.0435841085290933      0.95981039302277027     0.050973777407094752     0.072932119941680904       1.0054763574482763       0.9692478731109071       3.0047015758747868   2.0980304328875793e-09     0.072932119941680904       494.52679515604211       5.7934714303969193       5.7934714303969193       1890.9658927584132                                                 1384.6648554803085                                              11.774242122062535        24.539234747283672               390.59356942085986                          70.301019439232448                      9.0929715486661049
                       9       952.09912772114774     0.022271386590638008      0.11776176588118462       68.221314720601924       3.0435841085290933      0.95981039302277027     0.050973777407094752     0.072932119941680904       1.0054763574482763       1.2194740099018302       2.9688891489463711   2.0980304328875793e-09     0.072932119941680904       494.52679515604211       5.7934714303969193       5.7934714303969193       1892.6113125815016                                                 1386.3102753033968                                              11.774242122062535        24.539234747283672               390.59356942085986                          70.301019439232448                      9.0929715486661049
                       1       951.57259769004997     0.022271386590638008      0.11776176588118462       68.221314720601924       3.0435841085290933      0.95981039302277027     0.050973777407094752     0.072932119941680904       1.0059747921291791       1.2194740099018302       2.9688891489463711   2.0980304328875793e-09     0.072932119941680904       493.47373509384681       5.7934714303969193       5.7934714303969193       1891.5582525193061                                                 1386.3102753033968                                              11.774242122062535        24.454005241373466               390.58838474692004                          69.154322118604739                      9.2770229869485448
                       2       951.04643085997054     0.022157765422428387      0.11884692610769705       68.075393816393756       3.0411735597012166      0.95515080123014517     0.048573267377598248     0.017075312826809644       1.0064259281900432       1.2174795356978112       3.1027439181014427   2.0929791187524079e-09     0.017075312826809644       494.16192955981933       5.7934714303969193       5.7934714303969193       1890.5059188591472                                                 1382.6373155207928                                              13.706673778535125        25.561061420440524                391.2950230844238                            69.0284750436374                      8.2773700113176112
                       6        948.4917493374021     0.022157765422428387      0.11884692610769705       68.075393816393756       3.0411735597012166      0.95515080123014517     0.048573267377598248     0.017075312826809644       1.0064259281900432       1.2613896208772573       2.5566365981774739   2.0929791187524079e-09     0.017075312826809644       494.16192955981933       5.7934714303969193       5.7934714303969193       1885.3965558140103                                                 1377.5279524756561                                              13.706673778535125        25.561061420440524                391.2950230844238                            69.0284750436374                      8.2773700113176112
                       1       948.71698547094093      0.02217264370190768      0.11843878807712385       67.841356757047791       3.0388492761168129       0.9601837935410803     0.050553121117816735     0.042908151000154271       1.0034637260000132         1.26210526941095        2.420072882568884   2.0881200908111232e-09     0.042908151000154271       491.87493122035369       5.7934714303969193       5.7934714303969193        1885.847028081088                                                  1377.913438369163                                              16.058658491571425        24.269680459519066               390.70313926454816                          68.554739184731559                      8.3473723115549152
                       6       948.20395815729671      0.02217264370190768      0.11843878807712385       67.841356757047791       3.0388492761168129       0.9601837935410803     0.050553121117816735     0.042908151000154271       1.0044964331734643         1.26210526941095        2.420072882568884   2.0881200908111232e-09     0.042908151000154271       490.84887659306509       5.7934714303969193       5.7934714303969193       1884.8209734537995                                                  1377.913438369163                                              16.058658491571425        24.098302174299931               390.70631294441597                          67.552893866934966                      8.4913676074142312
                       5       948.28787658693818      0.02217264370190768      0.11843878807712385       67.841356757047791       3.0388492761168129       0.9601837935410803     0.050553121117816735     0.042908151000154271       1.0044964331734643       1.2540423392545923       2.4798546932870225   2.0881200908111232e-09     0.042908151000154271       490.84887659306509       5.7934714303969193       5.7934714303969193       1884.9888103130825                                                  1378.081275228446                                              16.058658491571425        24.098302174299931               390.70631294441597                          67.552893866934966                      8.4913676074142312
                       5       947.86512974187781     0.022236360398302315      0.11903232164901377       67.962224942174259       3.0367588600689559      0.96396072475870798     0.050862079024730035     0.012559172153510545       1.0019283138326533       1.2553752756003438       2.2012304025363805   2.0837596102605821e-09     0.012559172153510545       490.42759721997197       5.7934714303969193       5.7934714303969193       1884.1433166229617                                                  1377.671095425558                                              16.044623977431975        23.407867914366761               390.77458735648753                          67.886333642260794                      8.3588083068568473
                       1       947.85154255890882     0.022236360398302315      0.11903232164901377       67.962224942174259       3.0367588600689559      0.96396072475870798     0.050862079024730035     0.012559172153510545       1.0019283138326533       1.2577988609323341       2.1890754864043918   2.0837596102605821e-09     0.012559172153510545       490.42759721997197       5.7934714303969193       5.7934714303969193       1884.1161422570237                                                   1377.64392105962                                              16.044623977431975        23.407867914366761               390.77458735648753                          67.886333642260794                      8.3588083068568473
                       2        948.1979108925027     0.022146899273484351      0.11820969384651839       68.073010754713678       3.0326486313967225        0.964767436569965     0.049834180707963312     0.014758900309665906       1.0022040745011469       1.2572565314736996        2.362513298447896    2.075212459170132e-09     0.014758900309665906       490.94415468330374       5.7934714303969193       5.7934714303969193       1884.8088789242115                                                 1380.5361151890465                                              13.328609051861237        23.073174360999644               391.30898224759204                           68.05985504780854                      8.5021430269035161
                       1       946.08211763953693     0.022156913271730777       0.1176965585357598       68.361350583010974        3.033346350548372      0.96574876292318579     0.049084526432861438     0.014898547456349547       1.0038849008294877       1.2603205897648941       2.2636680031128038   2.0766608798833137e-09     0.014898547456349547       491.37856662900344       5.7934714303969193       5.7934714303969193         1880.57729241828                                                 1378.2445943552684                                              10.954131434008186        22.865546515388985               391.74789907775295                          67.897950754908621                      8.8671702809529283
                       5       946.35171240854504     0.022032650136374836      0.11756820698590585       68.240209462905881       3.0379790975034222      0.96736245409599508     0.052137293441736336     0.034407064838265514       1.0034970490774706       1.2584478439719886       2.5013474254476096   2.0863038437102072e-09     0.034407064838265514       491.57149421004596       5.7934714303969193       5.7934714303969193       1881.1164819562962                                                 1378.5981420704672                                               10.94684567578301        22.577421952987606               390.60700169895455                          69.351404651181994                      9.0356659069217784
                       5       947.22100949143589     0.022075198429734162      0.11777288988027507       68.208913158022767       3.0364121371152821      0.97109705188352524     0.052836734385915116     0.040056696111596346       1.0013067296669886        1.258813011672048        2.369145843811109   2.0830372482107548e-09     0.040056696111596346       492.76158546310086       5.7934714303969193       5.7934714303969193       1882.8550761220779                                                 1378.8015506872205                                              11.291939971756619         21.98339116863599                390.5324183989635                          71.241775879528888                      9.0040000159725189
                       3       947.35279497563363     0.022248547564514658      0.11733915173684265       68.193625582907686       3.0515715502711616      0.97003401475863871     0.060084152824765119     0.067774902367334466       1.0020512709978182       1.2605640366069435       2.0953049583552072   2.1148554336483086e-09     0.067774902367334466       489.94511607480405       5.7934714303969193       5.7934714303969193       1883.1186470904734                                                 1381.4320344824687                                              11.741496533200939        22.380488074561811               390.54178866689733                          68.325246463578637                      8.6975928697662361
                       2       947.55978569882961     0.022248547564514658      0.11733915173684265       68.193625582907686       3.0515715502711616      0.97003401475863871     0.060084152824765119     0.067774902367334466       1.0020512709978182        1.260330789880556        1.815686520725891   2.1148554336483086e-09     0.067774902367334466       489.94511607480405       5.7934714303969193       5.7934714303969193       1883.5326285368653                                                 1381.8460159288604                                              11.741496533200939        22.380488074561811               390.54178866689733                          68.325246463578637                      8.6975928697662361
                       4         950.060175752801     0.022229671191138334      0.11904979045381117       67.864806132787749       3.0557875725922643      0.96136880531899316     0.059412462228515005      0.01682798270850943       1.0033236262732261       1.2574933449356105       1.8874163643595732   2.1237905334175131e-09      0.01682798270850943       491.43935811026614       5.7934714303969193       5.7934714303969193       1888.5334086448081                                                 1379.7225402824192                                               17.37151025212286        24.252771938996545               390.44430409297587                          67.801850518633117                      8.9404315596606114
                       2       950.15364108952758     0.022229671191138334      0.11904979045381117       67.864806132787749       3.0557875725922643      0.96136880531899316     0.059412462228515005      0.01682798270850943       1.0040722487920835       1.2574933449356105       1.8874163643595732   2.1237905334175131e-09      0.01682798270850943       491.62628878371936       5.7934714303969193       5.7934714303969193       1888.7203393182613                                                 1379.7225402824192                                               17.37151025212286        24.128231731767471               390.43031287224773                          68.339816061642324                      8.7279281180618593
                       4       952.57217690585082     0.022281001614290225      0.11911698760744131       67.850436668015277       3.0511326145574795      0.96492634158164059     0.059601950825711722     0.015775204517190781       1.0010537937293758       1.2564526677531616       1.8011466764900497   2.1139273517682478e-09     0.015775204517190781       491.57411492069195       5.7934714303969193       5.7934714303969193       1893.5574109509078                                                 1383.7119659088739                                              18.271330121341833        23.385485169194851               390.45084225355487                          68.981628606434271                      8.7561588915079653
                       1       952.84871684091991     0.022271090141413295      0.11913503073195682       67.916771429616588       3.0539120135850482       0.9638834186715316     0.061068255162679372    0.0078137355141885238       1.0010990950752745       1.2548472273166533       1.8913824685160807    2.119810972070768e-09    0.0078137355141885238       492.17636068737465       5.7934714303969193       5.7934714303969193       1894.1104908210459                                                 1384.6601091172383                                               17.27402101643267         23.66566369710489               390.84844284027389                           68.76906566512001                      8.8931884848758678
                       2       954.95923218076723     0.022317495533678695      0.11921640217258037       67.791306073832772       3.0540125733458461      0.96372670279922446     0.061398963478165383     0.024488529346475947       1.0005594569678282       1.2539798479676403       1.8919104974671519   2.1200241504734612e-09     0.024488529346475947       492.50307049585655       5.7934714303969193       5.7934714303969193       1898.3315215007406                                                 1386.2132884856567                                              19.615162519227461        23.739823371952525               390.91539610650904                          68.999137944491309                      8.8487130729036227
                       1        951.7596544106143     0.022293180743560723      0.11866952812801079        67.80857210691353       3.0657078585720012       0.9611410325925569     0.063287782201739848     0.076036345347871223       1.0054117078711575       1.2569156585192356       1.9777684490242897   2.1449639926118825e-09     0.076036345347871223       492.22903247974904       5.7934714303969193       5.7934714303969193       1891.9323659604347                                                  1382.463483205403                                              17.239850275282507        24.351479511494517               391.61741176092102                          67.939706633837361                      8.3204345734961258
                       1       951.62181388573561     0.022293180743560723      0.11866952812801079        67.80857210691353       3.0657078585720012       0.9611410325925569     0.063287782201739848     0.076036345347871223       1.0054117078711575       1.2789146545746088         1.97894701413792   2.1449639926118825e-09     0.076036345347871223       492.22903247974904       5.7934714303969193       5.7934714303969193       1891.6566849106773                                                 1382.1878021556456                                              17.239850275282507        24.351479511494517               391.61741176092102                          67.939706633837361                      8.3204345734961258
                       9        951.5455008227724     0.022293180743560723      0.11866952812801079        67.80857210691353       3.0657078585720012       0.9611410325925569     0.063287782201739848     0.076036345347871223       1.0051675546205721       1.2789146545746088         1.97894701413792   2.1449639926118825e-09     0.076036345347871223       492.07640635382245       5.7934714303969193       5.7934714303969193       1891.5040587847509                                                 1382.1878021556456                                              17.239850275282507        24.392941154929417               391.61025750912273                           67.74067339120792                      8.3325342985623951
                       5       951.56840198838711     0.022293180743560723      0.11866952812801079        67.80857210691353       3.0657078585720012       0.9611410325925569     0.063287782201739848     0.076036345347871223       1.0051675546205721       1.2700259461444514       1.9878206875097866   2.1449639926118825e-09     0.076036345347871223       492.07640635382245       5.7934714303969193       5.7934714303969193       1891.5498611159803                                                 1382.2336044868753                                              17.239850275282507        24.392941154929417               391.61025750912273                           67.74067339120792                      8.3325342985623951
                       1       951.75097439509022      0.02229453470359254      0.11860138237382392       67.807766185454952       3.0660208324567475      0.96138533236341872     0.063571666213160807     0.080075705965876501       1.0051061301489952       1.2699334725939542       1.9966499043292598   2.1456354153887079e-09     0.080075705965876501       492.04878463983499       5.7934714303969193       5.7934714303969193       1891.9150059293866                                                 1382.7482045318309                                              17.118016757720902          24.3378569314998               391.71118116187154                          67.684787777711421                      8.3149587687522235
                       8       951.79519701553113      0.02229453470359254      0.11860138237382392       67.807766185454952       3.0660208324567475      0.96138533236341872     0.063571666213160807     0.080075705965876501       1.0043396772502469       1.2699334725939542       1.9966499043292598   2.1456354153887079e-09     0.080075705965876501       492.13722988071663       5.7934714303969193       5.7934714303969193       1892.0034511702684                                                 1382.7482045318309                                              17.118016757720902        24.468484925892369               391.71464474562958                          67.591848095889816                      8.3622521133048551
                       6       951.45086698337502     0.022279365919292977      0.11878801687910846       67.631081556794157       3.0622910270849708      0.96098953807614274     0.061428636211076137     0.080023333441043926       1.0044183998494733       1.2710851691324103       1.9373678077985836   2.1376475188005836e-09     0.080023333441043926       491.48456751490579       5.7934714303969193       5.7934714303969193       1891.3147911059561                                                 1379.6460984941812                                              20.184125096869145        24.442084170835642               390.97016416911197                          67.688934103670292                      8.3833850712878544
                       2       952.49407913716857     0.022279365919292977      0.11878801687910846       67.631081556794157       3.0622910270849708      0.96098953807614274     0.061428636211076137     0.080023333441043926       1.0044183998494733       1.1871427290669163       1.9025140873561566   2.1376475188005836e-09     0.080023333441043926       491.48456751490579       5.7934714303969193       5.7934714303969193       1893.4012154135432                                                 1381.7325228017683                                              20.184125096869145        24.442084170835642               390.97016416911197                          67.688934103670292                      8.3833850712878544
                       9       951.99197725149941     0.022245363435569161       0.1186284422506861       67.592531444433604       3.0621825684149959      0.96068611879593135     0.060500990701338089      0.09013494392862563        1.005584190713195       1.1884766680301186       1.9166673681371968   2.1374156849662415e-09      0.09013494392862563       490.91058462387042       5.7934714303969193       5.7934714303969193       1892.3970116422049                                                 1381.4339285632964                                              20.052498455038222        24.421583591557521                390.6753608116839                          67.505525617414378                      8.3081146032146247
                       3       952.39154408838192     0.021986890609217456      0.11922733240811358       67.538758074264081       3.0495864963071462      0.96729284156121476     0.055640663009082963     0.042616131468240594       1.0034629204288352       1.1917504267426551       1.8667346318179987   2.1106614954604008e-09     0.042616131468240594       493.09363079752904       5.7934714303969193       5.7934714303969193       1893.1961453159699                                                 1380.3979586755904                                              19.704555842850375        22.757859018510089               390.09516317539914                          71.430900051082205                      8.8097085525376091
                      10        952.5832407892957     0.021970727489150806      0.11941496462306768       67.533377977063907        3.050571004936323      0.96623130128275003     0.055558343559093178     0.035434978730208254       1.0039116372973556       1.1915402909606827       1.8936589868962679   2.1127404831386847e-09     0.035434978730208254       493.19477296629145       5.7934714303969193       5.7934714303969193       1893.5795387177975                                                 1380.3968942474255                                              19.987871504080395         22.97273684975687               390.06710843713967                          71.134338834085995                       9.020588845308918
                       5       951.02439847766482     0.022065853207874211      0.11894908512381881       67.701119189774616       3.0513830604913958      0.96539718124654439     0.054532716589175849     0.053895708737117465       1.0057387202914698       1.1937565872827842       1.7812485615172786   2.1144568425797354e-09     0.053895708737117465       490.71325681108254       5.7934714303969193       5.7934714303969193       1890.4618540945357                                                 1382.4616670391367                                              17.286930244316451        23.142439942303042               390.05913553909005                          69.015047698098215                      8.4966336315912638
                       4       951.12681630091754     0.022065853207874211      0.11894908512381881       67.701119189774616       3.0513830604913958      0.96539718124654439     0.054532716589175849     0.053895708737117465       1.0069144167562865       1.1937565872827842       1.7812485615172786   2.1144568425797354e-09     0.053895708737117465       490.91809245758787       5.7934714303969193       5.7934714303969193       1890.6666897410412                                                 1382.4616670391367                                              17.286930244316451        22.973085478167775               390.06492635910166                          69.421944435492975                       8.458136184825511
                       3       951.48752896497092     0.022065853207874211      0.11894908512381881       67.701119189774616       3.0513830604913958      0.96539718124654439     0.054532716589175849     0.053895708737117465       1.0069144167562865        1.202821806562514        1.707789589622206   2.1144568425797354e-09     0.053895708737117465       490.91809245758787       5.7934714303969193       5.7934714303969193       1891.3881150691479                                                 1383.1830923672435                                              17.286930244316451        22.973085478167775               390.06492635910166                          69.421944435492975                       8.458136184825511
                       3       950.21940183920344     0.022014325425318431      0.11841806894881472       67.869873869207566       3.0538121815138672      0.96644523750091227     0.056650548044567289     0.048609511735864905       1.0068666189242639       1.2022582349791426       1.7960562544518901   2.1195993575140497e-09     0.048609511735864905       491.28899912986469       5.7934714303969193       5.7934714303969193        1888.851860817613                                                 1383.4002748476921                                              14.162586840056147        22.766537602297547               390.11250467074819                          69.977479842715184                      8.4324770141037657
                       1       950.46631772685816     0.022014325425318431      0.11841806894881472       67.869873869207566       3.0538121815138672      0.96644523750091227     0.056650548044567289     0.048609511735864905       1.0068666189242639       1.0229150926837156       2.2904825447662529   2.1195993575140497e-09     0.048609511735864905       491.28899912986469       5.7934714303969193       5.7934714303969193       1889.3456925929224                                                 1383.8941066230016                                              14.162586840056147        22.766537602297547               390.11250467074819                          69.977479842715184                      8.4324770141037657
                       3       952.81784679643124     0.022050912454384494      0.11866265993899219        67.63486353852764       3.0476697080903477      0.96869796663025842     0.057930653001580748     0.068191971795769774       1.0018192513492841       1.0150103455100508        2.581081293587002   2.1066196792665747e-09     0.068191971795769774       492.38159645359178       5.7934714303969193       5.7934714303969193       1894.0487507320686                                                 1384.0592417093003                                              17.607912569176602        22.402545500347514               390.23219584381394                          71.139500062045798                      8.6073550473845604
                       3       953.10178263500552     0.022055097055353877      0.11850447117198591        67.62025964518827       3.0462676990818571      0.96986943958867555     0.057699993917880922     0.077060394678424668       1.0014394100939357       1.0153174382657622       2.5663325302885225   2.1036682489481785e-09     0.077060394678424668       492.83878208388057       5.7934714303969193       5.7934714303969193       1894.6166224092171                                                 1384.2304622239003                                              17.547378101436166        22.174012259866288               390.19749024457923                          71.680939132873988                      8.7863404465610859
                       3       953.04858781720054     0.022055097055353877      0.11850447117198591        67.62025964518827       3.0462676990818571      0.96986943958867555     0.057699993917880922     0.077060394678424668       1.0000534494673059       1.0153174382657622       2.5663325302885225   2.1036682489481785e-09     0.077060394678424668       492.73239244827067       5.7934714303969193       5.7934714303969193       1894.5102327736072                                                 1384.2304622239003                                              17.547378101436166         22.35042089647294               390.18781992988562                          71.643923922136651                      8.5502276997754674
                       1       951.36126179199505     0.022055097055353877      0.11850447117198591        67.62025964518827       3.0462676990818571      0.96986943958867555     0.057699993917880922     0.077060394678424668       1.0000534494673059       1.2966935619058377       2.1376538728093761   2.1036682489481785e-09     0.077060394678424668       492.73239244827067       5.7934714303969193       5.7934714303969193       1891.1355807231962                                                 1380.8558101734893                                              17.547378101436166         22.35042089647294               390.18781992988562                          71.643923922136651                      8.5502276997754674
                       4       950.10883847450191     0.021974874748458814       0.1185164607241021       67.665012635396351       3.0375794379671492      0.96594058430972607     0.051714263809126949     0.052483519912703835        1.002136057534432       1.2966293594773264       2.2935977409119923   2.0854701990816143e-09     0.052483519912703835       492.18898979878372       5.7934714303969193       5.7934714303969193       1888.6307340882099                                                 1379.8826804040925                                              16.559063885333764        22.871020289036494               390.58383912815981                          70.157349786972446                      8.5767805946150215
                       1       945.98664378975423     0.022199029273741015      0.11785375001731231       68.282449647844359       3.0343144604496106      0.96614165543361175     0.050090811417073618     0.032689473789999063       1.0024673971500999       1.2984302425360452       2.0115018945429495   2.0786722893182409e-09     0.032689473789999063       491.06391559962321       5.7934714303969193       5.7934714303969193       1880.3863447187146                                                 1377.8687390426044                                              11.453690076486938        22.927187567706483               391.28042774825309                           68.02677528122463                      8.8295250024390377
                      18       945.77474405214946     0.022187297270492241      0.11779005618473014       68.341354701574943       3.0346907751060601      0.96615149711347958     0.050319865123941723     0.028521203488250137       1.0025542692849332       1.2982188998166635        2.037707874482416   2.0794546713683501e-09     0.028521203488250137         490.942804507625       5.7934714303969193       5.7934714303969193        1879.962545243505                                                 1377.9448617760384                                              11.074878959841705        22.927663277354952               391.15744388020107                          68.030310023096135                      8.8273873269728416
                       1       947.11120710664022     0.022177276595078149      0.11780403075205423       68.163030844414408       3.0340144387063659      0.96816835008408531     0.050832959632770562     0.035519610887832113        1.001593759272126       1.2997811645356432       1.9118267514092606   2.0780487359788224e-09     0.035519610887832113       491.30652819757012       5.7934714303969193       5.7934714303969193       1882.6354713524865                                                 1379.1523296184989                                              12.176613536417463        22.524506473965687                391.0927341552005                          68.949865355715247                      8.7394222126887033
                       6       946.98431666934619     0.022179487314511873        0.117695420422573       68.182239927863449       3.0351767584489706      0.96824214757779825     0.051384218256690845     0.037930971856585512       1.0017743885836365       1.3000287173170479       1.9036020584059952   2.0804654973033616e-09     0.037930971856585512       491.04590531361987       5.7934714303969193       5.7934714303969193       1882.3816904778985                                                 1379.3768546595718                                              11.958930504706698        22.519864945787958               390.83762945228221                           68.91417643179706                      8.7742344837526502
                       2       948.01730625172377     0.022179487314511873        0.117695420422573       68.182239927863449       3.0351767584489706      0.96824214757779825     0.051384218256690845     0.037930971856585512       1.0017743885836365       1.3274774590815852       2.3410179392222754   2.0804654973033616e-09     0.037930971856585512       491.04590531361987       5.7934714303969193       5.7934714303969193       1884.4476696426536                                                  1381.442833824327                                              11.958930504706698        22.519864945787958               390.83762945228221                           68.91417643179706                      8.7742344837526502
                       3        948.2280747646405     0.022241742675591595      0.11787201318446462       68.311009269208014       3.0313107873207792      0.96912912655690209      0.04968955854432057     0.025234001388827147       1.0010366361624758       1.3279259424227816       2.2281586701264273   2.0724380047828068e-09     0.025234001388827147       491.64354382462778       5.7934714303969193       5.7934714303969193       1884.8692066684871                                                  1381.681896976972                                              11.543765866887195        22.380347105557462               391.61201326950663                           68.92512841102068                      8.7260550385430093
                       4       948.71206182186097     0.022252034315244223       0.1176922397304456       68.349177532213147       3.0294173791744354      0.96968635614951704     0.049497989485657028     0.027195680382009715       1.0004493225429993       1.3271134669126186       2.2616842246450894   2.0685177462776288e-09     0.027195680382009715       491.97477444032916       5.7934714303969193       5.7934714303969193        1885.837180782928                                                 1382.5920556923347                                              11.270350650264165        22.272037880769517                391.7069188014508                          69.060949719304688                      8.9348680388041402
                       6       948.39278719058802     0.022246057506563711      0.11773402563186748       68.373196009159628       3.0297319319010696      0.96954560203892393     0.049638980057602859     0.022665974386183466       1.0004443641165865          1.3268942665437       2.2737956766260985   2.0691685065186499e-09     0.022665974386183466       491.84827342133849       5.7934714303969193       5.7934714303969193       1885.1986315203822                                                 1382.1890487560368                                              11.161309343006828        22.302637474088613               391.66810240136715                          69.025131641356182                      8.8524019045265536
                       3       947.52162119250056     0.022246057506563711      0.11773402563186748       68.373196009159628       3.0297319319010696      0.96954560203892393     0.049638980057602859     0.022665974386183466       1.0004443641165865       1.4022542523940058       1.7652536101540222   2.0691685065186499e-09     0.022665974386183466       491.84827342133849       5.7934714303969193       5.7934714303969193       1883.4562995242072                                                 1380.4467167598618                                              11.161309343006828        22.302637474088613               391.66810240136715                          69.025131641356182                      8.8524019045265536
                       2       947.63883568861411     0.022212207542970611      0.11750408556838607       68.218353729662553       3.0339289674812755       0.9686799844712678     0.050003482380581311     0.049321894588128398       1.0026224481757031       1.4049706994205027       1.7328632364917547   2.0778711301977609e-09     0.049321894588128398       491.81830922399365       5.7934714303969193       5.7934714303969193       1883.6907285164343                                                 1380.2188042690036                                              11.653615023437167        22.412120077574457               391.42141960190838                          68.779049545938051                      9.2057199985727447
                       3       947.90424743071128     0.022230488055636006      0.11722043602347369       68.443946927904221       3.0388795384252534      0.97061984275155511     0.053044569287296284     0.030640030072385124       1.0024045374710646       1.4070879286912505       1.5476837880584933     2.08818328310154e-09     0.030640030072385124       490.70923323165027       5.7934714303969193       5.7934714303969193       1884.2215520006287                                                 1382.8908810830394                                              10.621437685939227        22.160138810671071               390.48239104365905                          69.339734330551465                      8.7269690467686356
                       6       947.84202086248956     0.022230488055636006      0.11722043602347369       68.443946927904221       3.0388795384252534      0.97061984275155511     0.053044569287296284     0.030640030072385124       1.0034294922265963       1.4070879286912505       1.5476837880584933     2.08818328310154e-09     0.030640030072385124       490.58478009520633       5.7934714303969193       5.7934714303969193       1884.0970988641852                                                 1382.8908810830394                                              10.621437685939227        22.034957715266273               390.51547603121838                          68.992549122585757                      9.0417972261358877
                       5        947.1734925518565     0.022237823507509739      0.11730819561002072       68.617707217782922       3.0384867579422163      0.97060314910343348      0.05264981625867516     0.010828240820871478       1.0035148371466118       1.4073321475912746       1.5125081324620975   2.0873632465206582e-09     0.010828240820871478       490.44351485398334       5.7934714303969193       5.7934714303969193       1882.7600422429191                                                  1381.981943138763                                              10.334584250172748        22.051168100034602               390.66182807867335                            68.8805777745266                      8.8499409007487824
                      16       946.89800135713313     0.022237823507509739      0.11730819561002072       68.617707217782922       3.0384867579422163      0.97060314910343348      0.05264981625867516     0.010828240820871478       1.0035148371466118        1.313638276433168       1.7421782510084394   2.0873632465206582e-09     0.010828240820871478       490.44351485398334       5.7934714303969193       5.7934714303969193       1882.2090598534724                                                 1381.4309607493162                                              10.334584250172748        22.051168100034602               390.66182807867335                            68.8805777745266                      8.8499409007487824
                       1       947.99007085424364     0.022182856350694086      0.11684480518885648       68.480486990874184       3.0405146660415068      0.97192737239221982     0.054426790315359103     0.039044540544665995       1.0034148060878858       1.3133348752872482       1.8465298820373197   2.0916005223052617e-09     0.039044540544665995       491.31985591237827       5.7934714303969193       5.7934714303969193       1884.3931988476934                                                 1382.7106697540432                                              10.362673181271964        21.820354347719785               390.27304104604582                          69.812031480267905                      9.4144290383447409
                      26       947.46309420860325     0.022193332548382093      0.11691349748735441       68.499340754235888       3.0413870959223308      0.97161765423093771      0.05492808203847984     0.035403989969431914       1.0032676922420283       1.3128134324103837       1.8529651580901056   2.0934260933252293e-09     0.035403989969431914       490.92853045340365       5.7934714303969193       5.7934714303969193       1883.3392455564126                                                  1382.050486814233                                              10.360228288776186        21.892368386231169               390.24327628608506                          69.563555175727345                      9.2293306053600617
                       2       946.91239982032744     0.022269769944364061      0.11712156829141696       68.420746508196402       3.0446956435874175      0.97026829934116587     0.056520750269974086     0.045507586777842349       1.0029521894571174       1.3113809461259167       1.8431273857611958    2.100363763816492e-09     0.045507586777842349       489.76430682796183       5.7934714303969193       5.7934714303969193        1882.237856779861                                                  1381.777827271316                                              10.695722680582936        22.193098593267962               390.14263046559671                          68.414262191700715                      9.0143155773964967
                       2       947.13811167745644     0.022260752691557847      0.11707458106290881       68.372157545027491       3.0454348872201877      0.97070902185076524     0.056984241653858202     0.052971620265554645       1.0029055592860447       1.3115430556765995       1.8471179957736308   2.1019170184014405e-09     0.052971620265554645       489.90223445218311       5.7934714303969193       5.7934714303969193        1882.689280494119                                                  1381.978216927959                                              10.808829113976955        22.116867751064092               390.09242867295922                          68.567834270476197                      9.1251037576835738
                       1       948.08820902108516     0.022260752691557847      0.11707458106290881       68.372157545027491       3.0454348872201877      0.97070902185076524     0.056984241653858202     0.052971620265554645       1.0008203739608996       1.3115430556765995       1.8471179957736308   2.1019170184014405e-09     0.052971620265554645       491.80242913944039       5.7934714303969193       5.7934714303969193       1884.5894751813764                                                  1381.978216927959                                              10.808829113976955        22.380654680894168               390.10287300918219                          70.786340082652515                       8.532561366711537
                       2       947.83272795897153     0.022220607123805934      0.11774381801986503       68.290599785990779       3.0358657923431904      0.97104044493364861     0.053598023507723913     0.031546125817383211      0.99849198064780575       1.3078376520438462       2.0154040949239858   2.0818995025291261e-09     0.031546125817383211        492.6638161740795       5.7934714303969193       5.7934714303969193       1884.0785130571492                                                 1379.9433744715152                                              11.471322411554652        22.261006784229721               390.36717013167788                          71.596916337672823                      8.4387229204990781
                       7       947.38277349848045     0.022172634960403465      0.11799943354958475       68.211130300798601       3.0383862788940985      0.97041734484995867     0.053884916952095414     0.031924588914076832       0.9992757115120644       1.3083582660296418       2.0440700987233167   2.0871535207852692e-09     0.031924588914076832       492.79553737250086       5.7934714303969193       5.7934714303969193        1883.178604136167                                                 1378.4916717388146                                              11.891395024851686        22.371238530531343               390.27034493875266                           71.76089558649582                      8.3930583167209889
                       3       947.42716624004777     0.022171301131197304      0.11793254810889219       68.210055894046363       3.0364872984926974      0.97043604557729535     0.052824465947567248     0.034418410460655878      0.99945224115743359       1.3086726056992306        2.045727876036719   2.0831938180434657e-09     0.034418410460655878       493.09377801718085       5.7934714303969193       5.7934714303969193       1883.2673896193016                                                 1378.3358062687778                                              11.837805333343113        22.334077461859977               390.49089053909876                          71.825160195867525                       8.443649820354592
                       2         947.912827665858     0.022189645757172454      0.11766296906764191       68.177758100540728       3.0366342473206696      0.97111261098366852     0.053486912387648244      0.05035858310494426      0.99911658254825819       1.3083049171645269       2.0637424353724896   2.0834999634267681e-09      0.05035858310494426       493.17294373522617       5.7934714303969193       5.7934714303969193       1884.2387124709221                                                 1379.1793644567156                                              11.886404278980265        22.215847960954477               390.38940178170054                          71.937074332648578                      8.6306196599225338
                       2       948.39126069910924     0.022141716826050265      0.11724962129622707       68.357226631581284       3.0385853327834482      0.97362997150717934     0.054738975730260077     0.049480906896463811      0.99936032730802449        1.309917321486272       2.0406144390564882   2.0875690181630637e-09     0.049480906896463811       494.81897603988233       5.7934714303969193       5.7934714303969193       1885.1955785374246                                                 1379.7742160393818                                              10.602386458160538        21.810566970425953               390.29199545553155                          73.904503097529073                      8.8119105163957396
                      11       947.95664053203302     0.022325302161147503       0.1169872068677606       68.994329145150985       3.0429361241691621      0.96665178260023965     0.054426093726260845     0.021583759796657831       1.0022853149306654       1.3070999654316755       2.1305124142520024   2.0966713823497086e-09     0.021583759796657831       491.57580125587538       5.7934714303969193       5.7934714303969193       1884.3263382032721                                                 1381.6905460451342                                              11.059990902262737        23.215015481357682                390.1086870543075                          69.454076192417673                      8.7980225277924973
                       6       947.98039950574559     0.022326602639149623      0.11700849317800628       69.009961217701573       3.0431430542980022      0.96666925903971745     0.054552982995845156     0.019034538117409433        1.002236253859867       1.3070777227636312       2.1246816692919372   2.0971052917219062e-09     0.019034538117409433       491.49468871650811       5.7934714303969193       5.7934714303969193       1884.3738561506973                                                 1381.7664145651349                                               11.11275286905437         23.21944253717254               390.10761765813515                           69.41944568192568                      8.7481828392746976
                       7       948.21622441336524     0.022321654735812869      0.11649700015547809       69.073278040722869       3.0424528365854235      0.96685482891147423     0.054120012572912331     0.026059341636882817       1.0030373201802656       1.3084122946687697       2.1031440626366686   2.0956583319205037e-09     0.026059341636882817       492.35201922711138       5.7934714303969193       5.7934714303969193       1884.8455059659366                                                 1380.7050275989004                                              11.788459139924649        23.127805827940222               390.14914173536226                          69.833513203907529                      9.2415584599013378
                       6       948.11950144728564     0.022320039037122139      0.11652643299392082       69.057049734880422        3.042759260461529      0.96676510051670683     0.054161010021560617     0.026570396484776677       1.0031211755321716        1.308549061829007       2.0972820006755617   2.0963005900661536e-09     0.026570396484776677       492.29250705042489       5.7934714303969193       5.7934714303969193       1884.6520600337774                                                 1380.6857735234094                                              11.673779459943223        23.146185173349352               390.13543325034863                          69.812581017929617                      9.1983076087972773
                       1       948.21732172524685     0.022162904542894313      0.11718220690374309       68.457049762772357       3.0341404788428021      0.96312933478706053     0.050563033007627663     0.023148248760200971       1.0021628750548766       1.3041595034453144       2.4433307964032873   2.0783106700317818e-09     0.023148248760200971       493.76301562212115       5.7934714303969193       5.7934714303969193       1884.8477005896998                                                 1380.6123393640637                                              10.472345603514826         23.65541974811282               390.96334744679655                          70.235095278075178                      8.9091531491366176
                       2       948.61702983177679     0.022162904542894313      0.11718220690374309       68.457049762772357       3.0341404788428021      0.96312933478706053     0.050563033007627663     0.023148248760200971       1.0021628750548766       1.1522892080138638       2.5878954328996988   2.0783106700317818e-09     0.023148248760200971       493.76301562212115       5.7934714303969193       5.7934714303969193       1885.6471168027597                                                 1381.4117555771236                                              10.472345603514826         23.65541974811282               390.96334744679655                          70.235095278075178                      8.9091531491366176
                       9       947.71217711266479     0.022162904542894313      0.11718220690374309       68.457049762772357       3.0341404788428021      0.96312933478706053     0.050563033007627663     0.023148248760200971       1.0032692837506227       1.1522892080138638       2.5878954328996988   2.0783106700317818e-09     0.023148248760200971       491.95331018389714       5.7934714303969193       5.7934714303969193       1883.8374113645357                                                 1381.4117555771236                                              10.472345603514826        23.484175505077417                390.9527282561769                          68.204023911905466                      9.3123825107373221
                       1        947.4457583888842     0.022162904542894313      0.11718220690374309       68.457049762772357       3.0341404788428021      0.96312933478706053     0.050563033007627663     0.023148248760200971       1.0032692837506227       1.3173666272685116       2.2741577116860525   2.0783106700317818e-09     0.023148248760200971       491.95331018389714       5.7934714303969193       5.7934714303969193       1883.3045739169745                                                 1380.8789181295624                                              10.472345603514826        23.484175505077417                390.9527282561769                          68.204023911905466                      9.3123825107373221
                       3       947.05724467575567     0.022141285122838236      0.11731863958948821       68.435125245306935       3.0328578846796628      0.96504587647822582     0.050219824819473832     0.016702918534303987       1.0027049594012394       1.3189444560544374       2.1707455572552705   2.0756467496267796e-09     0.016702918534303987       491.62878598128231       5.7934714303969193       5.7934714303969193       1882.5275464907174                                                  1380.360230834342                                              10.538529675093265        23.071150186738691               391.18057957926214                          68.288154957699959                      9.0889012575815453
                       4       945.97901654413954     0.022131675507786261      0.11836861861284177       68.235728617468766       3.0376346504930227      0.96155795641237063     0.048925748043967182     0.016571295830710934       1.0051550167679615       1.3207947269787812       2.1137051625563488   2.0855853463376957e-09     0.016571295830710934       491.23436507535786       5.7934714303969193       5.7934714303969193       1880.3710902274852                                                 1377.3148228967866                                              11.821902255340822        23.852019165839408                391.5414072211546                          67.383014323524876                      8.4579243648389433
                       1       945.95509827850458     0.022131675507786261      0.11836861861284177       68.235728617468766       3.0376346504930227      0.96155795641237063     0.048925748043967182     0.016571295830710934       1.0052137840319857       1.3207947269787812       2.1137051625563488   2.0855853463376957e-09     0.016571295830710934       491.18652854408793       5.7934714303969193       5.7934714303969193       1880.3232536962153                                                 1377.3148228967866                                              11.821902255340822        23.842636339577211                391.5414072211546                          67.335299113563238                      8.4671858697928748
                       8       945.21012310188257     0.022211397961555836      0.11836214403272315       68.230426597348114        3.043324896643298       0.9622470290121764     0.052104295442825889     0.024032468306024457       1.0047037191907169       1.3214559961214332       1.9607243374396139   2.0974866689406983e-09     0.024032468306024457       489.89629047796541       5.7934714303969193       5.7934714303969193       1878.8333033429712                                                 1376.7397053743271                                              12.197307490678767        23.843982339598938               390.38729674513496                          67.332111940311918                      8.3328994529196336
                       1       946.44068971959234      0.02212440692211335      0.11833403988288178        67.94701089812888       3.0456380776327405      0.96200595667762856     0.052113579388053971      0.04560030992427911        1.006118093875437       1.3237636049620782       1.9622512741175508   2.1023441511807346e-09      0.04560030992427911       489.91118596999979       5.7934714303969193       5.7934714303969193       1881.2944365783908                                                  1377.265579563544                                              14.117671044846833        23.787701096106503               390.32571068738287                           67.41778526892243                      8.3799889175880065
                       5       947.91722633555389      0.02212440692211335      0.11833403988288178        67.94701089812888       3.0456380776327405      0.96200595667762856     0.052113579388053971      0.04560030992427911        1.006118093875437       1.5307193632207223       1.9085349963429683   2.1023441511807346e-09      0.04560030992427911       489.91118596999979       5.7934714303969193       5.7934714303969193       1884.2475098103139                                                 1380.2186527954671                                              14.117671044846833        23.787701096106503               390.32571068738287                           67.41778526892243                      8.3799889175880065
                       1       948.01199778377679      0.02212440692211335      0.11833403988288178        67.94701089812888       3.0456380776327405      0.96200595667762856     0.052113579388053971      0.04560030992427911        1.006118093875437       1.5100979018189713       2.0030098034468673   2.1023441511807346e-09      0.04560030992427911       489.91118596999979       5.7934714303969193       5.7934714303969193       1884.4370527067597                                                 1380.4081956919129                                              14.117671044846833        23.787701096106503               390.32571068738287                           67.41778526892243                      8.3799889175880065
                       4       948.14904458977901      0.02212440692211335      0.11833403988288178        67.94701089812888       3.0456380776327405      0.96200595667762856     0.052113579388053971      0.04560030992427911        1.006118093875437      0.98481684907285694       2.5967363423636618   2.1023441511807346e-09      0.04560030992427911       489.91118596999979       5.7934714303969193       5.7934714303969193       1884.7111463187641                                                 1380.6822893039173                                              14.117671044846833        23.787701096106503               390.32571068738287                           67.41778526892243                      8.3799889175880065
                       3       952.50485178607221      0.02212440692211335      0.11833403988288178        67.94701089812888       3.0456380776327405      0.96200595667762856     0.052113579388053971      0.04560030992427911       1.0031259524211593      0.98481684907285694       2.5967363423636618   2.1023441511807346e-09      0.04560030992427911       498.62280036258636       5.7934714303969193       5.7934714303969193       1893.4227607113505                                                 1380.6822893039173                                              14.117671044846833        24.275636882770641               390.29541897885605                          75.642963042138518                      8.4087814588211369
                       2       951.21572063364783      0.02212440692211335      0.11833403988288178        67.94701089812888       3.0456380776327405      0.96200595667762856     0.052113579388053971      0.04560030992427911       1.0031259524211593       1.3009104599277155       2.3478285942886497   2.1023441511807346e-09      0.04560030992427911       498.62280036258636       5.7934714303969193       5.7934714303969193       1890.8444984065018                                                 1378.1040269990685                                              14.117671044846833        24.275636882770641               390.29541897885605                          75.642963042138518                      8.4087814588211369
                       6       950.34070547040267      0.02210357928357953      0.11860521338734971       68.255173896628619       3.0428920978120226      0.96715920296113789     0.053139592593536268    0.0023476786453478157       1.0000896481716415       1.3007487524407821       2.2342268272968568   2.0965790755786053e-09    0.0023476786453478157       499.31856696096463       5.7934714303969193       5.7934714303969193       1889.0944680800114                                                  1377.997464815908                                              11.778436303138847         23.24727976880871               390.25663803333356                          76.940322111597027                      8.8743270472253144
                       3       952.24241559604127     0.022098227151027317      0.11884676790213311       67.965148848147791       3.0496954626866906      0.96709735595110224     0.057480561279407254      0.01273682312040835      0.99894967777331845       1.2995614817827601        2.224022361583148   2.1108914991331114e-09      0.01273682312040835         499.961392078139       5.7934714303969193       5.7934714303969193       1892.8978883312886                                                 1378.3350869268991                                              14.601409326250323        23.371906678307255                390.1057371396796                          76.692337596486723                      9.7914106636654541
                       4       952.22488205611148     0.022109330285738717      0.11888854266100296       67.978016938226745       3.0488799007913796      0.96725224464494675     0.057316737001973643     0.014555711690249119      0.99857900752333495       1.2987525058468277       2.2568100393377368    2.109170638290932e-09     0.014555711690249119       499.91490660446095       5.7934714303969193       5.7934714303969193       1892.8628212514291                                                 1378.4181869521365                                              14.529727694831426        23.355011653162649               390.08160114939091                          76.766975628320125                       9.711318173587312
                       7       953.66158809638478     0.021970283152580591      0.11800351226459141       67.935011770552123       3.0358786163820914      0.96968312337167362     0.051623548293743611      0.04373048547630428      0.99894862226549586       1.2989749195718077        2.513500992709774   2.0819262010605255e-09      0.04373048547630428       502.73184065958418       5.7934714303969193       5.7934714303969193       1895.7362333319757                                                 1380.0425600082763                                               12.96183266411531        22.551573657615904               390.73962980909391                          81.036224289930786                      8.4044129029435908
                       5       951.01736402149947     0.022117874985014351      0.11858111464160111         68.0864072622295       3.0377166378218501      0.96719584287039539     0.051898379491492688     0.013013404364513953      0.99869589085358612       1.2986597902475021       2.3148884850454801   2.0857563449190461e-09     0.013013404364513953       499.54394704372527       5.7934714303969193       5.7934714303969193       1890.4477851822051                                                 1377.6951824892292                                               13.20865564925065        23.179017220544381               390.57048557363487                          77.110534476769146                      8.6839097727768877
                       4       946.63300038329282     0.022117874985014351      0.11858111464160111         68.0864072622295       3.0377166378218501      0.96719584287039539     0.051898379491492688     0.013013404364513953       1.0021868641845137       1.2986597902475021       2.3148884850454801   2.0857563449190461e-09     0.013013404364513953       490.77521976731202       5.7934714303969193       5.7934714303969193       1881.6790579057918                                                 1377.6951824892292                                               13.20865564925065        22.683539322302693               390.62730461558681                          69.053102324795503                      8.4112735046270259
                       2       949.82283453044693     0.022358491550882004      0.11902076950081374       68.172180519956356       3.0301766188192296      0.96237040107938099     0.047190363770409659     0.017239980790710194       1.0020966671447677       1.2951316795296988       2.3198665247752817   2.0700888433006649e-09     0.017239980790710194       492.75842874095866       5.7934714303969193       5.7934714303969193          1888.0587262001                                                 1381.0375768309561                                              14.262720628185109         23.73948362071377               392.51998389596253                          68.022386778599014                      8.4765744456833669
                       1       949.68255157719977     0.022358491550882004      0.11902076950081374       68.172180519956356       3.0301766188192296      0.96237040107938099     0.047190363770409659     0.017239980790710194       1.0020966671447677       1.3687200612596959       2.0983061225906146   2.0700888433006649e-09     0.017239980790710194       492.75842874095866       5.7934714303969193       5.7934714303969193       1887.7781602936057                                                 1380.7570109244618                                              14.262720628185109         23.73948362071377               392.51998389596253                          68.022386778599014                      8.4765744456833669
                       1       949.25609914813822     0.022369201728980905      0.11893440809943688       68.188930985946044       3.0321057810727354      0.96194005478913336     0.047687659709440965     0.020121852571350844       1.0027037469690843       1.3694328286469153        2.065782614349065   2.0740862351275303e-09     0.020121852571350844       492.68293492267406       5.7934714303969193       5.7934714303969193       1886.9252554354825                                                 1380.1971773362773                                              14.045143176531184        23.849684403451761               392.26442675591062                          68.105712827858156                      8.4631109354535514
                       6       949.17634513750329     0.022395531686592165      0.11878130793449623       68.219546847758522       3.0330821409260214      0.96254644422068758     0.048895051566204092     0.023978495740077543       1.0021020865912826       1.3688123623228265       2.0609944668324132    2.076112278572553e-09     0.023978495740077543       492.04579345145282       5.7934714303969193       5.7934714303969193       1886.7657474142127                                                 1380.9787962560893                                              13.741157706670426        23.759507118005729               391.58405594106671                          68.217367073333065                      8.4848633190473546
                       3       949.18419115494964     0.022395839101699379      0.11880675525380034       68.219916347192338       3.0333565141448093      0.96230676232028312      0.04889574531412258     0.023182424005930066       1.0022228936939406       1.3688184832193162       2.0619763281237948   2.0766819863336926e-09     0.023182424005930066       492.12513335140636       5.7934714303969193       5.7934714303969193       1886.7814394491054                                                 1380.8885429629265                                              13.767763134772569        23.814441633577474               391.58360961138368                          68.259767400149968                      8.4673147062952445
                       3       950.29870383643367     0.022330418029624027      0.11819817051482369       68.101632296424626       3.0346407326809026      0.96494566610520283     0.048879156175776456     0.075480066165603141       1.0035268903662973       1.3711962849961752       2.1230204091097331   2.0793506130172777e-09     0.075480066165603141       492.07525085686683       5.7934714303969193       5.7934714303969193       1889.0104648120735                                                 1383.5529520606949                                              13.382261894511993        23.152059494368814               391.70394315054335                          67.409198875517973                      9.8100493364366717
                       1       950.71983191395839     0.022384166546336449      0.11843040227657317        68.56430302405191       3.0374029726959244      0.96774349580467278     0.051632587664561032     0.028989726456101414       1.0016015718918472       1.3705961493676815       1.9875970461475574    2.085102218486155e-09     0.028989726456101414       490.41330153767706       5.7934714303969193       5.7934714303969193       1889.8527209671229                                                 1388.6336902930097                                              10.805729136436035        22.819393907400297               390.74095042914172                          68.128098989870892                      8.7248582112641628
                       3       951.78559683142248     0.022384166546336449      0.11843040227657317        68.56430302405191       3.0374029726959244      0.96774349580467278     0.051632587664561032     0.028989726456101414       1.0016015718918472       1.3343343819433326       2.2862411211506477    2.085102218486155e-09     0.028989726456101414       490.41330153767706       5.7934714303969193       5.7934714303969193       1891.9842508020511                                                 1390.7652201279379                                              10.805729136436035        22.819393907400297               390.74095042914172                          68.128098989870892                      8.7248582112641628
                       1       950.80115286407158     0.022163298299443135      0.11818747664914503       68.617588193850636       3.0450187868676024      0.96398790614558927     0.053795555347683079     0.016958666313450783        1.004502917671708       1.3321348415751006       2.7113796097878833   2.1010425919261775e-09     0.016958666313450783       489.84664014694272       5.7934714303969193       5.7934714303969193       1890.0153628673493                                                 1389.8628540182956                                              10.305868702111066        23.501022939966504               390.14107246753821                          67.585541320186593                      8.6190034192513707
                       3        950.4174531346755     0.022149154023619666      0.11803413939451629       68.449109404705013       3.0454156128915777      0.96431616463647141     0.054094194816796434     0.039919345726775288       1.0045882583273791       1.3323086549501664       2.7420026744415549   2.1018765057525452e-09     0.039919345726775288       489.94112511031074       5.7934714303969193       5.7934714303969193       1889.2479634085571                                                 1388.7808844952485                                              10.525953802997714        23.390744365180922               390.08435276955964                          67.590189716833152                      8.8758382587370122
                       1        950.0311054411693     0.022073369377957244       0.1172609334815876       68.686411384241566       3.0380307155300987      0.97102045122377567     0.053415716484645277     0.026688749101600816       1.0023612104297659       1.3342854185360125       2.6568304757992429   2.0864115373771102e-09     0.026688749101600816       492.88436453231537       5.7934714303969193       5.7934714303969193       1888.4752680215447                                                 1385.1065813104158                                              10.484322178813605        22.025867571305753               390.43827302888189                          70.869350474444701                      9.5508734576830374
                       6       951.11004073600805     0.022073369377957244       0.1172609334815876       68.686411384241566       3.0380307155300987      0.97102045122377567     0.053415716484645277     0.026688749101600816       1.0006412896424421       1.3342854185360125       2.6568304757992429   2.0864115373771102e-09     0.026688749101600816       495.04223512199314       5.7934714303969193       5.7934714303969193       1890.6331386112222                                                 1385.1065813104158                                              10.484322178813605        22.238204551242518               390.43517341243273                          73.448665710330786                      8.9201914479870972
                       2       952.54703253180605     0.022112162507418449      0.11747274810217145       68.757650349190513       3.0329639683390419      0.97228611811778354     0.051688064361724718     0.017076622678539679      0.99929815781030729       1.3335946678154094       2.6197667701578027   2.0758669535093684e-09     0.017076622678539679       496.00247169710815       5.7934714303969193       5.7934714303969193       1893.5071222028182                                                 1386.9677326358719                                              10.536917869838065        22.025042932294582               390.89903638207693                          74.102271794561858                      8.9761205881748118
                       2       951.78890984629129     0.022112162507418449      0.11747274810217145       68.757650349190513       3.0329639683390419      0.97228611811778354     0.051688064361724718     0.017076622678539679      0.99929815781030729       1.3731087351529891       2.3887976994308553   2.0758669535093684e-09     0.017076622678539679       496.00247169710815       5.7934714303969193       5.7934714303969193       1891.9908768317887                                                 1385.4514872648424                                              10.536917869838065        22.025042932294582               390.89903638207693                          74.102271794561858                      8.9761205881748118
                       1       951.70283107785281     0.022114426196872837      0.11751571189702474       68.708946166209444       3.0336566135220089      0.97300831535264476     0.052259350547937691     0.020713177606672534       0.9989602560282328        1.373466217200908       2.3506543752870432   2.0773052908263998e-09     0.020713177606672534       496.24821806249611       5.7934714303969193       5.7934714303969193       1891.8187192949117                                                 1385.1553270206114                                              10.415174211804374        21.921298651901793               390.75357556882796                          74.659535934848279                      8.9138079069180822
                       2       952.18817168464057     0.022114426196872837      0.11751571189702474       68.708946166209444       3.0336566135220089      0.97300831535264476     0.052259350547937691     0.020713177606672534       0.9989602560282328       1.4434344643196666       2.2553627235632305   2.0773052908263998e-09     0.020713177606672534       496.24821806249611       5.7934714303969193       5.7934714303969193       1892.7894005084872                                                 1386.1260082341867                                              10.415174211804374        21.921298651901793               390.75357556882796                          74.659535934848279                      8.9138079069180822
                       5       951.95298526301212     0.022125266622518108       0.1177201941366991       68.735485299158768       3.0347553986738296      0.97216857214493047      0.05203620099726277     0.011381773103370562       0.9995071917500884       1.4441921245550264        2.197784756496147   2.0795890574904372e-09     0.011381773103370562        495.5506673502706       5.7934714303969193       5.7934714303969193       1892.3190276652304                                                 1386.3654011142621                                              10.402959200697634        22.073124796433092               390.77160568150543                          73.987360701932189                      8.7185761703999276
                       1       951.00239210897655     0.022291967139653507      0.11674850185886432       68.272327026681637        3.036389702577706      0.97126713774465934     0.052852467518758842     0.080973870560837477        1.000530771639579       1.4485226685052992       1.8653295137161774   2.0829905167575383e-09     0.080973870560837477       494.02772639146679       5.7934714303969193       5.7934714303969193       1890.4178413571592                                                 1385.2799993708334                                              11.110115594859048        22.155690778572932               390.56382893385808                          71.432437864097707                      9.8757688149380609
                       1       950.52291505382823     0.022264348392689606      0.11680318713951156       68.372034211712005       3.0378541544447106      0.97156316788869412     0.053638791132150143     0.061124641603481633       1.0005272234410953       1.4490670322086432       1.8279914015093479   2.0860431908102965e-09     0.061124641603481633       493.33940952777743       5.7934714303969193       5.7934714303969193       1889.4588872468626                                                 1385.4065204061785                                              10.712957312906694        22.133085663478596               390.39791176574215                          71.613991931032174                      9.1944201675245321
                       6       949.85671586118167     0.022435496334708076      0.11748997063088673        68.79101985706049       3.0360672025254378      0.96917685761370653     0.051836025870091763    0.0033750844986888476       1.0003100489002648       1.4490840775859872       1.5811021793284623   2.0823188605174178e-09    0.0033750844986888476       492.00607779401599       5.7934714303969193       5.7934714303969193       1888.1264888615694                                                 1385.7678633217915                                              10.352547745761775        22.687129842366176               390.76405591314381                          70.177792985362132                      8.3770990531438603
                       8        950.4250210871611     0.022446526073818487      0.11726325738604422       68.848951078979454       3.0347667875548381      0.96941869729863839     0.051446233487645987     0.010246826235015853       1.0002772933037893       1.4485485218474943       1.6277924857322481   2.0796127418176283e-09     0.010246826235015853       492.44283252562269       5.7934714303969193       5.7934714303969193       1889.2630993135283                                                 1386.4694648841262                                              10.350801903779596        22.630137118793527                390.9557848949687                          70.316448638309126                      8.5404618735513509
                       2       950.42514909484805     0.022446526073818487      0.11726325738604422       68.848951078979454       3.0347667875548381      0.96941869729863839     0.051446233487645987     0.010246826235015853       1.0002772933037893       1.4474182126360213       1.6315072280553995   2.0796127418176283e-09     0.010246826235015853       492.44283252562269       5.7934714303969193       5.7934714303969193       1889.2633553289022                                                 1386.4697208995001                                              10.350801903779596        22.630137118793527                390.9557848949687                          70.316448638309126                      8.5404618735513509
                       1       950.18926469132748     0.022446526073818487      0.11726325738604422       68.848951078979454       3.0347667875548381      0.96941869729863839     0.051446233487645987     0.010246826235015853       1.0002772933037893       1.4264229427233874        1.641314897393261   2.0796127418176283e-09     0.010246826235015853       492.44283252562269       5.7934714303969193       5.7934714303969193       1888.7915865218611                                                 1385.9979520924589                                              10.350801903779596        22.630137118793527                390.9557848949687                          70.316448638309126                      8.5404618735513509
                       1       949.32994206987587     0.022446526073818487      0.11726325738604422       68.848951078979454       3.0347667875548381      0.96941869729863839     0.051446233487645987     0.010246826235015853       1.0012921361037683       1.4264229427233874        1.641314897393261   2.0796127418176283e-09     0.010246826235015853       490.72418728271913       5.7934714303969193       5.7934714303969193       1887.0729412789578                                                 1385.9979520924589                                              10.350801903779596        22.494471425932545               390.98227356047812                          68.450888216815784                      8.7965540794927168
                       1       947.47612403843016     0.022325150711071481      0.11816900802028477       68.654845617946478       3.0373520812208397      0.96794393701994164     0.052268862812751983    0.0042168136848393881       1.0008695385840056       1.4223486913376842       1.9555397795692016   2.0849961072586548e-09    0.0042168136848393881        490.0222894621283       5.7934714303969193       5.7934714303969193       1883.3653052160664                                                 1382.8950512864903                                              10.447964467447784         22.81792353471684               390.55520918715092                            68.1925500120701                       8.456606728190426
                       2       947.51218534116902     0.022271626816681094      0.11766235322541609       68.330749318214288        3.040115517822354      0.96885244096098033     0.053601356424592808     0.057076513320564057       1.0016134465156099       1.4232834478265424       2.0368606349990825   2.0907658302756046e-09     0.057076513320564057        490.2770025053087       5.7934714303969193       5.7934714303969193       1883.4374278215441                                                 1381.9865338640459                                              11.173891452189622        22.566114786290939               390.28719768443716                          68.410910360663152                      9.0127796739174464
                       6       945.67093369048746     0.022154301386812465       0.1181743858934301       68.237100770352399        3.045409840660747      0.96421098505804148     0.053524725698483648     0.026397737988799609       1.0044072678160763       1.4244564222723206       2.0947622950027425   2.1018643732711923e-09     0.026397737988799609        489.6323250736358       5.7934714303969193       5.7934714303969193        1879.754924520181                                                 1378.3850653004374                                              11.737534146107732        23.440599414149005               390.12546964261151                          67.732788360424919                       8.333467656450356
                       3       945.76924695034643     0.022132289722631183      0.11840096202893158        68.22986169007379       3.0439284514415519      0.96329668989296524     0.052072280884221306      0.01235228881146079       1.0049456811553723       1.4252436318200465       2.0665074129268826   2.0987529991954202e-09      0.01235228881146079       490.00615747245615       5.7934714303969193       5.7934714303969193        1879.951551039899                                                 1378.0169208555508                                              11.928472711892299            23.58928932133               390.42325751872784                          67.678726331065462                      8.3148843013328708
                       7         945.650660787437      0.02214987959470071      0.11846801801518421       68.270782491870833       3.0440755530297969      0.96443671738384495     0.052472870071011889    0.0057989168448011625       1.0044221138874356       1.4260391124874632       1.9720154363265721   2.0990617518033788e-09    0.0057989168448011625       489.93830452087201       5.7934714303969193       5.7934714303969193       1879.7143787140801                                                 1377.9676390113468                                              11.808435181861547        23.380001886190257               390.34740820363061                          67.872412228556726                      8.3384822024943936
                       1       946.03705088291531     0.022115038875377715      0.11793171944446672       68.354748352240549       3.0437681013896638      0.96246062803780663     0.052704943554968839     0.025708371830996259       1.0049197749548406       1.4214749994054046       2.3569062480976166   2.0984164910233715e-09     0.025708371830996259       490.13410621229445       5.7934714303969193       5.7934714303969193       1880.4871589050367                                                 1379.5264342004311                                              10.826618492311223        23.770219304873251               390.26598120267818                          67.607437207324494                      8.4904684974185614
                       2       951.28770919703811     0.022115038875377715      0.11793171944446672       68.354748352240549       3.0437681013896638      0.96246062803780663     0.052704943554968839     0.025708371830996259       1.0017497694981745       1.4214749994054046       2.3569062480976166   2.0984164910233715e-09     0.025708371830996259       500.63542284054017       5.7934714303969193       5.7934714303969193       1890.9884755332823                                                 1379.5264342004311                                              10.826618492311223        24.288011430841493               390.20849507940403                          77.821972506471965                       8.316943823822692
                       5       951.56977909268971     0.022023660876842377      0.11762159725245498        68.47843140633519       3.0446407778075018      0.96225436868780811     0.053523771162196712    0.0041570397212657324       1.0021510735350836       1.4212659711592377       2.4492348606659133   2.1002485288817398e-09    0.0041570397212657324       500.78090840576556       5.7934714303969193       5.7934714303969193       1891.5526153245855                                                 1380.4378960651204                                              10.333810853699459         24.27564312673428               390.09090735171543                          78.123619751423334                      8.2907381758924927
                       2       951.59060193526466     0.022023883314644551      0.11762010690159001       68.470761661665719       3.0443456325304701      0.96232105857340544     0.053442312601097018     0.005094998857422782       1.0020761836783085       1.4211818516003483       2.4535064083390323    2.099628741915945e-09     0.005094998857422782       500.79821139181348       5.7934714303969193       5.7934714303969193       1891.5942610097354                                                 1380.4533499211018                                              10.342699696820091        24.256743970941159               390.08524131164552                          78.168300807439152                      8.2879253017876362
                      10       946.58800302897771     0.022023883314644551      0.11762010690159001       68.470761661665719       3.0443456325304701      0.96232105857340544     0.053442312601097018     0.005094998857422782       1.0070042668781622       1.4211818516003483       2.4535064083390323    2.099628741915945e-09     0.005094998857422782       490.79301357923958       5.7934714303969193       5.7934714303969193       1881.5890631971615                                                 1380.4533499211018                                              10.342699696820091        23.468002722949734               390.13913779262583                          68.295160247878087                      8.8907128157859194
                       1        948.4806057611346     0.022023883314644551      0.11762010690159001       68.470761661665719       3.0443456325304701      0.96232105857340544     0.053442312601097018     0.005094998857422782       1.0070042668781622       1.4799664056298778       1.7277699908228752    2.099628741915945e-09     0.005094998857422782       490.79301357923958       5.7934714303969193       5.7934714303969193       1885.3742686614753                                                 1384.2385553854156                                              10.342699696820091        23.468002722949734               390.13913779262583                          68.295160247878087                      8.8907128157859194
                       8       948.49629465174701     0.022023883314644551      0.11762010690159001       68.470761661665719       3.0443456325304701      0.96232105857340544     0.053442312601097018     0.005094998857422782       1.0070307243718386       1.4799664056298778       1.7277699908228752    2.099628741915945e-09     0.005094998857422782       490.82439136046446       5.7934714303969193       5.7934714303969193       1885.4056464427001                                                 1384.2385553854156                                              10.342699696820091        23.463969686597864               390.13187972621637                          68.329572043846099                      8.8989699038041241
                      10       948.69012398248276     0.022037916436315981      0.11790996566160039       68.435550296338178       3.0484329228654135      0.96028811584403795     0.054359787781643715     0.002503916366239806       1.0078986905898177       1.4797813164990195       1.7288179564015966    2.108228096236959e-09     0.002503916366239806       490.59388661929012       5.7934714303969193       5.7934714303969193       1885.7933051041716                                                 1384.7266600488633                                              10.472758436017907         23.97273718901522               389.98601353823773                          68.059266285420293                      8.5758696066168643
                       2       948.03361148877354     0.022037916436315981      0.11790996566160039       68.435550296338178       3.0484329228654135      0.96028811584403795     0.054359787781643715     0.002503916366239806       1.0078986905898177       1.2047511976294487       2.2419938208129864    2.108228096236959e-09     0.002503916366239806       490.59388661929012       5.7934714303969193       5.7934714303969193       1884.4802801167532                                                 1383.4136350614451                                              10.472758436017907         23.97273718901522               389.98601353823773                          68.059266285420293                      8.5758696066168643
                       2       947.78215325189183     0.022028056383746081       0.1177561197617753       68.435642144632524       3.0476771816091515      0.96070712646931133     0.054089003554865872    0.0084392986717821191       1.0079766251179338       1.2049289731879909       2.2599136761465282   2.1066354231871918e-09    0.0084392986717821191       490.66432959018647       5.7934714303969193       5.7934714303969193       1883.9773636429898                                                 1382.8970015086368                                              10.416032544166407        23.852994429153512               390.00638005793621                          68.102858103627952                      8.7020969994687629
                       4       947.23520632235409     0.022082935322652417      0.11765450961234114       68.544449061299645       3.0462024026763874        0.961403089335506     0.053607867781568029    0.0040357503600933608       1.0076726226848545       1.2057046406609497        2.154676938326801   2.1035308914577455e-09    0.0040357503600933608       490.58732365210352       5.7934714303969193       5.7934714303969193       1882.8834697839143                                                 1381.9885186130348                                              10.307627518775973        23.714848911604292               390.12833083531115                          67.934503375479096                      8.8096405297090019
                      20       947.83140644890659     0.022082935322652417      0.11765450961234114       68.544449061299645       3.0462024026763874        0.961403089335506     0.053607867781568029    0.0040357503600933608       1.0076726226848545      0.92484451687549618       3.2144920417722926   2.1035308914577455e-09    0.0040357503600933608       490.58732365210352       5.7934714303969193       5.7934714303969193       1884.0758700370193                                                 1383.1809188661398                                              10.307627518775973        23.714848911604292               390.12833083531115                          67.934503375479096                      8.8096405297090019
                       3       947.80381857737564     0.022081958891181697      0.11742351682432538       68.606151088032718       3.0476210212327679      0.96252613205790338     0.054498060835012414    0.0088862237447808363       1.0077360710443728      0.92562954534542352       3.1826647359482485   2.1065171170710112e-09    0.0088862237447808363        490.4654822861072       5.7934714303969193       5.7934714303969193       1884.0206942939574                                                 1383.2651515504413                                              10.290060457409105        23.496540618919767               390.05334249328985                          68.009361624534051                      8.9062375493635226
                       1       948.81264257281816     0.022117535773240792      0.11716179430319401       68.369539641139454       3.0536511187877595      0.96245481497710272     0.058267242013580613     0.048835253221799144       1.0072596142578483      0.92405155739392897       3.2478214908712779   2.1192579965542734e-09     0.048835253221799144       490.98238748214476       5.7934714303969193       5.7934714303969193       1886.0383422848424                                                 1384.5556128091039                                              10.500341993593988        23.609770447722667               390.22202501210506                          67.954191117889692                      9.1964009044273194
                       1       947.65430870779267     0.022117535773240792      0.11716179430319401       68.369539641139454       3.0536511187877595      0.96245481497710272     0.058267242013580613     0.048835253221799144       1.0072596142578483      0.99935471377960383       2.9860756552594534   2.1192579965542734e-09     0.048835253221799144       490.98238748214476       5.7934714303969193       5.7934714303969193       1883.7216745547914                                                 1382.2389450790529                                              10.500341993593988        23.609770447722667               390.22202501210506                          67.954191117889692                      9.1964009044273194
                       2       946.92530814258532     0.022117535773240792      0.11716179430319401       68.369539641139454       3.0536511187877595      0.96245481497710272     0.058267242013580613     0.048835253221799144       1.0072596142578483       1.1636202192804785       2.8825015034518806   2.1192579965542734e-09     0.048835253221799144       490.98238748214476       5.7934714303969193       5.7934714303969193       1882.2636734243767                                                 1380.7809439486382                                              10.500341993593988        23.609770447722667               390.22202501210506                          67.954191117889692                      9.1964009044273194
                       8       946.92895923174262     0.022117822907831097      0.11715783384155201       68.372977850476659       3.0536286246900928      0.96245103959134581     0.058269386486766599     0.048652104358301716       1.0072513780153318       1.1635853548477615        2.884175935843337   2.1192103262940693e-09     0.048652104358301716       490.98661904902571       5.7934714303969193       5.7934714303969193       1882.2709756026914                                                 1380.7929037517913                                              10.491452801874443        23.611195679691434               390.22202501210506                          67.954010803731606                       9.199387553497635
                       2       946.99908835984775     0.022118215180831763      0.11686714260431547       68.632098660287554       3.0479709847313154      0.96228604402555029     0.055925399221076297     0.028901617210727568       1.0071633687960408       1.1626272809920184        2.955553739239777   2.1072544501833643e-09     0.028901617210727568       491.33774253684822       5.7934714303969193       5.7934714303969193       1882.4112338589016                                                  1380.716038604925                                              10.357452717128114        23.582298799598334               390.00588367923717                          68.109014996819468                      9.6405450611932011
                       3       946.86281933418923     0.022118215180831763      0.11686714260431547       68.632098660287554       3.0479709847313154      0.96228604402555029     0.055925399221076297     0.028901617210727568       1.0069480327315801       1.1626272809920184        2.955553739239777   2.1072544501833643e-09     0.028901617210727568       491.06520448553164       5.7934714303969193       5.7934714303969193       1882.1386958075846                                                  1380.716038604925                                              10.357452717128114        23.615633149556515                390.0084590411787                          67.898607994429611                      9.5425043003668151
                       1       946.71960045123274     0.022110375479559827      0.11726276196369523       68.519529756257285       3.0536872448564183      0.96069296254766667     0.057659396886337491     0.028221183515119815       1.0077095698425913         1.16284915474515       2.9384595848091588   2.1193345583970936e-09     0.028221183515119815       490.75169736264058       5.7934714303969193       5.7934714303969193       1881.8522580416716                                                 1380.8072138196935                                              10.293346859337319        24.048178450180444               390.06472408235703                          67.825775461810451                      8.8130193682926699
                       4       946.94184042101836     0.022110375479559827      0.11726276196369523       68.519529756257285       3.0536872448564183      0.96069296254766667     0.057659396886337491     0.028221183515119815       1.0080336842546658         1.16284915474515       2.9384595848091588   2.1193345583970936e-09     0.028221183515119815       491.19617730221216       5.7934714303969193       5.7934714303969193       1882.2967379812428                                                 1380.8072138196935                                              10.293346859337319        23.995402164930567               390.07804257904087                          68.209358523997523                      8.9133740342432066
                       2       949.21911089728712     0.021980168605057047       0.1168781364358156       68.453498732948944       3.0600004959463663      0.96305072092613542     0.060965357840936839     0.027649182915002124       1.0087135121329711       1.1661330094176598       2.8664828965006444   2.1327567739354001e-09     0.027649182915002124       492.22270105994602       5.7934714303969193       5.7934714303969193       1886.8512789337803                                                 1384.3480906225495                                              10.280487251284663        23.467303225086425               390.77949987909324                          69.322809120687111                      8.6530888350792701
                       8       947.12308600839788     0.022078297963153137      0.11729017105161794       68.562176093077554       3.0584381953201958      0.96524327171317015     0.060493534137563809    0.0035053807158579101       1.0074808691734773        1.169000100331665       2.5149413140816659    2.129427368135591e-09    0.0035053807158579101       491.06088637818749       5.7934714303969193       5.7934714303969193       1882.6592291560019                                                 1381.3048845160458                                              10.293458261768533        23.077480172127821               390.61101535804994                          69.050493772130935                      8.3218970758787609
                      13       946.63077302467332     0.022078297963153137      0.11729017105161794       68.562176093077554       3.0584381953201958      0.96524327171317015     0.060493534137563809    0.0035053807158579101       1.0074808691734773       1.2597229037265263       2.2459605450491424    2.129427368135591e-09    0.0035053807158579101       491.06088637818749       5.7934714303969193       5.7934714303969193       1881.6746031885527                                                 1380.3202585485967                                              10.293458261768533        23.077480172127821               390.61101535804994                          69.050493772130935                      8.3218970758787609
                       2       947.06898018212132     0.022078297963153137      0.11729017105161794       68.562176093077554       3.0584381953201958      0.96524327171317015     0.060493534137563809    0.0035053807158579101       1.0074808691734773        1.417460781900546       2.0153392329118507    2.129427368135591e-09    0.0035053807158579101       491.06088637818749       5.7934714303969193       5.7934714303969193       1882.5510175034487                                                 1381.1966728634929                                              10.293458261768533        23.077480172127821               390.61101535804994                          69.050493772130935                      8.3218970758787609
                       1       946.16717235096394     0.022096794584807532      0.11741430227609402       68.559032727296909       3.0556515346642228       0.9630624341558125     0.059210353112016431    0.0017142323804081709       1.0072670284961776       1.4143960046376896       2.1807166294780544   2.1235016370046328e-09    0.0017142323804081709       490.77317746902918       5.7934714303969193       5.7934714303969193        1880.747401841134                                                 1379.6705125599233                                              10.303711812181552        23.509085988788513               390.36512630304725                          68.504929067324369                      8.3940361098690524
                       2       946.57246822804495      0.02208524315220977      0.11769092409422403       68.451259836122119       3.0588864235753013      0.96223364864531324     0.060281005316869939    0.0035646883784183738       1.0075429732745982       1.4143020841614646       2.1850917349787569   2.1303820515912503e-09    0.0035646883784183738       491.08801341604391       5.7934714303969193       5.7934714303969193        1881.557993595296                                                 1379.9854562346668                                              10.484523944585327        23.729954326585528               390.59011586991738                          68.508821172833393                      8.2591220467075921
                       3       946.54260064006439      0.02208524315220977      0.11769092409422403       68.451259836122119       3.0588864235753013      0.96223364864531324     0.060281005316869939    0.0035646883784183738       1.0075429732745982       1.1298013811788303       2.5161016241075478   2.1303820515912503e-09    0.0035646883784183738       491.08801341604391       5.7934714303969193       5.7934714303969193       1881.4982584193349                                                 1379.9257210587057                                              10.484523944585327        23.729954326585528               390.59011586991738                          68.508821172833393                      8.2591220467075921
                       1       946.82679378025648      0.02215383564810516       0.1174884560428356       68.439877734631594       3.0595070678207028       0.9635436146717139     0.061516727135176023     0.021358477495405107         1.00660105818229       1.1294152271782671       2.4643443337710202   2.1317046713477915e-09     0.021358477495405107       491.12029948542636       5.7934714303969193       5.7934714303969193       1882.0666446997191                                                 1380.4021694453568                                              10.544175768936215         23.52026352780581                390.9125933021121                          68.383732119223723                      8.3037105362847097
                       4       946.65400007849973      0.02216074633437886      0.11755738557407544       68.469394537150833       3.0593675575458752      0.96351563185176314     0.061456544281886759     0.015448650616161477       1.0064928405872653       1.1294300983440499       2.4445214929851602   2.1314072973870838e-09     0.015448650616161477       491.08141377264332       5.7934714303969193       5.7934714303969193       1881.7210572962056                                                 1380.1293590488226                                              10.510284474739583        23.535732152574951               390.89236784911054                          68.381909398326556                      8.2714043726312756
                       1       947.71862154325993     0.022230728982389956      0.11835802422344441       68.414051550113172       3.0531446418441335        0.963607789469762     0.059743189521658316    0.0011637596589125256       1.0037288588017195       1.1254874786520579       2.4981769579476159   2.1181849130103993e-09    0.0011637596589125256       490.75563871486111       5.7934714303969193       5.7934714303969193        1883.850300225726                                                 1381.8723934490922                                              11.222268061772562        23.574397646651164               390.42331353876449                          68.463858700396969                      8.2940688290484594
                       1       947.85088642040307     0.022230728982389956      0.11835802422344441       68.414051550113172       3.0531446418441335        0.963607789469762     0.059743189521658316    0.0011637596589125256        1.001222534056972       1.1254874786520579       2.4981769579476159   2.1181849130103993e-09    0.0011637596589125256       491.02016846914751       5.7934714303969193       5.7934714303969193       1884.1148299800122                                                 1381.8723934490922                                              11.222268061772562        23.973377293086173               390.45887961185332                          68.077288916122626                      8.5106226480853735
                       7        947.8174142075892     0.022230728982389956      0.11835802422344441       68.414051550113172       3.0531446418441335        0.963607789469762     0.059743189521658316    0.0011637596589125256        1.001222534056972       1.1586504435095872       2.3683218021270007   2.1181849130103993e-09    0.0011637596589125256       491.02016846914751       5.7934714303969193       5.7934714303969193       1884.0478855543845                                                 1381.8054490234642                                              11.222268061772562        23.973377293086173               390.45887961185332                          68.077288916122626                      8.5106226480853735
                       5       948.64061346524988     0.021992271286610254      0.11722236779901192       68.129317062208386       3.0465240805906388       0.9650937300634449     0.056536556137809627     0.056751264336916227       1.0029911850642936       1.1591238706830682       2.7620206483010437   2.1042076597323405e-09     0.056751264336916227       492.42078694211978       5.7934714303969193       5.7934714303969193       1885.6942840697059                                                 1382.1617130806615                                              11.111784046924724        23.256556730592251               390.04937007480203                          70.305347476087874                      8.8095126606376333
                       1        948.7708453311119     0.021989423393018369      0.11732326484098181       68.071670562795433       3.0470177361525712      0.96464538481470552     0.056421675299743186     0.061470023500985592       1.0032349662830604       1.1590887775485035       2.7762668518878852   2.1052466699825223e-09     0.061470023500985592       492.34995401528067       5.7934714303969193       5.7934714303969193       1885.9547478014299                                                 1382.1660543502483                                              11.438739435901134        23.344456765137011               390.03711111576018                          70.153031646679509                        8.81535448770396
                       3       948.50870639264792     0.021989423393018369      0.11732326484098181       68.071670562795433       3.0470177361525712      0.96464538481470552     0.056421675299743186     0.061470023500985592       1.0032349662830604       1.3001460584601587       2.5077342608329252   2.1052466699825223e-09     0.061470023500985592       492.34995401528067       5.7934714303969193       5.7934714303969193       1885.4304699245019                                                 1381.6417764733203                                              11.438739435901134        23.344456765137011               390.03711111576018                          70.153031646679509                        8.81535448770396
                       1       950.07281625350765     0.021989423393018369      0.11732326484098181       68.071670562795433       3.0470177361525712      0.96464538481470552     0.056421675299743186     0.061470023500985592       1.0021061860884939       1.3001460584601587       2.5077342608329252   2.1052466699825223e-09     0.061470023500985592       495.47817373699979       5.7934714303969193       5.7934714303969193       1888.5586896462214                                                 1381.6417764733203                                              11.438739435901134        23.516292835942181               390.06792965334859                          73.353895744036777                      8.5400555036722334
                       5       949.34596091607193     0.021997323615104099      0.11765674581255449       68.078452794813799       3.0468397088220178      0.96471205196326404     0.056101415835320509      0.04859578655288304       1.0018699418289119       1.3006300186437967       2.4370121285823272   2.1048719118972893e-09      0.04859578655288304       494.85380552869015       5.7934714303969193       5.7934714303969193         1887.10497897135                                                 1380.5718351378764                                               11.67933830478316        23.527656198865941                389.9858390336434                          72.993909259243679                       8.346401036937074
                       3       949.34609979985328     0.021997323615104099      0.11765674581255449       68.078452794813799       3.0468397088220178      0.96471205196326404     0.056101415835320509      0.04859578655288304       1.0018699418289119       1.3281436918488647       2.4167600706152581   2.1048719118972893e-09      0.04859578655288304       494.85380552869015       5.7934714303969193       5.7934714303969193       1887.1052567389127                                                 1380.5721129054391                                               11.67933830478316        23.527656198865941                389.9858390336434                          72.993909259243679                       8.346401036937074
                       1       948.51708323451192      0.02202328714985341      0.11720697261325873       68.420959303782354       3.0412736634784068      0.96663477119046071      0.05302566932532609     0.016397844348475514       1.0026450607902586       1.3332590000002404       2.1090570157392472   2.0931886443547523e-09     0.016397844348475514       495.38983761017334       5.7934714303969193       5.7934714303969193       1885.4472236082299                                                 1379.6957538031004                                              10.361632194956247        23.040170608321489               390.35659706335724                          73.652917455382664                       8.340152483111968
                       3       948.80893861817526      0.02202328714985341      0.11720697261325873       68.420959303782354       3.0412736634784068      0.96663477119046071      0.05302566932532609     0.016397844348475514       1.0026450607902586       1.2041553384764012       2.5773814757797089   2.0931886443547523e-09     0.016397844348475514       495.38983761017334       5.7934714303969193       5.7934714303969193       1886.0309343755566                                                 1380.2794645704271                                              10.361632194956247        23.040170608321489               390.35659706335724                          73.652917455382664                       8.340152483111968
                       1       948.94798773390994      0.02203095638764703      0.11716502127360352       68.350376645134759       3.0425228207556749       0.9683894812853503     0.054551636134328056     0.030076322779047929       1.0016363613890016        1.203778596303531        2.569161761733858   2.0958049999621545e-09     0.030076322779047929       495.64012581031375       5.7934714303969193       5.7934714303969193        1886.309032607026                                                 1380.1977772968962                                              10.471129499816232        22.743272329611841               390.14183355577029                          74.374990526874697                      8.3800293980569585
                       9       949.96195046034791      0.02203095638764703      0.11716502127360352       68.350376645134759       3.0425228207556749       0.9683894812853503     0.054551636134328056     0.030076322779047929       1.0016363613890016       1.1203588488351321       2.2362333273975281   2.0958049999621545e-09     0.030076322779047929       495.64012581031375       5.7934714303969193       5.7934714303969193       1888.3369580599019                                                 1382.2257027497722                                              10.471129499816232        22.743272329611841               390.14183355577029                          74.374990526874697                      8.3800293980569585
                       2       947.91419942217453      0.02203095638764703      0.11716502127360352       68.350376645134759       3.0425228207556749       0.9683894812853503     0.054551636134328056     0.030076322779047929       1.0035443224897282       1.1203588488351321       2.2362333273975281   2.0958049999621545e-09     0.030076322779047929       491.54462373396677       5.7934714303969193       5.7934714303969193       1884.2414559835552                                                 1382.2257027497722                                              10.471129499816232        22.485759859474399               390.18084240643884                          70.110676477199448                      8.7673449908541166
                       2        947.7121049671116      0.02203095638764703      0.11716502127360352       68.350376645134759       3.0425228207556749       0.9683894812853503     0.054551636134328056     0.030076322779047929       1.0035443224897282       1.1189519770514984       2.2764083629557805   2.0958049999621545e-09     0.030076322779047929       491.54462373396677       5.7934714303969193       5.7934714303969193       1883.8372670734293                                                 1381.8215138396463                                              10.471129499816232        22.485759859474399               390.18084240643884                          70.110676477199448                      8.7673449908541166
                       6       947.93190870262174     0.022015003278486253      0.11723450738225831       68.313789990888679        3.042334093993682       0.9685240299803588     0.054386623968931042     0.029918494490357626       1.0035461720259329       1.1191485078354888       2.2773363313468193   2.0954095027923671e-09     0.029918494490357626       491.80229876876825       5.7934714303969193       5.7934714303969193       1884.2768745444496                                                 1381.9184069353587                                                10.5561688403226        22.449663014544399               390.20993001569252                          70.411911442216024                      8.7307942963152971
                       1       946.91229316977592     0.022015003278486253      0.11723450738225831       68.313789990888679        3.042334093993682       0.9685240299803588     0.054386623968931042     0.029918494490357626       1.0035461720259329       1.3918869725730199       2.0852361334358918   2.0954095027923671e-09     0.029918494490357626       491.80229876876825       5.7934714303969193       5.7934714303969193       1882.2376434787579                                                 1379.8791758696673                                                10.5561688403226        22.449663014544399               390.20993001569252                          70.411911442216024                      8.7307942963152971
                      26       946.82185756820229     0.022045886642354445      0.11785995907077707       68.381686625860112        3.037618185300754      0.96478509546792957      0.05241909067906074    0.0024152710333014832       1.0024567788441607       1.3859284078147991       2.3457428378115193   2.0855510070566778e-09    0.0024152710333014832       490.53105714054402       5.7934714303969193       5.7934714303969193       1882.0567722756107                                                 1380.8748753592779                                              10.650839775788862        23.176144629835619               390.39572801935827                          68.398439271319234                      8.5607452200308405
                       3       945.69992031838638     0.022082035522906246      0.11736006040946022       68.547280028993129        3.041049003161898      0.96625490716425888     0.054258696751064983     0.006616465056238063       1.0028755575930128       1.3880496661887289       2.2098800464336454   2.0927184407514219e-09     0.006616465056238063        490.2821913028302       5.7934714303969193       5.7934714303969193       1879.8128977759789                                                   1379.23507742072                                              10.295629052428492         22.94030932172717               390.16942191074958                          68.543828739200208                      8.6286313311532421
                       1       945.95280680995813      0.02207791115446885      0.11730827103167886       68.445783983346359       3.0417386086069884       0.9663963233435493     0.054679620465902752     0.017840099421361881       1.0028647606993411       1.3882169821439401        2.210269266599596   2.0941620884996682e-09     0.017840099421361881       490.40288553084235       5.7934714303969193       5.7934714303969193       1880.3186707591224                                                 1379.5255748416848                                              10.390210386595404        22.909957454805522               390.13320585531312                           68.71090985336005                      8.6488123673637087
                       3       947.51184202098409      0.02207791115446885      0.11730827103167886       68.445783983346359       3.0417386086069884       0.9663963233435493     0.054679620465902752     0.017840099421361881       1.0028647606993411       1.2947409223786901       2.7835585853774227   2.0941620884996682e-09     0.017840099421361881       490.40288553084235       5.7934714303969193       5.7934714303969193       1883.4367411811743                                                 1382.6436452637367                                              10.390210386595404        22.909957454805522               390.13320585531312                           68.71090985336005                      8.6488123673637087
                       1       947.44934740474594      0.02207791115446885      0.11730827103167886       68.445783983346359       3.0417386086069884       0.9663963233435493     0.054679620465902752     0.017840099421361881       1.0028647606993411        1.279124820347838       2.8053510585738128   2.0941620884996682e-09     0.017840099421361881       490.40288553084235       5.7934714303969193       5.7934714303969193        1883.311751948698                                                 1382.5186560312602                                              10.390210386595404        22.909957454805522               390.13320585531312                           68.71090985336005                      8.6488123673637087
                       3       947.03017823586924     0.022086827667615033      0.11738494934147448       68.417028793995684       3.0458488054104995      0.96535409002012629      0.05587822357767315     0.022540720338321652       1.0036898757818626       1.2795749805685788       2.7874973479188552   2.1027872201736297e-09     0.022540720338321652       489.97009272472633       5.7934714303969193       5.7934714303969193       1882.4734136109446                                                 1382.0449707731384                                               10.45835011307981        23.165212247404384               390.05138666703436                          68.245900746506294                      8.5075930637813109
                       1        947.4872476435047     0.022130861101543602      0.11723513881571682       68.559438816320139       3.0531739074086874      0.96621294671605984     0.059646388426794261     0.029450856924395724       1.0036514432125303       1.2793948422296364       2.7533194496424738   2.1182469037948015e-09     0.029450856924395724       489.99970812105005       5.7934714303969193       5.7934714303969193       1883.3875524262155                                                 1383.1071774173563                                              10.280666887809488        23.156463399596589               390.45586572151012                          67.956008718880511                      8.4313702810628399
                       1       947.37458510662873     0.022130861101543602      0.11723513881571682       68.559438816320139       3.0531739074086874      0.96621294671605984     0.059646388426794261     0.029450856924395724       1.0043660691933241       1.2793948422296364       2.7533194496424738   2.1182469037948015e-09     0.029450856924395724       489.77438304729776       5.7934714303969193       5.7934714303969193       1883.1622273524636                                                 1383.1071774173563                                              10.280666887809488        23.052370643972836               390.44734492704708                          67.706266980559519                      8.5684004957183397
                       1        946.9577149328527     0.022137379666917874      0.11761245594642859       68.615302669242794       3.0509880669302771      0.96508530386085711     0.058005085000657548     0.012319374426213347       1.0044418461401468       1.2787955267764204       2.7672848412749063   2.1136218106686237e-09     0.012319374426213347       489.28521495384911       5.7934714303969193       5.7934714303969193       1882.3284870049115                                                 1382.7623782423575                                              10.280893808704935        23.268253938054556               390.13374841039519                          67.452109775803038                      8.4311028295963411
                       5       946.91563707652097     0.022137379666917874      0.11761245594642859       68.615302669242794       3.0509880669302771      0.96508530386085711     0.058005085000657548     0.012319374426213347       1.0044418461401468       1.1931391011429744       2.9020752613451992   2.1136218106686237e-09     0.012319374426213347       489.28521495384911       5.7934714303969193       5.7934714303969193        1882.244331292248                                                  1382.678222529694                                              10.280893808704935        23.268253938054556               390.13374841039519                          67.452109775803038                      8.4311028295963411
                       2        947.0980106165191      0.02215165158786683      0.11742791263366237        68.71911079773183       3.0487720182200921      0.96602900259067204      0.05751937812639854    0.0098308454626054101       1.0039522659950584       1.1929074398719044       2.9009083855176847   2.1089431078126966e-09    0.0098308454626054101       489.27341102979381       5.7934714303969193       5.7934714303969193       1882.6090783722443                                                  1382.970502480892                                              10.365164861558531        23.065713427687626               390.08696410203783                          67.542744569697518                      8.5779889303708767
                       4       946.48535301951893     0.022159156465629937      0.11765884443261704       68.661707797456643       3.0487668372297785      0.96510072185636409     0.056891316814844564    0.0054647644593796771       1.0043177693534471        1.193467981161134       2.8556572269109681   2.1089321814271879e-09    0.0054647644593796771       489.10994120624736       5.7934714303969193       5.7934714303969193        1881.383763178244                                                 1381.9882220349539                                              10.285599937042553        23.244858981621746                390.0472601915244                          67.358690631820451                       8.459131401280775
                       7       946.48611295857597     0.022159156465629937      0.11765884443261704       68.661707797456643       3.0487668372297785      0.96510072185636409     0.056891316814844564    0.0054647644593796771       1.0039593720074331        1.193467981161134       2.8556572269109681   2.1089321814271879e-09    0.0054647644593796771       489.11146108436168       5.7934714303969193       5.7934714303969193        1881.385283056358                                                 1381.9882220349539                                              10.285599937042553        23.298389130161354               390.04457909215978                          67.365057957459712                      8.4034349045808465
                       1       946.47563222362919     0.022159156465629937      0.11765884443261704       68.661707797456643       3.0487668372297785      0.96510072185636409     0.056891316814844564    0.0054647644593796771       1.0041107939236387        1.193467981161134       2.8556572269109681   2.1089321814271879e-09    0.0054647644593796771       489.09049961446794       5.7934714303969193       5.7934714303969193       1881.3643215864645                                                 1381.9882220349539                                              10.285599937042553        23.275724647086747               390.04750473959365                          67.341509564530682                      8.4257606632568844
                       4       946.16330077300768     0.022180442360675245       0.1177432224822637       68.584548249843493       3.0455447632405996      0.96419819687230146     0.054994838431385078     0.011056574178099306       1.0042397714039153       1.1932610250952653       2.8646454461700461   2.1021479813670722e-09     0.011056574178099306       489.07734898244462       5.7934714303969193       5.7934714303969193       1880.7396586852215                                                 1381.3318541598078                                              10.330455542968766        23.412412502496636               390.01011574496204                          67.153529417911173                      8.5012913170748057
                       1       945.35088681361708     0.022180442360675245       0.1177432224822637       68.584548249843493       3.0455447632405996      0.96419819687230146     0.054994838431385078     0.011056574178099306       1.0042397714039153       1.3427449697351566       2.4697519839979001   2.1021479813670722e-09     0.011056574178099306       489.07734898244462       5.7934714303969193       5.7934714303969193       1879.1148307664403                                                 1379.7070262410268                                              10.330455542968766        23.412412502496636               390.01011574496204                          67.153529417911173                      8.5012913170748057
                       1       945.71246743147219     0.022119739875469471      0.11758115144706852       68.460647368603048         3.05344172096056       0.9611108451011261      0.05604755418405992     0.011113115099819316       1.0078827884087627       1.3474728652192773       2.3302144835108538   2.1188142749933066e-09     0.011113115099819316       489.63000031755928       5.7934714303969193       5.7934714303969193       1879.8379920021505                                                 1379.7290162575068                                              10.478975427084483        24.038037855118546               389.92488892735508                          67.389935666202277                      8.2771378688833561
                       2       946.87279512563839     0.022119739875469471      0.11758115144706852       68.460647368603048         3.05344172096056       0.9611108451011261      0.05604755418405992     0.011113115099819316       1.0078827884087627       1.4052707834524738       2.3696919758168198   2.1188142749933066e-09     0.011113115099819316       489.63000031755928       5.7934714303969193       5.7934714303969193       1882.1586473904829                                                 1382.0496716458392                                              10.478975427084483        24.038037855118546               389.92488892735508                          67.389935666202277                      8.2771378688833561
                       2       945.30765181189065     0.022119739875469471      0.11758115144706852       68.460647368603048         3.05344172096056       0.9611108451011261      0.05604755418405992     0.011113115099819316       1.0078827884087627       1.4112973809707194        1.865485437314474   2.1188142749933066e-09     0.011113115099819316       489.63000031755928       5.7934714303969193       5.7934714303969193       1879.0283607629874                                                 1378.9193850183437                                              10.478975427084483        24.038037855118546               389.92488892735508                          67.389935666202277                      8.2771378688833561
                       2       944.92068109603133     0.022162797914778383      0.11724641672818312       68.517947883140849       3.0466229860790515      0.96474382138634485     0.055774911283985214     0.025673126515020718       1.0047273769915619       1.4080245556209949       1.9689671024096997    2.104415787710978e-09     0.025673126515020718       489.43775631284717       5.7934714303969193       5.7934714303969193       1878.2544193312688                                                 1378.4750732964869                                              10.341589721934396        23.254638373898956               390.00162017004311                          67.469506962782447                      8.7119908061226266
                       4       946.60561102846782     0.022162797914778383      0.11724641672818312       68.517947883140849       3.0466229860790515      0.96474382138634485     0.055774911283985214     0.025673126515020718       1.0026105223147914       1.4080245556209949       1.9689671024096997    2.104415787710978e-09     0.025673126515020718       492.80761617772032       5.7934714303969193       5.7934714303969193       1881.6242791961417                                                 1378.4750732964869                                              10.341589721934396        23.576162918012756               389.98945631954672                          70.927421275101395                      8.3145756650594809
                       5       946.46679539271508     0.022176971485178252      0.11726392578920007       68.551398246852841       3.0466536634678838      0.96499105802613128     0.055864768882929336     0.022415158537998151       1.0024669060396207       1.4082482993927425       1.9327110896866808   2.1044803466826077e-09     0.022415158537998151        492.7055697184673       5.7934714303969193       5.7934714303969193       1881.3466479246363                                                  1378.319848815129                                              10.321229391040148        23.538960737052548                 390.014753922902                          70.857570916635567                      8.2942841418771902
                       1       947.48110007629873     0.022204552030290724      0.11705174554310771       68.460746138109243       3.0484154631225651      0.96596317020536882      0.05775590496435757     0.039384850118080614       1.0016230710608494       1.4077004590387754       1.9206586999967539   2.1081912874378698e-09     0.039384850118080614       492.95092272302338       5.7934714303969193       5.7934714303969193       1883.3752572918036                                                 1379.9766413877333                                              10.447693181046812        23.379696394622158               390.06549788291039                          71.150117114310959                      8.3556113311799152
                       1       948.34211645266589     0.022139813494890939      0.11719902150601978       68.434776832527803       3.0453513548801312      0.96889900877310542     0.056723014095784771     0.020607228274017467       1.0009177608788946        1.410705739206795        1.752959083126082   2.1017414476873071e-09     0.020607228274017467       493.32454005525636       5.7934714303969193       5.7934714303969193       1885.0972900445379                                                 1381.2718044534502                                              10.500945535831386        22.725068529419161               390.04547711733829                          72.289635782527185                      8.2643586259717328
                       3       948.41364023920767     0.022129075252028858      0.11727857731597559       68.372925057449066       3.0448252613453488      0.96859607300172423     0.056402565391798637     0.022851510428011822       1.0009023896090954       1.4104015900026075       1.7808808114235486   2.1006360259030176e-09     0.022851510428011822       493.37611302985596       5.7934714303969193       5.7934714303969193       1885.2403376176214                                                 1381.1882195365818                                              10.676005051183871        22.766322284196178               390.03968919416138                          72.301990545921015                      8.2681110055773832
                       2       946.80669730732154     0.022129075252028858      0.11727857731597559       68.372925057449066       3.0448252613453488      0.96859607300172423     0.056402565391798637     0.022851510428011822        1.002779434806033       1.4104015900026075       1.7808808114235486   2.1006360259030176e-09     0.022851510428011822       490.16222716608348       5.7934714303969193       5.7934714303969193       1882.0264517538492                                                 1381.1882195365818                                              10.676005051183871        22.511542097819643               390.10758527187147                          69.064157057192944                      8.4789427391994714
                       5       946.69879607611244     0.022129075252028858      0.11727857731597559       68.372925057449066       3.0448252613453488      0.96859607300172423     0.056402565391798637     0.022851510428011822        1.002779434806033       1.2198553068552855       2.0740558798093574   2.1006360259030176e-09     0.022851510428011822       490.16222716608348       5.7934714303969193       5.7934714303969193        1881.810649291431                                                 1380.9724170741636                                              10.676005051183871        22.511542097819643               390.10758527187147                          69.064157057192944                      8.4789427391994714
                       2       948.17360561580597     0.022129075252028858      0.11727857731597559       68.372925057449066       3.0448252613453488      0.96859607300172423     0.056402565391798637     0.022851510428011822        1.002779434806033       1.2681766583522336       1.6859483759981524   2.1006360259030176e-09     0.022851510428011822       490.16222716608348       5.7934714303969193       5.7934714303969193        1884.760268370818                                                 1383.9220361535506                                              10.676005051183871        22.511542097819643               390.10758527187147                          69.064157057192944                      8.4789427391994714
                       2        948.6465256640613     0.022032777773950615      0.11760837123739258       68.173847075261094       3.0470018869303783      0.96582454760529934     0.055967652077076865     0.021573433397100189       1.0043094147674261       1.2678954752167795       1.8233685522806922   2.1052133037246944e-09     0.021573433397100189       490.32459632815937       5.7934714303969193       5.7934714303969193       1885.7061084673287                                                 1383.9336264250669                                              11.447885714102384        22.975843089550551               390.08273686756479                          68.928615599627179                       8.337400771416867
                       2       948.79309900472356     0.022032777773950615      0.11760837123739258       68.173847075261094       3.0470018869303783      0.96582454760529934     0.055967652077076865     0.021573433397100189       1.0053195854241803       1.2678954752167795       1.8233685522806922   2.1052133037246944e-09     0.021573433397100189       490.61774300948406       5.7934714303969193       5.7934714303969193       1885.9992551486532                                                 1383.9336264250669                                              11.447885714102384        22.833117871200102               390.08845356474404                          69.212809154623898                      8.4833624189159913
                       2       947.57870638309396     0.022153870668399085      0.11779693065995743       68.202902350445498       3.0492406605524311      0.96776362144678885     0.057752314261982345     0.033785573890025393       1.0039083954492884       1.2679797347915971       1.6582807697689226   2.1099316794546791e-09     0.033785573890025393       489.97930716186966       5.7934714303969193       5.7934714303969193        1883.570469905394                                                 1381.8363448341418                                              11.754817909382385        22.605224829687359               390.15328530787315                          68.775949471586415                      8.4448475527227629
                       2       948.43212992230247     0.022109693965792546      0.11751423662415196       68.355545616100343       3.0507189371185133      0.96963071656608923     0.060138112829341075     0.027440713366218766       1.0026611211166905         1.26578907952361       1.7939733619059748   2.1130530485674303e-09     0.027440713366218766       491.18371224712882       5.7934714303969193       5.7934714303969193        1885.277316983811                                                  1383.391928576985                                              10.701676159697261        22.318340223044686               390.53982188753344                          69.840230574030642                      8.4853195625200843
                       3       948.49088256079915     0.022109693965792546      0.11751423662415196       68.355545616100343       3.0507189371185133      0.96963071656608923     0.060138112829341075     0.027440713366218766       1.0010947635487062         1.26578907952361       1.7939733619059748   2.1130530485674303e-09     0.027440713366218766       491.30121752412248       5.7934714303969193       5.7934714303969193       1885.3948222608044                                                  1383.391928576985                                              10.701676159697261        22.523875763731269               390.51376457214349                          69.943947598879603                      8.3196295893681285
                       2       948.48363224348634     0.022109693965792546      0.11751423662415196       68.355545616100343       3.0507189371185133      0.96963071656608923     0.060138112829341075     0.027440713366218766       1.0010947635487062       1.3475786319217815         1.65225451980565   2.1130530485674303e-09     0.027440713366218766       491.30121752412248       5.7934714303969193       5.7934714303969193       1885.3803216261788                                                 1383.3774279423594                                              10.701676159697261        22.523875763731269               390.51376457214349                          69.943947598879603                      8.3196295893681285
                       5       947.37272944443203     0.022130700187498752      0.11785095302344176       68.201459107767633       3.0480396191395145       0.9671727692353832      0.05743891889174578     0.038825847795255483       1.0020157974986219       1.3471197185545802       1.7056341626506795   2.1073990853088936e-09     0.038825847795255483       490.16888378474471       5.7934714303969193       5.7934714303969193       1883.1585160280702                                                 1381.3699365567045                                              11.619695686621007        22.929875818875985               390.09544062966336                          68.779954816751442                      8.3636125194539037
                       1       948.13113428990823      0.02211099450651955      0.11805999054243467       68.075162526512614       3.0450576247321131      0.96779019354246498     0.056347302613238462     0.037283175450825184       1.0013192196744982       1.3472293314244339       1.6871099881721519   2.1011241935182991e-09     0.037283175450825184       490.56408509937188       5.7934714303969193       5.7934714303969193       1884.6753257190226                                                 1381.4671021360555                                              12.644138483595251        22.763595566297795               390.04082684757282                          69.393768608829461                      8.3658940766717738
                       3       948.37684604858146     0.022103958258541154      0.11806861645583425        68.01465637625499       3.0463606733912236       0.9677438530095388        0.056870988340561     0.043324986534971945       1.0014583314277186       1.3474045250930746       1.6880382510447884     2.10386384514333e-09     0.043324986534971945       490.67025841870236       5.7934714303969193       5.7934714303969193        1885.166749236369                                                 1381.3950976456913                                              13.101393171975376        22.776507315572189               390.08951325136081                          69.435767054750428                      8.3684707970189116
                       5       948.34386658715459     0.022103958258541154      0.11806861645583425        68.01465637625499       3.0463606733912236       0.9677438530095388        0.056870988340561     0.043324986534971945       1.0015194943969583       1.3474045250930746       1.6880382510447884     2.10386384514333e-09     0.043324986534971945       490.60429949584864       5.7934714303969193       5.7934714303969193       1885.1007903135153                                                 1381.3950976456913                                              13.101393171975376         22.76800368677749               390.09539456182762                          69.368820367297005                      8.3720808799465303
                       3        948.3096024677219     0.022114016443350398      0.11853539019194585       67.928836545444113       3.0401791668572105      0.96431001757660495      0.05178553797016669     0.042588102272813393       1.0029608714442144       1.3469585852777868       1.7702458928627909   2.0908989097379577e-09     0.042588102272813393       490.48955645886321       5.7934714303969193       5.7934714303969193       1885.0322620746499                                                 1380.1040727177788                                              14.438632898008189        23.349847130745218               390.47798417573961                          68.228418378371885                      8.4333067740064855
                       2       950.12506174780458     0.022114016443350398      0.11853539019194585       67.928836545444113       3.0401791668572105      0.96431001757660495      0.05178553797016669     0.042588102272813393       1.0029608714442144       1.6534190974926513       1.8870526469922724   2.0908989097379577e-09     0.042588102272813393       490.48955645886321       5.7934714303969193       5.7934714303969193       1888.6631806348153                                                 1383.7349912779441                                              14.438632898008189        23.349847130745218               390.47798417573961                          68.228418378371885                      8.4333067740064855
                       6       950.03240277387579     0.022114016443350398      0.11853539019194585       67.928836545444113       3.0401791668572105      0.96431001757660495      0.05178553797016669     0.042588102272813393        1.004307250579763       1.6534190974926513       1.8870526469922724   2.0908989097379577e-09     0.042588102272813393       490.30423851100528       5.7934714303969193       5.7934714303969193       1888.4778626869577                                                 1383.7349912779441                                              14.438632898008189        23.150300010051808               390.55196464335125                          67.954700283334574                      8.6472735742676594
                       5       949.05996319640701     0.022140463078955962      0.11883694479033223       68.159300686212745       3.0404001811919352      0.96291528686514172     0.050722603365783818    0.0095505812743027149        1.005151062929234       1.6544068058642676       1.7919276707998784   2.0913610794406534e-09    0.0095505812743027149       490.41613230512252       5.7934714303969193       5.7934714303969193       1886.5329835320201                                                 1383.2913181792246                                              12.825533047673089        23.486464220099322               390.77696933633939                           67.74279020322443                      8.4099085454593432
                       3       951.31498144100271     0.022140463078955962      0.11883694479033223       68.159300686212745       3.0404001811919352      0.96291528686514172     0.050722603365783818    0.0095505812743027149        1.005151062929234       1.8089019151138304       1.4337756539387037   2.0913610794406534e-09    0.0095505812743027149       490.41613230512252       5.7934714303969193       5.7934714303969193       1891.0430200212115                                                  1387.801354668416                                              12.825533047673089        23.486464220099322               390.77696933633939                           67.74279020322443                      8.4099085454593432
                       8       950.74029283652771     0.022140935259114852      0.11862718008139975        68.16650837963536       3.0424410175328518      0.96261787421087575     0.051198550404285684     0.010298366414496402       1.0060592862524549       1.8107780279992982        1.346005749469863   2.0956335633708771e-09     0.010298366414496402       490.17939439579465       5.7934714303969193       5.7934714303969193       1889.8936428122615                                                 1387.0711179529571                                              12.643130463509577        23.530180371618314               390.70156703261694                          67.580005832596257                       8.367641158963119
                       3       950.92680819890734     0.022117048708476469      0.11820532145581719       68.330973615174187       3.0381586392968134      0.96668663801696497     0.052664581914619243    0.0029525394015556174       1.0028041135834331       1.8074208323233891       1.4806727552039467   2.0866784560721468e-09    0.0029525394015556174       490.40361288397679       5.7934714303969193       5.7934714303969193       1890.2666735370208                                                 1388.6643007167929                                              11.198759936251012        22.713915822071044               390.43152395249035                          68.685559289685855                      8.5726138197295754
                       1       951.01721731653743     0.022140994076641194      0.11826267817814443       68.297493940978129       3.0470023544146878      0.96516549744983748     0.056757818038887159    0.0084204266565306336       1.0031941422890249       1.8063617846574358       1.5031875720908352   2.1052142878791121e-09    0.0084204266565306336       489.62619675202529       5.7934714303969193       5.7934714303969193        1890.447491772281                                                 1389.3458535494794                                               11.47544147077609        23.155185611166303               390.09539225933418                          68.033923824831561                      8.3416950566932808
                       2       948.00662141934254     0.022140994076641194      0.11826267817814443       68.297493940978129       3.0470023544146878      0.96516549744983748     0.056757818038887159    0.0084204266565306336       1.0031941422890249       1.4976065772629796       1.4954012661980356   2.1052142878791121e-09    0.0084204266565306336       489.62619675202529       5.7934714303969193       5.7934714303969193       1884.4262999778912                                                 1383.3246617550897                                               11.47544147077609        23.155185611166303               390.09539225933418                          68.033923824831561                      8.3416950566932808
                       5       948.18063577879525     0.022140994076641194      0.11826267817814443       68.297493940978129       3.0470023544146878      0.96516549744983748     0.056757818038887159    0.0084204266565306336        1.003537185857136       1.4976065772629796       1.4954012661980356   2.1052142878791121e-09    0.0084204266565306336       489.97422547093072       5.7934714303969193       5.7934714303969193       1884.7743286967966                                                 1383.3246617550897                                               11.47544147077609         23.10496998380512               390.08705558656567                          68.415512967612131                      8.3666869329478128
                       3       948.75572380105984     0.022140994076641194      0.11826267817814443       68.297493940978129       3.0470023544146878      0.96516549744983748     0.056757818038887159    0.0084204266565306336        1.003537185857136       1.5132148770458442       1.4126092853200736   2.1052142878791121e-09    0.0084204266565306336       489.97422547093072       5.7934714303969193       5.7934714303969193       1885.9245047413258                                                 1384.4748377996189                                               11.47544147077609         23.10496998380512               390.08705558656567                          68.415512967612131                      8.3666869329478128
                       3       948.33225044484823     0.022290249209598892      0.11718549128839423       68.750312325819749       3.0406396115065659      0.96469077854303631     0.053234306118161996     0.023638862935754498       1.0048878362962657       1.5139112810522719       1.3774831792247364    2.091861874632293e-09     0.023638862935754498       490.60086130748806       5.7934714303969193       5.7934714303969193       1885.0775580289026                                                 1384.1446738186489                                              10.332022902765313        23.147348357837586               390.27050350870701                          67.532954627519658                      9.6500548134238038
                       8        951.8028058870533     0.022410091233367697      0.11705348907448368       68.555466492892918       3.0351478592186334      0.96532786109037128     0.051833542671174744     0.037582059097399312       1.0033844248638726       1.5147817385967179       1.1657142668285509   2.0804053743205042e-09     0.037582059097399312       492.55529681644299       5.7934714303969193       5.7934714303969193       1892.0186689133127                                                  1388.840842489516                                              10.622529607353528        22.978676582794776               390.65594879675052                          68.846244026466451                      10.074427410431273
                       1       950.32929025429701     0.022410091233367697      0.11705348907448368       68.555466492892918       3.0351478592186334      0.96532786109037128     0.051833542671174744     0.037582059097399312       1.0033844248638726       1.3792802850642805       1.5050967950083607   2.0804053743205042e-09     0.037582059097399312       492.55529681644299       5.7934714303969193       5.7934714303969193       1889.0716376478001                                                 1385.8938112240035                                              10.622529607353528        22.978676582794776               390.65594879675052                          68.846244026466451                      10.074427410431273
                       6       950.50454800068417     0.022368962709697147      0.11684658669295431       68.676962821458702       3.0299482341687072      0.96814517378953824      0.04922072793208189      0.03290738904603005       1.0035160949798743       1.3821070501672601       1.4115555585936475   2.0696161207669774e-09      0.03290738904603005       493.33026874271866       5.7934714303969193       5.7934714303969193       1889.4221531405744                                                 1385.7592501733748                                              10.332634224481144        22.365350320703669               391.98556682311892                          68.210386030381812                      10.768965568514254
                       1        947.9374606229195     0.022282958434414846      0.11829458980175343       68.362941480886988       3.0442067344620893      0.95786397908807819     0.052396821188244687     0.017815768501336836       1.0065231928757121       1.3762428920773053       1.8369906760117467   2.0993371277921641e-09     0.017815768501336836       492.37140373601892       5.7934714303969193       5.7934714303969193       1884.2879783850451                                                 1380.3115763293083                                              11.604998319717721        24.702809642461432               390.18085104933664                          68.942954855761286                      8.5447881884595667
                       3       947.81630691988164     0.022325119642677072      0.11807111718829257       68.527852310347015       3.0488187287819706      0.95875722267318042     0.054843904331302824     0.017776097560888611       1.0065636943358878       1.3768328419715981       1.7605382511403602   2.1090416200309946e-09     0.017776097560888611         492.048921922658       5.7934714303969193       5.7934714303969193       1884.0456709789694                                                 1381.2137896702125                                              10.782959386098867        24.614534234244331               389.89833581033469                          69.040842460561308                      8.4952094175177137
                       9       948.55119287086563      0.02233113498561734      0.11786178093459583       68.656054698910026       3.0486739336466422      0.95691157109741232     0.054033464197901303     0.011909413115185695       1.0077179893050487        1.376595687012605       1.8155950525954141   2.1087362631718362e-09     0.011909413115185695       493.71571781299758       5.7934714303969193       5.7934714303969193       1885.5154428809374                                                 1381.4019331010061                                               10.39779196693334        25.036359856219974               389.90876807323536                           70.12340733611552                      8.6471825474267501
                       6       948.68108043618224      0.02236561661331074      0.11832361780800234       68.421662741361331       3.0559754225605698      0.95793854896036634     0.056427508477961616     0.014142268109567617       1.0082931813146323       1.3819230952790813       1.4201780597121116   2.1241895248759958e-09     0.014142268109567617       493.22703344599023       5.7934714303969193       5.7934714303969193       1885.7752180115706                                                  1380.906619320305                                              11.641565245275098        24.900517211342958               389.94033935476375                          70.155988380123901                       8.230188499759624
                       2       948.38433733800559     0.022372439279006385      0.11866300846338571       68.302463055460876        3.044918307897174      0.96044712592967563     0.052596785251182498     0.010974386267186317       1.0058121668145317        1.380959908468828       1.4050908069789763    2.100831491935447e-09     0.010974386267186317        491.8515081483846       5.7934714303969193       5.7934714303969193       1885.1817318152173                                                 1380.4724706988168                                              12.857752968015905        24.172480386515133               390.21956511187801                          69.169772071571444                      8.2896905784199717
                       2       948.10852508560197     0.022372439279006385      0.11866300846338571       68.302463055460876        3.044918307897174      0.96044712592967563     0.052596785251182498     0.010974386267186317       1.0048867586477843        1.380959908468828       1.4050908069789763    2.100831491935447e-09     0.010974386267186317        491.2998836435774       5.7934714303969193       5.7934714303969193         1884.63010731041                                                 1380.4724706988168                                              12.857752968015905        24.326945701246643               390.20161377958169                          68.503350507349907                      8.2679736553991248
                       3       947.75338198179611     0.022372439279006385      0.11866300846338571       68.302463055460876        3.044918307897174      0.96044712592967563     0.052596785251182498     0.010974386267186317       1.0048867586477843        1.407979873168786       1.4294654018797992    2.100831491935447e-09     0.010974386267186317        491.2998836435774       5.7934714303969193       5.7934714303969193       1883.9198211027983                                                 1379.7621844912051                                              12.857752968015905        24.326945701246643               390.20161377958169                          68.503350507349907                      8.2679736553991248
                       1       948.64879297792299     0.022446343226781924      0.11825816238228831       68.478216697490282       3.0445642644916022      0.96037801188062244     0.053231632770678841     0.010558162202967887       1.0045649498131077       1.3935502254972467       1.4295769535714156   2.1000878380501544e-09     0.010558162202967887       492.39139722903667       5.7934714303969193       5.7934714303969193       1885.7106430950521                                                 1381.6574508156909                                              11.661795050324317        24.373956535978323               390.10909356573711                           69.62910287965336                      8.2792442476678687
                       4       948.77932941707309     0.022446343226781924      0.11825816238228831       68.478216697490282       3.0445642644916022      0.96037801188062244     0.053231632770678841     0.010558162202967887       1.0051266480756078       1.3935502254972467       1.4295769535714156   2.1000878380501544e-09     0.010558162202967887       492.65247010733691       5.7934714303969193       5.7934714303969193       1885.9717159733523                                                 1381.6574508156909                                              11.661795050324317        24.279237980959351                390.1114756627918                          69.928183233854298                      8.3335732297315044
                       1       947.87391010703118     0.022350067260685655      0.11825393514403089       68.337697785264254       3.0406275747099394      0.96253467447859353     0.052483630436819709     0.010209401143207227       1.0037679552200123       1.3844355657654632       1.4824679648127594   2.0918366954678756e-09     0.010209401143207227       490.63756910377447       5.7934714303969193       5.7934714303969193       1884.1608773532685                                                 1381.2895113310651                                              12.233796918429062        23.705904923383628               390.32894043083354                          68.248415743512055                      8.3543080060452652
                       1       947.92199051498494     0.022350067260685655      0.11825393514403089       68.337697785264254       3.0406275747099394      0.96253467447859353     0.052483630436819709     0.010209401143207227       1.0033120348992917       1.1106139164563311       2.6183085813428546   2.0918366954678756e-09     0.010209401143207227       490.52098722411176       5.7934714303969193       5.7934714303969193        1884.257038169176                                                  1381.502254026635                                              12.233796918429062        23.777955042521796               390.32907281220037                          68.108243810540174                      8.3057155588494673
                       4       947.93450559490088     0.022107735039687052      0.11822307474763902       68.171298510151232       3.0508022370555929      0.96257442469470977     0.055628379544284845     0.030989034563491277       1.0055455150086614       1.0127649041023281       3.1427580457914734   2.1132290730847355e-09     0.030989034563491277       489.41285623326348       5.7934714303969193       5.7934714303969193       1884.2820683290079                                                 1382.9045951348096                                              11.964616960934691        23.785893773141538               389.97720403777151                          67.336310049571964                      8.3134483727784243
                       8        947.3219607703021     0.022107735039687052      0.11822307474763902       68.171298510151232       3.0508022370555929      0.96257442469470977     0.055628379544284845     0.030989034563491277       1.0057795368028344       1.6242340840743683       1.7198227577804186   2.1132290730847355e-09     0.030989034563491277       489.30990035559887       5.7934714303969193       5.7934714303969193       1883.0569786798103                                                 1381.7824613632768                                              11.964616960934691        23.748810328537843               389.97720403777151                          67.259938119729512                      8.3239478695599907
                       1       947.49570465510442     0.022069476756077115      0.11814975042958761       68.149467000195287       3.0464277070250105      0.96187092569967414     0.053525233047491419     0.030486406895039158       1.0057444994385243       1.6118022831205212        1.876269182288453   2.1040048795088334e-09     0.030486406895039158       489.72656609269552       5.7934714303969193       5.7934714303969193       1883.4044664494149                                                 1381.7684290163934                                              11.909471340325963        23.819366071203831               390.12841363857768                          67.379150553371417                       8.399635829542591
                       4        947.4561046135201      0.02206561542597037      0.11813330577942556       68.157317307553868       3.0467943772763171      0.96191230006914086     0.053819941026500728     0.030060153408630583       1.0056673984127473         1.60757041211536       1.8982138442133765   2.1047764969626904e-09     0.030060153408630583        489.6730050059395       5.7934714303969193       5.7934714303969193       1883.3252663662463                                                   1381.82394853191                                              11.828312828396646        23.817810586505402               390.06174242395826                          67.399136983441451                       8.394315012034383
                       2       947.57958335821377      0.02206561542597037      0.11813330577942556       68.157317307553868       3.0467943772763171      0.96191230006914086     0.053819941026500728     0.030060153408630583       1.0053191982525644         1.60757041211536       1.8982138442133765   2.1047764969626904e-09     0.030060153408630583        489.9199624953269       5.7934714303969193       5.7934714303969193       1883.5722238556336                                                   1381.82394853191                                              11.828312828396646        23.873497313776795               390.05447695672001                          67.635829851733121                      8.3561583730969389
                       1       946.95888806865662      0.02206561542597037      0.11813330577942556       68.157317307553868       3.0467943772763171      0.96191230006914086     0.053819941026500728     0.030060153408630583       1.0052839722234617       1.5382521580677486       2.0718727786456732   2.1047764969626904e-09     0.030060153408630583        489.9552221481328       5.7934714303969193       5.7934714303969193       1882.3308332765193                                                 1380.5472982999897                                              11.828312828396646        23.879151975375123               390.05447695672001                          67.668775988713378                      8.3528172273242962
                       4       946.82114595862902      0.02206561542597037      0.11813330577942556       68.157317307553868       3.0467943772763171      0.96191230006914086     0.053819941026500728     0.030060153408630583        1.005607546960511       1.4392858541185649       1.7888710741214668   2.1047764969626904e-09     0.030060153408630583       489.70311616032802       5.7934714303969193       5.7934714303969193       1882.0553490564641                                                 1380.5239200677393                                              11.828312828396646        23.827354876123138               390.06033559923043                          67.428331869495864                      8.3870938154785986
                       1        946.5440379957754      0.02206561542597037      0.11813330577942556       68.157317307553868       3.0467943772763171      0.96191230006914086     0.053819941026500728     0.030060153408630583       1.0055994829004082       1.3935554226064277        1.881886301843922   2.1047764969626904e-09     0.030060153408630583       489.70774889396887       5.7934714303969193       5.7934714303969193       1881.5011331307569                                                 1379.9650714083914                                              11.828312828396646        23.828641669923741               390.06033559923043                          67.432629746979302                      8.3861418778353887
                       2       947.24201676738744      0.02225178571647457      0.11664196437629383       68.927793888047205       3.0480340070360987      0.96567424222810871     0.056823706299762487     0.034603120541188567       1.0043047206976605       1.3432861590930669       2.0051164101790091   2.1073872584004758e-09     0.034603120541188567       490.24081694008174       5.7934714303969193       5.7934714303969193        1882.897090673981                                                 1381.4811101270427                                              11.175163606856342         23.25743825154035               389.98951641289341                          67.631836102002993                       9.362026173645031
                       1       946.79823495598862     0.022271769043616985      0.11668143388053309       68.938165858556431       3.0476444781389516      0.96682944234258505     0.057124492186958066     0.028560583372445682       1.0037637626147702       1.3622468270018637       1.8434248954159402   2.1065665300249363e-09     0.028560583372445682       489.72015505831791       5.7934714303969193       5.7934714303969193       1882.0095270511833                                                 1381.1870355444271                                              11.102336448438397        23.025401063813433               390.03450691947427                          67.504353641612099                      9.1558934334180879
                       2        947.5096699422628     0.022337786363770169      0.11666183147214811       68.944174914480257       3.0523638340078336      0.96474895408626116     0.058574525898013152     0.033587141953110078        1.005052329328433       1.3566306299003186       1.7512461804785282   2.1165316631508049e-09     0.033587141953110078       490.24280758293884       5.7934714303969193       5.7934714303969193       1883.4323970237317                                                 1382.2355923966293                                              10.953997044163589        23.487467436020836                390.1566272044405                           67.51764823184692                      9.0810647106305922
                       5       947.52786555046055     0.022337786363770169      0.11666183147214811       68.944174914480257       3.0523638340078336      0.96474895408626116     0.058574525898013152     0.033587141953110078        1.005554966084129       1.3566306299003186       1.7512461804785282   2.1165316631508049e-09     0.033587141953110078       490.27919879933427       5.7934714303969193       5.7934714303969193       1883.4687882401272                                                 1382.2355923966293                                              10.953997044163589        23.410809812737114               390.15339535542989                          67.442750119237871                      9.2722435119293856
