#                 weight             minuslogpost                 omegabh2                 omegach2                       H0                     logA                       ns                      tau                      mnu                       As            minuslogprior         minuslogprior__0                     chi2 chi2__sbt_spt_audit.likelihoods.candl_cobaya.CandlCobayaLikelihood chi2__sbt_spt_audit.likelihoods.desi_dr2_bao.DESIDR2BAOGaussian
                      10       700.00582863337684               0.02208835               0.11613327       68.761624999999995       3.0481784044020843      0.97313026025654892     0.058678189999999998     0.043870311000000002   2.1076915815409012e-09       3.4908863374028734       3.4908863374028734       1393.0298845919478                                                  1381.942355113059                                              11.087529478888994
                       3       699.94387888355186               0.02208835               0.11613327       68.761624999999995       3.0496989600714604      0.97135031665867877     0.058678189999999998     0.043870311000000002   2.1108988817458009e-09       3.4908863374028734       3.4908863374028734       1392.9059850922979                                                  1381.818455613409                                              11.087529478888994
                       4       699.95469584377042     0.022091390257845702      0.11627652775200573       68.853389590609154       3.0517251971642363      0.97073677668067104     0.059426399553474868     0.027955649431822698   2.1151803995793545e-09       3.4908863374028734       3.4908863374028734        1392.927619012735                                                 1381.4967068613755                                              11.430912151359598
                       1       700.77748470081383     0.022029439369203409      0.11659026795576957       68.671446138050598        3.059679372778116      0.97214662351448566     0.063621245256834477     0.032858623776381324   2.1320720062763114e-09       3.4908863374028734       3.4908863374028734       1394.5731967268218                                                 1383.9038319743368                                              10.669364752485119
                       2       700.52787552968641     0.022038870516978427      0.11669932102767101       68.666750065984445       3.0591179623218636      0.97182021297520083     0.063099848202050154     0.032559254303468232   2.1308753746906768e-09       3.4908863374028734       3.4908863374028734        1394.073978384567                                                 1383.4677523900161                                               10.60622599455092
                       6       698.97175709784835       0.0222147296927762      0.11794262821125827       68.522283028721418       3.0674319149477136      0.96109123813233277     0.063379803207790228    0.0051050450216193373   2.1486652211055244e-09       3.4908863374028734       3.4908863374028734       1390.9617415208909                                                 1380.3796318739762                                              10.582109646914747
                       6       698.93359133285935     0.022220677946511017      0.11790364538879872       68.555176226982269       3.0673504091227661      0.96091231477242278     0.063327005334802886    0.0028253639691484629   2.1484900995109542e-09       3.4908863374028734       3.4908863374028734       1390.8854099909129                                                 1380.3849719154612                                              10.500438075451644
                       2       698.94147999920415     0.022220677946511017      0.11790364538879872       68.555176226982269       3.0654275588180915      0.96240772170782607     0.063327005334802886    0.0028253639691484629   2.1443628439874494e-09       3.4908863374028734       3.4908863374028734       1390.9011873236025                                                 1380.4007492481508                                              10.500438075451644
                       3       698.94536685615833     0.022220677946511017      0.11790364538879872       68.555176226982269       3.0653555634374321      0.96243546815807612     0.063327005334802886    0.0028253639691484629   2.1442084653255668e-09       3.4908863374028734       3.4908863374028734       1390.9089610375108                                                 1380.4085229620591                                              10.500438075451644
                       3       698.95452390400146     0.022220677946511017      0.11790364538879872       68.555176226982269       3.0666939338622567      0.96095752220671093     0.063327005334802886    0.0028253639691484629    2.147080131768283e-09       3.4908863374028734       3.4908863374028734       1390.9272751331971                                                 1380.4268370577454                                              10.500438075451644
                       3       698.66979331099219     0.022277116106459854      0.11761981665198924       68.548330044236906       3.0649983375060139      0.95993485082394825     0.062340337362311475     0.020560148851070392   2.1434426352547105e-09       3.4908863374028734       3.4908863374028734       1390.3578139471786                                                 1379.8435194843919                                              10.514294462786605
                       3       698.18516255734357      0.02235338642525455      0.11710908629729748       68.669693109507961       3.0564991456355872      0.95927252474570257     0.058106014853084122     0.037502958540855641   2.1253023033143216e-09       3.4908863374028734       3.4908863374028734       1389.3885524398813                                                 1379.0793174264056                                              10.309235013475728
                       2       699.61029628682559      0.02235338642525455      0.11710908629729748       68.669693109507961       3.0490218465849095      0.96354956521582857     0.058106014853084122     0.037502958540855641   2.1094700474403063e-09       3.4908863374028734       3.4908863374028734       1392.2388198988453                                                 1381.9295848853696                                              10.309235013475728
                       2       699.89133767690635      0.02235338642525455      0.11710908629729748       68.669693109507961       3.0539186161799727      0.96541579464463356     0.058106014853084122     0.037502958540855641   2.1198249683701389e-09       3.4908863374028734       3.4908863374028734       1392.8009026790069                                                 1382.4916676655312                                              10.309235013475728
                       2       701.10640396683095      0.02235338642525455      0.11710908629729748       68.669693109507961       3.0482098315749711      0.97102075829740453     0.058106014853084122     0.037502958540855641   2.1077578213694864e-09       3.4908863374028734       3.4908863374028734       1395.2310352588561                                                 1384.9218002453804                                              10.309235013475728
                       1        700.3715050971324     0.022316051591511645      0.11801043483987275       68.496470112083074       3.0461938657329806      0.96973585325924017     0.056068414287793446     0.016458261504416129   2.1035129338102221e-09       3.4908863374028734       3.4908863374028734        1393.761237519459                                                 1382.8518634298696                                              10.909374089589356
                       3       700.43686057132879     0.022310331708620068      0.11802143573328355       68.499280608343412       3.0462473970737953      0.97013073650567183     0.056161815380225064     0.017335645404485137   2.1036255406919619e-09       3.4908863374028734       3.4908863374028734       1393.8919484678518                                                 1383.0184942299984                                              10.873454237853384
                       4       698.30699534105486     0.022310331708620068      0.11802143573328355       68.499280608343412       3.0511949836504622      0.95946238821682617     0.056161815380225064     0.017335645404485137   2.1140591996113808e-09       3.4908863374028734       3.4908863374028734       1389.6322180073039                                                 1378.7587637694505                                              10.873454237853384
                       4       698.59646355116752     0.022348438502281163      0.11794582431780332       68.691939826041718       3.0495400475484744      0.95855161585129978     0.055055142389413989     0.004223195035517352   2.1105634601307879e-09       3.4908863374028734       3.4908863374028734       1390.2111544275292                                                 1379.8163847399435                                              10.394769687585615
                       9       698.62096449067451     0.022273118104188673      0.11824114657215952        68.47350301501902       3.0538656630642578      0.96018064641907952      0.05756029179343955    0.0091941455069970285     2.11971272000527e-09       3.4908863374028734       3.4908863374028734       1390.2601563065432                                                 1379.2731591364866                                              10.986997170056716
                       1       701.08003841829259     0.022099212763353575      0.11778119014848418       68.240239907587025       3.0647174376273583       0.9662329221523559     0.065464897366060329     0.028359139200310295   2.1428406270345386e-09       3.4908863374028734       3.4908863374028734       1395.1783041617794                                                 1383.8549380529423                                              11.323366108837025
                       1       702.22685388156924     0.022099212763353575      0.11778119014848418       68.240239907587025       3.0784287608322356      0.95416260093988781     0.065464897366060329     0.028359139200310295    2.172424158655325e-09       3.4908863374028734       3.4908863374028734       1397.4719350883327                                                 1386.1485689794956                                              11.323366108837025
                       6        702.2126796614848     0.022089661621088531      0.11781854851240312        68.24687538250771       3.0781840785932681      0.95435713846766568     0.065379295968133827     0.025001215796507215   2.1718926700737578e-09       3.4908863374028734       3.4908863374028734       1397.4435866481638                                                  1386.157294588141                                              11.286292060022822
                      18       702.45235911521979     0.022189865413303537      0.11764800415523702       68.572776322384129       3.0809762843092572      0.95336494058286758     0.066194005124460692     0.024075801418640956   2.1779655155730766e-09       3.4908863374028734       3.4908863374028734       1397.9229455556338                                                 1387.5993808074884                                              10.323564748145468
                       1       701.01432241454438     0.022189865413303537      0.11764800415523702       68.572776322384129       3.0692844034810842      0.96399357006980579     0.066194005124460692     0.024075801418640956    2.152649287869325e-09       3.4908863374028734       3.4908863374028734       1395.0468721542829                                                 1384.7233074061376                                              10.323564748145468
                       2        701.2421502658558     0.022176425667542479      0.11745883940577659       68.536490423347544       3.0705634463625655      0.96468179025550138     0.067247716485704753      0.03177293025502298   2.1554043801823051e-09       3.4908863374028734       3.4908863374028734       1395.5025278569058                                                 1385.1722604126701                                              10.330267444235734
                       1       698.39251925394524     0.022308898214227685      0.11753894765904045       68.402000077642654       3.0540713580287817      0.95888123256611868     0.057317010820320979     0.042041161509878702   2.1201487790840533e-09       3.4908863374028734       3.4908863374028734       1389.8032658330847                                                 1378.7675082544638                                              11.035757578620858
                       4       698.19116160249291     0.022194713324996503      0.11713709618021502       68.477011752812302       3.0451770205282997       0.9642042677208954     0.054682245036428212     0.040455850946424704   2.1013750738910045e-09       3.4908863374028734       3.4908863374028734         1389.40055053018                                                 1378.9946668820878                                              10.405883648092074
                       3       697.90839475306007     0.022194713324996503      0.11713709618021502       68.477011752812302       3.0447457396555273      0.96617665939289732     0.054682245036428212     0.040455850946424704   2.1004689864182572e-09       3.4908863374028734       3.4908863374028734       1388.8350168313143                                                 1378.4291331832221                                              10.405883648092074
                       2       697.87855756927854      0.02219346089528898      0.11715621792896365       68.489404346534343       3.0450842306459176      0.96611568604186704     0.054830008507179229     0.037851336755977204   2.1011800965911577e-09       3.4908863374028734       3.4908863374028734       1388.7753424637513                                                  1378.385588502013                                              10.389753961738176
                       1       697.86805998185378     0.022225098100583051      0.11716786489527731         68.4765248792405       3.0456005237114017      0.96489260294488222     0.054730842895023675     0.040730573685324109      2.1022652013963e-09       3.4908863374028734       3.4908863374028734       1388.7543472889017                                                  1378.294655793514                                              10.459691495387622
                       1       697.77574183828631     0.022220117110275651       0.1173297280606531       68.441907078894062       3.0452349655231128       0.9646482276245405      0.05435008603170214     0.037902817861798055   2.1014968415866414e-09       3.4908863374028734       3.4908863374028734       1388.5697110017668                                                 1377.9836083505129                                               10.58610265125391
                       2       697.74873049166945     0.022296529268689851      0.11722679221174193       68.663433080536066       3.0393388613974297      0.96294959729574869     0.050791678208518543     0.029424005879437998   2.0891426539672543e-09       3.4908863374028734       3.4908863374028734       1388.5156883085331                                                 1378.2187430613772                                              10.296945247155902
                       7       698.24966077464126     0.022296529268689851      0.11722679221174193       68.663433080536066       3.0469965464246886      0.95574579294021222     0.050791678208518543     0.029424005879437998   2.1052020608510892e-09       3.4908863374028734       3.4908863374028734       1389.5175488744767                                                 1379.2206036273208                                              10.296945247155902
                       6       698.38163648043758     0.022296529268689851      0.11722679221174193       68.663433080536066       3.0477935719096281      0.95510102132540187     0.050791678208518543     0.029424005879437998   2.1068806293866255e-09       3.4908863374028734       3.4908863374028734       1389.7815002860693                                                 1379.4845550389134                                              10.296945247155902
                       5       698.26325842229016     0.022295756717678972      0.11727275150725094       68.674346364443878        3.048957209815887      0.95481255653428687     0.051294293073545535     0.024876860295278705   2.1093337025185852e-09       3.4908863374028734       3.4908863374028734       1389.5447441697745                                                 1379.2460617603058                                              10.298682409468706
                       8       698.10307277239031     0.022179904990781527      0.11785927820010017       68.445170870184839       3.0509814894497014      0.95698882530289087     0.052602572574530326     0.015156339933088916   2.1136079084079405e-09       3.4908863374028734       3.4908863374028734       1389.2243728699748                                                 1378.5259553673204                                              10.698417502654316
                       4        698.0994002176102     0.022181265965788514      0.11781335053614272       68.469067693858435       3.0508431869210391      0.95714634577184332     0.052597284821024257     0.015177001461244186   2.1133156113027875e-09       3.4908863374028734       3.4908863374028734       1389.2170277604146                                                 1378.6108410790525                                              10.606186681362072
                       8       697.49096345934095     0.022181265965788514      0.11781335053614272       68.469067693858435       3.0439433768795445      0.96453043086210943     0.052597284821024257     0.015177001461244186   2.0987843242369414e-09       3.4908863374028734       3.4908863374028734       1388.0001542438761                                                  1377.393967562514                                              10.606186681362072
                       2       697.46021913729373     0.022181265965788514      0.11781335053614272       68.469067693858435       3.0424072239394486      0.96546531070798214     0.052597284821024257     0.015177001461244186   2.0955627455789155e-09       3.4908863374028734       3.4908863374028734       1387.9386655997816                                                 1377.3324789184196                                              10.606186681362072
                       1       700.06588720737659     0.021984461259490863      0.11668733113293818       68.628637967513697       3.0398924214570955      0.97675595402724047     0.055294224010435197     0.037260929533469767   2.0902994400451807e-09       3.4908863374028734       3.4908863374028734       1393.1500017399474                                                 1382.5189713458417                                              10.631030394105769
                       2       700.32944875467604     0.021940517323212234        0.117011170519061       68.648344798095479       3.0397628939383421      0.97739630092909258     0.055182459838547589     0.018744823506828667    2.090028706279375e-09       3.4908863374028734       3.4908863374028734       1393.6771248345462                                                 1383.0289249486889                                              10.648199885857304
                       1        700.9415640147306     0.021946647493731191      0.11685525134581166       68.738178563070193       3.0269829832485549      0.97793571967160808     0.048944721598884883      0.01600713899718606   2.0634882794441004e-09       3.4908863374028734       3.4908863374028734       1394.9013553546554                                                 1383.8572308054429                                              11.044124549212571
                       2       700.44551650624624     0.022074974808395331        0.116861646649459       68.649414751547496       3.0225279021968641      0.97385161389616604      0.04538522637406938     0.038941286550905729   2.0543157193305577e-09       3.4908863374028734       3.4908863374028734       1393.9092603376866                                                 1383.4291269230687                                              10.480133414617892
                       5        700.7147749430809     0.022232905044092591      0.11727805936354277       68.856417854713783       3.0383014942320554      0.96828827505942627     0.051128732996880297     0.026705465628111637   2.0869765696808534e-09       3.4908863374028734       3.4908863374028734        1394.447777211356                                                 1383.7845698468093                                              10.663207364546759
                       3       699.21748620776907     0.022105415720735669      0.11769163340248291        68.61202696468952       3.0457223503586088      0.97028732682836893     0.055442662462842414     0.015777106693128057   2.1025213289185881e-09       3.4908863374028734       3.4908863374028734       1391.4531997407323                                                 1381.1713289091817                                              10.281870831550609
                       1        700.1297802003287     0.022117166863999772      0.11723842487896659       68.543056117473498       3.0515153709998839      0.97150575555596219     0.058995329822947071     0.046659924740940419   2.1147366259484848e-09       3.4908863374028734       3.4908863374028734       1393.2777877258516                                                 1382.9945987925016                                              10.283188933349891
                       2       702.58334513313002     0.022111210831532443      0.11614794639608561       69.059742113610952       3.0568273780986424      0.97424489427778838     0.063366787307394007     0.029683108407321548   2.1260000110229707e-09       3.4908863374028734       3.4908863374028734       1398.1849175914542                                                 1385.1128773101398                                               13.07204028131455
                       2       701.64389612809043     0.022144618865855389      0.11579028083367426       69.052030819587344        3.052816751022001      0.97335977194691936     0.061479610149704864     0.039999435601173305   2.1174904934709621e-09       3.4908863374028734       3.4908863374028734        1396.306019581375                                                 1383.1807583930483                                              13.125261188326602
                       5       700.19770872680544     0.022233050855951668      0.11610881788107169       68.797484937869967       3.0471524474350429      0.96642070108327183     0.056896077930182462      0.03387199335247662   2.1055302895643047e-09       3.4908863374028734       3.4908863374028734       1393.4136447788051                                                 1382.6405776021863                                              10.773067176618635
                       1       700.20432365286626     0.022233050855951668      0.11610881788107169       68.797484937869967       3.0462796934727487      0.96654851054053104     0.056896077930182462      0.03387199335247662   2.1036934813187856e-09       3.4908863374028734       3.4908863374028734       1393.4268746309267                                                  1382.653807454308                                              10.773067176618635
                       3         700.241433148395     0.022233050855951668      0.11610881788107169       68.797484937869967       3.0508346495145782      0.96320916616206809     0.056896077930182462      0.03387199335247662   2.1132975691454503e-09       3.4908863374028734       3.4908863374028734       1393.5010936219842                                                 1382.7280264453655                                              10.773067176618635
                       2       700.32363203466105      0.02215322424978616      0.11599866562856388       68.800707661298574       3.0533238950103549      0.96707029740496753     0.059245137005658075     0.038806039248691387   2.1185646383951705e-09       3.4908863374028734       3.4908863374028734       1393.6654913945163                                                 1382.5874597499919                                              11.078031644524351
                       3       700.51705585179116     0.022195149859293172      0.11572194317948059        68.93829699409622       3.0502599199014111       0.9667856626570277     0.057727584748114555     0.041453506321287456   2.1120833434101952e-09       3.4908863374028734       3.4908863374028734       1394.0523390287765                                                 1382.1499234766097                                               11.90241555216676
                       2       701.38275684509449     0.022169512755790651      0.11554411811237844        69.01449229274796       3.0476518000050619      0.96777045147539176     0.056914296614844144     0.033818205111319895   2.1065819540794879e-09       3.4908863374028734       3.4908863374028734       1395.7837410153832                                                 1383.1033371407361                                              12.680403874646975
                       2       701.58039745015935     0.021916053024699553      0.11767786868794758       68.339554571918228       3.0180525114064736      0.97128983406376046     0.041404933835316002    0.0012024174464179346   2.0451423960940058e-09       3.4908863374028734       3.4908863374028734       1396.1790222255129                                                 1385.6958921362693                                              10.483130089243646
                       8       701.99845309440218     0.021916053024699553      0.11767786868794758       68.339554571918228       3.0143138166203123      0.97270321796092285     0.041404933835316002    0.0012024174464179346   2.0375105084198724e-09       3.4908863374028734       3.4908863374028734       1397.0151335139985                                                  1386.532003424755                                              10.483130089243646
                       2       703.08412153022414      0.02175405386485663      0.11801255532833307       68.060736569876909       3.0221066791266087      0.97851351249929075     0.046645534951108694     0.016305454999842744   2.0534505763778645e-09       3.4908863374028734       3.4908863374028734       1399.1864703856425                                                 1387.9920793025883                                              11.194391083054242
                       2       702.40768379575979     0.021787656654055063      0.11738790011160974       68.050901811329823        3.029106967847409       0.9790065801839648     0.050796882713188961     0.045562650791407269   2.0678757545849306e-09       3.4908863374028734       3.4908863374028734       1397.8335949167138                                                 1386.8741067404615                                              10.959488176252195
                       2       702.41640943436437     0.021787656654055063      0.11738790011160974       68.050901811329823       3.0295523628472107      0.97855438035972986     0.050796882713188961     0.045562650791407269   2.0687969812458791e-09       3.4908863374028734       3.4908863374028734       1397.8510461939229                                                 1386.8915580176706                                              10.959488176252195
                       4       699.77243695861966     0.021970689136419398      0.11812556956224951       68.070549643363165       3.0411072156932812      0.97030697857173898      0.05355912436801577     0.033747095210117387   2.0928402667351956e-09       3.4908863374028734       3.4908863374028734       1392.5631012424335                                                 1380.5841871998498                                              11.978914042583646
                       4         700.588935358154      0.02190321664615676      0.11772063744668798       68.094408301104735       3.0384227701239301      0.97408595496887018     0.053580961102213581     0.043698067894161023   2.0872296849737438e-09       3.4908863374028734       3.4908863374028734       1394.1960980415022                                                 1382.9384541566799                                              11.257643884822379
                       1       700.45469342522688     0.021907921643069816      0.11772088880782514       68.130329286686987       3.0367292643778079      0.97397393861996251     0.052680241089939975      0.04033280947800761   2.0836979408673085e-09       3.4908863374028734       3.4908863374028734       1393.9276141756479                                                 1382.8279735636322                                              11.099640612015611
                       1       698.75372483214392     0.022252473314428412      0.11764721588177407       68.541717379340909       3.0616194599958364      0.96090544303897596     0.061568924079186252     0.021007800542121757   2.1362124270129303e-09       3.4908863374028734       3.4908863374028734        1390.525676989482                                                 1380.0417035951552                                              10.483973394326807
                       1       698.96375512974942     0.022252473314428412      0.11764721588177407       68.541717379340909       3.0683852804042679      0.95717008953250238     0.061568924079186252     0.021007800542121757    2.150714661082437e-09       3.4908863374028734       3.4908863374028734        1390.945737584693                                                 1380.4617641903662                                              10.483973394326807
                       1       698.88968801607177     0.022252473314428412      0.11764721588177407       68.541717379340909       3.0664442452385989      0.95950407105079372     0.061568924079186252     0.021007800542121757   2.1465440972089495e-09       3.4908863374028734       3.4908863374028734       1390.7976033573377                                                  1380.313629963011                                              10.483973394326807
                       1       698.84140693597499     0.022260734268979232      0.11771762334834235       68.508402464960511       3.0663233985596299      0.95896683344282418      0.06130686483516784     0.022013060040204403   2.1462847101568887e-09       3.4908863374028734       3.4908863374028734       1390.7010411971441                                                 1380.0927117594374                                              10.608329437706757
                       5       698.22958687434573     0.022348778799708618      0.11789259147515886       68.691157773053277       3.0595108887792311      0.95602356306809422     0.056722771310682291    0.0069537232187568462   2.1317128165184961e-09       3.4908863374028734       3.4908863374028734       1389.4774010738856                                                 1379.0934747705201                                                10.3839263033656
                      14       699.65661376085893     0.022348778799708618      0.11789259147515886       68.691157773053277       3.0540695805162232      0.95593581903987934     0.056722771310682291    0.0069537232187568462   2.1201450104963219e-09       3.4908863374028734       3.4908863374028734        1392.331454846912                                                 1381.9475285435465                                                10.3839263033656
                      23       699.07070750815785     0.022348778799708618      0.11789259147515886       68.691157773053277        3.047404179877677      0.96420244002786837     0.056722771310682291    0.0069537232187568462   2.1060603865656441e-09       3.4908863374028734       3.4908863374028734       1391.1596423415099                                                 1380.7757160381443                                                10.3839263033656
                      17        698.0768608786268     0.022348778799708618      0.11789259147515886       68.691157773053277       3.0550717768537465      0.96012339912697309     0.056722771310682291    0.0069537232187568462   2.1222708771508129e-09       3.4908863374028734       3.4908863374028734       1389.1719490824478                                                 1378.7880227790822                                                10.3839263033656
                      20       698.09105191947765     0.022354017680464678      0.11801196108506978       68.664603495588906       3.0560465207093332      0.95946087193470331     0.056957946912980541    0.0043985704865367502   2.1243405561877973e-09       3.4908863374028734       3.4908863374028734       1389.2003311641495                                                 1378.7309338171779                                              10.469397346971711
                       6       698.27648872843872      0.02235096519781641      0.11754996713025793       68.640667433400338       3.0454339726795867      0.96181078269766695     0.052464351197945375     0.031601339167957994    2.101915096113866e-09       3.4908863374028734       3.4908863374028734       1389.5712047820716                                                 1379.2022179692774                                              10.368986812794258
                      16       699.50260838244583     0.022202127368191348      0.11801972784523873       68.150149475784204       3.0486899797352343      0.96620548961857677     0.055017692755857169     0.059113860039638352   2.1087701004122097e-09       3.4908863374028734       3.4908863374028734       1392.0234440900858                                                 1379.7672888062834                                              12.256155283802414
                       2        699.8646427782586       0.0221686079051167      0.11798322775092115       68.209688566352241       3.0459210429714036      0.96806359513511975     0.054089046851271659     0.056154292274212363   2.1029391258800986e-09       3.4908863374028734       3.4908863374028734       1392.7475128817114                                                  1381.103265679257                                              11.644247202454459
                       7       700.49828859273862      0.02224304769280289      0.11689809832062144       68.476421645210678       3.0520920937946094      0.96871268914395547     0.058130488964648938     0.079626463209004072    2.115956594523539e-09       3.4908863374028734       3.4908863374028734       1394.0148045106714                                                 1383.6768558396043                                               10.33794867106705
                       8       701.02560758983645     0.022377788283163322      0.11545242266753565        68.48322840692235       3.0520540516448396      0.96483722835233232     0.058628757791481294      0.11766178193659228   2.1158761005169556e-09       3.4908863374028734       3.4908863374028734       1395.0694425048671                                                 1384.7640434302612                                              10.305399074605965
                       1       701.21801363628242     0.022377788283163322      0.11545242266753565        68.48322840692235        3.049123120032486      0.96757654661598103     0.058628757791481294      0.11766178193659228   2.1096836915626254e-09       3.4908863374028734       3.4908863374028734        1395.454254597759                                                 1385.1488555231531                                              10.305399074605965
                       2       701.42373309883442     0.022363991491387666      0.11535398602423735        68.52265694010768       3.0491603253119943      0.96815209008393344     0.058926181567482534      0.11447592659095523    2.109762184394209e-09       3.4908863374028734       3.4908863374028734        1395.865693522863                                                  1385.562378321353                                              10.303315201510124
                       2       700.88968207190737     0.022368871988818696      0.11550729472771182       68.595586940250584       3.0420934650943527      0.96770699881356892     0.055081057840828583       0.1008971047970702    2.094905347369681e-09       3.4908863374028734       3.4908863374028734       1394.7975914690089                                                 1384.4592692678912                                              10.338322201117752
                       2       700.97670061972008     0.022235706390432666      0.11578104981092323       69.047660002747719       3.0356957896071624      0.97132779993217799     0.052771209756374358     0.026327939672867673   2.0815456040002719e-09       3.4908863374028734       3.4908863374028734       1394.9716285646343                                                 1382.6007996153141                                              12.370828949320073
                       3       700.94608767536431     0.022235706390432666      0.11578104981092323       69.047660002747719       3.0358046877798825      0.97117893030101554     0.052771209756374358     0.026327939672867673   2.0817722928557584e-09       3.4908863374028734       3.4908863374028734       1394.9104026759228                                                 1382.5395737266026                                              12.370828949320073
                       1       701.27845584406487      0.02217761700038241       0.1160994303497954       68.899044783086708       3.0184390052753036      0.97362739203732995       0.0442689236382353     0.033509267141833554   2.0459329838598012e-09       3.4908863374028734       3.4908863374028734       1395.5751390133239                                                 1384.1019474482632                                                11.4731915650608
                       3       699.99824030386515     0.022246121347950239      0.11634658840444287       68.960350950854945       3.0258308874063706      0.97032958159534821     0.046861589441522619     0.022329955953256021   2.0611123121108064e-09       3.4908863374028734       3.4908863374028734       1393.0147079329245                                                 1381.6299373135491                                              11.384770619375416
                       5       699.61212613614236     0.022232075123576635      0.11664050028492456       68.847824510999459       3.0250327649712871      0.96944074292850846       0.0460931869788632     0.016418105146922324   2.0594679484223477e-09       3.4908863374028734       3.4908863374028734       1392.2424795974789                                                 1381.4998972822536                                              10.742582315225237
                       3       699.04643086507099     0.022296242207452542      0.11714019859273082       68.557797706330192       3.0320749673565888      0.96512371199419889     0.048130363261327129     0.028566449661744313   2.0740223258076639e-09       3.4908863374028734       3.4908863374028734       1391.1110890553362                                                 1380.6654181066961                                              10.445670948640055
                       4       700.09751652344028     0.022173518925746268      0.11722683627879517       68.344307698525185       3.0244723632117405      0.96918152621593701     0.045465578970950091     0.036623337672429895   2.0583141422880121e-09       3.4908863374028734       3.4908863374028734       1393.2132603720747                                                   1382.38354836179                                              10.829712010284736
                       2       700.93196421599259      0.02236794277824973      0.11633942363331079       69.188448569290045       3.0248110264848278      0.96669618113012457     0.045125264628527964     0.013376301438722087   2.0590113357427265e-09       3.4908863374028734       3.4908863374028734       1394.8821557571794                                                 1382.5116347589346                                              12.370520998244732
                       5       701.98188372781658     0.022437744376400337      0.11556685627929569       69.338117861001919       3.0420873486127342      0.96523202861627444     0.054185998772825324     0.026135360370299083   2.0948925339588176e-09       3.4908863374028734       3.4908863374028734       1396.9819947808273                                                  1382.941478682287                                               14.04051609854028
                       1       701.80535293595051     0.022469440114634798      0.11579286331446244       69.372643273128773       3.0466188794941349      0.96293900251763442     0.055722690894284346     0.011916060259241997   2.1044071457665906e-09       3.4908863374028734       3.4908863374028734       1396.6289331970952                                                 1382.7961373913256                                              13.832795805769594
                       1       701.55308342636511     0.022407816935947362      0.11578077657673637       69.310478669093129       3.0471853868330392      0.96496396716831512     0.056663053194101448     0.012634985893206193   2.1055996456067728e-09       3.4908863374028734       3.4908863374028734       1396.1243941779244                                                 1382.5049964075024                                              13.619397770421989
                       2       698.68017916069709     0.022393381515447067      0.11714320530700127        68.84298119934023       3.0536246551431145      0.96262834590967772     0.058050502047810246     0.018405063694811118   2.1192019140058189e-09       3.4908863374028734       3.4908863374028734       1390.3785856465884                                                 1380.0034732364934                                              10.375112410094877
                       5       698.68912204114793     0.022393883559662042      0.11713992820522351       68.842695050954902       3.0536753622744794      0.96261821978657569     0.058075778026572669     0.018601562504488516   2.1193093753801672e-09       3.4908863374028734       3.4908863374028734         1390.39647140749                                                 1380.0215454070621                                              10.374926000427806
                       3       698.27142504662356     0.022393883559662042      0.11713992820522351       68.842695050954902       3.0562246209208062      0.95856813841604915     0.058075778026572669     0.018601562504488516   2.1247189353838019e-09       3.4908863374028734       3.4908863374028734       1389.5610774184413                                                 1379.1861514180134                                              10.374926000427806
                       1       698.25101915163623     0.022434301746284666      0.11750664341869885       68.689595409267383       3.0576488113346385      0.95591520081942605     0.057778618139373593     0.022329528211473246   2.1277470955501642e-09       3.4908863374028734       3.4908863374028734       1389.5202656284666                                                 1379.0869864755634                                              10.433279152903198
                       5       698.26235924536456     0.022388433333022349      0.11827418075955456        68.40183702705005       3.0578670904408791      0.95492238028750187      0.05713517977443474     0.015220412158363124   2.1282115889772477e-09       3.4908863374028734       3.4908863374028734       1389.5429458159233                                                 1377.6402175987723                                              11.902728217150962
                      13       697.82696079144648     0.022401631571659936      0.11826049336995263       68.491273211264485       3.0482163926806645      0.95402921488320847     0.052095369788993977   0.00086828148650745438   2.1077716506366964e-09       3.4908863374028734       3.4908863374028734       1388.6721489080871                                                 1377.1902701222891                                              11.481878785798108
                       6       697.95861451035171     0.022401631571659936      0.11826049336995263       68.491273211264485       3.0455891333439924       0.9564617736142641     0.052095369788993977   0.00086828148650745438   2.1022412559596382e-09       3.4908863374028734       3.4908863374028734       1388.9354563458976                                                 1377.4535775600996                                              11.481878785798108
                       3       698.71495482977207     0.022274915362816488      0.11701816868639595       68.595460337712481       3.0292778432141665      0.96512080303849324     0.047228280526550738      0.03185719299008747   2.0682291338039464e-09       3.4908863374028734       3.4908863374028734       1390.4481369847383                                                 1380.1138567871433                                              10.334280197595085
                       6       698.64238393190647     0.022274915362816488      0.11701816868639595       68.595460337712481       3.0310051798269519      0.96299541042826042     0.047228280526550738      0.03185719299008747   2.0718047489668428e-09       3.4908863374028734       3.4908863374028734       1390.3029951890071                                                 1379.9687149914121                                              10.334280197595085
                       5       699.16459302701378     0.022317407006495031      0.11762716674777433       68.572975199922823       3.0272023913085264      0.95885922432159787     0.043807426189829482    0.0042116220699270554   2.0639410750759564e-09       3.4908863374028734       3.4908863374028734       1391.3474133792217                                                 1380.7183943582847                                              10.629019020937053
                       2       699.32493622523668     0.022431302981344863      0.11748796150504132       68.747075373864973       3.0289374044177042      0.95587645525843279     0.043755359106860361    0.0062726455404142423   2.0675251482056301e-09       3.4908863374028734       3.4908863374028734       1391.6680997756675                                                 1381.2709439957737                                              10.397155779893815
                       4       699.36091473760644     0.022453193985878507      0.11731246511753736       68.627245804768009       3.0336619397283262      0.95561102494836769     0.046191815638885608     0.029046715240597813   2.0773163550124276e-09       3.4908863374028734       3.4908863374028734        1391.740056800407                                                 1381.1527132907042                                              10.587343509702883
                       1       699.72179693074077     0.022394140105838251      0.11738627344562082       68.464044414820918       3.0290215360081305      0.95762626400773465     0.044383229198857177     0.039402054495749121   2.0676990997019002e-09       3.4908863374028734       3.4908863374028734       1392.4618211866757                                                 1381.4468490907554                                              11.014972095920223
                      22       699.68679006634716     0.022354826887694006      0.11726215978310869       68.500309170186739       3.0275791379714141      0.95917058549510792      0.04424414106049325     0.035204846119367555   2.0647188044826682e-09       3.4908863374028734       3.4908863374028734       1392.3918074578885                                                 1381.6578025579004                                              10.734004899988044
                       1       699.61901537940275     0.022354826887694006      0.11726215978310869       68.500309170186739       3.0294857577278873      0.95770532841011369      0.04424414106049325     0.035204846119367555   2.0686591933648273e-09       3.4908863374028734       3.4908863374028734       1392.2562580839997                                                 1381.5222531840116                                              10.734004899988044
                       3       698.81609258834214     0.022126798898544211      0.11695092571658505       68.443140400795983       3.0452824364391606      0.96612740719893353     0.055062255585767009     0.034192426831200141   2.1015966039346695e-09       3.4908863374028734       3.4908863374028734       1390.6504125018785                                                 1380.2655085700292                                              10.384903931849351
                       4       697.82195271354897     0.022212017413888317      0.11760133953534195       68.338868922779895       3.0476097657153205      0.96240929700331512     0.054435402180661112     0.037232198716446147   2.1064934072642804e-09       3.4908863374028734       3.4908863374028734       1388.6621327522921                                                 1377.5915884327342                                              11.070544319557897
                       2       699.29379726175114     0.022212017413888317      0.11760133953534195       68.338868922779895       3.0582324960350924      0.95351678159953235     0.054435402180661112     0.037232198716446147   2.1289893914955708e-09       3.4908863374028734       3.4908863374028734       1391.6058218486965                                                 1380.5352775291385                                              11.070544319557897
                       3       700.04261526491825     0.022224379731460849      0.11774282105611807        68.12804826327195       3.0579423604525391      0.95340838163531516     0.054024245368582378     0.062046744455014541   2.1283717855172871e-09       3.4908863374028734       3.4908863374028734       1393.1034578550307                                                  1380.698111485679                                              12.405346369351692
                       4       700.21802615816898     0.022224379731460849      0.11774282105611807        68.12804826327195       3.0423499282099913      0.96377622142928132     0.054024245368582378     0.062046744455014541   2.0954426822223753e-09       3.4908863374028734       3.4908863374028734       1393.4542796415321                                                 1381.0489332721804                                              12.405346369351692
                       6       700.05036972922153     0.022189259362504057      0.11794446689163844       68.125231599763381       3.0410844486446433      0.96435337962896039     0.053429912314722397     0.050411012202205806   2.0927926194814474e-09       3.4908863374028734       3.4908863374028734       1393.1189667836372                                                 1380.6525822195458                                              12.466384564091513
                       2       699.45962143153031     0.022189259362504057      0.11794446689163844       68.125231599763381       3.0518759609615977      0.96027896429209403     0.053429912314722397     0.050411012202205806   2.1154993162484396e-09       3.4908863374028734       3.4908863374028734       1391.9374701882548                                                 1379.4710856241634                                              12.466384564091513
                       3       699.35874594391782     0.022189259362504057      0.11794446689163844       68.125231599763381        3.053273744669232      0.95823820678867944     0.053429912314722397     0.050411012202205806    2.118458394319975e-09       3.4908863374028734       3.4908863374028734       1391.7357192130298                                                 1379.2693346489384                                              12.466384564091513
                       1       699.80188478544665      0.02235060266143506      0.11828500305785045       68.186926635398848       3.0646982692211786      0.95031707073667793     0.056815212213790225     0.033718900946676525   2.1427995525886881e-09       3.4908863374028734       3.4908863374028734       1392.6219968960875                                                 1379.2634248893742                                              13.358572006713345
                       3       700.51965065236152      0.02235060266143506      0.11828500305785045       68.186926635398848       3.0671529480266262      0.94856973744057682     0.056815212213790225     0.033718900946676525   2.1480658981838666e-09       3.4908863374028734       3.4908863374028734       1394.0575286299172                                                 1380.6989566232039                                              13.358572006713345
                       5       701.14215651310201     0.022395654803749599      0.11825996362440394       68.201302476744772       3.0699430473245863      0.94645844781524879     0.057723117614457115     0.031867431500797003   2.1540675840947646e-09       3.4908863374028734       3.4908863374028734       1395.3025403513982                                                 1381.7459887534658                                              13.556551597932474
                       3       700.62922852019369     0.022393299040222744       0.1175264331534198       68.429761304655955       3.0690379523804281       0.9485820861675075     0.058429928903709655     0.035680165308563619   2.1521188304515945e-09       3.4908863374028734       3.4908863374028734       1394.2766843655816                                                 1383.0050254718699                                              11.271658893711626
                       2       703.31299460332241     0.022559357973798638      0.11673500535096917       68.507925498869668       3.0686311513708864      0.94418024339138906     0.057630607511070492     0.064724558233636889   2.1512435243884794e-09       3.4908863374028734       3.4908863374028734        1399.644216531839                                                 1388.6049158981587                                              11.039300633680332
                       4       704.21688751959584     0.022534480957538284       0.1164932487144726       68.627681723634737       3.0718403298561054      0.94507180559988546     0.059815800722548468     0.053895356533262127   2.1581583383249328e-09       3.4908863374028734       3.4908863374028734       1401.4520023643859                                                 1390.8891129944684                                              10.562889369917528
                       2       703.49701584332865     0.022443018781381524      0.11651068063906446       68.489565420930575       3.0742466812490279      0.94861567189608009     0.062014972186774701     0.064717809836123574   2.1633578791005957e-09       3.4908863374028734       3.4908863374028734       1400.0122590118515                                                 1389.3038950021682                                               10.70836400968321
                       1       703.61540146428422     0.022443018781381524      0.11651068063906446       68.489565420930575       3.0751385156402797      0.94754550161295636     0.062014972186774701     0.064717809836123574    2.165288096647022e-09       3.4908863374028734       3.4908863374028734       1400.2490302537626                                                 1389.5406662440794                                               10.70836400968321
                       1       701.51100254302185     0.022511202488073222      0.11668956064225827       68.510627031996904       3.0671227958651976      0.94686630588213583     0.057202020705209883     0.079677538819150379   2.1480011303305959e-09       3.4908863374028734       3.4908863374028734       1396.0402324112379                                                 1385.3111197615965                                              10.729112649641328
                       4       702.27734119154945     0.022576025040016965      0.11718279624601823       68.653335871577482       3.0789019510621638      0.94343616724231161     0.061699441607076716     0.054482471486232052   2.1734523717934808e-09       3.4908863374028734       3.4908863374028734       1397.5729097082931                                                 1386.9564201112432                                              10.616489597049872
                       1       701.28057435505514     0.022393012900986466      0.11805709992897064       68.398615377132231       3.0520545008650704      0.94978248689276212     0.048976142863815048     0.048877883949888776   2.1158770510115193e-09       3.4908863374028734       3.4908863374028734       1395.5793760353044                                                 1384.0899993938451                                              11.489376641459399
                       2       702.62434067708409     0.022524969965783723      0.11879492402748613       68.278398498335477       3.0513101246025283       0.9423120104855871     0.045975083119268283     0.036161541129469399   2.1143026284143915e-09       3.4908863374028734       3.4908863374028734       1398.2669086793624                                                   1384.35965114138                                              13.907257537982273
                       3       701.18652357068277     0.022524969965783723      0.11879492402748613       68.278398498335477       3.0451921201524903      0.94597853850279467     0.045975083119268283     0.036161541129469399   2.1014068041044598e-09       3.4908863374028734       3.4908863374028734       1395.3912744665597                                                 1381.4840169285774                                              13.907257537982273
                       4       700.95925617692308     0.022509811487508555      0.11867081214408352       68.379979951038166       3.0424477736167379      0.94711609684456011     0.044966827368272684     0.030659631050270954    2.095647721694853e-09       3.4908863374028734       3.4908863374028734       1394.9367396790403                                                 1382.1766406687304                                              12.760099010309926
                       2       700.72530968096055     0.022509811487508555      0.11867081214408352       68.379979951038166       3.0379816720017487      0.95080256848843714     0.044966827368272684     0.030659631050270954   2.0863092149028753e-09       3.4908863374028734       3.4908863374028734       1394.4688466871153                                                 1381.7087476768054                                              12.760099010309926
                      26       700.46975942209531     0.022121605027817536      0.11821877600184078       68.424135102348572       3.0202589398361388      0.96558709718943003     0.040818610009020449    0.0075299395357082237   2.0496598382932119e-09       3.4908863374028734       3.4908863374028734       1393.9577461693848                                                 1383.2148826619921                                              10.742863507392739
                       3       700.32172701894456     0.022122442294367189      0.11818540768568059       68.448519448054981       3.0211158309776223      0.96562138017306698     0.041289904420866295    0.0061809485354029168   2.0514169263607859e-09       3.4908863374028734       3.4908863374028734       1393.6616813630833                                                  1383.010024957427                                              10.651656405656203
                       1       700.04160847516209     0.022126487921590842      0.11804624977189804       68.500876388602705         3.02191719030135      0.96574186032111131     0.041853841983274444    0.0053446718617090874    2.053061507303705e-09       3.4908863374028734       3.4908863374028734       1393.1014442755184                                                 1382.6252003779723                                              10.476243897545979
                       5       699.74751975335732     0.022464317944926659      0.11790098759349335       68.621900011947076       3.0399235792256194      0.95506529731540324     0.047675664962745536     0.036341445517570972    2.090364570125928e-09       3.4908863374028734       3.4908863374028734       1392.5132668319088                                                 1381.8568201658254                                              10.656446666083475
                       1       700.57293401051879      0.02214460038025718      0.11596241511917203       68.485804591089035       3.0354718286284843       0.9682130146908865      0.05149182022884953     0.068583636328356748   2.0810794712093632e-09       3.4908863374028734       3.4908863374028734       1394.1640953462318                                                 1383.8630712526415                                              10.301024093590327
                       3        700.4551957950523     0.022043873251111585      0.11659913513640542       68.438905138518834       3.0331269641904202      0.96962852435750024     0.050337699267133315     0.036662062397362097   2.0762053387877529e-09       3.4908863374028734       3.4908863374028734       1393.9286189152988                                                  1383.633125127403                                              10.295493787895746
                       1       700.47334031544449     0.022028725700761424      0.11666504420560221       68.379998591379973       3.0334045304619233      0.97003774546369437     0.050543814262215325     0.039823596435408712   2.0767817033484958e-09       3.4908863374028734       3.4908863374028734       1393.9649079560832                                                 1383.6287741000062                                               10.33613385607681
                       1       701.06735214584808     0.021936098893600355      0.11626905514930529       68.497655123592764       3.0327445652591094      0.97535599259165418      0.05190378053217784     0.043910582489772983   2.0754115518663271e-09       3.4908863374028734       3.4908863374028734       1395.1529316168903                                                 1384.7143932662241                                              10.438538350666297
                       2       701.43494325075699     0.021936098893600355      0.11626905514930529       68.497655123592764       3.0317610332214597      0.97490364999744494      0.05190378053217784     0.043910582489772983    2.073371321594142e-09       3.4908863374028734       3.4908863374028734       1395.8881138267081                                                 1385.4495754760419                                              10.438538350666297
                       3       701.29377650915035     0.021936098893600355      0.11626905514930529       68.497655123592764       3.0313850163797902      0.97564010840271786      0.05190378053217784     0.043910582489772983   2.0725918456154203e-09       3.4908863374028734       3.4908863374028734       1395.6057803434949                                                 1385.1672419928286                                              10.438538350666297
                       1       699.76508768538656     0.022103363637992562      0.11723559143888654       68.230816234153451       3.0568458751074861      0.96727532226166701     0.061500510817704662     0.055328909108285515   2.1260393360276729e-09       3.4908863374028734       3.4908863374028734       1392.5484026959673                                                 1381.5470933446552                                              11.001309351312049
                       3       699.52008411522706     0.022211360502299198      0.11698691797304576       68.447781997741046        3.059831910577802      0.96360684482827019     0.062185747030307541     0.045810252647792191   2.1323972526544736e-09       3.4908863374028734       3.4908863374028734       1392.0583955556483                                                 1381.5921697543076                                              10.466225801340654
                       1       699.51228310117654     0.022211284936449156       0.1169908163856445       68.448440469871016         3.05982551424075       0.9636006710413223     0.062177367427660675     0.045596445793829106   2.1323836131665382e-09       3.4908863374028734       3.4908863374028734       1392.0427935275472                                                 1381.5770122564772                                              10.465781271070009
                       4       702.33079147785236     0.022067905989241344      0.11542922521129564       68.869862571561129       3.0476467390404078      0.97522719461529073      0.06020946078543013     0.068090058771634571   2.1065712927696557e-09       3.4908863374028734       3.4908863374028734       1397.6798102808989                                                 1385.1995205027742                                              12.480289778124593
                       2       701.40921166574401     0.022216710571367242      0.11561194974013271         68.8104416598824       3.0301238161940547      0.97038397583325586     0.049611009233072989     0.084038745972739137   2.0699795400611679e-09       3.4908863374028734       3.4908863374028734       1395.8366506566822                                                 1384.4707582051274                                              11.365892451554872
                      11       702.69097765964011     0.022262054412170339      0.11567564261854814       68.711303022698729       3.0275075784590668      0.96958538776619385     0.047820542358720547      0.10435551965317084   2.0645710594982275e-09       3.4908863374028734       3.4908863374028734       1398.4001826444744                                                 1387.5871935438386                                               10.81298910063583
                       3       701.92684199511655     0.022204133022862817      0.11595623859183975       68.701453416803318       3.0209887535715847      0.97012151707883665     0.044628242290224301     0.081708277005647451   2.0511562541822056e-09       3.4908863374028734       3.4908863374028734       1396.8719113154273                                                 1386.1360530251677                                              10.735858290259472
                       3       702.10179848998564     0.022207460998731485      0.11622240356893007       68.607449719722567       3.0218402031620153      0.96976068896575796     0.044662134298388854     0.086410133431346167   2.0529034540554913e-09       3.4908863374028734       3.4908863374028734       1397.2218243051655                                                 1386.8090280384151                                              10.412796266750302
                       1        701.6725145909719     0.022389218542942981      0.11686681874027424       68.407352645488857        3.021330801872339      0.96013197648646664     0.041335681634899347     0.083953987699619953   2.0518579686968173e-09       3.4908863374028734       3.4908863374028734        1396.363256507138                                                 1385.5629006221079                                              10.800355885030037
                       3       700.80308270492765     0.022291310956522425      0.11720638374546798       68.234060060673116       3.0229259197541514      0.96214846460460624      0.04260007595410259     0.077294981493229983   2.0551335357969222e-09       3.4908863374028734       3.4908863374028734       1394.6243927350495                                                 1383.0839534765728                                              11.540439258476654
                      11       701.41514988443544     0.022262100290349772      0.11758866577621151       68.191624355710175       3.0214253194429568      0.96312245883321979     0.041659314758202448     0.073457064762245561   2.0520519144927692e-09       3.4908863374028734       3.4908863374028734        1395.848527094065                                                 1383.9569390434494                                              11.891588050615534
                       1       701.95871138926054     0.022262100290349772      0.11758866577621151       68.191624355710175       3.0217904367560129      0.96168776013334123     0.041659314758202448     0.073457064762245561   2.0528012909708788e-09       3.4908863374028734       3.4908863374028734       1396.9356501037153                                                 1385.0440620530997                                              11.891588050615534
                       2       701.68396879165186     0.022097819870135732      0.11765140657843808       67.943277964355076       3.0284614525552986      0.96706847968863119     0.046650882644474985     0.083901076656789794   2.0665413399020403e-09       3.4908863374028734       3.4908863374028734       1396.3861649084979                                                 1383.3859947162673                                              13.000170192230701
                       9       701.65009675835165     0.022097819870135732      0.11765140657843808       67.943277964355076       3.0275146818975887       0.9680174033191179     0.046650882644474985     0.083901076656789794   2.0645857251039109e-09       3.4908863374028734       3.4908863374028734       1396.3184208418975                                                 1383.3182506496669                                              13.000170192230701
                       2       701.11523840455857     0.022127924559431269      0.11811048799223733       67.900428952836748       3.0332494190745711      0.96542385623185623     0.048480361758228042      0.07167616286471204   2.0764595958391793e-09       3.4908863374028734       3.4908863374028734       1395.2487041343113                                                   1381.10423793109                                              14.144466203221359
                       7       702.06043666790174     0.022127924559431269      0.11811048799223733       67.900428952836748       3.0407845356126653      0.95785095270088894     0.048480361758228042      0.07167616286471204   2.0921650578133023e-09       3.4908863374028734       3.4908863374028734       1397.1391006609977                                                 1382.9946344577763                                              14.144466203221359
                       1       699.77794077208034     0.022153926139744602      0.11736904536275318       68.355582888353965       3.0452318168578465      0.95820778997244749     0.051503787155829123     0.047359686664466064   2.1014902246869461e-09       3.4908863374028734       3.4908863374028734       1392.5741088693549                                                 1381.8900638917696                                              10.684044977585156
                       2       698.35946101832224     0.022153926139744602      0.11736904536275318       68.355582888353965          3.0428223493075      0.96279129825945553     0.051503787155829123     0.047359686664466064   2.0964328474231269e-09       3.4908863374028734       3.4908863374028734       1389.7371493618386                                                 1379.0531043842534                                              10.684044977585156
                       3       699.44832113536677     0.022489256834101027      0.11693171112778088       69.000009642005693       3.0416852936192429      0.95195803151387026     0.048013022520679592     0.019358500121579358   2.0940504412498448e-09       3.4908863374028734       3.4908863374028734       1391.9148695959277                                                 1381.2718176417045                                              10.643051954223186
                       3       699.32104365074338     0.022494621386311284      0.11708584618954025       68.964485722713604       3.0416431882902111      0.95113818762630442     0.047674024145994129     0.015688239969182428   2.0939622724232083e-09       3.4908863374028734       3.4908863374028734       1391.6603146266809                                                  1381.163387538184                                              10.496927088496845
                       1       698.73189381878615     0.022402946018909398       0.1170731890204884       68.943517066603945       3.0413189861639123      0.95457173675342211     0.048517366003126616     0.012584337696952302   2.0932835154352737e-09       3.4908863374028734       3.4908863374028734       1390.4820149627665                                                 1379.9035726356508                                              10.578442327115704
                       2       698.62909277191454     0.022392937673657975      0.11666221740380042       68.805754370598322       3.0492556372018522      0.95557708790694096     0.053228580530765672     0.039997050185068522   2.1099632793983747e-09       3.4908863374028734       3.4908863374028734       1390.2764128690233                                                 1379.8681882503392                                              10.408224618683951
                       2       699.05285276611335     0.022392937673657975      0.11666221740380042       68.805754370598322       3.0501677937432579       0.9536818134460574     0.053228580530765672     0.039997050185068522   2.1118887742486597e-09       3.4908863374028734       3.4908863374028734       1391.1239328574209                                                 1380.7157082387369                                              10.408224618683951
                       3       698.68211783627839     0.022333582006287159      0.11717559199432032         68.5494515183061       3.0464744329988962      0.95377580557611363     0.051141844801644937     0.036739733393806186   2.1041031934827788e-09       3.4908863374028734       3.4908863374028734        1390.382462997751                                                 1379.8863355113779                                              10.496127486373144
                       8       698.66812813811316     0.022166354983436342       0.1182922342873252       68.212665396686177       3.0501298044772334      0.95623525785423436     0.052983765971311547     0.013500546745955164   2.1118085466681036e-09       3.4908863374028734       3.4908863374028734       1390.3544836014205                                                 1378.1388700063644                                              12.215613595056055
                       2       698.76977710880954     0.022250263677452257      0.11799405978189492       68.334640726942624       3.0416752420773521      0.95413495608133947     0.048296989484245906     0.017299793048948634   2.0940293929198971e-09       3.4908863374028734       3.4908863374028734       1390.5577815428132                                                 1378.9865697289915                                              11.571211813821677
                       6       698.99987514342149     0.022231397676430297      0.11774247003996824       68.308756439729422       3.0412853191197233      0.95543420192991124     0.048689361996569869     0.027822760046094078   2.0932130419529833e-09       3.4908863374028734       3.4908863374028734       1391.0179776120372                                                 1379.5565383035066                                              11.461439308530494
                       6       699.68972625077072     0.022231397676430297      0.11774247003996824       68.308756439729422       3.0404082442456408      0.95491094237374718     0.048689361996569869     0.027822760046094078   2.0913779422653373e-09       3.4908863374028734       3.4908863374028734       1392.3976798267356                                                 1380.9362405182051                                              11.461439308530494
                       4       699.67438243882134     0.022229077195874067      0.11777372381351758       68.283891010524982       3.0406687210617633      0.95503528590215092     0.048811199314952411     0.030342596567571534    2.091922768687293e-09       3.4908863374028734       3.4908863374028734       1392.3669922028369                                                  1380.766255675321                                              11.600736527515799
                       9       699.29583413655041     0.022229077195874067      0.11777372381351758       68.283891010524982       3.0420926821927381      0.95934619622126949     0.048811199314952411     0.030342596567571534    2.094903707265544e-09       3.4908863374028734       3.4908863374028734        1391.609895598295                                                 1380.0091590707791                                              11.600736527515799
                       4       699.00785125079369     0.022229077195874067      0.11777372381351758       68.283891010524982       3.0310924898461975      0.96803866349416756     0.048811199314952411     0.030342596567571534   2.0719856461763029e-09       3.4908863374028734       3.4908863374028734       1391.0339298267816                                                 1379.4331932992657                                              11.600736527515799
                       1       700.50082716497946       0.0223244773187261      0.11873057610154279       68.391694129192913       3.0608502476592609      0.96378210660168284     0.061489346701426605     0.010977951853409704   2.1345698578837359e-09       3.4908863374028734       3.4908863374028734       1394.0198816551531                                                 1382.1560202536373                                              11.863861401515763
                       1       700.95261158231642     0.022223061738763965       0.1189569201676811       68.329862327953265       3.0580049755095331      0.96694779322688973     0.060796623432306532    0.0020743038734680683   2.1285050578103243e-09       3.4908863374028734       3.4908863374028734        1394.923450489827                                                 1382.9295282272556                                              11.993922262571386
                       7       701.53271165926458     0.022223061738763965       0.1189569201676811       68.329862327953265       3.0596060506724347      0.96754764683170469     0.060796623432306532    0.0020743038734680683   2.1319156839983566e-09       3.4908863374028734       3.4908863374028734       1396.0836506437233                                                 1384.0897283811519                                              11.993922262571386
                       3       700.37954867255348     0.022200342086383364      0.11858643734848132       68.377995728402368       3.0547976675451247      0.96924642235110436     0.059176333830254758     0.007441567826960596   2.1216892226700643e-09       3.4908863374028734       3.4908863374028734       1393.7773246703011                                                 1382.4191033449943                                              11.358221325306854
                       5       700.56512403976694     0.022200342086383364      0.11858643734848132       68.377995728402368       3.0611963158884463      0.95707115152532829     0.059176333830254758     0.007441567826960596   2.1353086925307511e-09       3.4908863374028734       3.4908863374028734       1394.1484754047281                                                 1382.7902540794212                                              11.358221325306854
                       1       699.82841101338488     0.022200342086383364      0.11858643734848132       68.377995728402368       3.0553438448808592      0.96375379907126968     0.059176333830254758     0.007441567826960596   2.1228483577547999e-09       3.4908863374028734       3.4908863374028734       1392.6750493519639                                                  1381.316828026657                                              11.358221325306854
                       1       699.05067166440551     0.022266946686395981      0.11795937905669603        68.27449778070816       3.0549196317768268      0.96167306204381553      0.05909518898764958     0.034998815251362801   2.1219480086470135e-09       3.4908863374028734       3.4908863374028734       1391.1195706540052                                                  1379.247479776508                                              11.872090877497129
                       2       699.14177235242516     0.022438555380761456      0.11746777525403007       68.498671628689237       3.0487010527562499      0.95806334001385518     0.055016914862185809     0.052460154653457956    2.108793450997129e-09       3.4908863374028734       3.4908863374028734       1391.3017720300445                                                 1380.3983460506715                                              10.903425979372898
                       2       699.18022768512105      0.02235962962961905      0.11647211964685557        68.86466317560766       3.0433826478561601      0.96332990394710705     0.054680036951018682     0.042054133520890422   2.0976078048376304e-09       3.4908863374028734       3.4908863374028734       1391.3786826954363                                                 1380.7247393180739                                              10.653943377362319
                       2       698.92793436191323     0.022306733582152571      0.11652949879547617       68.770067225264725        3.041545311874315      0.96478735779098779     0.054201572572127626     0.043138236428340575   2.0937573329304973e-09       3.4908863374028734       3.4908863374028734       1390.8740960490206                                                 1380.4053836529752                                              10.468712396045582
                       5       698.29546568553872     0.022378734371092526      0.11768715933083933       68.546974803867229       3.0448674972569107      0.95880598614301016     0.053288601465910433     0.026045809310961766    2.100724750054091e-09       3.4908863374028734       3.4908863374028734       1389.6091586962716                                                 1378.8618136807302                                              10.747345015541359
                      19       698.14384071250834     0.022299518638724567      0.11732760776772583       68.657816630930128       3.0453971236009263      0.96269126325913124     0.054960240929122627     0.022839140630612747   2.1018376439061819e-09       3.4908863374028734       3.4908863374028734       1389.3059087502108                                                 1378.9907417896252                                              10.315166960585573
                       1       698.13355504299204     0.022295765475214661      0.11733815454504863       68.647411657099809       3.0452727164548636       0.9627977730209587     0.054921556409609343     0.023256258758313747   2.1015761765479574e-09       3.4908863374028734       3.4908863374028734       1389.2853374111783                                                 1378.9643406317623                                              10.320996779415891
                       2       697.82794842100782     0.022295765475214661      0.11733815454504863       68.647411657099809       3.0462732820050582        0.962494612586836     0.054921556409609343     0.023256258758313747   2.1036799935992375e-09       3.4908863374028734       3.4908863374028734       1388.6741241672098                                                 1378.3531273877938                                              10.320996779415891
                       5       697.82708514217438     0.022345459002777717      0.11739312094025586       68.697278314857684       3.0438692861172756      0.96041621459333282     0.053076633074120756     0.017579140540693532   2.0986288294669542e-09       3.4908863374028734       3.4908863374028734       1388.6723976095429                                                 1378.3441577565593                                              10.328239852983581
                      12       697.72992445897626     0.022345459002777717      0.11739312094025586       68.697278314857684       3.0428204674667012      0.96274667682600268     0.053076633074120756     0.017579140540693532    2.096428902273975e-09       3.4908863374028734       3.4908863374028734       1388.4780762431467                                                  1378.149836390163                                              10.328239852983581
                       1       697.83115205724368     0.022243810938881683      0.11771257444920614        68.38634564355236       3.0420231970639473      0.96556158304593798     0.053277465504875533     0.031446985254442394   2.0947581476688124e-09       3.4908863374028734       3.4908863374028734       1388.6805314396815                                                 1377.6662481566659                                              11.014283283015617
                       5       697.83326282540054      0.02225993760717368      0.11780901342287078       68.377248345390385       3.0429442409094838      0.96477455129039913     0.053425993683350839     0.030568371725412227   2.0966884005559254e-09       3.4908863374028734       3.4908863374028734       1388.6847529759953                                                 1377.5280796597863                                              11.156673316208868
                       2       698.28861109287584      0.02225993760717368      0.11780901342287078       68.377248345390385       3.0398425458440355      0.96740106738475828     0.053425993683350839     0.030568371725412227   2.0901951876789762e-09       3.4908863374028734       3.4908863374028734       1389.5954495109459                                                 1378.4387761947369                                              11.156673316208868
                       5       699.15005904119596     0.022141667436187611      0.11718425721986218       68.419827741002976       3.0348502619702433      0.97207297799222492     0.053006460230966966      0.02871314158927989   2.0797863435210706e-09       3.4908863374028734       3.4908863374028734       1391.3183454075861                                                 1380.8058824566306                                              10.512462950955459
                       3       699.36640975859359     0.022032677877823582      0.11728055657185534       68.448301299608076       3.0302500428715589       0.9778455178154335     0.051914440881380093     0.032419297054286277   2.0702408431923775e-09       3.4908863374028734       3.4908863374028734       1391.7510468423814                                                 1381.4444777638266                                               10.30656907855464
                       2       699.75489719482653     0.022032677877823582      0.11728055657185534       68.448301299608076       3.0421212069514039      0.96971517811506325     0.051914440881380093     0.032419297054286277   2.0949634647405014e-09       3.4908863374028734       3.4908863374028734       1392.5280217148472                                                 1382.2214526362925                                               10.30656907855464
                       5       698.99253272234182     0.022055618635506438      0.11761402560664706        68.57643471748564       3.0444580983733531      0.96725529174249425     0.052243828850151969      0.00105545299425365   2.0998648917112898e-09       3.4908863374028734       3.4908863374028734       1391.0032927698778                                                 1380.7190413457556                                              10.284251424122212
                       4       699.58640528277454     0.022424414013518745      0.11726549196413162       68.885977534146036       3.0635354054299233       0.9555392948095881     0.058533089635834208     0.017629589124675282   2.1403092168183423e-09       3.4908863374028734       3.4908863374028734       1392.1910378907432                                                 1381.7990894187226                                              10.391948472020646
                      10       699.49088091459726      0.02242476559485225      0.11728672510505639       68.901680515384925       3.0628109107785368      0.95541711029161569     0.058124353226347979     0.014505541556135471   2.1387591358189433e-09       3.4908863374028734       3.4908863374028734       1391.9999891543887                                                 1381.5885931265721                                              10.411396027816636
                       5       699.69162836042301      0.02242476559485225      0.11728672510505639       68.901680515384925       3.0531907535580336      0.95905857111447035     0.058124353226347979     0.014505541556135471   2.1182825883990676e-09       3.4908863374028734       3.4908863374028734       1392.4014840460402                                                 1381.9900880182236                                              10.411396027816636
                      18       701.85879096716542     0.022255552770183908      0.11618035873023477       68.827886596336313       3.0401248266804717      0.97043593937224371     0.055307423635696233     0.071387150441267713   2.0907852930086638e-09       3.4908863374028734       3.4908863374028734        1396.735809259525                                                 1385.7072852337126                                              11.028524025812438
                       1       701.20153513782293     0.022219343441792019      0.11581528306381009       68.884028407920695       3.0426731809905965      0.97130076523585263     0.057395926395797485     0.064174470998609484   2.0961201493866758e-09       3.4908863374028734       3.4908863374028734         1395.42129760084                                                  1383.846955224185                                              11.574342376654995
                       6       701.80842757245046     0.022268564862489258      0.11589769847738317       68.966288229363045       3.0513434217996509      0.96937441697412963     0.061118986110330786     0.058088931573402842   2.1143730299378672e-09       3.4908863374028734       3.4908863374028734       1396.6350824700951                                                  1384.809906637762                                              11.825175832333201
                       1       701.84831740456252     0.022164198064792823      0.11635686667792994       68.758316875829891       3.0597472469303346      0.97045608876605938     0.065613303300135734     0.043700483327310177   2.1322167237674394e-09       3.4908863374028734       3.4908863374028734       1396.7148621343192                                                 1385.9468099045885                                              10.768052229730737
                       2       704.45448128752071      0.02234859037851274      0.11637665095168301       69.220463708029669        3.071474271988436      0.96336580359696788     0.069466328910830002    0.0051351011606546315   2.1573684720627126e-09       3.4908863374028734       3.4908863374028734       1401.9271899002356                                                  1389.277958475682                                              12.649231424553632
                       1       704.74446951481173      0.02234859037851274      0.11637665095168301       69.220463708029669       3.0701709899244709      0.96439572198099655     0.069466328910830002    0.0051351011606546315   2.1545586438247998e-09       3.4908863374028734       3.4908863374028734       1402.5071663548176                                                  1389.857934930264                                              12.649231424553632
                       2       704.87511794613329     0.022353362218992558      0.11638528469108894       69.210483911734045       3.0711194799475936      0.96427147197879615     0.069888494548595387    0.0070775274923985275   2.1566031906655621e-09       3.4908863374028734       3.4908863374028734       1402.7684632174607                                                 1390.2199694336819                                              12.548493783778785
                       4       701.46008118132158     0.022374424744795948      0.11598763525653828       68.937039263252686       3.0252333448261197      0.96596549362769824     0.047300936076845761     0.056900053556310587   2.0598810776357883e-09       3.4908863374028734       3.4908863374028734       1395.9383896878373                                                 1384.7867319309571                                              11.151657756880136
                       2       700.30835255709189     0.022374424744795948      0.11598763525653828       68.937039263252686       3.0308518450913353      0.96252006749523067     0.047300936076845761     0.056900053556310587   2.0714870936878275e-09       3.4908863374028734       3.4908863374028734        1393.634932439378                                                 1382.4832746824977                                              11.151657756880136
                       1       701.99060377468231     0.022374424744795948      0.11598763525653828       68.937039263252686       3.0218964859561526      0.97386717912342635     0.047300936076845761     0.056900053556310587    2.053019000449586e-09       3.4908863374028734       3.4908863374028734       1396.9994348745588                                                 1385.8477771176786                                              11.151657756880136
                       2       705.81797766491195      0.02249321234983738      0.11539038005929986        69.42564296636094       3.0366256453135438      0.96774352895029725      0.05400815255190948    0.0069396199145181636   2.0834820412223197e-09       3.4908863374028734       3.4908863374028734       1404.6541826550181                                                 1390.1414467822513                                              14.512735872766804
                       3       705.95499729202061      0.02249321234983738      0.11539038005929986        69.42564296636094       3.0455819148322396       0.9534654765858056      0.05400815255190948    0.0069396199145181636   2.1022260809611955e-09       3.4908863374028734       3.4908863374028734       1404.9282219092354                                                 1390.4154860364686                                              14.512735872766804
                       3       708.82174587721886     0.022582916952513968       0.1149686390316632       69.595751617058099       3.0389735449685418      0.95162969381005424     0.050395678040589073     0.012394194446399527   2.0883795952209037e-09       3.4908863374028734       3.4908863374028734       1410.6617190796319                                                 1394.2549144279158                                              16.406804651716076
                       3       707.73788784019769     0.022582916952513968       0.1149686390316632       69.595751617058099        3.042430678199628      0.95016315297379272     0.050395678040589073     0.012394194446399527   2.0956118960291639e-09       3.4908863374028734       3.4908863374028734       1408.4940030055895                                                 1392.0871983538734                                              16.406804651716076
                       1       704.47226624480584     0.022318601276314715      0.11712006879928472       68.819768409297581       3.0090813533480172       0.9569617210530873     0.033395973040343085     0.015519597442464911    2.026877153098824e-09       3.4908863374028734       3.4908863374028734       1401.9627598148058                                                 1391.5567359052882                                              10.406023909517643
                       1       705.28729970803886     0.022385656563273827      0.11745439870035833       68.816725153028273       3.0087692853797692      0.95320636272564452     0.031957119830257598    0.0037245587230424967   2.0262447283486539e-09       3.4908863374028734       3.4908863374028734       1403.5928267412719                                                 1393.2638097701576                                              10.329016971114186
                       2       704.58656903055214     0.022385656563273827      0.11745439870035833       68.816725153028273       3.0029107889270734      0.95977370678695384     0.031957119830257598    0.0037245587230424967   2.0144086853562896e-09       3.4908863374028734       3.4908863374028734       1402.1913653862985                                                 1391.8623484151842                                              10.329016971114186
                       1        704.8106643629377     0.022385656563273827      0.11745439870035833       68.816725153028273       3.0002364218804689      0.96230482182865407     0.031957119830257598    0.0037245587230424967   2.0090286144985128e-09       3.4908863374028734       3.4908863374028734       1402.6395560510696                                                 1392.3105390799553                                              10.329016971114186
                      18       704.87541546377997     0.022385656563273827      0.11745439870035833       68.816725153028273       3.0001630757703479      0.96220583957097516     0.031957119830257598    0.0037245587230424967   2.0088812654683227e-09       3.4908863374028734       3.4908863374028734       1402.7690582527541                                                 1392.4400412816399                                              10.329016971114186
                       2       705.20119333228138     0.022385656563273827      0.11745439870035833       68.816725153028273       2.9970364015623225      0.96591123170046977     0.031957119830257598    0.0037245587230424967   2.0026099575060982e-09       3.4908863374028734       3.4908863374028734       1403.4206139897569                                                 1393.0915970186427                                              10.329016971114186
                       3       704.50978591234139     0.022439577054553957      0.11805022443562806       68.772504301904249       3.0051616414667999      0.96389598713699698      0.03471434800343489    0.0052213231489234846   2.0189479289292883e-09       3.4908863374028734       3.4908863374028734       1402.0377991498769                                                  1391.663907832281                                              10.373891317595884
                       2       703.56489971262158     0.022133856525210951       0.1167700995889782       69.056096596408295       3.0123751749451504       0.9790831196389056     0.043664452678493323    0.0098010958228446944   2.0335643319816396e-09       3.4908863374028734       3.4908863374028734       1400.1480267504373                                                 1387.8400455809303                                              12.307981169506924
                       1        702.9843357804416     0.022133856525210951       0.1167700995889782       69.056096596408295       3.0220109847555197       0.9690712452345005     0.043664452678493323    0.0098010958228446944    2.053254082118243e-09       3.4908863374028734       3.4908863374028734       1398.9868988860774                                                 1386.6789177165704                                              12.307981169506924
                       8       702.92792200606289     0.022133856525210951       0.1167700995889782       69.056096596408295       3.0251882180201561       0.9686810868449075     0.043664452678493323    0.0098010958228446944   2.0597881238794587e-09       3.4908863374028734       3.4908863374028734       1398.8740713373199                                                 1386.5660901678129                                              12.307981169506924
                       3       702.66930284684884      0.02220700616414879      0.11663840241703229        69.14937313207794       3.0287332069224968      0.96648224163826024     0.044882621832417008     0.011603356979489525   2.0671030078505563e-09       3.4908863374028734       3.4908863374028734       1398.3568330188918                                                 1385.5725908550869                                              12.784242163805011
                       2       702.29231864073972     0.022266142126808226      0.11640129320195086       68.102753739519756       3.0465259419548114      0.95967936516084251     0.053104310562394987     0.093065092845594263   2.1042115764327353e-09       3.4908863374028734       3.4908863374028734       1397.6028646066736                                                 1385.7042478654266                                              11.898616741246933
                       5       702.42576306230046      0.02222195260343169        0.116738650258599       68.138423376829991       3.0543078987633625      0.95970160474565014       0.0569018692747758     0.068460111289379219   2.1206503399511277e-09       3.4908863374028734       3.4908863374028734       1397.8697534497951                                                 1386.0547966126317                                              11.814956837163404
                       3       703.75684953695918      0.02222195260343169        0.116738650258599       68.138423376829991       3.0567364714161953      0.95319804179892531       0.0569018692747758     0.068460111289379219    2.125806752199479e-09       3.4908863374028734       3.4908863374028734       1400.5319263991125                                                 1388.7169695619491                                              11.814956837163404
                       3       702.29385431486503     0.022376928531437849      0.11734774846086048       68.390173792396155       3.0603725703606379      0.94607520625705444     0.056131127890095271     0.030676404695193338   2.1335504658099089e-09       3.4908863374028734       3.4908863374028734       1397.6059359549242                                                 1386.1474835901606                                              11.458452364763589
                       1       702.29137496033354     0.022374908205488195      0.11732676614468943       68.400608113475514       3.0612614001655523      0.94619467520910072     0.056632069149606633     0.030300992237988763   2.1354476720760454e-09       3.4908863374028734       3.4908863374028734       1397.6009772458613                                                 1386.2192705111545                                              11.381706734706805
                       3        699.3485508661048     0.022214314495272062      0.11762208227719793       68.419389823977184       3.0542277798588562      0.95361249972102613     0.054585467629746691      0.02607986065976943   2.1204804425751365e-09       3.4908863374028734       3.4908863374028734       1391.7153290574038                                                 1380.9325988056346                                              10.782730251769284
                       5       699.23908182396281     0.022237576771816286      0.11744610388679091       68.589672112964607       3.0548006147117368      0.95343461571055999     0.054910947145157006     0.017971600412702127   2.1216954756509167e-09       3.4908863374028734       3.4908863374028734       1391.4963909731198                                                 1381.1406219495427                                              10.355769023576991
                       1        698.1053959402127     0.022237576771816286      0.11744610388679091       68.589672112964607       3.0549545035123593      0.95553819901941628     0.054910947145157006     0.017971600412702127   2.1220220059469847e-09       3.4908863374028734       3.4908863374028734       1389.2290192056196                                                 1378.8732501820425                                              10.355769023576991
                      12       698.13324689873343     0.022212075999517668      0.11752381444050293       68.575483745906681       3.0558918069474044      0.95618077826353476     0.055527664535770287     0.014223681802505184   2.1240119168918972e-09       3.4908863374028734       3.4908863374028734        1389.284721122661                                                 1378.9207009092552                                                10.3640202134058
                       3       699.00300476841869     0.022065715289902591      0.11739587679675913       68.525802641767783       3.0561103173594559      0.96141842043831205     0.057358604062346524     0.010409917205249544   2.1244760863221398e-09       3.4908863374028734       3.4908863374028734       1391.0242368620316                                                 1380.7269615194584                                              10.297275342573085
                       2       698.51455656090843     0.022188387858641787      0.11714048619226793       68.655234074267568       3.0560349668611004       0.9577443695379747     0.056412008271451909      0.01572184919562105   2.1243160120212061e-09       3.4908863374028734       3.4908863374028734        1390.047340447011                                                 1379.7442373135716                                              10.303103133439356
                       1       698.58089191782608     0.022192901205517628      0.11712681793393627        68.66114960690615       3.0575096778991804      0.95762249652865616     0.057129215432040817     0.016276282384754454   2.1274510753806036e-09       3.4908863374028734       3.4908863374028734       1390.1800111608463                                                 1379.8742595289923                                              10.305751631854019
                       6       698.14520941192131     0.022192901205517628      0.11712681793393627        68.66114960690615        3.053789557567006      0.96317417454028842     0.057129215432040817     0.016276282384754454   2.1195514043532648e-09       3.4908863374028734       3.4908863374028734       1389.3086461490368                                                 1379.0028945171828                                              10.305751631854019
                       2       698.89316641107223     0.022362764815552993      0.11681197994593717       68.757778730937261       3.0609791986122299      0.95861463479856668     0.059508075938795431     0.038392528208678819    2.134845130449037e-09       3.4908863374028734       3.4908863374028734       1390.8045601473386                                                 1380.4615626236548                                              10.342997523683792
                       1       699.39922016988123     0.022362432842136223      0.11613321966568363       68.856208027755187        3.052269611236162      0.96069058627147685     0.056197029781295232     0.054306739584916067   2.1163322470660877e-09       3.4908863374028734       3.4908863374028734       1391.8166676649566                                                   1381.06070883757                                              10.755958827386724
                       4       701.50287191057782     0.022672641923284755      0.11727460401497203       68.993479199998447       3.0415136826693314      0.94508343868579414     0.045537863669496401    0.0033095399411127019   2.0936911100979215e-09       3.4908863374028734       3.4908863374028734       1396.0239711463498                                                 1385.5885021282722                                              10.435469018077645
                       3       701.05672325925968     0.022499105555887435      0.11665698631410175       68.996658909742123       3.0343314091502243      0.95295851062210124     0.044721981532545529     0.012308068429823821   2.0787075204111061e-09       3.4908863374028734       3.4908863374028734       1395.1316738437135                                                 1384.4479566817549                                              10.683717161958519
                       2       700.52129549095775     0.022285812630142943      0.11746452891635931       67.959151942383741       3.0503177826671775      0.95826953991241004     0.053835740639891619     0.079320597559099634   2.1122055579297747e-09       3.4908863374028734       3.4908863374028734       1394.0608183071097                                                 1379.8947794189205                                              14.166038888189277
                       1       700.69702092443936     0.022285812630142943      0.11746452891635931       67.959151942383741        3.046679136932648      0.96227388497066224     0.053835740639891619     0.079320597559099634   2.1045339557713673e-09       3.4908863374028734       3.4908863374028734       1394.4122691740729                                                 1380.2462302858837                                              14.166038888189277
                       4        700.2717503870972      0.02231702684522641      0.11652381169240877       68.337021454879093       3.0586022594118267       0.9642487005353112     0.061023027904253326     0.084663556777916524   2.1297767593629312e-09       3.4908863374028734       3.4908863374028734       1393.5617280993886                                                 1382.7492635163169                                               10.81246458307159
                       1       701.19162461281121     0.022429652304035437      0.11673613665226668       68.283962228699053       3.0650440631786497       0.9597291271746341     0.062756708067900457     0.092755073209619857   2.1435406478517925e-09       3.4908863374028734       3.4908863374028734       1395.4014765508166                                                 1383.8724854938168                                              11.528991056999699
                       1       701.66799573409605     0.022429652304035437      0.11673613665226668       68.283962228699053          3.0593103607557      0.96188331064102972     0.062756708067900457     0.092755073209619857   2.1312853912174716e-09       3.4908863374028734       3.4908863374028734       1396.3542187933863                                                 1384.8252277363865                                              11.528991056999699
                       3       701.54067452455763     0.022429652304035437      0.11673613665226668       68.283962228699053       3.0610898653307888      0.95986055336915932     0.062756708067900457     0.092755073209619857   2.1350813998275925e-09       3.4908863374028734       3.4908863374028734       1396.0995763743094                                                 1384.5705853173097                                              11.528991056999699
                       1       702.10642300741745     0.022431252306367118      0.11646649504896012       68.406776423860393        3.064890371764831      0.96178505783822499     0.065201791362566472      0.10233584372106121   2.1432112293740906e-09       3.4908863374028734       3.4908863374028734       1397.2310733400291                                                 1386.5083305032354                                              10.722742836793799
                       4       701.41729931316343     0.022431252306367118      0.11646649504896012       68.406776423860393       3.0703307053707816      0.95930589892199392     0.065201791362566472      0.10233584372106121   2.1549027876020078e-09       3.4908863374028734       3.4908863374028734        1395.852825951521                                                 1385.1300831147273                                              10.722742836793799
                       1       699.66687919372487     0.022278719760011945      0.11844259338339704       68.266247360131985       3.0656206399201937      0.95969778859392274      0.06139560096735918     0.031191868360628525   2.1447769199025044e-09       3.4908863374028734       3.4908863374028734       1392.3519857126439                                                  1380.101426530387                                              12.250559182256998
                       3       698.14983291762496     0.022195545385158857      0.11801910192502414       68.326198204901019       3.0511506641619714      0.96380927864194699     0.055637119307498019      0.03178665443015876   2.1139655076652202e-09       3.4908863374028734       3.4908863374028734       1389.3178931604441                                                 1378.0703179347372                                              11.247575225706894
                       1       698.12553864933557     0.022280112550657014      0.11830113644489082       68.256921595646062       3.0487628537153544      0.95970579925459731     0.053065298146540547     0.031339239256163214   2.1089237804821562e-09       3.4908863374028734       3.4908863374028734       1389.2693046238653                                                 1376.9965420612705                                               12.27276256259481
                      20       698.59999411161368     0.022280112550657014      0.11830113644489082       68.256921595646062       3.0544022059773828      0.95299211153296781     0.053065298146540547     0.031339239256163214     2.12085034200727e-09       3.4908863374028734       3.4908863374028734       1390.2182155484215                                                 1377.9454529858267                                               12.27276256259481
                       3       700.67454520134595     0.022325251850175427      0.11809113438343624        68.15711299292829       3.0422537279614166      0.94967652979929595     0.046554927229853167     0.030280166447812038   2.0952411098112846e-09       3.4908863374028734       3.4908863374028734       1394.3673177278861                                                 1380.9196114049582                                              13.447706322927939
                       2       700.80025734884521     0.022308444741925115       0.1181463442388818        68.09357990931106       3.0409020245411162      0.95040540497805026     0.045998058993043205     0.036029590102366227   2.0924108784844083e-09       3.4908863374028734       3.4908863374028734       1394.6187420228846                                                 1380.6634139758576                                              13.955328047027113
                       5       700.78208670958134     0.022506315193511404      0.11663301171163849       68.366735756966406       3.0605876243104264      0.94899871740403186     0.056340212236057285     0.098507949558181124    2.134009343604627e-09       3.4908863374028734       3.4908863374028734       1394.5824007443568                                                 1383.3282692235982                                              11.254131520758664
                       3       701.34770033843176     0.022591360473487632      0.11797957733988224       68.268925031060519       3.0624784929169659      0.94256063992641737     0.054318722829778968     0.066031018867589525   2.1380482922356968e-09       3.4908863374028734       3.4908863374028734       1395.7136280020577                                                 1382.1637089423932                                              13.549919059664386
                       8       702.55069550630003      0.02263430142273546      0.11796798449955406       68.171438138788574       3.0614722808604307      0.94092746613336276     0.053365743301771518     0.078874968099715975   2.1358980442507385e-09       3.4908863374028734       3.4908863374028734       1398.1196183377942                                                  1383.303694220268                                              14.815924117526343
                       5       702.94943809222684      0.02264475237102186      0.11774570275313113       68.150985449297508       3.0634248532463717      0.94118104938699065     0.054590924523441817     0.091120664847387442   2.1400726140396658e-09       3.4908863374028734       3.4908863374028734       1398.9171035096479                                                 1384.1292065703205                                              14.787896939327332
                       2       702.56938561991058      0.02264475237102186      0.11774570275313113       68.150985449297508       3.0545465533685894      0.95151075134265506     0.054590924523441817     0.091120664847387442   2.1211565033175396e-09       3.4908863374028734       3.4908863374028734       1398.1569985650153                                                  1383.369101625688                                              14.787896939327332
                       1       700.31256221340402     0.022452216562178488      0.11869030620057885       68.134603862252519        3.050994641456902      0.95644376690930155      0.05343140122311741     0.046641249314292137   2.1136357067771731e-09       3.4908863374028734       3.4908863374028734       1393.6433517520022                                                 1378.8522588686274                                              14.791092883374926
                       1       700.13890847938876     0.022462447614217923      0.11867100445601456       68.176819543027818       3.0515624429903827      0.95601222286350684     0.053624508573414324     0.042620555552923829   2.1148361731537731e-09       3.4908863374028734       3.4908863374028734       1393.2960442839717                                                 1378.8820185363134                                              14.414025747658386
                       3       700.34402833808758     0.022448369614505876       0.1187466441220334       68.121862848997594       3.0513869944083925       0.9563635021074558     0.053576023872860014     0.045026867296632946   2.1144651606938085e-09       3.4908863374028734       3.4908863374028734       1393.7062840013693                                                 1378.7150085597509                                              14.991275441618374
                       7       699.42391184416419     0.022349812924396438      0.11817468250258008       68.096901130807865       3.0452950314023495       0.9610381137075853     0.052403065636917066     0.057534847494003186   2.1016230736332257e-09       3.4908863374028734       3.4908863374028734       1391.8660510135226                                                 1377.9879531930244                                              13.878097820498231
                       1        699.5647718120656     0.022312339413344796      0.11823008025307027       68.028930689365964       3.0429463869711575      0.96199655891806435     0.051509427834433644     0.057306212737887809   2.0966929001833713e-09       3.4908863374028734       3.4908863374028734       1392.1477709493254                                                 1377.7271584653158                                              14.420612484009547
                       7       699.66455226138066     0.022061102250131359      0.11655116121763279       68.483777935985117       3.0444166344860384      0.97526389709516281     0.057487265170271702     0.052043979675020773   2.0997778249551193e-09       3.4908863374028734       3.4908863374028734       1392.3473318479555                                                 1382.0595966455521                                              10.287735202403475
                       3       699.21219961982524     0.022074787787271347      0.11678472874769084       68.555088912835089       3.0432791503567502      0.97366806323359834     0.056349393311818034     0.031710342378463277   2.0973907189092063e-09       3.4908863374028734       3.4908863374028734       1391.4426265648447                                                 1381.1371953135804                                              10.305431251264372
                       3       699.14678422521865     0.022081112399432008       0.1168209976272703       68.466878693684819       3.0441041405797939      0.97409071260927826     0.056725115688820431     0.047381006380534385   2.0991217596938903e-09       3.4908863374028734       3.4908863374028734       1391.3117957756315                                                  1381.028355017909                                              10.283440757722452
                       1       699.25274410882241     0.022076490786458812      0.11678544857082286       68.470324303876794       3.0447871790433876      0.97434025277125158     0.057172797633847236     0.048065982026493093   2.1005560303707853e-09       3.4908863374028734       3.4908863374028734        1391.523715542839                                                 1381.2432254010821                                              10.280490141756887
                       9       698.82084753672257     0.022189348229821569      0.11691930746960906       68.622699813754409       3.0510976249210096      0.97007319412942428      0.05895325533976891     0.037397165240950173   2.1138533875126845e-09       3.4908863374028734       3.4908863374028734       1390.6599223986393                                                 1380.3616323581841                                              10.298290040455242
                       5       699.28879155683092     0.022189348229821569      0.11691930746960906       68.622699813754409       3.0481829225801396      0.97304931910109516      0.05895325533976891     0.037397165240950173   2.1077011044882659e-09       3.4908863374028734       3.4908863374028734        1391.595810438856                                                 1381.2975203984008                                              10.298290040455242
                       1       699.64550722024944     0.022158771194288607      0.11674120726873657        68.62480575067525       3.0480251072108056      0.97461216161614717     0.059475101423751224     0.041611998381176907   2.1073685031055105e-09       3.4908863374028734       3.4908863374028734       1392.3092417656931                                                 1381.9711143989114                                              10.338127366781663
                       5       699.71456706232334     0.022155210536821571      0.11645165511666265       68.928299199786338       3.0363989469713801      0.97373702712372301     0.053896168346889581    0.0008718463367337545   2.0830097728309002e-09       3.4908863374028734       3.4908863374028734       1392.4473614498409                                                 1381.0822057592645                                              11.365155690576431
                      15       700.86634596090346     0.022246021392509086      0.11590564489529553       69.129265127140343       3.0347083644342954      0.97371664397662572     0.053103781550092967     0.022879421004577578   2.0794912479007924e-09       3.4908863374028734       3.4908863374028734       1394.7509192470011                                                 1381.8296149702692                                              12.921304276731865
                       1       701.32919576498728     0.022244761097413763      0.11574548150186093       69.163045891906563       3.0335359320972533      0.97417646996674012     0.052772093479542433     0.024917710981570852   2.0770546137905858e-09       3.4908863374028734       3.4908863374028734       1395.6766188551687                                                 1382.2872371221615                                              13.389381733007149
                       1       701.31873964558838     0.022238239902639997      0.11571819646710746       69.126763457239079       3.0345691840110214      0.97426510490617746     0.053384423083659135     0.027609041656172929    2.079201843568891e-09       3.4908863374028734       3.4908863374028734       1395.6557066163709                                                 1382.5328077233403                                              13.122898893030547
                       5       701.57821917627371     0.022307145871998453      0.11550416126889065       69.126710478748493       3.0370874248939441      0.97285090733999169      0.05430686043802474     0.045949068867628888   2.0844443728605363e-09       3.4908863374028734       3.4908863374028734       1396.1746656777416                                                 1383.1312673884909                                              13.043398289250794
                       7       701.06096856074566     0.022212054811137295      0.11597246412200675       69.035160255112572       3.0454708299851667      0.97532003099181797     0.058853742711346399      0.03536695582826152   2.1019925684685692e-09       3.4908863374028734       3.4908863374028734       1395.1401644466855                                                 1382.7499596782648                                              12.390204768420654
                       4       702.93189055845858     0.022212054811137295      0.11597246412200675       69.035160255112572       3.0371592769878393      0.98223109262040587     0.058853742711346399      0.03536695582826152   2.0845941499341682e-09       3.4908863374028734       3.4908863374028734       1398.8820084421113                                                 1386.4918036736906                                              12.390204768420654
                       3       702.21744248616949     0.022212054811137295      0.11597246412200675       69.035160255112572       3.0635921645593616      0.95655558200902535     0.058853742711346399      0.03536695582826152   2.1404307023538922e-09       3.4908863374028734       3.4908863374028734       1397.4531122975332                                                 1385.0629075291124                                              12.390204768420654
                       4       702.56155304279673     0.022071574931842336       0.1169468567236467       68.542192615322065       3.0770125785964528      0.95779283897849465     0.065500672692735767         0.03256114657492   2.1693497876019106e-09       3.4908863374028734       3.4908863374028734       1398.1413334107876                                                 1387.8524289891047                                              10.288904421682906
                       2       701.76604224667074     0.022111617412041398       0.1169762601012139       68.577718333458975       3.0743355644365211      0.95667226116475201     0.063718168657122862     0.033649916581278083   2.1635501737903345e-09       3.4908863374028734       3.4908863374028734       1396.5503118185356                                                 1386.2559757332872                                              10.294336085248347
                       2       701.51405460118201     0.022111617412041398       0.1169762601012139       68.577718333458975       3.0727976067441833      0.95992702775506455     0.063718168657122862     0.033649916581278083   2.1602252825841658e-09       3.4908863374028734       3.4908863374028734       1396.0463365275582                                                   1385.75200044231                                              10.294336085248347
                       1       701.27547482181694     0.022002312485252886      0.11711960103738615       68.279117952407134       3.0609611101421463      0.96303526294528541     0.058658700893774555     0.045954547665315107   2.1348065147160131e-09       3.4908863374028734       3.4908863374028734       1395.5691769688281                                                 1385.0180675229567                                              10.551109445871436
                       2        701.9853057312348     0.022100808700793131      0.11644626745304867       68.715179512093485       3.0503586416547535      0.95977931484130097     0.053196473488559715     0.012998468570190692   2.1122918622735663e-09       3.4908863374028734       3.4908863374028734       1396.9888387876638                                                 1386.3764327141359                                              10.612406073527863
                       6       701.86608066999372     0.022094659050048877      0.11647817059175149       68.582373481231755       3.0491043092080701      0.96018043733270053     0.052651635352102516     0.028592150535301664   2.1096440070463809e-09       3.4908863374028734       3.4908863374028734       1396.7503886651816                                                 1386.3988147221471                                              10.351573943034404
                       1       701.56185762926395     0.022094659050048877      0.11647817059175149       68.582373481231755       3.0326046465246934      0.97064024974292229     0.052651635352102516     0.028592150535301664   2.0751211832230779e-09       3.4908863374028734       3.4908863374028734       1396.1419425837221                                                 1385.7903686406876                                              10.351573943034404
                       2        702.0517214567692     0.022094659050048877      0.11647817059175149       68.582373481231755        3.033943612835329      0.96857666422326771     0.052651635352102516     0.028592150535301664   2.0779015615789786e-09       3.4908863374028734       3.4908863374028734       1397.1216702387326                                                 1386.7700962956981                                              10.351573943034404
                       4       701.30897416342623     0.022215887675607292      0.11669349518466202       68.735097036170544       3.0464621476500517      0.96196402061355235     0.056532271602744308    0.0082152204707776483   2.1040773439998275e-09       3.4908863374028734       3.4908863374028734       1395.6361756520466                                                 1385.2022056882249                                              10.433969963821612
                       1       701.33954355735648     0.022237342845345509      0.11696533183061265        68.66430012710839       3.0540499389072466       0.9592215771196132     0.059134918074302059    0.0046319331631343311    2.120103367846018e-09       3.4908863374028734       3.4908863374028734       1395.6973144399071                                                 1385.3555081224752                                              10.341806317431866
                       1       701.24742624147257      0.02218723131479354      0.11714442566057548       68.401577361366634       3.0591424138296262      0.96163660213679969     0.062142498403099523      0.03392229804239906   2.1309274784434468e-09       3.4908863374028734       3.4908863374028734       1395.5130798081393                                                 1384.8707735815615                                               10.64230622657775
                       1       701.58413165955471     0.022346496993648879       0.1169503755410314       68.477016140152088       3.0624525978277455      0.95624510458868939     0.062240063754116295     0.046407103533427536   2.1379929280012458e-09       3.4908863374028734       3.4908863374028734       1396.1864906443036                                                 1385.5111076036389                                               10.67538304066461
                       6         701.914895612245     0.022346496993648879       0.1169503755410314       68.477016140152088       3.0629855164639848      0.95534159749457392     0.062240063754116295     0.046407103533427536   2.1391326079280893e-09       3.4908863374028734       3.4908863374028734       1396.8480185496842                                                 1386.1726355090195                                               10.67538304066461
                       3       702.39788907996967     0.022411935118303982      0.11682722464865128       68.540896759378157        3.064022087108591      0.95310498063181648     0.062165648134722182     0.048138359776031918   2.1413511196177878e-09       3.4908863374028734       3.4908863374028734       1397.8140054851335                                                  1387.217802041022                                              10.596203444111572
                       2       703.34366085508975     0.022312536561284489      0.11559076987181111         68.9831971739561       3.0324356553010201      0.96455654522958878     0.051483798877459956     0.044270145846106744   2.0747705355840758e-09       3.4908863374028734       3.4908863374028734       1399.7055490353737                                                 1387.9426664735765                                              11.762882561797076
                       2       703.32354128756663      0.02220778119930231      0.11566473167244777       69.079356292936524       3.0372747037755916       0.9679345564301477     0.054872838118136737     0.020868613527697089   2.0848347818280782e-09       3.4908863374028734       3.4908863374028734       1399.6653099003274                                                  1386.847153410587                                              12.818156489740526
                       2       701.66082917066865     0.022338521568457378      0.11645038120807619       68.972190970717648       3.0484991378834834      0.95835877354185917     0.056640102520831501    0.0060086188875010799   2.1083676972202367e-09       3.4908863374028734       3.4908863374028734       1396.3398856665315                                                 1385.3341994356485                                               11.00568623088291
                       3       700.30789513056561     0.022338521568457378      0.11645038120807619       68.972190970717648       3.0522312862449361      0.95665857994487835     0.056640102520831501    0.0060086188875010799   2.1162511402055074e-09       3.4908863374028734       3.4908863374028734       1393.6340175863254                                                 1382.6283313554425                                               11.00568623088291
                       8        700.6363489933708     0.022344541420671299      0.11636436180058161       68.995619306324812       3.0526403179604245       0.9565484764455513      0.05689204561989733    0.0061635312865097542   2.1171169310956855e-09       3.4908863374028734       3.4908863374028734       1394.2909253119358                                                 1383.1577063562556                                              11.133218955680073
                       1       700.27632422438012     0.022344541420671299      0.11636436180058161       68.995619306324812        3.048333543575116      0.96171634590344057      0.05689204561989733    0.0061635312865097542   2.1080185924353116e-09       3.4908863374028734       3.4908863374028734       1393.5708757739544                                                 1382.4376568182743                                              11.133218955680073
                       1       700.52307022497575     0.022243948317558253       0.1163108665990709       68.909859989758857       3.0476414267211012      0.96542211246732168     0.057769782027968876     0.008625053194761553   2.1065601020200307e-09       3.4908863374028734       3.4908863374028734       1394.0643677751457                                                 1383.0109160316738                                              11.053451743471935
                       2       700.56318110042832     0.022221036282675966      0.11613389974602002       68.964962117797938       3.0434554765118769      0.96804188282489889     0.056694447887630728     0.012317699585070153   2.0977605763572824e-09       3.4908863374028734       3.4908863374028734       1394.1445895260508                                                  1382.609473597123                                              11.535115928927841
                       6       700.59137233804336     0.022232262938221888      0.11623919926313343       68.909423982218172       3.0542233573945521      0.96743450688227772     0.061643876221411639     0.020711429976051354   2.1204710648468081e-09       3.4908863374028734       3.4908863374028734       1394.2009720012809                                                 1383.0218297693316                                              11.179142231949371
                       1       705.46539932169298     0.022232262938221888      0.11623919926313343       68.909423982218172       3.0385011979295693      0.98308077082316803     0.061643876221411639     0.020711429976051354   2.0873933882371612e-09       3.4908863374028734       3.4908863374028734       1403.9490259685801                                                 1392.7698837366308                                              11.179142231949371
                       4       703.12728979840335     0.022208312671203261      0.11719387474221009       68.510065109246085       3.0385141041881401      0.98055393212185971     0.059918908690525692     0.028570296288620838   2.0874203288498197e-09       3.4908863374028734       3.4908863374028734       1399.2728069220009                                                 1388.8638552283458                                               10.40895169365503
                       1       702.85249534233117     0.022243295387592222      0.11735462878601975       68.382656673185622       3.0355571938976378       0.9779319052457538     0.057500136256889559     0.035105093376211725   2.0812571307014199e-09       3.4908863374028734       3.4908863374028734       1398.7232180098565                                                 1387.8048424906856                                              10.918375519170842
                       1       702.84547134774539     0.022243295387592222      0.11735462878601975       68.382656673185622       3.0355705538765099      0.97791117042664866     0.057500136256889559     0.035105093376211725   2.0812849364384553e-09       3.4908863374028734       3.4908863374028734        1398.709170020685                                                  1387.790794501514                                              10.918375519170842
                       2       702.68461806225901     0.022125936349731069      0.11831491959148412       68.123663194789913       3.0267233338911756      0.98077930785665246     0.053126379606091012      0.02593028883287769   2.0629525655902719e-09       3.4908863374028734       3.4908863374028734       1398.3874634497122                                                 1385.7885080279125                                              12.598955421799674
                       2       702.98032632364902     0.022161928610598375      0.11797668981005265       68.266280005533574       3.0186519123675817      0.98210682986950082     0.049897108540350496     0.031029844820476049   2.0463686238761695e-09       3.4908863374028734       3.4908863374028734       1398.9788799724922                                                 1387.5084339980715                                              11.470445974420709
                       6       700.04264589437526     0.022161928610598375      0.11797668981005265       68.266280005533574       3.0408887788368335      0.95808811793182913     0.049897108540350496     0.031029844820476049   2.0923831632122283e-09       3.4908863374028734       3.4908863374028734       1393.1035191139447                                                  1381.633073139524                                              11.470445974420709
                       2       698.08002901470422     0.022161928610598375      0.11797668981005265       68.266280005533574       3.0384241451575562      0.96376334870466496     0.049897108540350496     0.031029844820476049   2.0872325549867191e-09       3.4908863374028734       3.4908863374028734       1389.1782853546026                                                 1377.7078393801819                                              11.470445974420709
                       2       697.67819271022586     0.022155704965809368      0.11798683011509954       68.334621439768554       3.0474318064509198      0.96281332984488865      0.05402593735482919     0.018247003061607377   2.1061185706008766e-09       3.4908863374028734       3.4908863374028734       1388.3746127456459                                                 1377.2235488042713                                              11.151063941374613
                       1        697.6778842354114     0.022155704965809368      0.11798683011509954       68.334621439768554       3.0472127285712447       0.9629816665665597      0.05402593735482919     0.018247003061607377   2.1056572171480979e-09       3.4908863374028734       3.4908863374028734        1388.373995796017                                                 1377.2229318546424                                              11.151063941374613
                       1       698.06005680078886     0.022259998213470994      0.11868155003141011       68.282611449107876       3.0533195021023651      0.95695004826804564     0.054446474505770857    0.0094215989603842597   2.1185553317560853e-09       3.4908863374028734       3.4908863374028734       1389.1383409267719                                                 1376.7476400889489                                              12.390700837823031
                       6       698.30247672137898     0.022236926026502589      0.11851671820867393       68.315582757476662       3.0561124734520284      0.95921789623052878     0.056658088918067423     0.015946981877551423   2.1244806668941882e-09       3.4908863374028734       3.4908863374028734       1389.6231807679521                                                 1377.7777623492671                                              11.845418418685044
                      11        697.5590117662872     0.022309162925404542      0.11822757346191839       68.538784271250236        3.048493810439723      0.95719919128036446     0.052612010826087789    0.0017725948102937424   2.1083564650398228e-09       3.4908863374028734       3.4908863374028734       1388.1362508577686                                                 1377.2921161791198                                              10.844134678648752
                       4       697.54620331259628     0.022304420249919684      0.11822486102385558       68.535315052649594       3.0487674124013666      0.95734829388890974     0.052795686964232189    0.0017811923735621597   2.1089333944254085e-09       3.4908863374028734       3.4908863374028734       1388.1106339503867                                                 1377.2664535691035                                              10.844180381283151
                       5       698.33664794080937     0.022304420249919684      0.11822486102385558       68.535315052649594       3.0461022142277643      0.96324567655086724     0.052795686964232189    0.0017811923735621597   2.1033201525180794e-09       3.4908863374028734       3.4908863374028734       1389.6915232068129                                                 1378.8473428255297                                              10.844180381283151
                       3        698.3636601263006     0.022293454547115617      0.11819772049933658       68.549541822116112       3.0450641814369006      0.96403031154062702     0.052556882027408228    0.0014891702783349861   2.1011379700145223e-09       3.4908863374028734       3.4908863374028734       1389.7455475777954                                                 1378.9997674055539                                              10.745780172241551
                       3       698.50700434238286     0.022293454547115617      0.11819772049933658       68.549541822116112       3.0437648382548179      0.96528227518618548     0.052556882027408228    0.0014891702783349861   2.0984096436185707e-09       3.4908863374028734       3.4908863374028734       1390.0322360099599                                                 1379.2864558377184                                              10.745780172241551
                       2       698.51495682322536     0.022285576853959019      0.11822299066759566       68.535529481052905       3.0448121676899844      0.96539115042922441     0.053079812697095267    0.0013222505427862422    2.100608521078918e-09       3.4908863374028734       3.4908863374028734       1390.0481409716449                                                 1379.2615848660889                                              10.786556105556008
                       6       699.43241979250433     0.022379452317662842       0.1179303161623393       68.490359515136376       3.0540068606698498      0.96239456105833199     0.056886681216232256     0.026733956132642182   2.1200120394969782e-09       3.4908863374028734       3.4908863374028734       1391.8830669102028                                                 1380.8233743659737                                              11.059692544229165
                       2       698.05197257693101     0.022379452317662842       0.1179303161623393       68.490359515136376       3.0578295744446855       0.9561066389219518     0.056886681216232256     0.026733956132642182   2.1281317484970334e-09       3.4908863374028734       3.4908863374028734       1389.1221724790562                                                  1378.062479934827                                              11.059692544229165
                       1       698.11510292976641      0.02237773901450588      0.11788598503843077       68.479781828594412       3.0584505771441939      0.95619726311743247     0.057260354339486182     0.029122120544861414   2.1294537344937114e-09       3.4908863374028734       3.4908863374028734        1389.248433184727                                                 1378.1708114677842                                              11.077621716942778
                       1       698.12228148828194      0.02237773901450588      0.11788598503843077       68.479781828594412       3.0587237124613056      0.95595173632230657     0.057260354339486182     0.029122120544861414   2.1300354429537029e-09       3.4908863374028734       3.4908863374028734       1389.2627903017581                                                 1378.1851685848153                                              11.077621716942778
                       1       698.30980899075155     0.022378209513833049      0.11833040691706549       68.303136456857004       3.0538411486572437      0.95418311980332993     0.053891388802910244     0.029954627985936812   2.1196607571418207e-09       3.4908863374028734       3.4908863374028734       1389.6378453066973                                                 1377.1499542723034                                              12.487891034393998
                       4       699.06131244438245     0.022424743969926941       0.1187965271721321       68.305815564973614       3.0582572186840751       0.9514786177260941     0.054747341088995073     0.020340439839165912   2.1290420264036194e-09       3.4908863374028734       3.4908863374028734       1391.1408522139591                                                 1378.0045702271182                                              13.136281986841011
                       2       698.88349752801798     0.022410245020112681      0.11883389587380595       68.317372632364723       3.0572953929917275       0.9518761314501949     0.054372812305251476     0.015790397478549302   2.1269952435644884e-09       3.4908863374028734       3.4908863374028734       1390.7852223812301                                                 1377.7751160867149                                              13.010106294515284
                       1       698.34687237606261     0.022434504432189264      0.11802340240978923       68.582204076431822       3.0588305995818756      0.95424868854781897     0.056639628494301743      0.02123966194634818   2.1302631284770204e-09       3.4908863374028734       3.4908863374028734       1389.7119720773194                                                 1378.8479412581239                                              10.864030819195388
                       4       698.51637523174986     0.022434504432189264      0.11802340240978923       68.582204076431822       3.0553502388701692      0.95585828314971188     0.056639628494301743      0.02123966194634818   2.1228619312679003e-09       3.4908863374028734       3.4908863374028734       1390.0509777886939                                                 1379.1869469694984                                              10.864030819195388
                       1       699.86216737111124     0.022434504432189264      0.11802340240978923       68.582204076431822       3.0616932562760533      0.94777583882134553     0.056639628494301743      0.02123966194634818   2.1363700773607298e-09       3.4908863374028734       3.4908863374028734       1392.7425620674167                                                 1381.8785312482212                                              10.864030819195388
                       7       698.44052995331083     0.022434504432189264      0.11802340240978923       68.582204076431822       3.0571313517532825      0.95426746147102093     0.056639628494301743      0.02123966194634818   2.1266463572472221e-09       3.4908863374028734       3.4908863374028734       1389.8992872318158                                                 1379.0352564126204                                              10.864030819195388
                       1       698.63904839860788     0.022434504432189264      0.11802340240978923       68.582204076431822       3.0536825630825049      0.95936912161599375     0.056639628494301743      0.02123966194634818    2.119324636175071e-09       3.4908863374028734       3.4908863374028734       1390.2963241224099                                                 1379.4322933032145                                              10.864030819195388
                       5       698.96722748985997     0.022493648326497646       0.1179224304640895       68.547651063491443       3.0564278203038748       0.9549425538259031     0.056736381898223678     0.020345180522000277   2.1251507208284484e-09       3.4908863374028734       3.4908863374028734       1390.9526823049141                                                  1379.700097364896                                              11.252584940018187
                       5       697.97676153376096     0.022339661137065567      0.11821812798121255       68.384271071264251        3.048836293476981      0.95947844063213061     0.054181059073817012     0.011629364556001885   2.1090786650291561e-09       3.4908863374028734       3.4908863374028734       1388.9717503927161                                                 1377.1684314888175                                              11.803318903898619
                       1       697.44873762529471     0.022314115485650706      0.11800837610208485       68.527127539561604       3.0451903008556682      0.96136373874512226     0.053208995934791087   0.00034758772102041167   2.1014029810252174e-09       3.4908863374028734       3.4908863374028734       1387.9157025757836                                                 1377.0395422862948                                              10.876160289488746
                       6       697.62720624757549     0.022252329157680814      0.11799078721361038       68.569986471424514       3.0428320972399638      0.96591274063440358     0.053460024659619354    0.0026012700730495956   2.0964532834085427e-09       3.4908863374028734       3.4908863374028734       1388.2726398203451                                                 1377.7384711701618                                              10.534168650183252
                       2       698.35126267927581     0.022252329157680814      0.11799078721361038       68.569986471424514       3.0562492621610833      0.95288924104424166     0.053460024659619354    0.0026012700730495956     2.12477129173867e-09       3.4908863374028734       3.4908863374028734       1389.7207526837458                                                 1379.1865840335624                                              10.534168650183252
                       2       699.51314533608138     0.022136755383894501      0.11801783693538177        68.40809631277881       3.0390785021433171       0.9601516811114883     0.047245113886036541     0.023239020729532888   2.0885987971462828e-09       3.4908863374028734       3.4908863374028734       1392.0445179973569                                                 1381.3324905283071                                              10.712027469049973
                       5       698.94340198063662     0.022292646149161113      0.11797449482898999       68.576571973084171       3.0461855266850466      0.95421897728367255     0.048906981747140359     0.018596531821127717   2.1034953925881761e-09       3.4908863374028734       3.4908863374028734       1390.9050312864674                                                 1380.3871958818236                                               10.51783540464378
                       5       699.06761237751698     0.022292646149161113      0.11797449482898999       68.576571973084171       3.0390042817663638      0.96370575247764656     0.048906981747140359     0.018596531821127717    2.088443786308807e-09       3.4908863374028734       3.4908863374028734       1391.1534520802281                                                 1380.6356166755843                                               10.51783540464378
                       2       698.37909627845363     0.022292646149161113      0.11797449482898999       68.576571973084171       3.0408393955011372       0.9602656708936852     0.048906981747140359     0.018596531821127717   2.0922798369033942e-09       3.4908863374028734       3.4908863374028734       1389.7764198821014                                                 1379.2585844774576                                               10.51783540464378
                       7       699.15217294169508       0.0222406208162612      0.11687250163371075       68.814986990643945       3.0339721020554351      0.96720987563156768     0.048763057125226029     0.033654629700542407   2.0779607602171831e-09       3.4908863374028734       3.4908863374028734       1391.3225732085843                                                 1380.7044469309376                                              10.618126277646804
                       4       699.71230801016156      0.02209563254558736      0.11669224064123566       68.343722079805445       3.0562423284215559        0.969105867194474     0.060430184080831062     0.069609717972606067   2.1247565591790538e-09       3.4908863374028734       3.4908863374028734       1392.4428433455173                                                 1382.0450234594325                                              10.397819886084875
                       2       699.81450032231908      0.02209563254558736      0.11669224064123566       68.343722079805445       3.0574289339045628      0.96595310445663285     0.060430184080831062     0.069609717972606067   2.1272793034172944e-09       3.4908863374028734       3.4908863374028734       1392.6472279698323                                                 1382.2494080837475                                              10.397819886084875
                       1       700.14701734988239     0.022044085720766545      0.11628713491124629       68.640405899886233       3.0511817409650348      0.97039528014470422     0.059176694466975932     0.049612816243242416   2.1140312039757948e-09       3.4908863374028734       3.4908863374028734        1393.312262024959                                                  1382.641269622276                                              10.670992402682916
                       2       701.34020819082798     0.022044085720766545      0.11628713491124629       68.640405899886233       3.0593851277326065      0.96390175767987352     0.059176694466975932     0.049612816243242416   2.1314447469402967e-09       3.4908863374028734       3.4908863374028734       1395.6986437068501                                                 1385.0276513041672                                              10.670992402682916
                       4       700.94782644076031     0.022044085720766545      0.11628713491124629       68.640405899886233       3.0577660825530848      0.96552664179731307     0.059176694466975932     0.049612816243242416   2.1279966336761393e-09       3.4908863374028734       3.4908863374028734       1394.9138802067148                                                 1384.2428878040319                                              10.670992402682916
                       1       700.69654685576279      0.02208300613408215      0.11625791168386883       68.649511762750578       3.0583665263003632      0.96399619484429599     0.059017673495084286     0.052118132825013583   2.1292747596320284e-09       3.4908863374028734       3.4908863374028734       1394.4113210367198                                                 1383.7836591446232                                              10.627661892096439
                       5       700.66657159329657     0.022073120867868036       0.1160655423981839       68.788297324183858       3.0460130930089102      0.96565495969801929     0.053697894205623958     0.041310272043939798   2.1031327104151051e-09       3.4908863374028734       3.4908863374028734       1394.3513705117873                                                  1383.052948207408                                              11.298422304379297
                       1       700.04955171419465     0.022091278484861782      0.11654144623180308       68.603961068062532       3.0485537558033546      0.96167688066574042     0.053261790704996988      0.03749837852313697   2.1084828550229937e-09       3.4908863374028734       3.4908863374028734       1393.1173307535835                                                 1382.7261048767903                                              10.391225876793149
                       3       699.52492841578055     0.022091278484861782      0.11654144623180308       68.603961068062532       3.0430650228205942      0.96473118983244532     0.053261790704996988      0.03749837852313697   2.0969416578820913e-09       3.4908863374028734       3.4908863374028734       1392.0680841567553                                                 1381.6768582799621                                              10.391225876793149
                       3       699.83134177361728     0.022091278484861782      0.11654144623180308       68.603961068062532       3.0463200043986736      0.96216726710208811     0.053261790704996988      0.03749837852313697    2.103778284860123e-09       3.4908863374028734       3.4908863374028734       1392.6809108724287                                                 1382.2896849956355                                              10.391225876793149
                       3       700.43109989135814     0.022160446808327461      0.11614776646937033       68.492338154987522       3.0425652591790349      0.96089555931241577     0.051365892833050264     0.070985667324372836   2.0958939445093425e-09       3.4908863374028734       3.4908863374028734       1393.8804271079105                                                 1383.5920540585794                                              10.288373049331037
                       4       700.58313521233276     0.022160446808327461      0.11614776646937033       68.492338154987522       3.0426053242044038      0.96053227761774951     0.051365892833050264     0.070985667324372836   2.0959779182355934e-09       3.4908863374028734       3.4908863374028734       1394.1844977498597                                                 1383.8961247005286                                              10.288373049331037
                       1       700.16626494434331     0.022138598907187237      0.11627311794604846       68.535347868149458       3.0444199537067811       0.9614278994092903     0.052413743429061299     0.062573677498248256   2.0997847945927975e-09       3.4908863374028734       3.4908863374028734       1393.3507572138808                                                 1383.0361274662027                                              10.314629747677969
                       4       700.26731744097003     0.022175771717799844      0.11651123169260175       68.567524561305063        3.034998628971032      0.96031126876046813      0.04722211066258955     0.055370564582915366   2.0800949380751979e-09       3.4908863374028734       3.4908863374028734       1393.5528622071342                                                 1383.2528833335421                                              10.299978873592291
                       1       699.92193500290125     0.022313661558229714      0.11729245852633675       68.407977060181821       3.0455256331761138      0.95019609024219831     0.048481601562004241     0.045728649454069292   2.1021077675252775e-09       3.4908863374028734       3.4908863374028734       1392.8620973309967                                                 1381.9278317488715                                              10.934265582125043
                       3        699.2512822775999     0.022320482642891343      0.11712705150466796       68.602432784655406       3.0517775068945512      0.95042672134840323     0.051790151753873526     0.030938086706262441   2.1152910469895667e-09       3.4908863374028734       3.4908863374028734        1391.520791880394                                                 1381.1396981883422                                               10.38109369205174
                       2       700.37066384382729     0.022310344386371164      0.11798567419463553       68.361805908620681       3.0670836893587756      0.95042418473746304     0.058359640430299675     0.045845082522915068   2.1479171311530662e-09       3.4908863374028734       3.4908863374028734       1393.7595550128488                                                 1382.3912792306915                                              11.368275782157221
                       3       699.65985428535214     0.022310344386371164      0.11798567419463553       68.361805908620681       3.0608797362267066      0.95556118153750014     0.058359640430299675     0.045845082522915068   2.1346328042190514e-09       3.4908863374028734       3.4908863374028734       1392.3379358958985                                                 1380.9696601137412                                              11.368275782157221
                       4       700.38095806312663     0.022124155469145246      0.11740856236641536       68.483365564040795       3.0609862904629637      0.96499281602461084     0.061931081582846187     0.041225407164269298   2.1348602705057274e-09       3.4908863374028734       3.4908863374028734       1393.7801434514474                                                 1383.4477646698379                                              10.332378781609526
                       1       700.20444488375904     0.022124155469145246      0.11740856236641536       68.483365564040795       3.0625170932796051      0.96426558230090098     0.061931081582846187     0.041225407164269298   2.1381308232679709e-09       3.4908863374028734       3.4908863374028734       1393.4271170927123                                                 1383.0947383111027                                              10.332378781609526
                       1       700.03510402310883     0.022124155469145246      0.11740856236641536       68.483365564040795       3.0614948184143476      0.96558045018467709     0.061931081582846187     0.041225407164269298   2.1359461827105313e-09       3.4908863374028734       3.4908863374028734       1393.0884353714118                                                 1382.7560565898023                                              10.332378781609526
                       2       702.22807269108512     0.021989229617926809      0.11756663106260801       68.582183172621882       3.0378538026296837      0.97405209408328897     0.052842418734002097     0.026469745909429212   2.0860424569090843e-09       3.4908863374028734       3.4908863374028734       1397.4743727073644                                                 1387.1142484653378                                              10.360124242026563
                       4       701.15920080978879     0.022045709813223107      0.11790471626518705       68.441777171986089         3.03114383732431      0.97003815722576325      0.04798824271336169     0.028131956385990722   2.0720920401454271e-09       3.4908863374028734       3.4908863374028734       1395.3366289447717                                                 1384.9353796355597                                              10.401249309212139
                       7       701.37165224763828      0.02202039712605617      0.11785973179511056       68.489154241542749       3.0353719462993807      0.97128283487636258     0.050489837172908211     0.024376626325551452   2.0808716185253068e-09       3.4908863374028734       3.4908863374028734       1395.7615318204707                                                 1385.4459056006863                                              10.315626219784415
                       3       703.13595342115627      0.02202039712605617      0.11785973179511056       68.489154241542749       3.0278189008350855      0.97629174130225282     0.050489837172908211     0.024376626325551452   2.0652139067271011e-09       3.4908863374028734       3.4908863374028734       1399.2901341675067                                                 1388.9745079477223                                              10.315626219784415
                       2       704.59708904523188     0.021790186839671426      0.11904441915644047       67.786457639812497       3.0326871596783649      0.97532389343957215     0.051523929977490515     0.012900489908563555    2.075292415080499e-09       3.4908863374028734       3.4908863374028734       1402.2124054156579                                                 1387.7913124916493                                              14.421092924008592
                       2       704.85988803012378     0.021852291266922615      0.11954771814561702       67.659220865469578       3.0389759525879874      0.97130751455864817     0.052838980764530662     0.016069483008675677   2.0883846232502802e-09       3.4908863374028734       3.4908863374028734       1402.7380033854417                                                 1385.6379972887858                                              17.100006096655989
                       4       702.98302744547141     0.022069761548011019      0.11927759923700405        67.61967274279526       3.0440712705320965      0.96052265364599343     0.052248972899352965     0.030655959598208805   2.0990527625955017e-09       3.4908863374028734       3.4908863374028734        1398.984282216137                                                 1379.3422621061616                                              19.642020109975494
                       1       703.21662099661546     0.022069761548011019      0.11927759923700405        67.61967274279526        3.049384212269505      0.96228534927555909     0.052248972899352965     0.030655959598208805   2.1102345855109955e-09       3.4908863374028734       3.4908863374028734       1399.4514693184251                                                 1379.8094492084497                                              19.642020109975494
                       4       703.30728586919383     0.022069761548011019      0.11927759923700405        67.61967274279526       3.0506950069851251      0.96102436016444059     0.052248972899352965     0.030655959598208805   2.1130024835311384e-09       3.4908863374028734       3.4908863374028734       1399.6327990635818                                                 1379.9907789536064                                              19.642020109975494
                       1       702.63399102490018     0.022131777040960136      0.11895881017581247       67.697591574351378       3.0537790388726731      0.95990409592161552     0.053697550229437833     0.040754542322079305   2.1195291095571759e-09       3.4908863374028734       3.4908863374028734       1398.2862093749945                                                 1379.8559265299211                                              18.430282845073339
                       3       704.71291076140585     0.022194192040962828      0.11954278084955058       67.509673217475964       3.0562872950271185      0.95532397851463524     0.052914366684532546     0.045167514094505028   2.1248521044173236e-09       3.4908863374028734       3.4908863374028734       1402.4440488480059                                                 1379.0303486936177                                              23.413700154388149
                       1       704.19207382277614     0.022194192040962828      0.11954278084955058       67.509673217475964       3.0418240610893807      0.96352232863920595     0.052914366684532546     0.045167514094505028   2.0943410474947987e-09       3.4908863374028734       3.4908863374028734       1401.4023749707465                                                 1377.9886748163583                                              23.413700154388149
                       2       704.30487680624697      0.02216175784962952      0.11955897822152699       67.517693820909983       3.0510537718173385      0.96426764339102533     0.057651310294993929     0.041695879575556996   2.1137606905134764e-09       3.4908863374028734       3.4908863374028734       1401.6279809376881                                                 1378.7332500944824                                              22.894730843205608
                       3       704.34597521069963     0.022168100230452095      0.11958530602687263       67.516850818138181       3.0513998091312744      0.96392263885637108     0.057687235797412521     0.041306709274343635   2.1144922571525026e-09       3.4908863374028734       3.4908863374028734       1401.7101777465934                                                 1378.6629711942921                                              23.047206552301336
                       3       702.81727669331269     0.022055039335902617      0.11976940150614526       67.721146076380478       3.0376672490821215      0.96971456508254672     0.052628896056290189    0.0076218994336351917    2.085653334585586e-09       3.4908863374028734       3.4908863374028734       1398.6527807118196                                                 1379.9349801334424                                              18.717800578377052
                       2       701.40743244245664     0.022055039335902617      0.11976940150614526       67.721146076380478       3.0443793157993371      0.96526227544581689     0.052628896056290189    0.0076218994336351917   2.0996994654664729e-09       3.4908863374028734       3.4908863374028734       1395.8330922101075                                                 1377.1152916317303                                              18.717800578377052
                       7       701.04660393676761     0.022050083693615722      0.11884284324568209        67.90827812797329       3.0387775478963612        0.972268803839755     0.052882807428912368     0.040623965605416056   2.0879703190444153e-09       3.4908863374028734       3.4908863374028734       1395.1114351987294                                                 1380.6670371566017                                              14.444398042127654
                       1       701.28691310232546     0.021983192481691463      0.11802128903144909       67.822666579259717       3.0364362570562826      0.97643601509299427     0.053825579560393924     0.070436763866512903   2.0830874915522142e-09       3.4908863374028734       3.4908863374028734       1395.5920535298451                                                 1381.7060004594082                                              13.886053070436816
                       1       700.85965586818725     0.022023781817517091      0.11625673766305215       68.708260210695471       3.0267192910157816      0.98141916862983192     0.052405489059772228     0.035211747414886786   2.0629442253469646e-09       3.4908863374028734       3.4908863374028734       1394.7375390615687                                                 1383.7973677472555                                              10.940171314313094
                       3       701.95593277596674     0.022048070758572211      0.11876811841347108       67.976101834911361       3.0549132898595404      0.97221852010618748      0.06082794891076769     0.038678434799354941   2.1219345514709287e-09       3.4908863374028734       3.4908863374028734       1396.9300928771277                                                 1383.3002557325444                                              13.629837144583135
                       2       701.13169741571892     0.022210925244025761        0.119226770526043       68.122936268725766       3.0677974534749382      0.96180806763163429     0.063502838831995395    0.0047144753020485208    2.149450784594059e-09       3.4908863374028734       3.4908863374028734        1395.281622156632                                                 1381.2453406489017                                               14.03628150773034
                       4       701.27912013539787     0.022210925244025761        0.119226770526043       68.122936268725766       3.0724087620229867      0.95598181632170598     0.063502838831995395    0.0047144753020485208   2.1593854536785377e-09       3.4908863374028734       3.4908863374028734       1395.5764675959899                                                 1381.5401860882596                                               14.03628150773034
                      10       700.30664420672599     0.022211350428540003      0.11820698736448255       68.517413652013701       3.0695862167403738      0.96111587432301593     0.064697768432135955    0.0059005319520230972   2.1532990840206185e-09       3.4908863374028734       3.4908863374028734       1393.6315157386462                                                 1383.0026972359847                                               10.62881850266149
                       2       700.65986552657978     0.022211350428540003      0.11820698736448255       68.517413652013701       3.0689087879822829      0.96503937037051524     0.064697768432135955    0.0059005319520230972   2.1518408712697241e-09       3.4908863374028734       3.4908863374028734       1394.3379583783537                                                 1383.7091398756922                                               10.62881850266149
                       4       700.60645198489965     0.022208959933983786      0.11850930323772513       68.427620855953933       3.0670371718040905      0.96440723791834648      0.06328559920435145     0.005819624413487429   2.1478172176243428e-09       3.4908863374028734       3.4908863374028734       1394.2311312949935                                                 1383.1374832361041                                              11.093648058889272
                       1       700.10354600946255     0.022083302293857285      0.11884438046886085       68.057723162701123       3.0618919571884633      0.96454446083815693     0.060551938833488465    0.0051041299993394183   2.1367946182212783e-09       3.4908863374028734       3.4908863374028734       1393.2253193441193                                                 1379.6678737942941                                              13.557445549825264
                       6       699.82242911571132     0.022083302293857285      0.11884438046886085       68.057723162701123       3.0582971328017639      0.96567026961742108     0.060551938833488465    0.0051041299993394183   2.1291270069335755e-09       3.4908863374028734       3.4908863374028734       1392.6630855566168                                                 1379.1056400067916                                              13.557445549825264
                       5       700.01270385758289     0.022083302293857285      0.11884438046886085       68.057723162701123       3.0562724208396554      0.96812564452261929     0.060551938833488465    0.0051041299993394183   2.1248204992038427e-09       3.4908863374028734       3.4908863374028734         1393.04363504036                                                 1379.4861894905348                                              13.557445549825264
                       2       700.55744096186208     0.021956985885032115      0.11750543847036335       68.492702374391413       3.0468976029004264      0.97949448887715207     0.060811798974776052    0.0033947040707155594   2.1049937750443403e-09       3.4908863374028734       3.4908863374028734       1394.1331092489183                                                  1383.849260774397                                              10.283848474521299
                       2       699.93080270063331     0.021993105044351476      0.11743025431915277       68.540123472626533       3.0440484119726348      0.97857657159243472     0.059202353860756021    0.0036497872177308917   2.0990047818215023e-09       3.4908863374028734       3.4908863374028734       1392.8798327264608                                                 1382.5953193259299                                              10.284513400530757
                       5        700.9008267185261     0.021993105044351476      0.11743025431915277       68.540123472626533       3.0595432780159992      0.96151627512031301     0.059202353860756021    0.0036497872177308917   2.1317818621877946e-09       3.4908863374028734       3.4908863374028734       1394.8198807622464                                                 1384.5353673617155                                              10.284513400530757
                       8       700.69015240000738     0.021993105044351476      0.11743025431915277       68.540123472626533       3.0598768187821173      0.96166820723060631     0.059202353860756021    0.0036497872177308917   2.1324930169362621e-09       3.4908863374028734       3.4908863374028734       1394.3985321252089                                                 1384.1140187246781                                              10.284513400530757
                       6       700.15240249434919     0.021993105044351476      0.11743025431915277       68.540123472626533       3.0605278357113446      0.96320056790062925     0.059202353860756021    0.0036497872177308917   2.1338817579896662e-09       3.4908863374028734       3.4908863374028734       1393.3230323138926                                                 1383.0385189133617                                              10.284513400530757
                       1       699.32413911393746     0.021993105044351476      0.11743025431915277       68.540123472626533       3.0498551915040699      0.97417794420809278     0.059202353860756021    0.0036497872177308917   2.1112286962652166e-09       3.4908863374028734       3.4908863374028734       1391.6665055530691                                                 1381.3819921525383                                              10.284513400530757
                       1        699.3257831380771     0.021957558413513389      0.11754965055644861       68.411754834905835       3.0450370478247422      0.97526249168660561     0.057060713431735521     0.010805573322461509   2.1010809593252089e-09       3.4908863374028734       3.4908863374028734       1391.6697936013484                                                 1381.3222978996553                                              10.347495701693026
                       2       699.25129750380358     0.021957558413513389      0.11754965055644861       68.411754834905835       3.0445046319465683      0.97512604272146242     0.057060713431735521     0.010805573322461509   2.0999626082015014e-09       3.4908863374028734       3.4908863374028734       1391.5208223328013                                                 1381.1733266311082                                              10.347495701693026
                       3       699.83724688037228     0.021957558413513389      0.11754965055644861       68.411754834905835       3.0398190172323947      0.97921370882665748     0.057060713431735521     0.010805573322461509   2.0901460088667089e-09       3.4908863374028734       3.4908863374028734       1392.6927210859387                                                 1382.3452253842456                                              10.347495701693026
                       1       699.69336199177462     0.021967499683250249      0.11767114676382003       68.391914547152979        3.040749168500454      0.97847869064627335     0.057166265393526906    0.0098802485384133429   2.0920910652853968e-09       3.4908863374028734       3.4908863374028734       1392.4049513087434                                                 1381.9929455964814                                              10.412005712261937
                       3       700.38126736506183     0.022342557165233402      0.11760921340650377       68.350127599971287       3.0248944056825282       0.9628074728540057     0.044569086370910588     0.032351545553149702   2.0591830216133725e-09       3.4908863374028734       3.4908863374028734       1393.7807620553178                                                 1382.1647232770526                                              11.616038778265207
                       1       699.91446739648507     0.022408457683590996      0.11761760119778439       68.438513793407822       3.0329195522691408      0.95966048770844514     0.047512833606142411     0.025811943295334004   2.0757747537052476e-09       3.4908863374028734       3.4908863374028734       1392.8471621181643                                                 1381.4315274878747                                               11.41563463028961
                      10       700.34434824286882     0.022408457683590996      0.11761760119778439       68.438513793407822       3.0303434149054307       0.9618103562829885     0.047512833606142411     0.025811943295334004   2.0704341548153198e-09       3.4908863374028734       3.4908863374028734       1393.7069238109318                                                 1382.2912891806423                                               11.41563463028961
                       5       700.73851639997781     0.022410110507352417      0.11741960202046987       68.465483740840156       3.0292079762658024      0.96230411988074516     0.047303330879432524     0.029394922496909569   2.0680846379936492e-09       3.4908863374028734       3.4908863374028734       1394.4952601251498                                                 1383.3193550021654                                              11.175905122984405
                       7       700.76251629095373     0.022410110507352417      0.11741960202046987       68.465483740840156        3.029064415470168       0.9621087853407928     0.047303330879432524     0.029394922496909569   2.0677877634278637e-09       3.4908863374028734       3.4908863374028734       1394.5432599071016                                                 1383.3673547841172                                              11.175905122984405
                       1       701.58543563185935     0.022095878392116988      0.11754108149086438       68.267135840995294       3.0210978728839399      0.97236281848716399     0.046555122140654472     0.013129719605329104   2.0513800871542226e-09       3.4908863374028734       3.4908863374028734       1396.1890985889129                                                 1384.9638661676095                                              11.225232421303309
                       1       700.02313118504151     0.022010387410187685      0.11734989389874804       68.430701084007737       3.0293227412740249      0.97855753191009431     0.052663269767598227     0.010325871079830164   2.0683219953640331e-09       3.4908863374028734       3.4908863374028734       1393.0644896952772                                                 1382.7020371160581                                              10.362452579218951
                       2       700.76179599353509     0.022010387410187685      0.11734989389874804       68.430701084007737       3.0267645915252634       0.9806327411771979     0.052663269767598227     0.010325871079830164   2.0630376798881585e-09       3.4908863374028734       3.4908863374028734       1394.5418193122644                                                 1384.1793667330453                                              10.362452579218951
                       7       699.62040174577862     0.022010387410187685      0.11734989389874804       68.430701084007737       3.0332779603275846      0.97709142270683769     0.052663269767598227     0.010325871079830164   2.0765188614436292e-09       3.4908863374028734       3.4908863374028734       1392.2590308167514                                                 1381.8965782375324                                              10.362452579218951
                       6       699.54019844090567     0.022010387410187685      0.11734989389874804       68.430701084007737       3.0321694116804982      0.97731494387187723     0.052663269767598227     0.010325871079830164    2.074218214694149e-09       3.4908863374028734       3.4908863374028734       1392.0986242070055                                                 1381.7361716277865                                              10.362452579218951
                       7       699.09258330545981     0.022010387410187685      0.11734989389874804       68.430701084007737       3.0422413549248164      0.96598129248444431     0.052663269767598227     0.010325871079830164   2.0952151854767287e-09       3.4908863374028734       3.4908863374028734       1391.2033939361138                                                 1380.8409413568947                                              10.362452579218951
                       7       698.82308490686137     0.022127754605282178      0.11711097747715997       68.829815081993402        3.038018569308143      0.96661025113674448      0.05096523576126067    0.0042448857512481517   2.0863861955133904e-09       3.4908863374028734       3.4908863374028734       1390.6643971389169                                                 1379.9071110565249                                              10.757286082392159
                       1       699.93242721682191     0.022056090339606111      0.11701497503490242       68.776601295536793       3.0281241983342011      0.97080733180393841     0.047512435047631148     0.011967848864222461   2.0658445076235039e-09       3.4908863374028734       3.4908863374028734        1392.883081758838                                                 1382.0827048611959                                               10.80037689764206
                       3       701.12473629450574      0.02211778718497049      0.11602356020858816       69.123548074884212       3.0288225792664001      0.96954149518193877     0.048480081722088508   0.00063297907554313998   2.0672877579471091e-09       3.4908863374028734       3.4908863374028734       1395.2676999142057                                                 1381.8982241576803                                              13.369475756525377
                       1        701.1383844744131      0.02211778718497049      0.11602356020858816       69.123548074884212       3.0326364799752223      0.96813591252059183     0.048480081722088508   0.00063297907554313998   2.0751872425420479e-09       3.4908863374028734       3.4908863374028734       1395.2949962740204                                                  1381.925520517495                                              13.369475756525377
                       4       700.17416953475708     0.022173499612876218      0.11638923864847382       68.829956345641563       3.0391814017745244      0.96254024322564236     0.049582745348288812     0.015612424381953628   2.0888137242500196e-09       3.4908863374028734       3.4908863374028734       1393.3665663947083                                                 1382.4706772756178                                               10.89588911909051
                       4       700.33218101001023     0.022310794870387854      0.11634441227500011       68.741127387375926       3.0583676648109681      0.95642040658160854     0.057059936604422754     0.039899059796113356   2.1292771838353029e-09       3.4908863374028734       3.4908863374028734       1393.6825893452146                                                 1383.2472632079225                                              10.435326137292172
                       1        700.2852475897339     0.022313245569849427      0.11636659268108795       68.739734851650823       3.0583583612204728      0.95626699492921785     0.056986000465280115     0.039474799920759966    2.129257374004485e-09       3.4908863374028734       3.4908863374028734        1393.588722504662                                                 1383.1627876025045                                              10.425934902157413
                       1        701.2512551104744     0.022313245569849427      0.11636659268108795       68.739734851650823       3.0400943250400387      0.96992786574258805     0.056986000465280115     0.039474799920759966   2.0907215216000057e-09       3.4908863374028734       3.4908863374028734        1395.520737546143                                                 1385.0948026439855                                              10.425934902157413
                       5       701.54988327593026     0.022313245569849427      0.11636659268108795       68.739734851650823       3.0568924049184454      0.96004479582650326     0.056986000465280115     0.039474799920759966   2.1261382625375684e-09       3.4908863374028734       3.4908863374028734       1396.1179938770547                                                 1385.6920589748972                                              10.425934902157413
                       4       703.02851366139816      0.02224627223311651      0.11633765826059546       68.461087762428292       3.0552357743233283      0.96051352911969268     0.056367272436155878     0.055786904505519402   2.1226189527454107e-09       3.4908863374028734       3.4908863374028734       1399.0752546479905                                                 1388.6680541959411                                              10.407200452049354
                       6       703.14157506516835     0.022239895636302742      0.11632389503073855       68.457299906952699       3.0552201788618603      0.96071380465789291     0.056437479736924673     0.055751191599421969   2.1225858497814503e-09       3.4908863374028734       3.4908863374028734       1399.3013774555309                                                 1388.8966219096051                                              10.404755545925852
                       2       701.03340384238868     0.022204406167405585      0.11606298797693419        68.30103908555067       3.0365962319153179      0.96777993785214278     0.049660343093873745      0.10399448528817011   2.0834207598365962e-09       3.4908863374028734       3.4908863374028734       1395.0850350099715                                                 1384.6099992376953                                              10.475035772276193
                       5       701.18696848118861     0.022435023815045911      0.11606889669097456       68.603878750063686       3.0421505228025834      0.96014077539621934      0.04996561631575059     0.094147550351866949   2.0950248812778951e-09       3.4908863374028734       3.4908863374028734       1395.3921642875714                                                 1385.0931538118748                                               10.29901047569666
                       7       700.01814888502383     0.022435023815045911      0.11606889669097456       68.603878750063686       3.0406854416645657      0.95835282540758071      0.04996561631575059     0.094147550351866949   2.0919577471894313e-09       3.4908863374028734       3.4908863374028734       1393.0545250952418                                                 1382.7555146195452                                               10.29901047569666
                       3        699.5808507460232     0.022169095520401916      0.11678850041748795       68.737827460341563       3.0248019031138789      0.96611638168293756     0.044041495785196956     0.022935926538184034   2.0589925507042141e-09       3.4908863374028734       3.4908863374028734       1392.1799288172406                                                 1381.6753569554232                                              10.504571861817423
                       3       699.94119170287206     0.022363921791382243       0.1173295851487289       68.816573751000419       3.0260235934765696      0.95576821290919611     0.040915831985676096    0.0015728839864924474   2.0615095392375221e-09       3.4908863374028734       3.4908863374028734       1392.9006107309383                                                 1382.5537657090244                                              10.346845021913865
                       3       699.90083857474781     0.022354304276307326      0.11735197360415785       68.804653701410459       3.0257913467434188      0.95608195044869182     0.040878729382219932    0.0014263527282950071   2.0610308159747834e-09       3.4908863374028734       3.4908863374028734       1392.8199044746898                                                 1382.4804143645408                                              10.339490110148978
                       3       700.41143572396129     0.022354304276307326      0.11735197360415785       68.804653701410459       3.0248165384010584      0.95955896279254882     0.040878729382219932    0.0014263527282950071   2.0590226848720042e-09       3.4908863374028734       3.4908863374028734       1393.8410987731168                                                 1383.5016086629678                                              10.339490110148978
                       3       701.25429323001185     0.022354304276307326      0.11735197360415785       68.804653701410459       3.0124850027333938      0.96970830921925821     0.040878729382219932    0.0014263527282950071   2.0337876861194924e-09       3.4908863374028734       3.4908863374028734       1395.5268137852179                                                 1385.1873236750689                                              10.339490110148978
                      11         700.122428021215     0.022354304276307326      0.11735197360415785       68.804653701410459       3.0222874644088851      0.96135819853273852     0.040878729382219932    0.0014263527282950071   2.0538218435787673e-09       3.4908863374028734       3.4908863374028734       1393.2630833676242                                                 1382.9235932574752                                              10.339490110148978
                       5         700.072604168677     0.022354304276307326      0.11735197360415785       68.804653701410459       3.0175687844471386      0.96365663465378781     0.040878729382219932    0.0014263527282950071   2.0441533448160058e-09       3.4908863374028734       3.4908863374028734       1393.1634356625482                                                 1382.8239455523992                                              10.339490110148978
                       1       698.37562445670324     0.022293194539763122      0.11712385534943706       68.626809528995707       3.0521700267998919      0.96519610883352669     0.058464726728484163     0.030380265496963682   2.1161215038058518e-09       3.4908863374028734       3.4908863374028734       1389.7694762386006                                                 1379.4488453782549                                              10.320630860345762
                       1       698.41497061284758     0.022293194539763122      0.11712385534943706       68.626809528995707       3.0574877831446532      0.95791668338968661     0.058464726728484163     0.030380265496963682   2.1274044958714647e-09       3.4908863374028734       3.4908863374028734       1389.8481685508893                                                 1379.5275376905436                                              10.320630860345762
                       1       698.26674884148372     0.022277327199489636      0.11723878344603746       68.590605291353839       3.0565626696515764      0.95856112179326458     0.058094213225862577      0.03118170366203623   2.1254373153400268e-09       3.4908863374028734       3.4908863374028734       1389.5517250081616                                                 1379.2029755832068                                              10.348749424954867
                       2       698.39811833133285     0.022351488926888801      0.11710432693036626       68.605321397002143       3.0542185378939171       0.9567193932928082     0.056477674743801304     0.042887901845949081   2.1204608452597912e-09       3.4908863374028734       3.4908863374028734       1389.8144639878599                                                 1379.4453466255368                                              10.369117362323145
                       2       698.42296071962289     0.022351488926888801      0.11710432693036626       68.605321397002143       3.0532679700394993      0.95747221395081838     0.056477674743801304     0.042887901845949081   2.1184461610424648e-09       3.4908863374028734       3.4908863374028734         1389.86414876444                                                 1379.4950314021169                                              10.369117362323145
                       5       699.57338586155288     0.022351488926888801      0.11710432693036626       68.605321397002143       3.0542877648404243       0.9547547680495837     0.056477674743801304     0.042887901845949081   2.1206076433704306e-09       3.4908863374028734       3.4908863374028734       1392.1649990482999                                                 1381.7958816859768                                              10.369117362323145
                       3       699.57966739561823     0.022354735559625093      0.11710314455958812       68.606107922967738       3.0541139050722843       0.9546457153857737     0.056359270019868332     0.043098560887529037   2.1202389870654167e-09       3.4908863374028734       3.4908863374028734       1392.1775621164306                                                 1381.8064179040539                                              10.371144212376789
                       1        699.0160303640979     0.022354735559625093      0.11710314455958812       68.606107922967738       3.0607712257275095       0.9534721629840246     0.056359270019868332     0.043098560887529037   2.1344011867145558e-09       3.4908863374028734       3.4908863374028734         1391.05028805339                                                 1380.6791438410132                                              10.371144212376789
                       7       698.73042653952177     0.022354735559625093      0.11710314455958812       68.606107922967738       3.0572339817889076      0.95742200212646789     0.056359270019868332     0.043098560887529037   2.1268646262389135e-09       3.4908863374028734       3.4908863374028734       1390.4790804042377                                                  1380.107936191861                                              10.371144212376789
                       1       698.31568482936007     0.022354735559625093      0.11710314455958812       68.606107922967738       3.0512561560410627      0.96229316862037695     0.056359270019868332     0.043098560887529037   2.1141885256220428e-09       3.4908863374028734       3.4908863374028734       1389.6495969839143                                                 1379.2784527715376                                              10.371144212376789
                       2        702.7329612289376     0.022127630878880651      0.11816778487247891       68.373479769435107       3.0565729835002857      0.97188464995221391     0.060847748284973746     0.039915838533993359    2.125459236891986e-09       3.4908863374028734       3.4908863374028734       1398.4841497830694                                                 1387.7066518638123                                              10.777497919256954
                       2       702.91428819007729     0.022142502595859506      0.11802404169205866       68.418769501035584       3.0562495193817241      0.97216402880387198     0.060906624572749909     0.043254794521024466   2.1247718382737736e-09       3.4908863374028734       3.4908863374028734       1398.8468037053487                                                 1388.2484160318322                                              10.598387673516427
                       8       705.19967296277537      0.02235461804289815      0.11925826476054459       68.013253189354373       3.0577887933025223      0.95964632658659699     0.056510796148904072     0.059943747993825743   2.1280449626232815e-09       3.4908863374028734       3.4908863374028734       1403.4175732507449                                                 1387.7233681024557                                              15.694205148289175
                       5       704.49342788200227     0.022257725791462318      0.11879951957042667       67.727174947136831        3.045086524655177      0.96384876540445297     0.052042792328602268     0.094474275921129433   2.1011849167232836e-09       3.4908863374028734       3.4908863374028734       1402.0050830891987                                                 1384.0563485882672                                              17.948734500931604
                       1       701.95641115960188     0.022214914531177993      0.11912780417441465       67.951179064735356       3.0230714464500967      0.96251161754275127     0.040675324244084099     0.032041916656253437   2.0554326343529976e-09       3.4908863374028734       3.4908863374028734       1396.9310496443979                                                 1381.2358935247871                                              15.695156119610784
                       1       701.54597493629831     0.022246461147088798      0.11669605222501075       68.479213147322696        3.012040711399901       0.9701611364063516     0.040001388178103121     0.065859655720730395   2.0328842925762069e-09       3.4908863374028734       3.4908863374028734       1396.1101771977908                                                 1385.7577267388019                                              10.352450458988832
                       4       703.52886362403228     0.022610036999054624      0.11668091156039841       69.005611758513467        3.019077912929387      0.95818227310244442     0.039695720563678399      0.04461528877332134   2.0472405637698575e-09       3.4908863374028734       3.4908863374028734       1400.0759545732587                                                 1389.5071486151226                                              10.568805958136117
                       4       703.54226468237016     0.022610036999054624      0.11668091156039841       69.005611758513467       3.0189202002498319       0.9583039615944402     0.039695720563678399      0.04461528877332134   2.0469177134343167e-09       3.4908863374028734       3.4908863374028734       1400.1027566899345                                                 1389.5339507317983                                              10.568805958136117
                       3       703.73919273949798     0.022610036999054624      0.11668091156039841       69.005611758513467       3.0208538038842563      0.95377379689470687     0.039695720563678399      0.04461528877332134   2.0508794699634338e-09       3.4908863374028734       3.4908863374028734       1400.4966128041901                                                  1389.927806846054                                              10.568805958136117
                       2       702.26454685398789     0.022653952203118461      0.11695802092730409       68.887841683941858       3.0337816725167537      0.95040839543241151     0.044685754336977732     0.051720253616723173   2.0775650927827958e-09       3.4908863374028734       3.4908863374028734         1397.54732103317                                                 1387.2121755352307                                               10.33514549793923
                       3       703.02621393575623     0.022653952203118461      0.11695802092730409       68.887841683941858       3.0432161969261671      0.94550757710184452     0.044685754336977732     0.051720253616723173   2.0972586851242112e-09       3.4908863374028734       3.4908863374028734       1399.0706551967066                                                 1388.7355096987674                                               10.33514549793923
                       6       701.51263827455841     0.022491459119640976      0.11806880456259644       68.525686396722364       3.0411570098074603      0.94559382027846228     0.042703046100799856     0.024517748924520293   2.0929444804569893e-09       3.4908863374028734       3.4908863374028734        1396.043503874311                                                 1384.6745921164536                                              11.368911757857346
                       1       701.84684356944388     0.022491459119640976      0.11806880456259644       68.525686396722364       3.0420934316299721       0.9449521303301891     0.042703046100799856     0.024517748924520293   2.0949052772649722e-09       3.4908863374028734       3.4908863374028734       1396.7119144640819                                                 1385.3430027062245                                              11.368911757857346
                       1        701.9426462135865     0.022458353893735447      0.11820470688551271       68.456297022810659       3.0407581522099068      0.94514307721921675     0.041994126636354337     0.020898771942171768   2.0921098601080996e-09       3.4908863374028734       3.4908863374028734       1396.9035197523672                                                 1385.1382277694552                                              11.765291982912116
                       1       701.75097152928504     0.022458353893735447      0.11820470688551271       68.456297022810659       3.0413361115747808      0.94236381565139549     0.041994126636354337     0.020898771942171768   2.0933193640825007e-09       3.4908863374028734       3.4908863374028734       1396.5201703837643                                                 1384.7548784008522                                              11.765291982912116
                      11       701.66072015803127     0.022449018977799159      0.11853074147040055       68.416710589020809       3.0437556818819811      0.94176084299474638     0.042675845168069763      0.01383321859695268   2.0983904298854734e-09       3.4908863374028734       3.4908863374028734       1396.3396676412567                                                 1384.1027978797806                                              12.236869761476134
                       1       701.42558570767176     0.022449018977799159      0.11853074147040055       68.416710589020809       3.0430161367813882      0.94253725657914167     0.042675845168069763      0.01383321859695268   2.0968391492156331e-09       3.4908863374028734       3.4908863374028734       1395.8693987405377                                                 1383.6325289790616                                              12.236869761476134
                       1       701.88792680382141     0.022441995955932131      0.11862807429987086        68.55000609854811       3.0402031518035004      0.94408884677775695     0.041682742528759434    0.0016827351399696239   2.0909490604374338e-09       3.4908863374028734       3.4908863374028734        1396.794080932837                                                 1385.4091825330026                                               11.38489839983446
                       1       702.94524601535329     0.022441995955932131      0.11862807429987086        68.55000609854811        3.043576337359934        0.942477927027629     0.041682742528759434    0.0016827351399696239   2.0980141288015351e-09       3.4908863374028734       3.4908863374028734       1398.9087193559008                                                 1387.5238209560664                                               11.38489839983446
                       2       702.48784654079134     0.022441995955932131      0.11862807429987086        68.55000609854811       3.0355832953510244      0.95277845407697737     0.041682742528759434    0.0016827351399696239   2.0813114552463746e-09       3.4908863374028734       3.4908863374028734       1397.9939204067769                                                 1386.6090220069425                                               11.38489839983446
                       3       702.47417407986893     0.022453495077256851      0.11856249573380102       68.565311610921086       3.0359902459068908       0.9526542951649658     0.041901606108202955    0.0040096492059860361    2.082158618465098e-09       3.4908863374028734       3.4908863374028734        1397.966575484932                                                 1386.6625664444041                                              11.304009040527969
                       2        704.1589477917629     0.022453495077256851      0.11856249573380102       68.565311610921086       3.0272293538601294      0.96231035650607977     0.041901606108202955    0.0040096492059860361   2.0639967249439264e-09       3.4908863374028734       3.4908863374028734         1401.33612290872                                                  1390.032113868192                                              11.304009040527969
                       2       701.41659817450193     0.022453495077256851      0.11856249573380102       68.565311610921086        3.021869981128003      0.96300309819498942     0.041901606108202955    0.0040096492059860361    2.052964586254914e-09       3.4908863374028734       3.4908863374028734        1395.851423674198                                                 1384.5474146336701                                              11.304009040527969
                       1       701.04258827676199     0.022505464658992801      0.11850641660007945       68.600665911808193       3.0271885529411526      0.96079753823074021     0.043867004992358551    0.0055236602166665247   2.0639125136987435e-09       3.4908863374028734       3.4908863374028734       1395.1034038787182                                                 1383.8212084055606                                              11.282195473157531
                       2        700.9008514905953     0.022450657549529629      0.11708916355921554       68.783427121690025       3.0236307059146235      0.96778711006470519     0.045661358634427301     0.034120955954631785   2.0565824760074008e-09       3.4908863374028734       3.4908863374028734       1394.8199303063848                                                 1384.5042778981083                                              10.315652408276538
                       1        701.0190677596712     0.022444532546835271      0.11705701692528175       68.804298599164753       3.0225309648460601      0.96832093870243718     0.045321200736743505     0.033091720500367294   2.0543220109885785e-09       3.4908863374028734       3.4908863374028734       1395.0563628445366                                                 1384.7315765925857                                              10.324786251950851
                       1       701.53506568324315     0.022444532546835271      0.11705701692528175       68.804298599164753       3.0191126089388751      0.96979075552979976     0.045321200736743505     0.033091720500367294   2.0473115960801442e-09       3.4908863374028734       3.4908863374028734       1396.0883586916805                                                 1385.7635724397296                                              10.324786251950851
                       5       702.62908216101073      0.02248737320944064      0.11724741113950687       68.863552336114168       3.0126825845071838      0.96587259484567933      0.04082947067068405     0.009838897774631733   2.0341895651987115e-09       3.4908863374028734       3.4908863374028734       1398.2763916472156                                                 1387.9150692139315                                                10.3613224332841
                       1       702.09128285134022      0.02248737320944064      0.11724741113950687       68.863552336114168       3.0210863552071769      0.96131941618954497      0.04082947067068405     0.009838897774631733   2.0513564601575256e-09       3.4908863374028734       3.4908863374028734       1397.2007930278746                                                 1386.8394705945905                                                10.3613224332841
                       4       701.49286747640497     0.022403682466791842       0.1172328374602324        68.70714876316174       3.0208776058474438      0.96681518390221133      0.04238771857458104     0.035980557430295712   2.0509282855020302e-09       3.4908863374028734       3.4908863374028734       1396.0039622780041                                                 1385.6886588812636                                              10.315303396740488
                       1       701.06038925722078     0.022423503422173707      0.11727177857334675       68.711426712312615        3.025230403149151      0.96573988475424277     0.044141325102644326      0.03595431846102156   2.0598750181399767e-09       3.4908863374028734       3.4908863374028734       1395.1390058396357                                                 1384.8125167075686                                              10.326489132067083
                       1       702.01342677963078     0.022481082992176299      0.11635368854938444       68.813912636214027       3.0269464090972789      0.96618439457458527     0.045985509644084155     0.062131304079463698   2.0634128104917265e-09       3.4908863374028734       3.4908863374028734       1397.0450808844557                                                 1386.6378367451514                                              10.407244139304371
                       6       702.20270188982227     0.022456635880280535      0.11622263730555868        68.84150139508931       3.0248668645493537      0.96779695505165131     0.045598607557447553     0.062640770084405481   2.0591263101604958e-09       3.4908863374028734       3.4908863374028734       1397.4236311048387                                                 1386.9016780457657                                              10.521953059073086
                       2       700.78315554393862     0.022456635880280535      0.11622263730555868        68.84150139508931       3.0331614419178696      0.95840615186719513     0.045598607557447553     0.062640770084405481   2.0762769228635737e-09       3.4908863374028734       3.4908863374028734       1394.5845384130714                                                 1384.0625853539984                                              10.521953059073086
                      12       701.85679641600507      0.02245950999771356      0.11577088248991804       69.059691407371901       3.0310238093035906      0.96149240334355457     0.045933236456928928     0.063149426514611987   2.0718433459645336e-09       3.4908863374028734       3.4908863374028734       1396.7318201572043                                                 1385.0368740661938                                              11.694946091010481
                       1       701.85775342766919     0.022458996687378649      0.11576774272922695       69.060218997536936       3.0310190360605858      0.96151942683102398     0.045942498368748579     0.063147694024425577   2.0718334565763776e-09       3.4908863374028734       3.4908863374028734       1396.7337341805326                                                 1385.0314392582522                                              11.702294922280348
                       2       702.01155850280452     0.022458996687378649      0.11576774272922695       69.060218997536936       3.0265636841079266      0.96565554048677349     0.045942498368748579     0.063147694024425577   2.0626232419492458e-09       3.4908863374028734       3.4908863374028734       1397.0413443308032                                                 1385.3390494085229                                              11.702294922280348
                       4       702.44580239617108     0.022467538591140018      0.11596605786528559       68.989786436431714       3.0250377396838908       0.9659973395646928     0.045075125121353365      0.07191371389430079   2.0594781937089914e-09       3.4908863374028734       3.4908863374028734       1397.9098321175363                                                 1386.6973905443501                                               11.21244157318618
                       2       701.90784795615741     0.022198421504998858      0.11623362318705888       68.431469085117484       3.0165696956048391      0.97411127143340215     0.043207747426977396     0.097584962830939231    2.042112073892549e-09       3.4908863374028734       3.4908863374028734        1396.833923237509                                                 1386.5453054342888                                                10.2886178032202
                       1       700.50344937211332     0.022226201055838821      0.11667750432304251       68.386973556281944       3.0220070193380244      0.97027480145250378     0.044271144506222472     0.082158488556755893   2.0532459401247267e-09       3.4908863374028734       3.4908863374028734       1394.0251260694208                                                 1383.5660839663037                                              10.459042103117117
                       3       700.00602145130188     0.022226969892756583      0.11659699542696919       68.332026648804785       3.0275471498440427      0.96993646407945289     0.046946842005145692     0.090645898540197264   2.0646527590509047e-09       3.4908863374028734       3.4908863374028734       1393.0302702277979                                                 1382.4590892355855                                              10.571180992212524
                       2       700.08153863099676     0.022226969892756583      0.11659699542696919       68.332026648804785       3.0247469635507027      0.97138565618894834     0.046946842005145692     0.090645898540197264   2.0588794336602241e-09       3.4908863374028734       3.4908863374028734       1393.1813045871877                                                 1382.6101235949752                                              10.571180992212524
                       6       700.44519079379177     0.022092413829216995      0.11665791736210236       68.181310091509303       3.0225993077450481      0.97499127387978313     0.046996642736331397     0.087352787519568001   2.0544624141079875e-09       3.4908863374028734       3.4908863374028734       1393.9086089127777                                                 1383.0775394507407                                               10.83106946203706
                       1       701.08732609374385     0.022092413829216995      0.11665791736210236       68.181310091509303       3.0327918761278565      0.96393848437540552     0.046996642736331397     0.087352787519568001   2.0755097437126059e-09       3.4908863374028734       3.4908863374028734       1395.1928795126819                                                 1384.3618100506449                                               10.83106946203706
                       2       700.78126013108749     0.022111046609441642      0.11654888468506422       68.247574277438787       3.0339954046192728      0.96354408219516896     0.047571088397168601      0.08518540818774531   2.0780091825946303e-09       3.4908863374028734       3.4908863374028734       1394.5807475873692                                                 1383.9734131183236                                              10.607334469045631
                       1       700.65046083952916     0.022208112557658304      0.11732012933903647       68.095543737754042       3.0403512944886129      0.95540084165924655     0.047419402902304036     0.072521815028827846    2.091258842191064e-09       3.4908863374028734       3.4908863374028734       1394.3191490042525                                                 1382.0571813537767                                              12.261967650475649
                       1       701.37854794257612     0.022298299236991649      0.11702756910434363       67.967349393400497       3.0549937187681948      0.95221153956033411     0.053817595359070464       0.1077344449291891   2.1221052232145186e-09       3.4908863374028734       3.4908863374028734       1395.7753232103464                                                 1382.3358385799775                                              13.439484630369003
                       6       700.65947278600117     0.022298299236991649      0.11702756910434363       67.967349393400497       3.0530089935570066      0.95521949940108331     0.053817595359070464       0.1077344449291891   2.1178976043420364e-09       3.4908863374028734       3.4908863374028734       1394.3371728971965                                                 1380.8976882668276                                              13.439484630369003
                       5       701.35131825047893     0.022475565976112475       0.1159355844719485       68.677593800939832       3.0469606378572971      0.95228963856106841     0.051053109411462877     0.077046623752469928   2.1051264674182481e-09       3.4908863374028734       3.4908863374028734        1395.720863826152                                                   1385.37823843868                                               10.34262538747204
                       1       701.26733802925821     0.022480230934227619      0.11596633478137397       68.636248531697504       3.0499864240822614      0.95181670524469719     0.052349692528155953     0.081198972784167267   2.1115057764307538e-09       3.4908863374028734       3.4908863374028734       1395.5529033837106                                                 1385.2089524346447                                              10.343950949065899
                       2       701.09894843441248     0.022480230934227619      0.11596633478137397       68.636248531697504       3.0486757469419441      0.95278459618540656     0.052349692528155953     0.081198972784167267   2.1087400869368622e-09       3.4908863374028734       3.4908863374028734       1395.2161241940191                                                 1384.8721732449533                                              10.343950949065899
                       1       698.86213569919107     0.022083383067481987      0.11724538985551447       68.289379992742639       3.0430369296928768      0.96643575309308516     0.052612733869086159      0.05611236274115361   2.0968827490597508e-09       3.4908863374028734       3.4908863374028734       1390.7424987235763                                                 1380.0623274305549                                              10.680171293021413
                       2       699.03024137191687     0.022083383067481987      0.11724538985551447       68.289379992742639       3.0436505393210913      0.96520130822194683     0.052612733869086159      0.05611236274115361   2.0981698113403314e-09       3.4908863374028734       3.4908863374028734       1391.0787100690279                                                 1380.3985387760065                                              10.680171293021413
                       2       699.34818668595926     0.022046752400714072       0.1172399049339891       68.689316578390105       3.0326188339765432      0.96713515993291943     0.047903108204939641    0.0038085837373394438   2.0751506241137922e-09       3.4908863374028734       3.4908863374028734       1391.7146006971127                                                 1381.2628962415115                                              10.451704455601186
                       3       699.45565403848457     0.022086669612405425      0.11685024639189646       68.755844172570733       3.0303724691655889      0.96620366503952504     0.046899733355385671    0.0091686561879338463   2.0704943106217817e-09       3.4908863374028734       3.4908863374028734       1391.9295354021633                                                 1381.2640028965579                                              10.665532505605414
                       2       699.41134029030354     0.022118308525111791      0.11665983121738122       68.848868883614287       3.0319330167547789       0.9661519912491886     0.047819204167358902      0.01142753470771091   2.0737279379851071e-09       3.4908863374028734       3.4908863374028734       1391.8409079058013                                                 1380.7983160321157                                              11.042591873685481
                       1       698.87563747109959     0.022153948283693676      0.11703668779543011       68.792143886861794       3.0337162408013008      0.96277975364072299     0.047290546241587211    0.0026135466575652379   2.0774291585820626e-09       3.4908863374028734       3.4908863374028734       1390.7695022673934                                                 1380.1929739649877                                               10.57652830240565
                       1        699.7457195555545     0.022153948283693676      0.11703668779543011       68.792143886861794       3.0259307094570373      0.97398870321678377     0.047290546241587211    0.0026135466575652379   2.0613180668377145e-09       3.4908863374028734       3.4908863374028734       1392.5096664363032                                                 1381.9331381338975                                               10.57652830240565
                       6       699.76846815879878     0.022153948283693676      0.11703668779543011       68.792143886861794        3.021328813505928      0.97669549790288945     0.047290546241587211    0.0026135466575652379   2.0518538888554081e-09       3.4908863374028734       3.4908863374028734       1392.5551636427917                                                 1381.9786353403861                                               10.57652830240565
                       2       699.31982204564326     0.022153948283693676      0.11703668779543011       68.792143886861794       3.0270364635042961      0.97247535750295466     0.047290546241587211    0.0026135466575652379   2.0635986382759872e-09       3.4908863374028734       3.4908863374028734       1391.6578714164807                                                  1381.081343114075                                               10.57652830240565
                       1       699.72887833050527     0.022177640299079059      0.11711952753854031       68.662147660140207       3.0236385779656167      0.97074566876746715     0.045003758253148736     0.012643773737712355   2.0565986655932463e-09       3.4908863374028734       3.4908863374028734       1392.4759839862047                                                 1382.1636925532484                                              10.312291432956384
                       5       699.61983719551483      0.02215169896081292      0.11725710369591243       68.582165743405824       3.0235908470592263      0.97201377257865018     0.045221226611582496     0.019253848053205389   2.0565005046175313e-09       3.4908863374028734       3.4908863374028734       1392.2579017162238                                                 1381.9672587562552                                               10.29064295996854
                       1       699.67310336310163     0.022098019033570129      0.11735671802489479       68.558983554907741       3.0238960231234917      0.97440851397183692     0.046013400082083926      0.01800827530743377   2.0571281951208774e-09       3.4908863374028734       3.4908863374028734       1392.3644340513974                                                 1382.0812295378332                                              10.283204513564318
                       1       700.06911837919472     0.022096302462472225      0.11711790132598751       68.530711222617597       3.0225939042970715      0.97570431626106546     0.045988504825608977     0.032749624269414045   2.0544513129572053e-09       3.4908863374028734       3.4908863374028734       1393.1564640835836                                                 1382.8764817007902                                              10.279982382793371
                       2       702.64633499171498     0.022152404451674705      0.11560986377051474       69.075253395979928       3.0430137038101321      0.97858230535816559     0.058327973226377318     0.037151088010136946   2.0968340476724603e-09       3.4908863374028734       3.4908863374028734       1398.3108973086241                                                 1384.9321857044345                                              13.378711604189565
                       1       703.12758978820705     0.022063967137780333      0.11576547830294164       68.807055093804948       3.0524592428248734      0.97891793609503441      0.06292564434983168     0.045244890885522221   2.1167336085665466e-09       3.4908863374028734       3.4908863374028734       1399.2734069016083                                                 1387.6654817520543                                              11.607925149553894
                       1       703.58846143019105      0.02208154235807237      0.11569693337560719       68.827629744249037       3.0556354557286221      0.97835458013483967     0.064366159609222151     0.047241000953721309   2.1234674936330584e-09       3.4908863374028734       3.4908863374028734       1400.1951501855763                                                 1388.4788272289136                                              11.716322956662719
                       1       703.44041708751604     0.022145137755041695      0.11526730599228339       68.796101481398225       3.0514076713597165      0.97706050573112768     0.062289312011261054     0.069681065590407099   2.1145088818390206e-09       3.4908863374028734       3.4908863374028734       1399.8990615002263                                                 1388.3021198012591                                              11.596941698967255
                       1       703.40201635184451     0.022145137755041695      0.11526730599228339       68.796101481398225       3.0507978802159452       0.9774769283708431     0.062289312011261054     0.069681065590407099   2.1132198661045822e-09       3.4908863374028734       3.4908863374028734       1399.8222600288832                                                  1388.225318329916                                              11.596941698967255
                       3       703.02178306050723     0.022247553796814236      0.11746933573883028       67.969874636698108       3.0625177488216684      0.96853476802641458     0.062960163723271775      0.11002858959443194   2.1381322249031217e-09       3.4908863374028734       3.4908863374028734       1399.0617934462086                                                 1385.7785788200738                                              13.283214626134752
                       1       702.34824865221015     0.022247553796814236      0.11746933573883028       67.969874636698108       3.0655034835018591      0.96345669205573581     0.062960163723271775      0.11002858959443194   2.1445256602390704e-09       3.4908863374028734       3.4908863374028734       1397.7147246296145                                                 1384.4315100034796                                              13.283214626134752
                       4       702.62431442071568     0.022156252446449805      0.11743738908216417        67.72370589931927       3.0592542680167267      0.96604386312593249     0.060745981677859655      0.12586736677072624   2.1311658449352154e-09       3.4908863374028734       3.4908863374028734       1398.2668561666255                                                 1383.0683454143348                                              15.198510752290689
                       2       702.28444243040553     0.022149187163594788      0.11588259866008103       68.198063227030389       3.0658889036508858      0.96856691708093534     0.066363912167883843      0.11352071882954599   2.1453523629423369e-09       3.4908863374028734       3.4908863374028734       1397.5871121860052                                                 1386.9858662304766                                              10.601245955528569
                       2       702.95596536356641     0.021811209406529825      0.11607832785953914       68.405212640840489        3.038796096153852      0.98371920971415339     0.057716857151582882     0.061175051462466989   2.0880090476146992e-09       3.4908863374028734       3.4908863374028734        1398.930158052327                                                 1388.4071880495865                                              10.522970002740479
                       6       702.09461374189743     0.021848735696056571      0.11621514133929657       68.417498611207051       3.0381541900101383      0.98230643573667942     0.056820523646541714     0.059874624710637626   2.0866691718621511e-09       3.4908863374028734       3.4908863374028734        1397.207454808989                                                 1386.7470349287298                                              10.460419880259249
                       1        703.9641916189031     0.021848735696056571      0.11621514133929657       68.417498611207051       3.0453050975753944      0.97216298220917241     0.056820523646541714     0.059874624710637626   2.1016442290412371e-09       3.4908863374028734       3.4908863374028734       1400.9466105630004                                                 1390.4861906827412                                              10.460419880259249
                       1       703.90275884971436     0.021863616103783578      0.11611439275871173       68.451103199789458       3.0462161654963458      0.97193603641720583     0.057290599000661122     0.061263026312104861   2.1035598421739024e-09       3.4908863374028734       3.4908863374028734       1400.8237450246229                                                 1390.2792825007266                                               10.54446252389635
                       3       702.19725662162273     0.022267055115632345      0.11758849317166116       68.294742834197535        3.038292935798462      0.95441835704061284     0.046432628446958203     0.068287691874563641   2.0869587085069024e-09       3.4908863374028734       3.4908863374028734       1397.4127405684396                                                 1386.1459261914542                                              11.266814376985444
                       1         702.465134698101     0.022254440194623901      0.11746908154541609       68.349841027421618       3.0346338426336219      0.95581915273297824     0.045194418652916422     0.067006053058695753   2.0793362862425968e-09       3.4908863374028734       3.4908863374028734       1397.9484967213962                                                 1387.0461070174536                                              10.902389703942632
                       1       702.68822071576153     0.022378716197556391      0.11782464550910213       68.579756457916574       3.0288912645697548      0.94669959745170162     0.039315821426024557     0.014150204989128397   2.0674297551103885e-09       3.4908863374028734       3.4908863374028734       1398.3946687567172                                                 1387.6698239577543                                              10.724844798962994
                       5       701.43444779761296     0.022373640652810566      0.11719989732709488       68.680337868051481       3.0381684701331486      0.94723659462493315     0.044647678489557169     0.019031110502139775   2.0866989699673673e-09       3.4908863374028734       3.4908863374028734       1395.8871229204201                                                 1385.5118984507112                                              10.375224469708943
                       2       702.14533617135703     0.022187735633650445      0.11876683617820553       67.979981180203509        3.069165037553796       0.9476079313298077      0.05837784548943227     0.030477049852622291   2.1523923502260571e-09       3.4908863374028734       3.4908863374028734       1397.3088996679082                                                 1382.4779898729503                                               14.83090979495794
                       2       701.30503614770555     0.022187735633650445      0.11876683617820553       67.979981180203509        3.068827949888016      0.94919656876571457      0.05837784548943227     0.030477049852622291    2.151666927585258e-09       3.4908863374028734       3.4908863374028734       1395.6282996206053                                                 1380.7973898256473                                               14.83090979495794
                       1        701.2931755258769     0.022016629422986985      0.11842298291081392         67.9612651489184       3.0520509720579927      0.95952966773287107     0.053697561839130672     0.042241491612771326   2.1158695845027807e-09       3.4908863374028734       3.4908863374028734        1395.604578376948                                                 1382.3082548760349                                              13.296323500913088
                       2       700.50738304277502     0.022057878252948665      0.11799260572984767       68.069452000080247       3.0503925140246007      0.95959618023548088     0.053314723458846844      0.04980668976972815   2.1123634118165201e-09       3.4908863374028734       3.4908863374028734       1394.0329934107442                                                 1381.8170275477073                                              12.215965863036894
                       2       700.81220335876696     0.022057878252948665      0.11799260572984767       68.069452000080247       3.0365581088139164      0.97123635276780262     0.053314723458846844      0.04980668976972815   2.0833413348896791e-09       3.4908863374028734       3.4908863374028734       1394.6426340427281                                                 1382.4266681796912                                              12.215965863036894
                       1       702.39414924600999     0.022057878252948665      0.11799260572984767       68.069452000080247        3.038009046929012      0.96802348911826841     0.053314723458846844      0.04980668976972815   2.0863663282476151e-09       3.4908863374028734       3.4908863374028734       1397.8065258172142                                                 1385.5905599541773                                              12.215965863036894
                       2       702.24291337866896     0.022059820758133598      0.11807418605026984       68.082416704648622       3.0385638249580706      0.96762701248950289     0.053389227552753986     0.045091234221577729   2.0875241195759947e-09       3.4908863374028734       3.4908863374028734       1397.5040540825321                                                 1385.2914189736018                                              12.212635108930264
                      10       700.94030432905868     0.022059820758133598      0.11807418605026984       68.082416704648622       3.0494310969299256      0.95936043584312158     0.053389227552753986     0.045091234221577729     2.11033352546231e-09       3.4908863374028734       3.4908863374028734       1394.8988359833115                                                 1382.6862008743813                                              12.212635108930264
                       5        699.1746525479399     0.022059820758133598      0.11807418605026984       68.082416704648622       3.0415038442387927      0.97064703860893931     0.053389227552753986     0.045091234221577729   2.0936705115646943e-09       3.4908863374028734       3.4908863374028734        1391.367532421074                                                 1379.1548973121437                                              12.212635108930264
                       1         699.149588344873     0.022059820758133598      0.11807418605026984       68.082416704648622       3.0420595741983147      0.96880470236548244     0.053389227552753986     0.045091234221577729    2.094834350353427e-09       3.4908863374028734       3.4908863374028734       1391.3174040149402                                                 1379.1047689060099                                              12.212635108930264
                       1       699.41476129253874     0.022191673341085918      0.11627810058531857       68.390597834811231       3.0342546282553702       0.9702194025208456     0.051706969900703441     0.088243495303021252   2.0785479215147007e-09       3.4908863374028734       3.4908863374028734       1391.8477499102717                                                 1381.5053907521533                                              10.342359158118324
                       1       699.50159635436376      0.02218406273554574      0.11626038333936205       68.393331382086785       3.0336373377723831      0.97081339542110767     0.051603389352668054     0.089216117528492081    2.077265249595631e-09       3.4908863374028734       3.4908863374028734       1392.0214200339217                                                 1381.6938384136743                                              10.327581620247468
                       5       699.98139332321762      0.02218406273554574      0.11626038333936205       68.393331382086785       3.0299041971019833      0.97417847887991948     0.051603389352668054     0.089216117528492081   2.0695249829505102e-09       3.4908863374028734       3.4908863374028734       1392.9810139716294                                                  1382.653432351382                                              10.327581620247468
                       2       699.95835165909739     0.022184631089386571      0.11630364898795495       68.425086171771298       3.0404090373850448      0.97431075320041882     0.056726554485355414      0.08920600135804535   2.0913796010202497e-09       3.4908863374028734       3.4908863374028734        1392.934930643389                                                 1382.6381994363023                                              10.296731207086697
                       1       700.08195910406641     0.022247102606138016      0.11629035726218005       68.454590325374795        3.043206839377139       0.9723220591743521     0.057469127719484224     0.094163713701156754   2.0972390600150622e-09       3.4908863374028734       3.4908863374028734        1393.182145533327                                                 1382.8809747776136                                              10.301170755713468
                       7       699.64609032645717     0.022247102606138016      0.11629035726218005       68.454590325374795       3.0464817882724438       0.9707753583988219     0.057469127719484224     0.094163713701156754    2.104118669794255e-09       3.4908863374028734       3.4908863374028734       1392.3104079781085                                                 1382.0092372223951                                              10.301170755713468
                       1       699.70503219928389     0.022247102606138016      0.11629035726218005       68.454590325374795       3.0497921427090722      0.96862439956736246     0.057469127719484224     0.094163713701156754   2.1110955900360902e-09       3.4908863374028734       3.4908863374028734        1392.428291723762                                                 1382.1271209680485                                              10.301170755713468
                       4       699.52218487108803     0.022271236869335652      0.11609982768186032       68.552327508826451        3.048161571757297      0.96782563182188164      0.05662643093803197     0.088036797773153097    2.107656103815781e-09       3.4908863374028734       3.4908863374028734       1392.0625970673702                                                 1381.7710149165707                                              10.291582150799496
                       2       699.90895788541388     0.022294881658253701      0.11581469956536332       68.568698078124541       3.0435285150555176       0.9684388596451915     0.054807051407000637       0.1007499277148186   2.0979137993302097e-09       3.4908863374028734       3.4908863374028734       1392.8361430960219                                                 1382.5137891246236                                               10.32235397139841
                       2       700.21014035341841     0.022294801379690067      0.11574869726432031       68.502603226892333       3.0490445627365164        0.968271830064938     0.057504655557826141      0.11105248637477635   2.1095179670259861e-09       3.4908863374028734       3.4908863374028734        1393.438508032031                                                 1383.1546006409565                                              10.283907391074623
                       1       701.67133847410878     0.022145120674034461       0.1152410365250969       68.587058649209055       3.0427599163647963      0.97708766908210198     0.057665111995805617      0.11478748771355138   2.0963019650370104e-09       3.4908863374028734       3.4908863374028734       1396.3609042734117                                                  1385.569917763562                                              10.790986509849644
                       1       703.65239778789987     0.022078319324632681      0.11484641712433154       68.218498730613504        3.019529758965017      0.97867759339332971     0.047198756562481889      0.14813343558675413   2.0481658103213292e-09       3.4908863374028734       3.4908863374028734       1400.3230229009939                                                 1390.0416770924355                                              10.281345808558456
                       2       703.65228154403508     0.022078319324632681      0.11484641712433154       68.218498730613504       3.0195504434212541      0.97866684209918953     0.047198756562481889      0.14813343558675413   2.0482081759555526e-09       3.4908863374028734       3.4908863374028734       1400.3227904132643                                                 1390.0414446047059                                              10.281345808558456
                       2       701.32810494320097      0.02212164728398618      0.11637889397301246       67.829410138783715       3.0458388617121428      0.97053569857964406     0.056023971155156574      0.14033135529521795   2.1027663107957627e-09       3.4908863374028734       3.4908863374028734       1395.6744372115961                                                 1382.8618014324052                                              12.812635779190982
                      10       701.37486427366707     0.022123790099047302      0.11636707937560256       67.823422588346745       3.0459716764416478       0.9704954397216996     0.056085684890998751      0.14175332299035187   2.1030456076815031e-09       3.4908863374028734       3.4908863374028734       1395.7679558725283                                                 1382.9087164442319                                               12.85923942829648
                       1       701.50479492102033     0.022214785056207175      0.11670308461143705       67.781117282755773       3.0488430917895961      0.96631030620058467     0.055836831868219243      0.14441355800056302   2.1090930032539887e-09       3.4908863374028734       3.4908863374028734       1396.0278171672348                                                 1381.8957873548679                                              14.132029812366959
                       1       702.25088181809406     0.022214785056207175      0.11670308461143705       67.781117282755773       3.0544047928220457      0.95948144023852155     0.055836831868219243      0.14441355800056302    2.120855828324754e-09       3.4908863374028734       3.4908863374028734       1397.5199909613823                                                 1383.3879611490154                                              14.132029812366959
                       1       701.44397150683392     0.022218063626855369      0.11687075723918093       67.875860414886048       3.0493818564442972      0.95937991789529176     0.053201538726766286       0.1282049189897303   2.1102296141730201e-09       3.4908863374028734       3.4908863374028734        1395.906170338862                                                 1382.4626474523413                                              13.443522886520642
                       6       700.90831457130605     0.022218063626855369      0.11687075723918093       67.875860414886048       3.0453209702106947      0.96499503734069803     0.053201538726766286       0.1282049189897303   2.1016775879383615e-09       3.4908863374028734       3.4908863374028734       1394.8348564678063                                                 1381.3913335812856                                              13.443522886520642
                       6       699.61319028217099     0.022354788781848902        0.117645389574433        68.24633759502386       3.0382414849306385      0.95712708576917915     0.046619271665783786     0.060710849855989638   2.0868513354324806e-09       3.4908863374028734       3.4908863374028734       1392.2446078895362                                                 1380.1142050340982                                              12.130402855438019
                       6       698.72283098480295     0.022350255357270185      0.11705447493436165       68.502306640165287       3.0443124759422715      0.96004063986067778     0.051062949230236618     0.059001063989949372   2.0995591265444896e-09       3.4908863374028734       3.4908863374028734       1390.4638892948001                                                 1379.9305787136104                                              10.533310581189562
                       4       698.82733632928364     0.022350255357270185      0.11705447493436165       68.502306640165287       3.0437230296353839      0.96087409807306856     0.051062949230236618     0.059001063989949372   2.0983219138423068e-09       3.4908863374028734       3.4908863374028734       1390.6728999837615                                                 1380.1395894025718                                              10.533310581189562
                       1       698.95977335703947     0.022358013439666407      0.11706914600022562       68.456005259695218       3.0437120961680284      0.96055642558716625     0.050934932984841995     0.064839653349058182   2.0982989720335779e-09       3.4908863374028734       3.4908863374028734       1390.9377740392731                                                  1380.259476540693                                              10.678297498580198
                       1       700.32880247644198     0.022396274629747061      0.11667450198250864       68.693039625936748       3.0304723397494229      0.96298854929502331     0.045573109232083985     0.064881086960981826   2.0707011024234455e-09       3.4908863374028734       3.4908863374028734       1393.6758322780781                                                  1383.381311034967                                              10.294521243111209
                       6       700.07303194708709     0.022396274629747061      0.11667450198250864       68.693039625936748       3.0332724718896031       0.9579984060363349     0.045573109232083985     0.064881086960981826   2.0765074646299162e-09       3.4908863374028734       3.4908863374028734       1393.1642912193684                                                 1382.8697699762572                                              10.294521243111209
                       5       700.12483836993658     0.022396274629747061      0.11667450198250864       68.693039625936748       3.0277835052314668      0.96453075505569041     0.045573109232083985     0.064881086960981826   2.0651408085279558e-09       3.4908863374028734       3.4908863374028734       1393.2679040650673                                                 1382.9733828219562                                              10.294521243111209
                       6       698.89605641667526     0.022413183629318951      0.11759352876510384       68.793794291885675       3.0384782461982365      0.96051121206409429     0.048706650029505624     0.019980755688262464    2.087345479494725e-09       3.4908863374028734       3.4908863374028734       1390.8103401585447                                                 1380.5130116218861                                              10.297328536658593
                       3       698.75105433914064     0.022397053660068403      0.11742172702900774       68.847987499784068       3.0396323098268945      0.96159078868881798     0.049780213461162168     0.018594331784309838   2.0897557995568942e-09       3.4908863374028734       3.4908863374028734       1390.5203360034754                                                 1380.1799621105301                                              10.340373892945289
                       2       698.31634204983823     0.022388794148315128      0.11719032705513946       68.596214361421815        3.043079470618129      0.96037431724607381      0.05131035680956457     0.045345629734422792    2.096971954289464e-09       3.4908863374028734       3.4908863374028734       1389.6509114248706                                                 1379.2129823045593                                               10.43792912031136
                       1       698.41785158468053     0.022388794148315128      0.11719032705513946       68.596214361421815       3.0392260784321961      0.96324319447678175      0.05131035680956457     0.045345629734422792   2.0889070475503889e-09       3.4908863374028734       3.4908863374028734       1389.8539304945552                                                 1379.4160013742439                                               10.43792912031136
                       4       698.26199578646629     0.022388794148315128      0.11719032705513946       68.596214361421815       3.0421394840142946      0.95878414548014956      0.05131035680956457     0.045345629734422792   2.0950017548694146e-09       3.4908863374028734       3.4908863374028734       1389.5422188981267                                                 1379.1042897778154                                               10.43792912031136
                       4        698.2381117054573     0.022387151067479134      0.11716039700828673       68.565841415749773       3.0451843760354333      0.95828428449872072     0.052723540231612451      0.04698629702714574   2.1013905306271965e-09       3.4908863374028734       3.4908863374028734       1389.4944507361088                                                  1378.992466596784                                              10.501984139324875
                       1       698.08541616463526     0.022373562861482142       0.1174679964754346       68.510325337578095       3.0465169832949184      0.95691548368323842     0.052814533955640917     0.033955108103804629   2.1041927256013181e-09       3.4908863374028734       3.4908863374028734       1389.1890596544647                                                  1378.399396295928                                              10.789663358536609
                       6       700.11440741938588     0.022321305226064011      0.11651790865117384       68.918056619140444       3.0262143416203466       0.9625119865745928     0.045434821359736428     0.014835041726862907   2.0619028058617568e-09       3.4908863374028734       3.4908863374028734       1393.2470421639659                                                 1382.4177123735681                                               10.82932979039794
                       3       698.91906684451772     0.022522960269467689      0.11707418277123753       68.874706994013138       3.0487046742371309      0.95449724376906397     0.053311387287868245     0.029790780847215072   2.1088010879661222e-09       3.4908863374028734       3.4908863374028734       1390.8563610142296                                                 1380.5044407362293                                              10.351920278000215
                       1       698.85522040953015     0.022527758076058418      0.11774624446160062       68.831984515533165       3.0447522603972943      0.95305600951065572     0.050343137166437006     0.011227182378123261   2.1004826830787635e-09       3.4908863374028734       3.4908863374028734       1390.7286681442545                                                 1380.3631567831394                                              10.365511361115026
                       1       699.14711590942318     0.022571183905380151      0.11817050664235465       68.635402442873783         3.04899234067351      0.94852109922847294     0.050707243550225198     0.012417392478104243   2.1094078065222283e-09       3.4908863374028734       3.4908863374028734       1391.3124591440405                                                 1380.1080352831707                                              11.204423860869788
                       6       699.29737740810242     0.022571183905380151      0.11817050664235465       68.635402442873783       3.0493633581917976      0.94765281557719527     0.050707243550225198     0.012417392478104243   2.1101905789738281e-09       3.4908863374028734       3.4908863374028734        1391.612982141399                                                 1380.4085582805292                                              11.204423860869788
                       1       699.19740725564941     0.022524951009725038      0.11843682644126019       68.486478141086778       3.0503410182513671      0.94863008972864205     0.051255984161791196     0.017591205306952643    2.112254636830028e-09       3.4908863374028734       3.4908863374028734        1391.413041836493                                                 1379.4007826984605                                              12.012259138032393
                       2       698.55816792362532     0.022461525078172014      0.11786964304853552       68.619676211754239       3.0435562251859838      0.95373662968015105     0.049943665571954739     0.023881326229183115   2.0979719336007462e-09       3.4908863374028734       3.4908863374028734       1390.1345631724448                                                 1379.3969781834055                                              10.737584989039371
                       5       698.82336471381086     0.022478353749347108      0.11756346148791745       68.693181222302073        3.040785142745464      0.95434773786014171     0.048973865447621799     0.029790647451746123   2.0921663280357147e-09       3.4908863374028734       3.4908863374028734       1390.6649567528159                                                 1380.1977991753429                                              10.467157577473044
                       4        698.6988305585013     0.022409997816686952      0.11749634909960828       68.764283454801614       3.0400830199031179      0.95813785791250483     0.049881885215013147      0.02495142706650532   2.0906978858405431e-09       3.4908863374028734       3.4908863374028734       1390.4158884421968                                                 1380.1151292021395                                              10.300759240057166
                       2       699.26982358139071     0.022462434209230445      0.11728032464941347        68.79102049947609        3.036717916603914      0.95690778467123783     0.047932842173287651     0.034061845589257053    2.083674295668373e-09       3.4908863374028734       3.4908863374028734       1391.5578744879756                                                 1381.2534829785752                                              10.304391509400332
                       3       703.54715289581782     0.022462434209230445      0.11728032464941347        68.79102049947609       3.0375372464387196      0.95133535150614346     0.047932842173287651     0.034061845589257053   2.0853822117625931e-09       3.4908863374028734       3.4908863374028734       1400.1125331168298                                                 1389.8081416074294                                              10.304391509400332
                       2        701.6006559525124     0.022462434209230445      0.11728032464941347        68.79102049947609       3.0376127763919181      0.96226894937095975     0.047932842173287651     0.034061845589257053   2.0855397265319155e-09       3.4908863374028734       3.4908863374028734        1396.219539230219                                                 1385.9151477208186                                              10.304391509400332
                       3       701.54428322265505     0.022456210886617943      0.11734779753498066       68.778016628848363        3.037635410432808      0.96236475761345164     0.047919565201664849     0.032884491314758339   2.0855869312575782e-09       3.4908863374028734       3.4908863374028734       1396.1067937705043                                                 1385.8020008001149                                              10.304792970389464
                       1       701.71613609209487     0.022456210886617943      0.11734779753498066       68.778016628848363       3.0357284308992178       0.9641489863152346     0.047919565201664849     0.032884491314758339   2.0816135494471664e-09       3.4908863374028734       3.4908863374028734       1396.4504995093839                                                 1386.1457065389945                                              10.304792970389464
                       1       701.74271789497209     0.022203571270679175       0.1164065698802168       69.064347861965061       3.0352678604889429      0.97594763423620945     0.052540949143010732     0.011809532868596775   2.0806550405880162e-09       3.4908863374028734       3.4908863374028734       1396.5036631151384                                                 1384.3103209579724                                              12.193342157166017
                       2       700.86415898949588     0.022203571270679175       0.1164065698802168       69.064347861965061       3.0478576263018158      0.95777303917817236     0.052540949143010732     0.011809532868596775   2.1070155886670746e-09       3.4908863374028734       3.4908863374028734       1394.7465453041859                                                   1382.55320314702                                              12.193342157166017
                       4       700.31808784527368     0.022157333388579999      0.11662566549961517       68.849688980314497       3.0507427683776851      0.95709134688224184     0.053673954068555435     0.015577026597246038   2.1131034058823112e-09       3.4908863374028734       3.4908863374028734       1393.6544030157415                                                 1382.6978310186823                                              10.956571997059282
                       5       700.16559682209061     0.022130700722356331      0.11713769605616299       68.738524395615769       3.0437227592582214      0.95719948241308661     0.049776611120735108     0.008278428129406646   2.0983213465040587e-09       3.4908863374028734       3.4908863374028734       1393.3494209693754                                                 1382.8847303798311                                              10.464690589544364
                       2       700.26552327967011     0.022151929974342153      0.11712416959132281       68.824204891244008       3.0466671646928409      0.95687502266199564     0.051137101399719331    0.0035010102129280178   2.1045087599369925e-09       3.4908863374028734       3.4908863374028734       1393.5492738845344                                                 1382.8801681342031                                              10.669105750331198
                       1       698.64540216599744     0.022151929974342153      0.11712416959132281       68.824204891244008       3.0423917403378606      0.96464891753750293     0.051137101399719331    0.0035010102129280178   2.0955302989714557e-09       3.4908863374028734       3.4908863374028734       1390.3090316571891                                                 1379.6399259068578                                              10.669105750331198
                       8       698.61765462255062     0.022151929974342153      0.11712416959132281       68.824204891244008       3.0327697264359226      0.97200345415248379     0.051137101399719331    0.0035010102129280178   2.0754637723203047e-09       3.4908863374028734       3.4908863374028734       1390.2535365702954                                                 1379.5844308199642                                              10.669105750331198
                       1       698.83575378342243     0.022220308397712649      0.11693086243867139       68.915229399484133       3.0302495780049714      0.97063435768718498     0.049524783456352715    0.0085641781134007458    2.070239880806805e-09       3.4908863374028734       3.4908863374028734        1390.689734892039                                                 1379.7553869896719                                              10.934347902367108
                       4       699.46851902457195     0.022285747775753227      0.11791073233046512       68.697666460845653       3.0493132553169775      0.96627656374388038     0.056603685158741243     0.015080090937221551   2.1100848550079621e-09       3.4908863374028734       3.4908863374028734       1391.9552653743381                                                 1381.6608226368633                                              10.294442737474919
                       1       700.51753621730063     0.022259310878530544      0.11745590808105077       68.912279642531075       3.0505025171187641      0.96919195870768415     0.058537896103851093    0.0086432549970903889   2.1125957911088033e-09       3.4908863374028734       3.4908863374028734       1394.0532997597954                                                 1383.3801522749654                                              10.673147484829943
                      13       701.40815943158407     0.022367934790682879      0.11814885474575705       68.805177314779797       3.0372219763145276          0.9646977610934     0.049742020678824647    0.0085912436806113261   2.0847248566813571e-09       3.4908863374028734       3.4908863374028734       1395.8345461883623                                                 1385.5511198992003                                              10.283426289161889
                       5       701.42596649041434     0.022367934790682879      0.11814885474575705       68.805177314779797       3.0370403619009911      0.96455192233195175     0.049742020678824647    0.0085912436806113261   2.0843462749781138e-09       3.4908863374028734       3.4908863374028734       1395.8701603060229                                                 1385.5867340168609                                              10.283426289161889
                       2       700.64332463460994     0.022441436422871396      0.11748219604980628       68.964894348913504       3.0398553373687491      0.96332776719151803      0.05128194225659586     0.019454084821816056   2.0902219246333787e-09       3.4908863374028734       3.4908863374028734       1394.3048765944141                                                 1383.8065523983553                                              10.498324196058881
                       1       700.47368842036462     0.022425151398112061      0.11744565186324081       68.857077191823223       3.0400145388984821      0.96385959533074783     0.051510602559217883     0.032470649473717111   2.0905547176511378e-09       3.4908863374028734       3.4908863374028734       1393.9656041659234                                                  1383.626809266171                                              10.338794899752495
                       1       700.36723909049886     0.022455355857989724      0.11718948686217054       69.016655341108958       3.0402386519149762      0.96328418905348379     0.051716258827440784     0.023487371397285461   2.0910232906797527e-09       3.4908863374028734       3.4908863374028734       1393.7527055061919                                                 1383.0368766568954                                              10.715828849296587
                       1       700.71570765829574     0.022252140475345766      0.11649285847330521        69.03428262034457       3.0416347918579056      0.97253513493199184     0.056045657558898718     0.031894224051594283   2.0939446906845502e-09       3.4908863374028734       3.4908863374028734       1394.4496426417857                                                 1382.5739001450409                                              11.875742496744817
                       5       702.22098424608168     0.022308346480241135      0.11583090794412512       69.159044147271032       3.0389087851937409      0.97311162268776163      0.05528548929904227     0.051875477888051573   2.0882443566076771e-09       3.4908863374028734       3.4908863374028734       1397.4601958173575                                                 1384.2315674866493                                              13.228628330708313
                       8        702.1251350822356     0.022325123095782464       0.1159029403174572       69.169595636995041       3.0374212384562984      0.97241654686915036     0.054258660740321429     0.049284904336126735   2.0851403048114699e-09       3.4908863374028734       3.4908863374028734       1397.2684974896654                                                 1384.1273572772855                                              13.141140212379971
                       1       700.10749314668715     0.022326903006060283      0.11659205648971757       69.164378953436795       3.0405112642771521      0.96884358275756099     0.054338144864756979     0.012097766091170574   2.0915934071852627e-09       3.4908863374028734       3.4908863374028734       1393.2332136185685                                                 1380.9885104296804                                              12.244703188888113
                       2       699.87751684058355     0.022326903006060283      0.11659205648971757       69.164378953436795       3.0500772996918806      0.95992424446960212     0.054338144864756979     0.012097766091170574   2.1116976695244702e-09       3.4908863374028734       3.4908863374028734       1392.7732610063613                                                 1380.5285578174733                                              12.244703188888113
                       1       700.62642510576336     0.022326903006060283      0.11659205648971757       69.164378953436795       3.0500176651429847      0.96273311723981558     0.054338144864756979     0.012097766091170574   2.1115717431413626e-09       3.4908863374028734       3.4908863374028734       1394.2710775367209                                                 1382.0263743478329                                              12.244703188888113
                       2       702.31814240432004     0.022652880642265866      0.11762110020923569       68.957902577871025       3.0552176477115949      0.94749365747837377     0.050945146351541688     0.023610360146359286   2.1225804772045129e-09       3.4908863374028734       3.4908863374028734       1397.6545121338343                                                 1387.3242941071014                                              10.330218026732865
                       1       702.11805065171325     0.022623951888763386       0.1176535416368565       68.960517545810518       3.0547851992448063      0.94875814661959623     0.051110873228893357     0.021417017099762136   2.1216627689765704e-09       3.4908863374028734       3.4908863374028734       1397.2543286286207                                                 1386.9288593996791                                              10.325469228941609
                       9       701.19507462344109      0.02236228194301132      0.11608381801961132       69.150201495421811       3.0394490017759321      0.96044919978364773     0.048932173764291272     0.016757754098412805   2.0893727656019666e-09       3.4908863374028734       3.4908863374028734       1395.4083765720763                                                 1383.1412343277634                                               12.26714224431287
                       1       700.98136842424071     0.022266828883401021      0.11621270921833066       68.616330416689493        3.049785644946355      0.96014973525532321     0.053924677212473564     0.052565454577440315   2.1110818726824387e-09       3.4908863374028734       3.4908863374028734       1394.9809641736756                                                 1384.6500827475327                                              10.330881426142922
                       1       702.24619386139057     0.022152470258927581      0.11519258692649165       68.679534580161686       3.0554922873663486      0.96885887263620241     0.060195768839774184     0.090053380392600663   2.1231635020311633e-09       3.4908863374028734       3.4908863374028734       1397.5106150479753                                                 1386.4515087019629                                               11.05910634601231
                       3       701.51674525727321     0.021936295847441091      0.11660019412180379       68.191774087664115       3.0423238051255264      0.97462862213994172     0.054238010606330829     0.085522153021846875   2.0953879435111712e-09       3.4908863374028734       3.4908863374028734       1396.0517178397406                                                 1385.6003947335914                                              10.451323106149147
                       3       700.81979106978122     0.022046980565498534      0.11666648100135281       68.115660568296974       3.0550506699948277      0.96743242933573359      0.05834047459212667      0.08605619591802828   2.1222260831515531e-09       3.4908863374028734       3.4908863374028734       1394.6578094647566                                                 1383.6492696500748                                              11.008539814681761
                       2       700.80437580338412     0.022045066035617428      0.11660173950811933        68.14875384444754       3.0548072577268708      0.96771481695829875     0.058376165649095993     0.084355633635436453   2.1217095701528862e-09       3.4908863374028734       3.4908863374028734       1394.6269789319624                                                 1383.7894328624454                                               10.83754606951689
                       4       700.39790262829126     0.022095815928579191      0.11669337753188132       68.211876248855617       3.0575874732886823      0.96611771562125903     0.059124122988519122     0.081388713569796683    2.127616587703623e-09       3.4908863374028734       3.4908863374028734       1393.8140325817767                                                 1383.0600372767872                                              10.753995304989532
                       1       700.35266569634916     0.022095815928579191      0.11669337753188132       68.211876248855617        3.058301784053838      0.96497930015865374     0.059124122988519122     0.081388713569796683   2.1291369100630134e-09       3.4908863374028734       3.4908863374028734       1393.7235587178925                                                  1382.969563412903                                              10.753995304989532
                       1       700.53375253666661     0.022095815928579191      0.11669337753188132       68.211876248855617       3.0590984339573359      0.96437164391211028     0.059124122988519122     0.081388713569796683   2.1308337625859059e-09       3.4908863374028734       3.4908863374028734       1394.0857323985274                                                 1383.3317370935379                                              10.753995304989532
                       1       700.47489974550183     0.022107915724753995      0.11673732379667438       68.190497959356094       3.0585421578206624      0.96342962781398545     0.058531025566219495      0.08055399870707397   2.1296487602373829e-09       3.4908863374028734       3.4908863374028734       1393.9680268161978                                                 1383.0677732022245                                              10.900253613973286
                       1        700.1007613041412     0.022107361473430561      0.11675125265650008       68.255925766118352       3.0556046219744331      0.96371731830174923     0.057175946027091522     0.072489415215835143   2.1234020201677334e-09       3.4908863374028734       3.4908863374028734       1393.2197499334766                                                 1382.5459449042505                                              10.673805029226026
                       1       698.38518514171312     0.022277270105043864      0.11787611617344271       68.537472062650494       3.0478290957395093      0.95486698685252513     0.049734014773210454    0.0052020118351833317    2.106955475185081e-09       3.4908863374028734       3.4908863374028734       1389.7885976086204                                                 1379.1129224042675                                              10.675675204352858
                       2       698.33405768075681     0.022277270105043864      0.11787611617344271       68.537472062650494       3.0379218047958565      0.96493182588515658     0.049734014773210454    0.0052020118351833317    2.086184317138229e-09       3.4908863374028734       3.4908863374028734       1389.6863426867078                                                 1379.0106674823548                                              10.675675204352858
                       7        698.5288166548678     0.022306042582113241      0.11767272018646083          68.625104891888       3.0368995010891027      0.96483062641693018     0.049329995836224112    0.0068405195330145611   2.0840526929471505e-09       3.4908863374028734       3.4908863374028734       1390.0758606349298                                                 1379.6319720466554                                              10.443888588274362
                       5       698.52293349731815     0.022306042582113241      0.11767272018646083          68.625104891888       3.0368783466073652      0.96483883882247812     0.049329995836224112    0.0068405195330145611    2.084008606358834e-09       3.4908863374028734       3.4908863374028734       1390.0640943198305                                                 1379.6202057315561                                              10.443888588274362
                       3        698.1991187906084     0.022278050624107839      0.11784049956019914       68.569985931924478       3.0420623251359582      0.96519174078651626     0.051900660620782642    0.0053120667025879703   2.0948401131200248e-09       3.4908863374028734       3.4908863374028734        1389.416464906411                                                 1378.8562172066579                                              10.560247699753079
                       1       698.41098002430601     0.022309889833412706      0.11830332152863367       68.504728627611513       3.0406843095139982       0.9632669122353964     0.050160131322788723    0.0008975865604981528   2.0919553787796215e-09       3.4908863374028734       3.4908863374028734       1389.8401873738062                                                 1378.8079210630124                                              11.032266310793881
                       2       698.45253251059614     0.022309889833412706      0.11830332152863367       68.504728627611513        3.040409693392407      0.96355301262895987     0.050160131322788723    0.0008975865604981528   2.0913809729811153e-09       3.4908863374028734       3.4908863374028734       1389.9232923463865                                                 1378.8910260355926                                              11.032266310793881
                       2       698.00540935048673     0.022309889833412706      0.11830332152863367       68.504728627611513       3.0415269301637187      0.96181472093180553     0.050160131322788723    0.0008975865604981528   2.0937188464428691e-09       3.4908863374028734       3.4908863374028734       1389.0290460261676                                                 1377.9967797153738                                              11.032266310793881
                       5       698.30584746666352     0.022309889833412706      0.11830332152863367       68.504728627611513       3.0451802636874947      0.95906639577350083     0.050160131322788723    0.0008975865604981528   2.1013818889959487e-09       3.4908863374028734       3.4908863374028734       1389.6299222585212                                                 1378.5976559477274                                              11.032266310793881
                       3       698.31180001738733     0.022309889833412706      0.11830332152863367       68.504728627611513       3.0503755270901984      0.95265487515511882     0.050160131322788723    0.0008975865604981528   2.1123275295425752e-09       3.4908863374028734       3.4908863374028734       1389.6418273599688                                                  1378.609561049175                                              11.032266310793881
                      10       698.40849900517901     0.022321884572835023      0.11820719900873544       68.467222103258706       3.0483952759767536      0.95208315933299126     0.049066945262328812    0.0071462513188822983   2.1081487295025149e-09       3.4908863374028734       3.4908863374028734       1389.8352253355522                                                 1378.6206254440169                                              11.214599891535231
                       4       699.15324464762364     0.022296357922848384      0.11830388828361277       68.349849229961606       3.0412863026056676      0.95311753019761392     0.045717104089260073     0.016259015291996307   2.0932151005996009e-09       3.4908863374028734       3.4908863374028734       1391.3247166204414                                                 1379.5149129052388                                              11.809803715202651
                       3       698.66721288444228     0.022301166637034336      0.11818375113930681       68.387354926633762       3.0476088889478028      0.95201905088043193     0.048727445385170175     0.010195538032204379   2.1064915603600942e-09       3.4908863374028734       3.4908863374028734       1390.3526530940787                                                  1378.759065191683                                              11.593587902395669
                       1       698.56610174813011     0.022301166637034336      0.11818375113930681       68.387354926633762       3.0473453970370379      0.95201388671788167     0.048727445385170175     0.010195538032204379   2.1059365899921569e-09       3.4908863374028734       3.4908863374028734       1390.1504308214544                                                 1378.5568429190587                                              11.593587902395669
                       4        698.1205785747203     0.022301166637034336      0.11818375113930681       68.387354926633762       3.0417512400553495      0.95788568710090238     0.048727445385170175     0.010195538032204379   2.0941885409670146e-09       3.4908863374028734       3.4908863374028734       1389.2593844746348                                                 1377.6657965722391                                              11.593587902395669
                       5       697.97440804931841     0.022301166637034336      0.11818375113930681       68.387354926633762       3.0413349995921664      0.95786362626111943     0.048727445385170175     0.010195538032204379   2.0933170363490556e-09       3.4908863374028734       3.4908863374028734        1388.967043423831                                                 1377.3734555214353                                              11.593587902395669
                       5       698.31045381569163     0.022388472157099461      0.11817953783526154       68.438822105392475       3.0453588862277456      0.95411581125123635     0.049538574902865944    0.0086165219954870177   2.1017572766923523e-09       3.4908863374028734       3.4908863374028734       1389.6391349565774                                                 1377.9599207475981                                              11.679214208979413
                       2       698.07777622996264     0.022388472157099461      0.11817953783526154       68.438822105392475       3.0437269509699236      0.95387213540170801     0.049538574902865944    0.0086165219954870177   2.0983301420806359e-09       3.4908863374028734       3.4908863374028734       1389.1737797851195                                                 1377.4945655761401                                              11.679214208979413
                       3       701.17395938322511     0.022658373790974885      0.11845956088302902       68.519402254052338       3.0598102458449574      0.94109208276289813     0.053251624047869928   0.00074206957459944066   2.1323510553381041e-09       3.4908863374028734       3.4908863374028734       1395.3661460916444                                                 1382.5818187914313                                              12.784327300213139
                       3       700.63613418333421      0.02261863186736349      0.11815992124112443       68.593685983565251       3.0649394222425035      0.94343952078947269     0.056824725954194875    0.0022107833221339198   2.1433163574869152e-09       3.4908863374028734       3.4908863374028734       1394.2904956918626                                                 1382.4775338185852                                              11.812961873277452
                       3       701.60262860208752      0.02261863186736349      0.11815992124112443       68.593685983565251       3.0719114451107203      0.93720009896364465     0.056824725954194875    0.0022107833221339198   2.1583118217621044e-09       3.4908863374028734       3.4908863374028734       1396.2234845293692                                                 1384.4105226560919                                              11.812961873277452
                       8       701.41312325262925     0.022612487612618724      0.11811572647769623       68.613285435910896       3.0719761494932336      0.93767779871569412     0.057045414363299463    0.0018727720130588647   2.1584514785139557e-09       3.4908863374028734       3.4908863374028734       1395.8444738304527                                                  1384.211067944276                                              11.633405886176623
                       2       701.55567417089696     0.022641767309569481      0.11819216222693281        68.55481089629248       3.0692261988726974      0.93745933673411508     0.055384708144392759     0.015320651007418081   2.1525239974068065e-09       3.4908863374028734       3.4908863374028734       1396.1295756669881                                                 1384.0528113486289                                               12.07676431835924
                       4       700.79417918164359     0.022641767309569481      0.11819216222693281        68.55481089629248       3.0596229024417356      0.94470914196030709     0.055384708144392759     0.015320651007418081   2.1319516108523465e-09       3.4908863374028734       3.4908863374028734       1394.6065856884813                                                 1382.5298213701221                                               12.07676431835924
                      11       700.63077881774279      0.02264468931540025      0.11770222375088894       68.714250788307993       3.0599416823128589      0.94648152579408429     0.056498057086506813      0.01848290731672499   2.1326313424487144e-09       3.4908863374028734       3.4908863374028734       1394.2797849606798                                                 1383.3454580591958                                              10.934326901484024
                       2       703.20796970932622     0.022785746451357135      0.11662416619780357       68.871081112588058       3.0527531336742468      0.94577316375716591     0.053278672874017302     0.061389426659680696   2.1173557886267006e-09       3.4908863374028734       3.4908863374028734       1399.4341667438466                                                 1388.9917982899185                                                10.4423684539282
                       1       703.23175834331278     0.022693539821114876      0.11616590610589937       68.759698564310952       3.0664480864750208      0.94958578983633735     0.061672686685060527     0.085888515821660016   2.1465523426081529e-09       3.4908863374028734       3.4908863374028734       1399.4817440118197                                                 1389.0931694823328                                              10.388574529486897
                       3       704.04032597995717     0.022254366463431163      0.11462811117716419       69.233946932238737       3.0377783172461572      0.97438925977801638     0.056736472056098795     0.070015743355394428   2.0858849971372021e-09       3.4908863374028734       3.4908863374028734       1401.0988792851085                                                 1385.3780345075122                                              15.720844777596225
                       1       704.97600241508496     0.021794781896151066      0.11612219517363867       68.565447986843466       3.0253717716460464        0.986883714925049     0.053540620320999932     0.051450473785524573   2.0601662401594082e-09       3.4908863374028734       3.4908863374028734       1402.9702321553641                                                 1391.7787697666442                                              11.191462388719762
                       4       703.34995191048756      0.02181698623681539      0.11665167310207092        68.60824506820363       3.0294459959164564        0.983551636278576     0.054251151040189537     0.020428769775252414    2.068576941363321e-09       3.4908863374028734       3.4908863374028734       1399.7181311461693                                                 1388.7865928752644                                              10.931538270904833
                       2       702.88240692218324     0.021866040993662114      0.11654709387233821       68.623149819220245       3.0199320204328344      0.98141403707457597     0.048964772677863908     0.018902758628004696   2.0489898742399913e-09       3.4908863374028734       3.4908863374028734       1398.7830411695606                                                 1387.9263062833222                                              10.856734886238378
                       1       702.21044189257134     0.021866040993662114      0.11654709387233821       68.623149819220245       3.0255351999500957      0.97677852846458613     0.048964772677863908     0.018902758628004696   2.0605029571478908e-09       3.4908863374028734       3.4908863374028734       1397.4391111103369                                                 1386.5823762240984                                              10.856734886238378
                       2       702.52826863930613     0.021884377193976717      0.11621325886659384       68.782873948452917        3.027864051553987       0.9771316832660597     0.050542871699061707     0.014787644889737099   2.0653071547247664e-09       3.4908863374028734       3.4908863374028734       1398.0747646038064                                                 1386.2688559049573                                              11.805908698849288
                       1       700.36958473391769     0.022090636865881617      0.11610927464173296        68.72997020621203       3.0332471225457724      0.96874222349650074     0.050486461927992304     0.037457348627126054   2.0764548271953937e-09       3.4908863374028734       3.4908863374028734       1393.7573967930296                                                 1382.8662732356013                                              10.891123557428228
                       6        699.1850739970306     0.022109996603333699       0.1166021615586381       68.621115876294212       3.0442382244682094      0.96825222645300635     0.055172153333541626     0.048505976034449318   2.0994032369720499e-09       3.4908863374028734       3.4908863374028734       1391.3883753192554                                                 1380.9669490197684                                              10.421426299486853
                       3       698.84896984185207     0.022124201365482057      0.11684948044454493       68.623371487523926       3.0464701619097592      0.96699965696211465     0.055701583546504937     0.039890959388769381   2.1040942066896776e-09       3.4908863374028734       3.4908863374028734       1390.7161670088983                                                  1380.360343115306                                              10.355823893592197
                       6       700.54774104497449     0.021940484407831695      0.11689889940488611       68.540678530272643       3.0469399734828575      0.97293982206672136     0.057974280652131706     0.028683623029550416   2.1050829667461417e-09       3.4908863374028734       3.4908863374028734       1394.1137094151431                                                 1383.7127939302579                                              10.400915484885116
                       1       701.25098696327882     0.021876180091475891      0.11714417815939734       68.584781778832706       3.0428383197378359      0.97450495624845268     0.056380578338806858    0.0052561257825323379   2.0964663286252249e-09       3.4908863374028734       3.4908863374028734       1395.5202012517518                                                 1385.0188758072391                                              10.501325444512823
                       3       700.64466420266888     0.021876180091475891      0.11714417815939734       68.584781778832706       3.0407703232496464       0.9782243822898552     0.056380578338806858    0.0052561257825323379   2.0921353234153039e-09       3.4908863374028734       3.4908863374028734       1394.3075557305319                                                 1383.8062302860192                                              10.501325444512823
                       3       700.64943855267052     0.021876180091475891      0.11714417815939734       68.584781778832706       3.0407601728353826      0.97820271930846481     0.056380578338806858    0.0052561257825323379   2.0921140874828521e-09       3.4908863374028734       3.4908863374028734       1394.3171044305352                                                 1383.8157789860225                                              10.501325444512823
                       2       700.08783865120961     0.022030113036919693      0.11786488439284734       68.550713945416462       3.0466375779885659      0.97264854658764388     0.056643624340902969     0.010314825273384207   2.1044464953797742e-09       3.4908863374028734       3.4908863374028734       1393.1939046276134                                                  1382.906774943536                                              10.287129684077438
                      17        699.5189843855411     0.022026343763563029      0.11739092334250691       68.595450622986391       3.0417826420569569      0.97396413335812693     0.055033729402689607     0.020627845120308019     2.09425430371148e-09       3.4908863374028734       3.4908863374028734       1392.0561960962764                                                 1381.7268606978921                                              10.329335398384311
                       5       699.64026733442449     0.022026343763563029      0.11739092334250691       68.595450622986391        3.041991126079481      0.97480497952916856     0.055033729402689607     0.020627845120308019   2.0946909677900661e-09       3.4908863374028734       3.4908863374028734       1392.2987619940432                                                 1381.9694265956589                                              10.329335398384311
                       4       700.60787271690072     0.021972834596607087      0.11715621047988559       68.331158411044754       3.0492449331183664      0.97116818008483563     0.058127122382397541     0.018784054381609145   2.1099406942961567e-09       3.4908863374028734       3.4908863374028734       1394.2339727589956                                                 1383.7635056112933                                              10.470467147702351
                      11       700.74284120225195     0.021972834596607087      0.11715621047988559       68.331158411044754       3.0453493565736696      0.97299276838382043     0.058127122382397541     0.018784054381609145   2.1017372477679877e-09       3.4908863374028734       3.4908863374028734       1394.5039097296981                                                 1384.0334425819958                                              10.470467147702351
                       2       700.34092531205454     0.021987214689628543      0.11750776774015889       68.163366472267853        3.044854492501277      0.97145234245762491     0.057022996031531235     0.027105616588673845   2.1006974308197036e-09       3.4908863374028734       3.4908863374028734       1393.7000779493032                                                 1382.4513185144356                                              11.248759434867605
                       1       700.51708107065247     0.021965575247403227      0.11745090083710806       68.156493805660148       3.0452400007399909      0.97263830331625079     0.057621542323022877     0.030273829077550541   2.1015074231056473e-09       3.4908863374028734       3.4908863374028734       1394.0523894664991                                                 1382.8948371389924                                              11.157552327506684
                       1       698.92088870522855     0.022163113268359201      0.11684427725572533       68.663151367170499       3.0263043981715878      0.97094384171030934     0.047907006377676434      0.02576763622576362   2.0620885020789028e-09       3.4908863374028734       3.4908863374028734       1390.8600047356513                                                 1380.5038872337782                                              10.356117501873001
                       7       699.51793770933978     0.022160561244772059       0.1165587771812612       68.664423979238208       3.0247460938880835      0.97156612359165706     0.047559278353925483      0.03453574154447981   2.0588776431305218e-09       3.4908863374028734       3.4908863374028734       1392.0541027438737                                                  1381.639175628035                                              10.414927115838726
                       1       699.13412258867379      0.02214253453820748      0.11705228017237375       68.194617069340595       3.0457952259446484      0.97002274854258808     0.056910702855173946      0.07606811437934384   2.1026745569758184e-09       3.4908863374028734       3.4908863374028734       1391.2864725025418                                                 1380.1645372632429                                              11.121935239298889
                       1       704.15514719605324     0.021933026507637041      0.11652650482425729       67.823382056531486       3.0339528172752983      0.98100864834443136     0.054653955169963006      0.13654540894432476   2.0779206875871863e-09       3.4908863374028734       3.4908863374028734       1401.3285217173006                                                 1389.3968082305037                                              11.931713486796873
                       3       705.40867868582882     0.021933026507637041      0.11652650482425729       67.823382056531486       3.0258793448934393      0.98941304022192211     0.054653955169963006      0.13654540894432476   2.0612121908539347e-09       3.4908863374028734       3.4908863374028734       1403.8355846968518                                                 1391.9038712100548                                              11.931713486796873
                       3       705.82757257090464     0.021956786581436325      0.11716784253331849       67.684920702958593       3.0245989559824333      0.98692550057676176     0.052653690974737336      0.13120786051166616   2.0585747264719296e-09       3.4908863374028734       3.4908863374028734       1404.6733724670034                                                 1390.8800775103493                                              13.793294956654083
                       1       704.09490296009903     0.021874790731887268      0.11721357903592665       67.784891353611059       3.0375123549810823      0.98513819831790972     0.059068330528428303       0.0814530474348861   2.0853303042056418e-09       3.4908863374028734       3.4908863374028734       1401.2080332453922                                                  1388.337772688875                                              12.870260556517263
                       1       702.88534277940892     0.021971359357819246       0.1162124648052157       68.265256671800685        3.029370782638376       0.9855524973992601     0.055985583405241526     0.072984624007562809    2.068421362761461e-09       3.4908863374028734       3.4908863374028734        1398.788912884012                                                 1388.4564868349705                                              10.332426049041418
                       1       701.23884733257319     0.021971359357819246       0.1162124648052157       68.265256671800685       3.0438941464876441      0.97138551019444497     0.055985583405241526     0.072984624007562809   2.0986810028054425e-09       3.4908863374028734       3.4908863374028734       1395.4959219903405                                                 1385.1634959412991                                              10.332426049041418
                       3       700.53865855976835     0.022239062691086539      0.11739886183081545       68.563408653196149       3.0745898054592531      0.96027987523022129     0.066577221618387139     0.034188254517428317   2.1641003069294935e-09       3.4908863374028734       3.4908863374028734       1394.0955444447309                                                 1383.7500602168873                                              10.345484227843711
                       2       701.92091622832777     0.022108521757232366      0.11724001255244314       68.637365264451816       3.0733911329352197      0.96645909025266197     0.068138693148333609     0.026244752440915859    2.161507813438095e-09       3.4908863374028734       3.4908863374028734       1396.8600597818497                                                 1386.5299782859283                                              10.330081495921441
                       8       701.38046948453928     0.022169225822626721      0.11783967765889991       68.539281627356331       3.0756449316101211      0.96223855129292413     0.067407577943088146     0.018310117898284083   2.1663849108171369e-09       3.4908863374028734       3.4908863374028734       1395.7791662942727                                                 1385.3943400898713                                              10.384826204401413
                       2        701.3304840777522     0.022175479194570177      0.11781946361839082        68.56521834005251       3.0755327877160714      0.96212706551017091     0.067336618230558185      0.01667689573461836   2.1661419775992206e-09       3.4908863374028734       3.4908863374028734       1395.6791954806986                                                 1385.3298194553061                                              10.349376025392507
                       1       698.47982236565235     0.022364946434455003      0.11743733881973122       68.609915213031044       3.0635115830142392      0.95390694593375369     0.059125699050289929     0.021470691758013735   2.1402582300898028e-09       3.4908863374028734       3.4908863374028734       1389.9778720564989                                                 1379.4769713488781                                              10.500900707620673
                       9       699.62736133262968     0.022364946434455003      0.11743733881973122       68.609915213031044       3.0622638874969281       0.9581230352789859     0.059125699050289929     0.021470691758013735   2.1375895047147857e-09       3.4908863374028734       3.4908863374028734       1392.2729499904535                                                 1381.7720492828328                                              10.500900707620673
                       3       699.33859105095871     0.022160824095133726      0.11768035101517359       68.140195332373793       3.0482006894694442      0.96549011065551082     0.054151312549964706     0.054141355444305789   2.1077385521131395e-09       3.4908863374028734       3.4908863374028734       1391.6954094271116                                                 1379.6828350606208                                              12.012574366490858
                       6       699.33864871617175     0.022148496463656325      0.11750824300620395       68.342287555225752       3.0353237375845525      0.96634107550179726     0.048334183159566078     0.028449671838061658   2.0807713047968729e-09       3.4908863374028734       3.4908863374028734       1391.6955247575377                                                 1380.8150580688111                                              10.880466688726488
                       1       698.82063823166891     0.022148496463656325      0.11750824300620395       68.342287555225752       3.0295842742991392      0.96769700627941679     0.048334183159566078     0.028449671838061658   2.0688630006146775e-09       3.4908863374028734       3.4908863374028734        1390.659503788532                                                 1379.7790370998055                                              10.880466688726488
                       1        699.0883001005069     0.022148496463656325      0.11750824300620395       68.342287555225752       3.0355507767927303       0.9611508385879316     0.048334183159566078     0.028449671838061658   2.0812437750989251e-09       3.4908863374028734       3.4908863374028734        1391.194827526208                                                 1380.3143608374814                                              10.880466688726488
                       3       701.12553909164671     0.022216390717435863      0.11630587864065779       68.260978651989888       3.0530405900206383      0.95976972758235501     0.057470781937111443     0.084391020667903341    2.117964523473866e-09       3.4908863374028734       3.4908863374028734       1395.2693055084876                                                 1384.4745156344225                                               10.79478987406511
                       1       701.58952034781544     0.022295930907334286      0.11874358982479238        67.98209418731966       3.0611493781677672       0.9479427902385581     0.056000904527555788     0.016417411230042492   2.1352084683599429e-09       3.4908863374028734       3.4908863374028734        1396.197268020825                                                 1380.1081341425731                                              16.089133878251847
                       2       701.48570872438791     0.022295930907334286      0.11874358982479238        67.98209418731966       3.0637583692214574      0.94757828502466568     0.056000904527555788     0.016417411230042492    2.140786481480772e-09       3.4908863374028734       3.4908863374028734         1395.98964477397                                                 1379.9005108957181                                              16.089133878251847
                       3       700.98862537882758     0.022295930907334286      0.11874358982479238        67.98209418731966       3.0596395349669403      0.95201611807202313     0.056000904527555788     0.016417411230042492   2.1319870708861435e-09       3.4908863374028734       3.4908863374028734       1394.9954780828493                                                 1378.9063442045974                                              16.089133878251847
                       2       701.36794384282302     0.022327127743228377      0.11861356781030635       68.023135318395418       3.0609928765009973        0.950883019839041     0.056433723590111361     0.017032107593340406   2.1348743308229663e-09       3.4908863374028734       3.4908863374028734       1395.7541150108402                                                 1380.0500827359117                                               15.70403227492859
                       2       701.71890761958491     0.022433316171858696      0.11904197561623556        68.00519873239071       3.0554363944874061      0.94654388231323694      0.05182232489180421     0.014095121437226181   2.1230448356269039e-09       3.4908863374028734       3.4908863374028734        1396.456042564364                                                 1378.9871469658028                                              17.468895598561115
                       1        699.6609493933704     0.022287387297438902      0.11800713137997725       68.291767375257436       3.0307894159426656      0.95773838253877719      0.04393850474845605     0.018196763131255095   2.0713577765487095e-09       3.4908863374028734       3.4908863374028734        1392.340126111935                                                 1380.2610879512624                                              12.079038160672537
                       2        699.6585692352877     0.022287387297438902      0.11800713137997725       68.291767375257436       3.0294855766873585      0.95761292465945891      0.04393850474845605     0.018196763131255095   2.0686588188537071e-09       3.4908863374028734       3.4908863374028734       1392.3353657957696                                                  1380.256327635097                                              12.079038160672537
                       2       700.80593120453693     0.022287387297438902      0.11800713137997725       68.291767375257436       3.0375374010957708      0.94920022102573876      0.04393850474845605     0.018196763131255095   2.0853825342816816e-09       3.4908863374028734       3.4908863374028734        1394.630089734268                                                 1382.5510515735955                                              12.079038160672537
                       4       700.04566183181475     0.022229529593505985      0.11792391969429172       68.238724046786118       3.0497249855934556      0.95056747935646213     0.050576745914733649     0.021210502859515444   2.1109538197059688e-09       3.4908863374028734       3.4908863374028734       1393.1095509888237                                                 1380.9990508706378                                              12.110500118185831
                       2        699.9169212213227     0.022180261579664868      0.11715407854182808       68.341605700765712       3.0472012658817946      0.95550092297973599     0.051442169988940321     0.040927235444363885   2.1056330807916639e-09       3.4908863374028734       3.4908863374028734       1392.8520697678396                                                 1382.0361680198773                                              10.815901747962306
                       1       699.70770325897968     0.022184143291309889      0.11711463598762832       68.424587637928155       3.0473959610871733      0.95560403861297993     0.051639688841168915     0.033092500096388769   2.1060430773676689e-09       3.4908863374028734       3.4908863374028734       1392.4336338431535                                                 1381.8756275660335                                              10.558006277119965
                       2       699.26833098122813     0.022236992804142462      0.11680757909282798        68.52450632711745       3.0506601820784978      0.95563908554586896     0.053380769519216213     0.046108537259661284   2.1129288996982285e-09       3.4908863374028734       3.4908863374028734       1391.5548892876504                                                 1381.2157296470716                                              10.339159640578789
                       1       700.23204341716155     0.022126186450563502      0.11622391650275377       68.620272904180737       3.0444764340968127      0.96209115262180234     0.052868456216079024     0.051086925798980463   2.0999033946062348e-09       3.4908863374028734       3.4908863374028734       1393.4823141595173                                                 1383.0227661831671                                              10.459547976350269
                       2       699.40645025261529     0.022126186450563502      0.11622391650275377       68.620272904180737       3.0371752404036663      0.96977663478447762     0.052868456216079024     0.051086925798980463   2.0846274274430247e-09       3.4908863374028734       3.4908863374028734       1391.8311278304247                                                 1381.3715798540745                                              10.459547976350269
                       1       700.04066146722369     0.022126186450563502      0.11622391650275377       68.620272904180737       3.0355612615257774       0.9697317401357517     0.052868456216079024     0.051086925798980463   2.0812655964987087e-09       3.4908863374028734       3.4908863374028734       1393.0995502596415                                                 1382.6400022832913                                              10.459547976350269
                       4       699.14810202295666     0.022226776153161539      0.11692723840651645       68.574456175580082       3.0473214300633029      0.96204795495139483     0.055841252282676238     0.027021287207967926    2.105886117670054e-09       3.4908863374028734       3.4908863374028734       1391.3144313711075                                                  1380.984690453929                                              10.329740917178551
                       6       699.00796079790882     0.022226776153161539      0.11692723840651645       68.574456175580082        3.051347315980204      0.95883904993684022     0.055841252282676238     0.027021287207967926    2.114381263704234e-09       3.4908863374028734       3.4908863374028734       1391.0341489210118                                                 1380.7044080038334                                              10.329740917178551
                       3        698.6437895826765      0.02224489007994148      0.11748015759794476       68.365254775554121       3.0389045568251118      0.95802535588330906     0.048742725644966123     0.038414647750789774   2.0882355267594178e-09       3.4908863374028734       3.4908863374028734       1390.3058064905472                                                 1379.2945762070103                                              11.011230283536895
                       3       700.74394046047291      0.02233145353391908      0.11658612375368028       68.730638245297797       3.0266908332837978      0.95793570110846737     0.043398800299387162     0.034159883040809094   2.0628855194684244e-09       3.4908863374028734       3.4908863374028734         1394.50610824614                                                 1384.1423682532964                                              10.363739992843648
                       2       700.99283215097569     0.022494083731312873      0.11657099572499476       68.608186388745352       3.0417168548021443      0.95052784647938782     0.048393799000534733     0.059572320628993869    2.094116533001787e-09       3.4908863374028734       3.4908863374028734       1395.0038916271455                                                 1384.5085462202944                                              10.495345406851165
                       3       700.80738021302454     0.022494083731312873      0.11657099572499476       68.608186388745352       3.0391895110829727      0.95530823791234865     0.048393799000534733     0.059572320628993869   2.0888306631534823e-09       3.4908863374028734       3.4908863374028734       1394.6329877512433                                                 1384.1376423443921                                              10.495345406851165
                       1       700.66912550117229     0.022494083731312873      0.11657099572499476       68.608186388745352       3.0387742721001345      0.95411844081790698     0.048393799000534733     0.059572320628993869   2.0879634792903259e-09       3.4908863374028734       3.4908863374028734       1394.3564783275388                                                 1383.8611329206876                                              10.495345406851165
                       2       700.35139596052534     0.022482624993440132      0.11663082058360584       68.611888589872564       3.0388736282968072      0.95452535944037487     0.048529555613075051     0.056807913892223116   2.0881709417065872e-09       3.4908863374028734       3.4908863374028734       1393.7210192462449                                                  1383.238743358055                                              10.482275888189889
                       7       700.63972509257871     0.022513421538735468      0.11612635157762538       68.777308389404922       3.0398361805387824      0.95581919530038717     0.049745091616229829     0.065910067245119081   2.0901818829909126e-09       3.4908863374028734       3.4908863374028734       1394.2976775103516                                                 1383.9190746053071                                              10.378602905044607
                       3       701.32028804948027     0.022580429226423959      0.11661480663637719       68.996386372245752       3.0309314062296862       0.9535574616610667     0.044221292302802903     0.030836728583063341   2.0716519101154843e-09       3.4908863374028734       3.4908863374028734       1395.6588034241547                                                 1385.0691950017504                                              10.589608422404295
                       7       701.39237953213501     0.022582686178655605      0.11664901173806319       68.968854347483585       3.0298767939874027      0.95364564901501769     0.043655401178312209      0.03469477577793751   2.0694682722973029e-09       3.4908863374028734       3.4908863374028734       1395.8029863894642                                                 1385.2857403660298                                              10.517246023434272
                       2       699.46254057825251     0.022221388721753228      0.11726401308755555       68.410968459141401       3.0235160938679613      0.96489183345181007     0.043645809704179001     0.047365696817531042   2.0563467803877326e-09       3.4908863374028734       3.4908863374028734       1391.9433084816992                                                 1381.3119646098057                                              10.631343871893545
                       1       699.43588145487172     0.022217888783553724      0.11725456689162327       68.431468305351103        3.023254609333994      0.96510985680034178     0.043603742212289291     0.045136515758516585   2.0558091478025545e-09       3.4908863374028734       3.4908863374028734       1391.8899902349376                                                 1381.3257449945395                                              10.564245240398021
                       4        699.7896899148019     0.022281578727928686      0.11764142049351629        68.41342565871274       3.0219526065404843       0.9612201598033725     0.041433853407796151     0.033297227195839704    2.053134220308608e-09       3.4908863374028734       3.4908863374028734        1392.597607154798                                                 1381.6197911038751                                              10.977816050922973
                       6       699.84071124750142     0.022212005753336404      0.11918902932191063       68.026326226660544       3.0418291283647605      0.95943776163492134     0.049437021915480335     0.022120329469362807   2.0943516601245137e-09       3.4908863374028734       3.4908863374028734        1392.699649820197                                                 1377.8007578061529                                              14.898892014044073
                       1       699.00961172070174     0.022253350809366138      0.11801285297301638       68.086133396292297       3.0547508197243083      0.95942673495177211     0.056810119061574307     0.058003788076847938   2.1215898284817515e-09       3.4908863374028734       3.4908863374028734       1391.0374507665977                                                 1377.8524743639616                                              13.184976402635957
                       1       699.27821105384908     0.022253350809366138      0.11801285297301638       68.086133396292297       3.0596439125221297      0.95565701609712206     0.056810119061574307     0.058003788076847938   2.1319964037976368e-09       3.4908863374028734       3.4908863374028734       1391.5746494328923                                                 1378.3896730302563                                              13.184976402635957
                       1       699.02149316420218     0.022253350809366138      0.11801285297301638       68.086133396292297       3.0557239560473133      0.95859987673141822     0.056810119061574307     0.058003788076847938   2.1236554294990447e-09       3.4908863374028734       3.4908863374028734       1391.0612136535985                                                 1377.8762372509625                                              13.184976402635957
                       2       699.00318402270307      0.02227439601185453      0.11792652540807991       68.169868100363701       3.0592010089691617      0.95841701698860626     0.058534433782503725     0.056143820826414344   2.1310523440946111e-09       3.4908863374028734       3.4908863374028734       1391.0245953706003                                                  1378.525389041667                                              12.499206328933367
                       1        700.3435939704965      0.02231579285422905      0.11841197273350236       68.097505609888131       3.0696073709837406      0.95270955891562303     0.061734413347557998     0.033257230434868279   2.1533446359152894e-09       3.4908863374028734       3.4908863374028734       1393.7054152661872                                                 1379.5302777283844                                              14.175137537802874
                       3       699.04218386040191     0.022527228248298673      0.11799045145460409       68.591135107074493       3.0536580256196699      0.94734647201040423     0.052451688748933759    0.0066311230691178669   2.1192726339635796e-09       3.4908863374028734       3.4908863374028734        1391.102595045998                                                 1379.7999060215286                                              11.302689024469366
                       9       699.21882048508724     0.022480905202743411      0.11816597334804362       68.420521833078212       3.0534475296679537      0.94803592904983403     0.052423326593131724     0.014041488995367279   2.1188265826011971e-09       3.4908863374028734       3.4908863374028734       1391.4558682953686                                                  1379.202294989376                                               12.25357330599263
                       2       699.20762482906002     0.022480978628124225      0.11816508723877066       68.421770316339277       3.0532860309932688      0.94806018203738673     0.052350080907405915     0.014033142099276053   2.1184844225461609e-09       3.4908863374028734       3.4908863374028734       1391.4334769833142                                                 1379.1902062963754                                              12.243270686938789
                       1       700.19155884217651     0.022553576033534927      0.11819520872314769       68.374439657831402       3.0558650814504325      0.94537768972020642      0.05264214434250386     0.026495138315792671   2.1239551523763777e-09       3.4908863374028734       3.4908863374028734       1393.4013450095472                                                 1380.4418489971879                                              12.959496012359399
                       3       700.27514263935177     0.022553576033534927      0.11819520872314769       68.374439657831402       3.0505205939893165      0.95123539756974518      0.05264214434250386     0.026495138315792671   2.1126339805746208e-09       3.4908863374028734       3.4908863374028734       1393.5685126038977                                                 1380.6090165915384                                              12.959496012359399
                       3       699.11566394069416     0.022400574944984462      0.11813029667720198        68.28947828065948       3.0484506092907164      0.95684168349363219     0.053550767928772162     0.025204108100304143   2.1082653835854432e-09       3.4908863374028734       3.4908863374028734       1391.2495552065825                                                 1378.5093667753181                                               12.74018843126443
                       1       698.78395986541818     0.022366855362061771      0.11847003149700187       68.227038292624712       3.0508529223963334      0.95912675953820992     0.055018168189848879     0.031587402778384108   2.1133361855348603e-09       3.4908863374028734       3.4908863374028734       1390.5861470560305                                                 1377.3993888210275                                              13.186758235003127
                       3       698.96245254635892     0.022361818227037356      0.11738325903679217       68.391135330647543       3.0554394001727396       0.9625051640683987     0.059206352024659195     0.056872650661981897   2.1230512168412182e-09       3.4908863374028734       3.4908863374028734        1390.943132417912                                                 1379.8201594397981                                              11.122972978113907
                       6       700.68948880929179     0.022429032690700051      0.11872647654367692       68.232192673688829       3.0690803052649085      0.95444022628430425     0.062485475554934923     0.020644059167679814   2.1522099808220358e-09       3.4908863374028734       3.4908863374028734       1394.3972049437778                                                 1380.4733063922383                                               13.92389855153951
                       5       702.75995153262352     0.022599146984468008      0.11948048599403854       68.239407622790324       3.0602356896852756      0.94933695032735832     0.055485155296725014     0.022846674821764449    2.133258443967759e-09       3.4908863374028734       3.4908863374028734       1398.5381303904412                                                 1382.7759898013812                                              15.762140589059939
                       8       701.61041559753858      0.02263903375964051      0.11850460840456443       68.500938407253742       3.0568480098420587      0.95146648079354867     0.055210463581266189     0.036741823073910315   2.1260438745621909e-09       3.4908863374028734       3.4908863374028734       1396.2390585202713                                                 1383.9259055000848                                              12.313153020186419
                       1       699.90222141883737     0.022516560443389053      0.11774680640608877        68.43509824253718       3.0487889829032286      0.95782500412806348     0.053858421655943803     0.061056034029498669   2.1089788856677525e-09       3.4908863374028734       3.4908863374028734       1392.8226701628689                                                 1381.2393511372848                                              11.583319025584066
                       1       700.31398214048158     0.022338912449851256      0.11812052013830769        68.03393344370798       3.0427079346602026      0.96287891514218793     0.052130865307907337      0.07783459855187784   2.0961929985196822e-09       3.4908863374028734       3.4908863374028734       1393.6461916061573                                                 1379.4976809229909                                              14.148510683166545
                       5       698.72090293947065       0.0222181337264101      0.11733256483890521       68.253393372151237       3.0399259549989206      0.96907098740423081      0.05357749156487035     0.067062442973622058   2.0903695363641629e-09       3.4908863374028734       3.4908863374028734       1390.4600332041355                                                 1379.2189777595211                                              11.241055444614343
                       3       698.98040941571776      0.02223387035049092      0.11705867950663329       68.223134523566372       3.0426020662439517      0.96876046958902085     0.055003053924718034     0.080965287133135597    2.095971089633551e-09       3.4908863374028734       3.4908863374028734       1390.9790461566297                                                 1379.7033321273971                                              11.275714029232731
                       5       698.03969034249928     0.022271828357859166      0.11729867000806594       68.524737476452557       3.0413932116316573      0.96608959939390371     0.053633126445855113      0.03045313486618937    2.093438896149862e-09       3.4908863374028734       3.4908863374028734       1389.0976080101927                                                 1378.6128199375019                                              10.484788072690902
                       1       698.22769268656816     0.022250725802117174       0.1172069291756391       68.489547448898435       3.0413505252746931      0.96678046643372473     0.053924023191159361     0.034582917828365409   2.0933495367770848e-09       3.4908863374028734       3.4908863374028734       1389.4736126983305                                                 1378.9645417586059                                              10.509070939724587
                       1       698.20600727313376     0.022215487602913909      0.11754728241031903       68.315679882369921       3.0389756361824047      0.96766607229825252     0.052653689188352393     0.043306978906753321   2.0883839624738313e-09       3.4908863374028734       3.4908863374028734       1389.4302418714617                                                 1378.2867850723667                                               11.14345679909494
                      14       698.21289700281909     0.022204210546983107      0.11746731650507122       68.336217505573359       3.0389806460704709      0.96846797244679472     0.052974210864104629     0.044100978362469297   2.0883944250699305e-09       3.4908863374028734       3.4908863374028734       1389.4440213308324                                                 1378.4783622185762                                              10.965659112256132
                       3       698.24027374914397     0.022206009020184412      0.11754369915729691       68.307471988857486       3.0384585135039659      0.96814708119737458     0.052543960338193876     0.044395186024125205   2.0873042909509226e-09       3.4908863374028734       3.4908863374028734       1389.4987748234821                                                 1378.3564139371747                                              11.142360886307488
                       4       698.45500322026749     0.022206009020184412      0.11754369915729691       68.307471988857486       3.0453939062447639      0.95969696499982449     0.052543960338193876     0.044395186024125205   2.1018308815567644e-09       3.4908863374028734       3.4908863374028734       1389.9282337657291                                                 1378.7858728794217                                              11.142360886307488
                       1       698.76666727164957     0.022206009020184412      0.11754369915729691       68.307471988857486       3.0483429691421993       0.9569418248805126     0.052543960338193876     0.044395186024125205    2.108038461799607e-09       3.4908863374028734       3.4908863374028734       1390.5515618684933                                                 1379.4092009821859                                              11.142360886307488
                       6       698.23707349859819     0.022206009020184412      0.11754369915729691       68.307471988857486       3.0483320572491741      0.95898048140632031     0.052543960338193876     0.044395186024125205   2.1080154592349199e-09       3.4908863374028734       3.4908863374028734       1389.4923743223906                                                 1378.3500134360831                                              11.142360886307488
                       6       698.25286519862436     0.022191173674439027      0.11752336411832012        68.30496147742646       3.0482549401467192      0.95964041686725599     0.052735945832349307     0.044684669210833347   2.1078529014588468e-09       3.4908863374028734       3.4908863374028734       1389.5239577224429                                                 1378.4321609356655                                              11.091796786777504
                       4       698.28818472699106     0.022198042431956673      0.11684751155240751       68.581786745299667       3.0477681888774066       0.9616499580333534     0.053746731994184317     0.039215379933445142   2.1068271510464473e-09       3.4908863374028734       3.4908863374028734       1389.5945967791763                                                   1379.30608901964                                              10.288507759536193
                       2       698.26701257961349     0.022188577754044873      0.11687178490202119       68.579941892063061       3.0479050331209292      0.96199136454798939     0.053907895978798616     0.038156872946281048   2.1071154779416531e-09       3.4908863374028734       3.4908863374028734       1389.5522524844212                                                 1379.2647731866455                                              10.287479297775736
                       3       698.56873740605374     0.022240057886959163      0.11670413767914341       68.700819172346698       3.0532125485939483      0.95995385535046229     0.056099070114680197     0.031239094028954011   2.1183287569472804e-09       3.4908863374028734       3.4908863374028734       1390.1557021373017                                                 1379.7869793636571                                              10.368722773644627
                       2       697.92000305941497     0.022374694211990044      0.11805002657066099       68.596845825092558       3.0566459754080895      0.95222805961679946      0.05412172127202125    0.0094447039315432406   2.1256143838788142e-09       3.4908863374028734       3.4908863374028734       1388.8582334440241                                                 1378.1447084210149                                              10.713525023009105
                       8       698.21767941515179     0.022374694211990044      0.11805002657066099       68.596845825092558       3.0574115595659785      0.95271188298445064      0.05412172127202125    0.0094447039315432406     2.12724234366749e-09       3.4908863374028734       3.4908863374028734       1389.4535861554978                                                 1378.7400611324886                                              10.713525023009105
                       1        698.2154175283282      0.02237365565046685      0.11806192340972206       68.592598250561892       3.0572904351995791      0.95271853179719812     0.054053616141349799    0.0093927411214245506    2.126984698390311e-09       3.4908863374028734       3.4908863374028734       1389.4490623818506                                                 1378.7193549779406                                              10.729707403910059
                       2       698.18089878348189      0.02236924318617382      0.11801504284373446       68.611714996760853       3.0578740149622261      0.95297913635666154     0.054478194731614887      0.00843425433721956   2.1282263258748492e-09       3.4908863374028734       3.4908863374028734        1389.380024892158                                                 1378.7356173795984                                               10.64440751255956
                       1       698.21299986968427      0.02236924318617382      0.11801504284373446       68.611714996760853       3.0579012525894234      0.95304671850095124     0.054478194731614887      0.00843425433721956   2.1282842944995655e-09       3.4908863374028734       3.4908863374028734       1389.4442270645627                                                 1378.7998195520031                                               10.64440751255956
                       3        697.9112210984606      0.02236924318617382      0.11801504284373446       68.611714996760853       3.0527828468333102      0.95800156074968401     0.054478194731614887      0.00843425433721956   2.1174187028907281e-09       3.4908863374028734       3.4908863374028734       1388.8406695221154                                                 1378.1962620095558                                               10.64440751255956
                       1       698.57376812296059     0.022319406225018868      0.11783034974255258       68.612873463572143        3.054322547675572      0.96179974855636707     0.056473331123279243      0.02239423408728812   2.1206814053993216e-09       3.4908863374028734       3.4908863374028734       1390.1657635711153                                                 1379.7286418889971                                              10.437121682118311
                       9       698.76458766334804     0.022319406225018868      0.11783034974255258       68.612873463572143       3.0532387453043097      0.95873445024641435     0.056473331123279243      0.02239423408728812   2.1183842509190531e-09       3.4908863374028734       3.4908863374028734       1390.5474026518903                                                  1380.110280969772                                              10.437121682118311
                       7       699.61435275162216       0.0224223341954564      0.11854552143589328       68.414429445410263        3.058105950630452      0.95222292872254954     0.056158504441631556     0.024393658596586085   2.1287199947173703e-09       3.4908863374028734       3.4908863374028734       1392.2469328284385                                                 1380.2740015369845                                              11.972931291453941
                       2       699.23706070188632     0.022412623733538212      0.11799989492619481        68.43775833968192       3.0511849276203304      0.95450268920446235     0.053816715117730188     0.042973436236619644     2.11403794067526e-09       3.4908863374028734       3.4908863374028734       1391.4923487289668                                                 1380.1286557053293                                              11.363693023637458
                       1       698.67608947960082     0.022423478788048189      0.11772093406163969       68.711069025408207       3.0431031481344348      0.95543466987937997     0.050433647914938901      0.02055879567659518   2.0970216059649168e-09       3.4908863374028734       3.4908863374028734       1390.3704062843958                                                 1379.9808374851496                                              10.389568799246199
                       1       699.49223105047815     0.022452901827782468      0.11739117383740921       68.884239128965447       3.0452036537492821      0.95665833147920076     0.052040094683140928     0.024434045307084276   2.1014310410230031e-09       3.4908863374028734       3.4908863374028734       1392.0026894261505                                                 1381.6504522377977                                              10.352237188352856
                       6       699.42802463990336     0.022452901827782468      0.11739117383740921       68.884239128965447       3.0502228980877222      0.95553640734610545     0.052040094683140928     0.024434045307084276   2.1120051517015681e-09       3.4908863374028734       3.4908863374028734       1391.8742766050009                                                 1381.5220394166481                                              10.352237188352856
                       2       699.27110943917899     0.022452901827782468      0.11739117383740921       68.884239128965447       3.0507941461125281      0.95411068367196994     0.052040094683140928     0.024434045307084276   2.1132119751377919e-09       3.4908863374028734       3.4908863374028734       1391.5604462035521                                                 1381.2082090151994                                              10.352237188352856
                       3       700.08262539907878     0.022534711713301587      0.11828784872863628       68.699905571821901       3.0512687945828487       0.9480705975397874     0.049588535375561821     0.015226745536757104   2.1142152460509205e-09       3.4908863374028734       3.4908863374028734       1393.1834781233517                                                 1382.4282483206202                                              10.755229802731591
                       3       699.85743406173412     0.022501699145109012      0.11835625813150928       68.615588863916315       3.0512923729527279       0.9489023836854914      0.04980896914768234     0.019312247958392023   2.1142650963876887e-09       3.4908863374028734       3.4908863374028734       1392.7330954486624                                                 1381.7142506475823                                              11.018844801080153
                       2        701.8254352693092     0.022556044729726464      0.11752454292437221        68.79137568718302       3.0303632431034382      0.94716048993355195     0.039754115885692456     0.012517759943713524   2.0704752082007093e-09       3.4908863374028734       3.4908863374028734       1396.6690978638126                                                 1386.1952489415626                                              10.473848922250045
                       8        700.5104552622355     0.022503097705872711      0.11811985914795067       68.571951331254922       3.0374249989656947      0.94570954302740062     0.042451662448038413    0.0028359388146788379    2.085148146015922e-09       3.4908863374028734       3.4908863374028734       1394.0391378496652                                                 1382.6596906010063                                              11.379447248658948
                       2       699.78420408171553     0.022469008238094022       0.1185699294143797       68.426531244810093       3.0431423558663058      0.94564838234776083     0.044888425818327131    0.0023064393998895511   2.0971038270376115e-09       3.4908863374028734       3.4908863374028734       1392.5866354886252                                                 1380.1458339469173                                              12.440801541707915
                       2       699.75606555036984     0.022469008238094022       0.1185699294143797       68.426531244810093       3.0396909112425541      0.94706042682634828     0.044888425818327131    0.0023064393998895511   2.0898782657934435e-09       3.4908863374028734       3.4908863374028734       1392.5303584259339                                                 1380.0895568842259                                              12.440801541707915
                       9       698.43588575544288     0.022301280928429465      0.11789282306874704        68.49652774419836       3.0342616843434169      0.95692719899619016     0.045826144721794672     0.017413381368169341   2.0785625879835881e-09       3.4908863374028734       3.4908863374028734       1389.8899988360799                                                 1379.0600694795762                                              10.829929356503651
                       2       698.48576252587793     0.022299589382130839      0.11767236723504874       68.521397491405168       3.0336322201905275      0.95784312928959681     0.045951129487979393     0.024447107981718376    2.077254619047882e-09       3.4908863374028734       3.4908863374028734         1389.98975237695                                                 1379.3519757942177                                              10.637776582732315
                       1       698.72303197908423     0.022453081225995514      0.11780383961311051       68.442823577861901       3.0505546052121235      0.95091830818381151     0.051921008596322392     0.042041496773349452   2.1127058350615666e-09       3.4908863374028734       3.4908863374028734       1390.4642912833626                                                 1379.0032389311348                                              11.461052352227956
                       5        698.6330842485637     0.022462128015281822      0.11752749118817761       68.539221342633084       3.0508715394675971      0.95094832678378571     0.052377326845221131     0.038751527036955689    2.113375530031469e-09       3.4908863374028734       3.4908863374028734       1390.2843958223216                                                   1379.36839335168                                              10.916002470641528
                       1       698.41360399323878     0.022462128015281822      0.11752749118817761       68.539221342633084       3.0492108460370675      0.95409115632340957     0.052377326845221131     0.038751527036955689   2.1098687738019611e-09       3.4908863374028734       3.4908863374028734       1389.8454353116717                                                 1378.9294328410301                                              10.916002470641528
                       2       698.26669797344755     0.022460154263976045      0.11730388256681647       68.683192096188165       3.0510326538525696        0.955310219095174     0.053869419084909609     0.033312111109351575   2.1137160526610165e-09       3.4908863374028734       3.4908863374028734       1389.5516232720893                                                  1379.123809959066                                              10.427813313023242
                       1       699.20371707004369     0.022460154263976045      0.11730388256681647       68.683192096188165       3.0421485637339081      0.96256364682015638     0.053869419084909609     0.033312111109351575   2.0950207769842962e-09       3.4908863374028734       3.4908863374028734       1391.4256614652816                                                 1380.9978481522583                                              10.427813313023242
                       3       701.71465678252787     0.022425910821200833      0.11745530765281263       68.430143897616361       3.0658287193862512        0.959595549541995     0.064776063863149713     0.039286185041265527   2.1452232503733024e-09       3.4908863374028734       3.4908863374028734       1396.4475408902499                                                 1385.0934403909725                                              11.354100499277461
                       7       701.47141785099018     0.022425910821200833      0.11745530765281263       68.430143897616361       3.0672919278218789      0.95861311373916069     0.064776063863149713     0.039286185041265527    2.148364456688905e-09       3.4908863374028734       3.4908863374028734       1395.9610630271745                                                 1384.6069625278972                                              11.354100499277461
                       2       700.46927580780846     0.022434810095469101      0.11796862954112493       68.463298864478602       3.0649461068148178      0.95709991401175853     0.062775049129249832     0.015696090806913299   2.1433306846879849e-09       3.4908863374028734       3.4908863374028734       1393.9567789408111                                                 1382.3664833297612                                              11.590295611049882
                       1        700.5007588098955     0.022437757921754231        0.117969017037933       68.464129998236231       3.0650417675679869      0.95696608563635854     0.062779821071288294     0.015683320190243807   2.1435357271226729e-09       3.4908863374028734       3.4908863374028734       1394.0197449449852                                                 1382.4204900716477                                              11.599254873337557
                       2       700.63644396562051     0.022379601711489224      0.11802103867195063       68.337369863719289        3.060401270848395       0.9576923812017788     0.060774558059654454     0.014552360971876505   2.1336117006276623e-09       3.4908863374028734       3.4908863374028734       1394.2911152564352                                                 1381.9974083195402                                              12.293706936894889
                      16       700.59834972925785     0.022388206051146456      0.11772070563513812       68.416745706716696       3.0594873726378475      0.95853558136468264     0.060810694782407894     0.019085543446917447   2.1316626874479371e-09       3.4908863374028734       3.4908863374028734       1394.2149267837099                                                 1382.6424548758212                                              11.572471907888817
                       8       701.22064575169543     0.022519061117836178      0.11763392787666838       68.528822109994323       3.0591754676067935       0.9541607300992172     0.059259853274055647     0.020237080611628495    2.130997914809567e-09       3.4908863374028734       3.4908863374028734        1395.459518828585                                                 1384.0418539558198                                              11.417664872765183
                       2       699.71794592454103     0.022119837281796569       0.1176298833327015       68.631638039666498       3.0407531549784257      0.97523290881734048     0.056652379478630069     0.011617156717160196   2.0920994053769673e-09       3.4908863374028734       3.4908863374028734       1392.4541191742762                                                 1382.1705111040053                                              10.283608070270981
                       1       699.74520515906249     0.022100156174454454      0.11764976054048409       68.642841584134985       3.0388936208024551      0.97572555313334353     0.055920399655013574    0.0057784073497369175   2.0882126898932568e-09       3.4908863374028734       3.4908863374028734       1392.5086376433192                                                 1382.2165194657173                                              10.292118177601775
                       1       699.07116910190427     0.022100156174454454      0.11764976054048409       68.642841584134985       3.0433339600356151      0.97385709574950086     0.055920399655013574    0.0057784073497369175   2.0975056793714084e-09       3.4908863374028734       3.4908863374028734       1391.1605655290027                                                 1380.8684473514008                                              10.292118177601775
                       3       699.53944491411698     0.022118050765268224      0.11767099911105215       68.677306314717086       3.0372115510718172      0.97439045496045318     0.052927045953608198    0.0084353528228535979   2.0847031230320312e-09       3.4908863374028734       3.4908863374028734       1392.0971171534281                                                 1381.7853121800956                                              10.311804973332432
                       3       699.85116223888485     0.022151319454305807      0.11862352393191161       68.157146227592122       3.0424501599669163      0.96907535355232999     0.052923538551066809     0.031989027124850578   2.0956527226501349e-09       3.4908863374028734       3.4908863374028734       1392.7205518029639                                                 1380.1916677454221                                              12.528884057541786
                       3       699.54904430158217     0.022134897062241456      0.11843812871665874       68.153534763887606       3.0395199416840906       0.9699655098961435     0.051920173600177824     0.035910029755426016    2.089520990771545e-09       3.4908863374028734       3.4908863374028734       1392.1163159283585                                                  1379.793121940412                                              12.323193987946594
                       2       698.93905967524006      0.02216626954474097      0.11806962740670028        68.33628094979602       3.0378386753604687      0.97024078958381055     0.051486517230500649     0.031947896513835783   2.0860109010219223e-09       3.4908863374028734       3.4908863374028734       1390.8963466756743                                                 1379.8027548416385                                              11.093591834035831
                       1       698.34521458186725     0.022279593114124193       0.1182953911192547       68.274420312964466       3.0503177346583703      0.96154115796438155     0.054985637377231562     0.017513570216957097   2.1122054565253076e-09       3.4908863374028734       3.4908863374028734       1389.7086564889287                                                 1377.4065951138066                                              12.302061375122168
                       7        698.3358796717298     0.022278531073390118      0.11829545579773768       68.274757687854347       3.0501780216732119      0.96157696988724461     0.054929440636338138     0.017304643861209969   2.1119103746095767e-09       3.4908863374028734       3.4908863374028734       1389.6899866686538                                                 1377.3942367273887                                              12.295749941265088
                       7       699.47131954661938     0.022278531073390118      0.11829545579773768       68.274757687854347       3.0419688479307414      0.96847740907876567     0.054929440636338138     0.017304643861209969   2.0946443024729328e-09       3.4908863374028734       3.4908863374028734       1391.9608664184329                                                 1379.6651164771679                                              12.295749941265088
                       2       700.10324786711124     0.022235145058113866      0.11833688753660267       68.188941498004581       3.0484105142453886      0.96903727860835809     0.058339515314086168     0.019087597213746092   2.1081808542839398e-09       3.4908863374028734       3.4908863374028734       1393.2247230594166                                                 1380.4294711249061                                              12.795251934510492
                       2       700.02384045369627     0.022235145058113866      0.11833688753660267       68.188941498004581       3.0640227884631148      0.95665933145600313     0.058339515314086168     0.019087597213746092   2.1413526214646097e-09       3.4908863374028734       3.4908863374028734       1393.0659082325867                                                 1380.2706562980761                                              12.795251934510492
                       2       699.83407967121207     0.022308261722204108      0.11893288291268485       68.213846228215886       3.0612232922972669      0.95409646582078655     0.055499439010733537     0.009248215252161426   2.1353662962679665e-09       3.4908863374028734       3.4908863374028734       1392.6863866676183                                                 1379.1712812811127                                              13.515105386505736
                       5       701.54363505057279     0.022441751885796744      0.11816102334834368       68.329458564503739        3.036167618212319      0.95229100212364914     0.042916412916372201     0.034103252893561344    2.082527968494787e-09       3.4908863374028734       3.4908863374028734       1396.1054974263398                                                 1383.5921778954798                                              12.513319530860031
                       5        699.5469108623347     0.022368891515507451      0.11738591648054901        68.43812592335955       3.0545456468242529      0.95702810143585171     0.054198072883715302     0.051523214135441309   2.1211545803959966e-09       3.4908863374028734       3.4908863374028734       1392.1120490498636                                                 1381.1624619387458                                              10.949587111117831
                       3       699.68316733390793     0.022384905205726526      0.11746978884614044       68.419661832701109       3.0558708287638425      0.95620402042535035      0.05450609502213774     0.052337580021490075   2.1239673594473862e-09       3.4908863374028734       3.4908863374028734         1392.38456199301                                                 1381.2668601751971                                              11.117701817813094
                       1       700.00237314223807       0.0224477490985504      0.11717115719830835       68.601673815727366       3.0560778920028495      0.95476554997735108     0.054420386611487126     0.046424270253497914   2.1244072005442679e-09       3.4908863374028734       3.4908863374028734       1393.0229736096703                                                 1382.4920035975538                                              10.530970012116528
                       1        699.2930362939104       0.0224477490985504      0.11717115719830835       68.601673815727366       3.0548575649685556      0.95501355665602916     0.054420386611487126     0.046424270253497914   2.1218163101938931e-09       3.4908863374028734       3.4908863374028734        1391.604299913015                                                 1381.0733299008984                                              10.530970012116528
                       3       699.72171402256845     0.022473952683815118      0.11697466824927744        68.58079205203569       3.0536370484369288      0.95449467428038293     0.053756279228293638     0.058140149118946383   2.1192281780605399e-09       3.4908863374028734       3.4908863374028734       1392.4616553703311                                                  1381.898040317076                                              10.563615053254951
                       1       701.11250442027836     0.022500785789701796      0.11610787727532521       69.097285446155055       3.0543095883732989      0.95740168813346738     0.055795403605840919     0.039095901683995446   2.1206539230260407e-09       3.4908863374028734       3.4908863374028734       1395.2432361657509                                                 1383.8065250410916                                              11.436711124659308
                       2       700.64857470181857     0.022498401108346697      0.11659495241323901       69.005856816831226       3.0599319908092109       0.9569421479296053     0.057952662766322723     0.038775465937316879    2.132610674144433e-09       3.4908863374028734       3.4908863374028734       1394.3153767288313                                                 1383.5124508039753                                              10.802925924855916
                       2       700.75143850713107     0.022521843104091343      0.11673117439653241        69.09172200221046        3.049364213370374      0.95705443216340791     0.052569126252946477     0.029606892422998535   2.1101923835643746e-09       3.4908863374028734       3.4908863374028734       1394.5211043394563                                                 1383.4941974357323                                              11.026906903724038
                       1       700.76667154283928     0.022521843104091343      0.11673117439653241        69.09172200221046       3.0493716434363747      0.95707072749598909     0.052569126252946477     0.029606892422998535   2.1102080624913062e-09       3.4908863374028734       3.4908863374028734       1394.5515704108727                                                 1383.5246635071487                                              11.026906903724038
                      11       700.63021860817628     0.022512695940473414      0.11679905517627882       69.065648267388028       3.0488500306913413      0.95726966351718867     0.052312971297982326     0.029642202828370826   2.1091076380938841e-09       3.4908863374028734       3.4908863374028734       1394.2786645415467                                                 1383.3682960474771                                              10.910368494069536
                       1       700.57439673743704     0.022570065295955812       0.1171089624814409       68.849521164933819        3.057911809668544      0.95268599027343592     0.055082321806096568     0.042007636615413457   2.1283067630838548e-09       3.4908863374028734       3.4908863374028734       1394.1670208000683                                                  1383.844197375395                                              10.322823424673221
                       4       702.15483252284241     0.022570065295955812       0.1171089624814409       68.849521164933819        3.063369064690773      0.94874973301645127     0.055082321806096568     0.042007636615413457   2.1399532258099314e-09       3.4908863374028734       3.4908863374028734        1397.327892370879                                                 1387.0050689462057                                              10.322823424673221
                       3       702.29023438188085     0.022593622047017259      0.11715629015539056       68.879404152566877       3.0638585495081356      0.94738741935105741     0.054895089654287091     0.035790961475301517   2.1410009568271251e-09       3.4908863374028734       3.4908863374028734       1397.5986960889559                                                 1387.2625843071035                                              10.336111781852491
                       1       700.27357038916455     0.022593622047017259      0.11715629015539056       68.879404152566877       3.0619599287793688      0.94583313696673865     0.054895089654287091     0.035790961475301517   2.1369398644871712e-09       3.4908863374028734       3.4908863374028734       1393.5653681035233                                                 1383.2292563216708                                              10.336111781852491
                       1       700.45060086299384     0.022574195482400361      0.11713810536016325       68.666371114798821       3.0655467424095075      0.94510713373230615     0.056469727442251524     0.053466620486458644   2.1446184320831462e-09       3.4908863374028734       3.4908863374028734       1393.9194290511819                                                 1383.3469755488311                                              10.572453502350658
                       7       699.42545432373743     0.022434431578308728      0.11711753627485033       68.472041812715347       3.0594346965081929      0.95046665553608856     0.055142718703760446     0.066749504085253888   2.1315504026652234e-09       3.4908863374028734       3.4908863374028734        1391.869135972669                                                 1381.0390563700023                                                10.8300796026668
                       5       699.49300524817954     0.022392111883137594       0.1171776044175888       68.351866054422942       3.0572666314742873      0.95190587503406443     0.054436546323291105     0.075941777602584623   2.1269340688334387e-09       3.4908863374028734       3.4908863374028734       1392.0042378215533                                                 1380.7670159958748                                              11.237221825678583
                       1       699.96903908280194     0.022456873584065184      0.11753807643915086       68.410035498711736       3.0451131109486576      0.94881455306406881     0.047146388357132099     0.056678734286316271   2.1012407801847341e-09       3.4908863374028734       3.4908863374028734       1392.9563054907981                                                 1381.5018008812731                                              11.454504609524959
                       2       700.18219738362643     0.022456873584065184      0.11753807643915086       68.410035498711736       3.0448223642613654      0.94751693223052535     0.047146388357132099     0.056678734286316271   2.1006299401928474e-09       3.4908863374028734       3.4908863374028734        1393.382622092447                                                 1381.9281174829221                                              11.454504609524959
                       5       700.48116784379908      0.02253355084387099      0.11728301546680693       68.507836099897503       3.0556646939907592      0.94385920101920573     0.051674868937937136     0.053899418300375333    2.123529581039937e-09       3.4908863374028734       3.4908863374028734       1393.9805630127923                                                 1382.8285734586755                                              11.151989554116874
                       2       700.77985715003069      0.02256668449210077      0.11759359025435077       68.507762809938185        3.054309785717086      0.94174482797391146     0.050092312298705526     0.043335285912711893   2.1206543415239583e-09       3.4908863374028734       3.4908863374028734       1394.5779416252556                                                 1383.0912741092441                                               11.48666751601149
                      17       700.29106456139004      0.02256668449210077      0.11759359025435077       68.507762809938185        3.041306283972804      0.95361574637116475     0.050092312298705526     0.043335285912711893   2.0932569263168878e-09       3.4908863374028734       3.4908863374028734       1393.6003564479743                                                 1382.1136889319628                                               11.48666751601149
                       1       701.90085532369164     0.022517416966605946       0.1177930242719674       68.103454149577132        3.035542921519673      0.95412736179870983     0.047103254850578369     0.076303102222985281   2.0812274264249847e-09       3.4908863374028734       3.4908863374028734       1396.8199379725775                                                 1382.2190305954643                                              14.600907377113167
                       5       702.48836858376012     0.022517416966605946       0.1177930242719674       68.103454149577132       3.0391494908504582       0.9492964425924193     0.047103254850578369     0.076303102222985281   2.0887470693373922e-09       3.4908863374028734       3.4908863374028734       1397.9949644927144                                                 1383.3940571156013                                              14.600907377113167
                       2       701.14009008725088     0.022293930996986434       0.1183630393919694       67.908937824691904       3.0464356513315223      0.95636991222321588     0.052596609468887404     0.065573165364426367   2.1040215944348922e-09       3.4908863374028734       3.4908863374028734       1395.2984074996959                                                 1379.5271996510237                                              15.771207848672196
                       1       700.85514135059373     0.022295057998105605      0.11847966170041163        67.93896106975761       3.0471147229273905      0.95542126941622363     0.052631195972196412     0.053184272348350992   2.1054508609689955e-09       3.4908863374028734       3.4908863374028734       1394.7285100263816                                                 1379.0261112707101                                              15.702398755671512
                       6       700.74150295779202     0.022222045721976797      0.11823767383661384       67.968158784772868        3.038236867788159      0.95897739981656549     0.049605896870372264     0.051192344126591093   2.0868417001647751e-09       3.4908863374028734       3.4908863374028734       1394.5012332407782                                                 1379.9714671744841                                              14.529766066294151
                       3       699.60507733784982     0.022222045721976797      0.11823767383661384       67.968158784772868       3.0358446956609786      0.96494414167478693     0.049605896870372264     0.051192344126591093   2.0818555818202162e-09       3.4908863374028734       3.4908863374028734       1392.2283820008938                                                 1377.6986159345997                                              14.529766066294151
                       2       699.43558578071907     0.022222045721976797      0.11823767383661384       67.968158784772868       3.0422530752759038      0.95832403244635878     0.049605896870372264     0.051192344126591093    2.095239742278213e-09       3.4908863374028734       3.4908863374028734       1391.8893988866323                                                 1377.3596328203382                                              14.529766066294151
                       2       698.61158054932866     0.022308613809488047      0.11819089937887492       68.143037511590521       3.0514585167187289      0.95552759826008704     0.053317748256637536     0.042827895965278084   2.1146163975355667e-09       3.4908863374028734       3.4908863374028734       1390.2413884238515                                                 1376.9240643774683                                              13.317324046383199
                       2       698.88478364910134     0.022308613809488047      0.11819089937887492       68.143037511590521       3.0527333949913102      0.95580797704759957     0.053317748256637536     0.042827895965278084   2.1173139952245999e-09       3.4908863374028734       3.4908863374028734       1390.7877946233968                                                 1377.4704705770137                                              13.317324046383199
                       4       698.90052433564597     0.022308613809488047      0.11819089937887492       68.143037511590521       3.0542291153788006      0.95375798160237268     0.053317748256637536     0.042827895965278084   2.1204832745209507e-09       3.4908863374028734       3.4908863374028734       1390.8192759964861                                                 1377.5019519501029                                              13.317324046383199
                       4       699.97731556241331     0.022315327740627333      0.11573230706605761       68.853507868346853       3.0478115762160511      0.96407193118274903     0.055219235723691806     0.074620623477428566   2.1069185626525542e-09       3.4908863374028734       3.4908863374028734       1392.9728584500208                                                 1381.8535500098715                                              11.119308440149412
                       2       698.70248320677388     0.022383517007345297      0.11678621804923318       68.719099532015932       3.0473261915238279      0.95624590599682313     0.051855247215785785     0.038041085960049292   2.1058961447875453e-09       3.4908863374028734       3.4908863374028734       1390.4231937387419                                                 1380.1019357391745                                              10.321257999567401
                       3       699.11913182786429     0.022301082778145943      0.11725061030886522        68.30847193630882       3.0615349149812503      0.95623868893766739     0.058528406688888743     0.058705690917038159   2.1360318285365874e-09       3.4908863374028734       3.4908863374028734       1391.2564909809228                                                 1379.9522465772227                                              11.304244403700141
                       1       699.12739182816824     0.022257112419269202       0.1182693387454706       68.338789139397704       3.0671895735623664      0.95686703857105071     0.060705354085272945     0.024787048521259326   2.1481445736889504e-09       3.4908863374028734       3.4908863374028734       1391.2730109815307                                                 1379.6852055582526                                              11.587805423278009
                       2       699.20947064331858     0.022247704988616623      0.11829503182360461       68.311591418460779       3.0670917783629879      0.95712771656375439     0.060713330811606861     0.026360170694997603   2.1479345057340588e-09       3.4908863374028734       3.4908863374028734       1391.4371686118313                                                 1379.7106848352107                                               11.72648377662061
                       3       697.95763455984354     0.022154967589201921      0.11804034543888978       68.433083692671531       3.0561414513805918       0.9612225502509858     0.056950141864437205    0.0089002279189304631   2.1245422308351811e-09       3.4908863374028734       3.4908863374028734       1388.9334964448813                                                 1378.1803992656794                                              10.753097179201768
                      10       698.11371103838349     0.022142844347766904      0.11808242448582772       68.413302041098589       3.0577150064043548       0.9613000458205474     0.057747505606884443    0.0075707714393052038   2.1278879465792632e-09       3.4908863374028734       3.4908863374028734       1389.2456494019611                                                 1378.4260941958642                                              10.819555206096926
                       6       697.54464688522182     0.022236639450114226      0.11779241558572845        68.51568292359282       3.0439882325159253      0.95937484647432447     0.050454056468785487     0.013801053788858979   2.0988784686548688e-09       3.4908863374028734       3.4908863374028734       1388.1075210956378                                                 1377.5222661649013                                               10.58525493073652
                       1       697.53674422386405     0.022236639450114226      0.11779241558572845        68.51568292359282       3.0372241651034506      0.96471288073276273     0.050454056468785487     0.013801053788858979   2.0847294197090247e-09       3.4908863374028734       3.4908863374028734       1388.0917157729223                                                 1377.5064608421858                                               10.58525493073652
                       2       697.60938937037588     0.022236639450114226      0.11779241558572845        68.51568292359282       3.0382535567029136      0.96294935084389299     0.050454056468785487     0.013801053788858979   2.0868765275786308e-09       3.4908863374028734       3.4908863374028734       1388.2370060659459                                                 1377.6517511352095                                               10.58525493073652
                       4       697.76574180563694     0.022209834216705863      0.11766107719229049        68.61658262716054       3.0359105108018007      0.96424205417401143     0.049899138665668571    0.0024895682602499667   2.0819926039475211e-09       3.4908863374028734       3.4908863374028734        1388.549710936468                                                 1378.2087057542858                                              10.341005182182165
                       2       698.39656788058778     0.022172393568045762      0.11757090498185445       68.288877086205872       3.0378507015500622      0.96609262240395477      0.05128799817149246      0.04792477791766582   2.0860359879353618e-09       3.4908863374028734       3.4908863374028734       1389.8113630863697                                                  1378.714757756733                                              11.096605329636722
                       4       699.22845678316514     0.022172393568045762      0.11757090498185445       68.288877086205872       3.0429969884725407      0.95983998081041044      0.05128799817149246      0.04792477791766582   2.0967989986764094e-09       3.4908863374028734       3.4908863374028734       1391.4751408915245                                                 1380.3785355618877                                              11.096605329636722
                       6       700.05813038577946     0.022039204665917089      0.11748750211761648       68.249939886980073       3.0393620265026069      0.96500458146178181     0.051284616818762355      0.04412760562824148   2.0891910497371082e-09       3.4908863374028734       3.4908863374028734       1393.1344880967531                                                 1382.2875387953807                                               10.84694930137241
                       8        699.9826970140914     0.022070266026518182      0.11752487192543346       68.183229139916364       3.0505531675535842      0.96230926894976199     0.056008354716416311     0.047871064676940425    2.112702797714165e-09       3.4908863374028734       3.4908863374028734        1392.983621353377                                                 1381.6938398373461                                              11.289781516030764
                       1       700.84078798780081     0.022048880017261241      0.11720932750098365       68.159379923743231       3.0550627948518372      0.96394928613871655     0.058981346418713027     0.063511697875424433   2.1222518149953501e-09       3.4908863374028734       3.4908863374028734       1394.6998033007958                                                 1383.5853455966062                                              11.114457704189492
                       1        699.9457502295885     0.022206191963166675      0.11677171572615833       68.405385442680924       3.0588430226731775      0.95957914616696083     0.059765352299372403     0.065246943838712476   2.1302895930947487e-09       3.4908863374028734       3.4908863374028734       1392.9097277843712                                                 1382.4540274136405                                              10.455700370730643
                       8       700.12311609855828     0.022325477133155726      0.11865036800315297        68.17151338527988       3.0655168619040301      0.94789069840020623     0.058000638137418695     0.017230196059529863   2.1445543507577352e-09       3.4908863374028734       3.4908863374028734       1393.2644595223107                                                 1379.4427799576913                                              13.821679564619441
                       5       699.62550348015191     0.022325477133155726      0.11865036800315297        68.17151338527988       3.0545396601526833      0.95926113028223614     0.058000638137418695     0.017230196059529863   2.1211418817781865e-09       3.4908863374028734       3.4908863374028734        1392.269234285498                                                 1378.4475547208785                                              13.821679564619441
                       1       699.69569263290862     0.022340484910764163      0.11879575744157067       68.183702545389608       3.0557364890013625      0.95856597190425719     0.058253027481266303       0.0129762007338153   2.1236820453417465e-09       3.4908863374028734       3.4908863374028734       1392.4096125910114                                                 1378.4506318093149                                              13.958980781696546
                       4       699.20260888985831     0.022340484910764163      0.11879575744157067       68.183702545389608       3.0611254327317572      0.95590356266843091     0.058253027481266303       0.0129762007338153   2.1351573404743381e-09       3.4908863374028734       3.4908863374028734       1391.4234451049108                                                 1377.4644643232143                                              13.958980781696546
                       5       698.32077851991653     0.022453053050834972      0.11845046705883357       68.469745562718145       3.0549914864077827      0.95288911846420166     0.054497519251279221   0.00047904492283480475   2.1221004859161161e-09       3.4908863374028734       3.4908863374028734       1389.6597843650272                                                 1377.7029510108543                                              11.956833354172902
                       4       699.20206045610837       0.0224451514584488      0.11857720865977119       68.284577026932055       3.0571754696436337      0.95292974538530029     0.055429528545930543     0.018514632468877537   2.1267401824676965e-09       3.4908863374028734       3.4908863374028734       1391.4223482374109                                                  1377.999070360321                                              13.423277877090049
                       1       699.12970467441835       0.0224451514584488      0.11857720865977119       68.284577026932055       3.0564049396526278      0.95325238033125648     0.055429528545930543     0.018514632468877537   2.1251020965522375e-09       3.4908863374028734       3.4908863374028734       1391.2776366740309                                                 1377.8543587969409                                              13.423277877090049
                       6       698.99481457908507     0.022380649033941075      0.11896314410182801       68.169008707250327       3.0510605024025477      0.95506755464992321     0.053002409414281075     0.013862778063261746   2.1137749174077936e-09       3.4908863374028734       3.4908863374028734       1391.0078564833643                                                 1376.4572490128066                                              14.550607470557742
                      14       699.71246026353947     0.022380649033941075      0.11896314410182801       68.169008707250327       3.0548428284958566      0.94842583998993524     0.053002409414281075     0.013862778063261746   2.1217850423361551e-09       3.4908863374028734       3.4908863374028734       1392.4431478522731                                                 1377.8925403817154                                              14.550607470557742
                       1       702.13973520191962     0.022383233741514921      0.11780990217745532       68.135502471722006       3.0709644927344146      0.94874606716044119     0.062230267416112754     0.050925023271631314   2.1562689706476917e-09       3.4908863374028734       3.4908863374028734       1397.2976977290334                                                 1383.6858027544481                                              13.611894974585413
                       3       701.80849432231332     0.022269632793951423      0.11694402365479867       68.274896038090176       3.0556475951521183      0.95465917823814395     0.057193122497723695     0.052475771430189964   2.1234932714607079e-09       3.4908863374028734       3.4908863374028734       1396.6352159698208                                                 1385.2810250749137                                              11.354190894907049
                       3       701.56598683932623     0.022212327146700177      0.11689784934515858       68.223848283579784       3.0558755549221988      0.95726299842681828      0.05812457472971596     0.058863747094096003   2.1239773976771916e-09       3.4908863374028734       3.4908863374028734       1396.1502010038466                                                 1384.8092176097084                                              11.340983394138332
                       3       700.39716024681911     0.022418696260641361      0.11744861608546499       68.219074797520818       3.0509743911035945      0.95020818410136298     0.052720694043701805     0.065334956258574758    2.113592905340721e-09       3.4908863374028734       3.4908863374028734       1393.8125478188324                                                 1381.2076372018432                                              12.604910616989178
                       4       700.10694755267764     0.022418696260641361      0.11744861608546499       68.219074797520818       3.0515324180803742       0.9503735134662995     0.052720694043701805     0.065334956258574758   2.1147726763412396e-09       3.4908863374028734       3.4908863374028734       1393.2321224305495                                                 1380.6272118135603                                              12.604910616989178
                       3       700.12591978418664     0.022421437060832567      0.11742714496743721       68.223368505477495       3.0513896154810389       0.9503446501094629     0.052652722530014649     0.065957320733228353   2.1144707028678661e-09       3.4908863374028734       3.4908863374028734       1393.2700668935674                                                 1380.7056861950398                                               12.56438069852768
                       6       700.59608044124423     0.022384463068940243      0.11756183996284737       68.502837763671323       3.0256397807671727      0.95420174186067774     0.040698215343106171     0.036513799686046573   2.0607184574991436e-09       3.4908863374028734       3.4908863374028734       1394.2103882076826                                                 1383.3575743339886                                              10.852813873693966
                       5       700.67525487865407     0.022447611312686216      0.11723681491815736       68.742919664658444       3.0265799576696373      0.95311041178977263     0.041066989592609904     0.028007473408578766   2.0626568084489818e-09       3.4908863374028734       3.4908863374028734       1394.3687370825023                                                 1384.0275748564814                                              10.341162226021027
                       3       699.22043327850758     0.022434585402740924      0.11743897798417025       68.545123904929042       3.0385800047320299      0.95208452349703188     0.046651350069709462     0.039418616305951087   2.0875578955176269e-09       3.4908863374028734       3.4908863374028734       1391.4590938822093                                                 1380.6792394882596                                              10.779854393949682
                       3       699.14177107681542     0.022494105986994438      0.11695701646687315        69.02584410612036       3.0469506747178299      0.95173844365833138      0.05116837127683832     0.010935240787651897   2.1051054938541384e-09       3.4908863374028734       3.4908863374028734        1391.301769478825                                                 1380.6126382974644                                              10.689131181360686
                       3       699.12978201925205     0.022493109867218041      0.11696124812346299       69.025053138812808       3.0469603967222145      0.95177374892319433     0.051180644826567395     0.010855154245719985   2.1051259597984648e-09       3.4908863374028734       3.4908863374028734       1391.2777913636983                                                 1380.5907193443777                                              10.687072019320585
                       1       699.26991819632281     0.022471380138020129      0.11681518497058313       69.066649487364685       3.0443667919073762       0.9531095327746717     0.050413428781927005     0.010398738331044117   2.0996731692218835e-09       3.4908863374028734       3.4908863374028734       1391.5580637178398                                                 1380.6171533739243                                              10.940910343915343
                       4       699.27795315960122     0.022471380138020129      0.11681518497058313       69.066649487364685       3.0471947979279825      0.95140775226066743     0.050413428781927005     0.010398738331044117   2.1056194616981961e-09       3.4908863374028734       3.4908863374028734       1391.5741336443966                                                 1380.6332233004812                                              10.940910343915343
                       3       699.67682205678011     0.022485100705882881      0.11675823037139429       69.017636788803131       3.0439536979884774      0.95043440960098702     0.048564318792887848     0.014597461418720578    2.098805986130365e-09       3.4908863374028734       3.4908863374028734       1392.3718714387544                                                 1381.6225304726354                                              10.749340966119094
                       5       702.18759099594809     0.022666603256746486       0.1169151816740817       68.956224682523924       3.0404513648000888      0.94563724089389334     0.044783858619937306      0.04451353625326656   2.0914681255861317e-09       3.4908863374028734       3.4908863374028734       1397.3934093170903                                                 1387.0129094680192                                              10.380499849071061
                       7       704.18757804492225     0.022739274151377817      0.11733657424355545       69.047064097958554       3.0337984565102007      0.94162201804715995     0.039935922555225552     0.018540990429032782   2.0775999629143283e-09       3.4908863374028734       3.4908863374028734       1401.3933834150387                                                 1390.9869809456682                                              10.406402469370549
                       3       704.12460703040563     0.022739274151377817      0.11733657424355545       69.047064097958554       3.0268137591336957      0.94983095937284745     0.039935922555225552     0.018540990429032782   2.0631391170106741e-09       3.4908863374028734       3.4908863374028734       1401.2674413860054                                                 1390.8610389166349                                              10.406402469370549
                       1       705.00723992569885     0.022739274151377817      0.11733657424355545       69.047064097958554       3.0201512499053842      0.95283437935069049     0.039935922555225552     0.018540990429032782   2.0494391224518056e-09       3.4908863374028734       3.4908863374028734       1403.0327071765919                                                 1392.6263047072214                                              10.406402469370549
                       1       704.69684595133208     0.022724843764044728      0.11743476272840384       69.041337192350994       3.0201971909643079      0.95291231566657109     0.039948118411710559     0.012835018824371908   2.0495332780180775e-09       3.4908863374028734       3.4908863374028734       1402.4119192278583                                                 1392.0103810240469                                              10.401538203811411
                       2       701.29403143066384     0.022604279959904997      0.11719123177959985       69.045395954809493       3.0339709894046165      0.95791882812439022     0.048665552574237415     0.016160779823806849   2.0779584481737284e-09       3.4908863374028734       3.4908863374028734       1395.6062901865218                                                  1385.091856792139                                              10.514433394382957
                       1       701.15845873769331     0.022604279959904997      0.11719123177959985       69.045395954809493       3.0393808788731365      0.95168910580427613     0.048665552574237415     0.016160779823806849   2.0892304363121485e-09       3.4908863374028734       3.4908863374028734       1395.3351448005808                                                 1384.8207114061979                                              10.514433394382957
                       2       702.16897945810115     0.022604279959904997      0.11719123177959985       69.045395954809493       3.0516967478859658      0.94670109467246322     0.048665552574237415     0.016160779823806849   2.1151202250795389e-09       3.4908863374028734       3.4908863374028734       1397.3561862413965                                                 1386.8417528470136                                              10.514433394382957
                       1       702.30369207828392     0.022525969549594956       0.1167731748512227       69.005910125596074       3.0480994086229547      0.95194917193144901     0.048671386740875337     0.039753793684376468   2.1075250893784283e-09       3.4908863374028734       3.4908863374028734        1397.625611481762                                                 1386.9355761625586                                              10.690035319203348
                       7       701.79576443140161      0.02242414159307023      0.11711224819522742       69.000516679810644        3.043404625223737      0.95534347288496269     0.047161662668871375     0.021445760175530855   2.0976539052419702e-09       3.4908863374028734       3.4908863374028734       1396.6097561879974                                                  1385.866950752727                                              10.742805435270311
                       5        704.1518092229586     0.022346726429308014      0.11496974885963335        68.95840194203339       3.0603767313665502      0.96280340701030487     0.059570897984847944      0.10474100281431256   2.1335593435444819e-09       3.4908863374028734       3.4908863374028734       1401.3218457711114                                                 1389.0355133420235                                              12.286332429087894
                       1       704.12039222971373     0.022346726429308014      0.11496974885963335        68.95840194203339       3.0441258898642682      0.97762584929426544     0.059570897984847944      0.10474100281431256    2.099167414586667e-09       3.4908863374028734       3.4908863374028734       1401.2590117846216                                                 1388.9726793555337                                              12.286332429087894
                       2       703.76542072678092     0.022236897792857344      0.11537273886171466        68.87917193437714       3.0508167594008264      0.97975783570168085     0.063458319234858465     0.085645927850992731   2.1132597623497318e-09       3.4908863374028734       3.4908863374028734        1400.549068778756                                                   1388.69836592464                                              11.850702854115983
                       3       704.65336502483865     0.022253824311614614      0.11517350824820573       68.925943650652798       3.0541440665387474      0.97957873888247093     0.065220037045666229     0.089601890736080075   2.1203029375469343e-09       3.4908863374028734       3.4908863374028734       1402.3249573748715                                                 1390.0606857362141                                              12.264271638657464
                       5       703.00923423208076     0.022253824311614614      0.11517350824820573       68.925943650652798       3.0629188837952137      0.96946393272368048     0.065220037045666229     0.089601890736080075    2.138990076562243e-09       3.4908863374028734       3.4908863374028734       1399.0366957893557                                                 1386.7724241506983                                              12.264271638657464
                       4       703.04254066094529     0.022253824311614614      0.11517350824820573       68.925943650652798       3.0636424751120082      0.96889312507892111     0.065220037045666229     0.089601890736080075   2.1405383913143517e-09       3.4908863374028734       3.4908863374028734       1399.1033086470848                                                 1386.8390370084273                                              12.264271638657464
                       2        701.1034896522342     0.022273785582187955      0.11594195729509184       69.149100327659497       3.0566719476051274       0.9666593876491284     0.060548747773011377     0.034565269662337784   2.1256695914713469e-09       3.4908863374028734       3.4908863374028734       1395.2252066296626                                                 1382.1664826735705                                              13.058723956092178
                       3       702.43611478817922     0.021894489412591877       0.1162635338723667       68.655599067727323       3.0544224389322747      0.97640107042883639     0.062683390993805058       0.0290511052923818   2.1208932535106839e-09       3.4908863374028734       3.4908863374028734       1397.8904569015526                                                 1386.8190970402725                                              11.071359861280179
                       4       702.06572153284367     0.021905898655569665      0.11621920128936439         68.8281194781663       3.0475828184533769      0.97552740457059772     0.059153783050963672     0.004894284021725228   2.1064366437994659e-09       3.4908863374028734       3.4908863374028734       1397.1496703908815                                                 1385.2165792184601                                               11.93309117242134
                       2       702.65407823872738     0.021905898655569665      0.11621920128936439         68.8281194781663        3.048718829616853      0.97699784276290536     0.059153783050963672     0.004894284021725228   2.1088309390575572e-09       3.4908863374028734       3.4908863374028734       1398.3263838026489                                                 1386.3932926302275                                               11.93309117242134
                       2        702.3824912209044     0.021952486543177753      0.11628525682922046       68.828856165656632       3.0539266719419338      0.97466534128069493     0.061007995819821866    0.0039734986584503149   2.1198420452442667e-09       3.4908863374028734       3.4908863374028734        1397.783209767003                                                 1386.1087846617711                                              11.674425105231842
                       7        702.4912761691412      0.02193684867980935      0.11632377745785177       68.813489563227449       3.0545023289478483       0.9750733346952537     0.061409635386865752    0.0027964058087206313   2.1210626984741274e-09       3.4908863374028734       3.4908863374028734       1398.0007796634766                                                 1386.3840507302687                                              11.616728933207833
                       5       701.92455472300992      0.02193684867980935      0.11632377745785177       68.813489563227449       3.0519699132889571      0.97592068400957088     0.061409635386865752    0.0027964058087206313   2.1156980816698189e-09       3.4908863374028734       3.4908863374028734        1396.867336771214                                                 1385.2506078380061                                              11.616728933207833
                       1       701.89163094643618     0.021937057453956254      0.11633294791196805        68.81103840397077       3.0519398500417907      0.97586936705039096     0.061373441191482352    0.0025977055590165562   2.1156344778715333e-09       3.4908863374028734       3.4908863374028734       1396.8014892180665                                                 1385.2072881641257                                              11.594201053940983
                       6       701.15332512011832     0.022072896540482129      0.11697756541554087         68.4418489702893       3.0663911535782074      0.96886186289419052     0.065760826954869039     0.033581298422022288   2.1464301366439295e-09       3.4908863374028734       3.4908863374028734       1395.3248775654308                                                 1384.9980733589016                                               10.32680420652915
                       3       701.29392280158572     0.022072896540482129      0.11697756541554087         68.4418489702893       3.0607555731026754      0.97164871703625766     0.065760826954869039     0.033581298422022288   2.1343677779950027e-09       3.4908863374028734       3.4908863374028734       1395.6060729283656                                                 1385.2792687218364                                               10.32680420652915
                       3       701.84316362985032     0.022072896540482129      0.11697756541554087         68.4418489702893       3.0672205719143548      0.96387269745065862     0.065760826954869039     0.033581298422022288   2.1482111636626521e-09       3.4908863374028734       3.4908863374028734       1396.7045545848948                                                 1386.3777503783656                                               10.32680420652915
                       4       701.77111118380958     0.022072896540482129      0.11697756541554087         68.4418489702893       3.0728529435195617      0.96285086491305816     0.065760826954869039     0.033581298422022288   2.1603448257929323e-09       3.4908863374028734       3.4908863374028734       1396.5604496928133                                                 1386.2336454862841                                               10.32680420652915
                       4       702.41764360080924     0.022072896540482129      0.11697756541554087         68.4418489702893       3.0612618192726626      0.97535035056302954     0.065760826954869039     0.033581298422022288   2.1354485670575359e-09       3.4908863374028734       3.4908863374028734       1397.8535145268127                                                 1387.5267103202834                                               10.32680420652915
                       2       701.65709395722877     0.022102031124299693      0.11692775807577743       68.502455512666955       3.0575452349281314      0.97447022810179118     0.063658627438614224      0.02985355640154783   2.1275267225649695e-09       3.4908863374028734       3.4908863374028734       1396.3324152396517                                                 1386.0361219882191                                              10.296293251432587
                       1       700.80363673547686     0.022043559043320147      0.11764458099071236       68.470367219466482       3.0583704808674308      0.97473596387913553     0.063703868755285345   0.00054545217631461404     2.12928318000852e-09       3.4908863374028734       3.4908863374028734       1394.6255007961479                                                 1384.2419917617253                                              10.383509034422589
                       2       701.16901291789895     0.022043559043320147      0.11764458099071236       68.470367219466482       3.0539150126652408      0.97801913550500774     0.063703868755285345   0.00054545217631461404   2.1198173295633997e-09       3.4908863374028734       3.4908863374028734       1395.3562531609921                                                 1384.9727441265695                                              10.383509034422589
                       6       701.13993518155905     0.022094661793287607      0.11855275221160225       68.164976492265637       3.0473223988660219      0.97624475939382593     0.058775836011803417     0.020521918449340541   2.1058881578592389e-09       3.4908863374028734       3.4908863374028734       1395.2980976883123                                                 1383.0610693968101                                               12.23702829150224
                       1        699.6467749075025     0.022094661793287607      0.11855275221160225       68.164976492265637       3.0511201083262134      0.97047622269254086     0.058775836011803417     0.020521918449340541   2.1139009146692216e-09       3.4908863374028734       3.4908863374028734       1392.3117771401992                                                  1380.074748848697                                               12.23702829150224
                       9       699.58553798778576     0.022094661793287607      0.11855275221160225       68.164976492265637       3.0516511512122095      0.97009797605676051     0.058775836011803417     0.020521918449340541   2.1150237848313749e-09       3.4908863374028734       3.4908863374028734       1392.1893033007657                                                 1379.9522750092635                                               12.23702829150224
                       2       701.01232256980097     0.022016383461059701      0.11841610854932794       68.145726073906829       3.0538287409558236      0.97395882252658461     0.061136983292083946     0.027316540147945798   2.1196344571871956e-09       3.4908863374028734       3.4908863374028734       1395.0428724647961                                                  1383.203473596918                                              11.839398867878209
                       1       702.65046075404211     0.021984310792848367      0.11877443686403764       67.961879569826849       3.0616468029279522      0.97299191005458652     0.064588747927123144     0.026556870562325568   2.1362708381228688e-09       3.4908863374028734       3.4908863374028734       1398.3191488332784                                                 1384.8131071084174                                              13.506041724861111
                       3       702.84223513942379     0.021984310792848367      0.11877443686403764       67.961879569826849       3.0634816120164681      0.96935936209326279     0.064588747927123144     0.026556870562325568   2.1401940853764045e-09       3.4908863374028734       3.4908863374028734       1398.7026976040418                                                 1385.1966558791808                                              13.506041724861111
                       7        703.7042518330461     0.022225380941751253      0.11969201817288749       68.140539424667963       3.0634987837810983      0.96066916411163972     0.060881912424895691    0.0039257634440725865   2.1402308366010423e-09       3.4908863374028734       3.4908863374028734       1400.4267309912864                                                 1386.1679699454303                                              14.258761045856147
                      10       704.03945695380969     0.022225380941751253      0.11969201817288749       68.140539424667963       3.0596715734301769      0.96667023688412379     0.060881912424895691    0.0039257634440725865   2.1320553775697498e-09       3.4908863374028734       3.4908863374028734       1401.0971412328136                                                 1386.8383801869575                                              14.258761045856147
                       1       703.72513658757202     0.022210368296060271      0.11958096431649599       68.156580817870747       3.0596735063789584      0.96742821043146554     0.061221698398306976    0.0047180050388523605    2.132059498727577e-09       3.4908863374028734       3.4908863374028734       1400.4685005003382                                                 1386.5965553218282                                              13.871945178510099
                       1       701.25877538696659     0.022244770160711629      0.11936342253287464       67.994336658763643       3.0517958098199287      0.96532339829937319     0.056830156713003024     0.024102177816939008   2.1153297633580619e-09       3.4908863374028734       3.4908863374028734       1395.5357780991274                                                 1379.8203540954273                                              15.715424003700113
                       1       701.55817163561926     0.022244770160711629      0.11936342253287464       67.994336658763643       3.0493204876302835      0.96658938994295363     0.056830156713003024     0.024102177816939008   2.1101001158579217e-09       3.4908863374028734       3.4908863374028734       1396.1345705964327                                                 1380.4191465927327                                              15.715424003700113
                       1       700.54226004046564     0.022547361599514214      0.11843746512530327       68.574623915286523       3.0444622005905981      0.95896895495281775     0.052563226361603266     0.019898237028798702   2.0998735058309289e-09       3.4908863374028734       3.4908863374028734       1394.1027474061254                                                  1382.641605002103                                              11.461142404022365
                       2       699.75668109148648     0.022390860867650141       0.1177668633688804       68.652660826521753        3.051264962237886      0.96616872017169197     0.058848881086930614     0.025145033844116114    2.114207143664298e-09       3.4908863374028734       3.4908863374028734       1392.5315895081671                                                 1382.0849677944577                                              10.446621713709348
                       6       701.65541078994158     0.022445298973670601      0.11836312462116916       68.685193664094371       3.0608017202888869      0.96295768581306629     0.062158284367854109     0.006206294906501153   2.1344662753349676e-09       3.4908863374028734       3.4908863374028734       1396.3290489050773                                                 1385.6899002978332                                              10.639148607244215
                       2       703.58506547949355     0.022507961002308029      0.11884837460910294       68.571325873262126       3.0685581017927142      0.95922432201005858     0.064473234368818577      0.00624928354374277   2.1510863826961144e-09       3.4908863374028734       3.4908863374028734       1400.1883582841813                                                 1388.6137080724477                                              11.574650211733516
                       7       704.85536336447808     0.022633424418366365      0.11808044393225288       68.722808409268978       3.0670695776290318      0.95822302257028225     0.063722148497499229     0.039006874921202798   2.1478868205408669e-09       3.4908863374028734       3.4908863374028734       1402.7289540541503                                                 1391.9884928297213                                              10.740461224429019
                       1         702.804324795458     0.022339605680889468      0.11733180035066181       68.423576525382586       3.0614513359785094      0.96990989219931634     0.065254696819058419     0.074420963663693482   2.1358533085868991e-09       3.4908863374028734       3.4908863374028734       1398.6268769161102                                                 1387.8761103059182                                              10.750766610191956
                       1        702.7497025763638     0.022409623896397637       0.1168776900095741       68.537223648290677       3.0571861732907046      0.96916845875450286      0.06311852056035866     0.087546531287555573   2.1267629464658501e-09       3.4908863374028734       3.4908863374028734       1398.5176324779218                                                 1388.1102097013568                                              10.407422776565079
                       5       701.32335745167586     0.022542077096285869      0.11759891215133639       68.373893930844261       3.0310006633487858      0.95878596156854656     0.046536687595398328     0.056496833100608893   2.0717953917270606e-09       3.4908863374028734       3.4908863374028734       1395.6649422285459                                                 1383.4768444775066                                              12.188097751039386
                       2       701.08378263051998     0.022533501833455389      0.11747695364938249       68.418784121411761       3.0315757301688246      0.95929533313821536     0.047106551904137213     0.054568523440935053    2.072987155153711e-09       3.4908863374028734       3.4908863374028734       1395.1857925862341                                                 1383.4130262536287                                              11.772766332605464
                       5       701.25601916982976     0.022512802262108125      0.11733305108598394       68.381337895773385       3.0302104768058538      0.96013835432420169     0.046814091106857456     0.060969997023410209   2.0701589335275827e-09       3.4908863374028734       3.4908863374028734       1395.5302656648537                                                 1383.7147847234394                                              11.815480941414343
                       2       700.30600009077023     0.022298136057818066      0.11776464639699999       68.060932239002341       3.0344292772081864      0.96581717754386276     0.050542522525709267     0.059909864094914486   2.0789109694346185e-09       3.4908863374028734       3.4908863374028734       1393.6302275067346                                                 1380.0216023319465                                              13.608625174788168
                       6       699.73317319703824     0.022203231081744799       0.1179076020002025       68.288791127449755       3.0204772152764519      0.97112569474174493     0.045036593963628337     0.030579423505055162   2.0501072775276291e-09       3.4908863374028734       3.4908863374028734       1392.4845737192707                                                 1380.9954052335788                                              11.489168485691877
                      10       698.98976516512869     0.022203231081744799       0.1179076020002025       68.288791127449755       3.0324374461275747      0.96139395546933026     0.045036593963628337     0.030579423505055162   2.0747742511415725e-09       3.4908863374028734       3.4908863374028734       1390.9977576554516                                                 1379.5085891697597                                              11.489168485691877
                       2       699.04559658075186     0.022203231081744799       0.1179076020002025       68.288791127449755       3.0312390339861808      0.96288943086267409     0.045036593963628337     0.030579423505055162   2.0722893057801039e-09       3.4908863374028734       3.4908863374028734       1391.1094204866979                                                 1379.6202520010061                                              11.489168485691877
                       7       698.78958806499713     0.022203231081744799       0.1179076020002025       68.288791127449755       3.0270201281312641       0.9652126090305635     0.045036593963628337     0.030579423505055162   2.0635649288977708e-09       3.4908863374028734       3.4908863374028734       1390.5974034551884                                                 1379.1082349694966                                              11.489168485691877
                       1       698.80947399705212     0.022203231081744799       0.1179076020002025       68.288791127449755       3.0266976374162664      0.96540923077768082     0.045036593963628337     0.030579423505055162   2.0628995556625181e-09       3.4908863374028734       3.4908863374028734       1390.6371753192984                                                 1379.1480068336066                                              11.489168485691877
                       8       699.13370817508178     0.022221173194529882      0.11692098303073212       68.374966519109364       3.0294926292463349      0.96645643219796107     0.047550877780960836     0.055919419976977164   2.0686734082434751e-09       3.4908863374028734       3.4908863374028734       1391.2856436753577                                                 1380.6331236617268                                              10.652520013630937
                       1       699.23963961523725     0.022254006739239784      0.11690848637730081        68.27045891350393       3.0340444781388909      0.96482708521302862     0.049310751350257857     0.069741625744958208   2.0781111603212019e-09       3.4908863374028734       3.4908863374028734       1391.4975065556687                                                 1380.3616885624569                                              11.135817993211823
                       2       699.31206308952744     0.022254006739239784      0.11690848637730081        68.27045891350393       3.0371169464399124      0.96312832235964263     0.049310751350257857     0.069741625744958208   2.0845059097892361e-09       3.4908863374028734       3.4908863374028734       1391.6423535042491                                                 1380.5065355110373                                              11.135817993211823
                       8       699.00149672860175     0.022390555460430929      0.11690588925246929       68.469656059044908       3.0404894654091015       0.9596559754564411     0.049732029062499787     0.067495963559174352   2.0915478133135129e-09       3.4908863374028734       3.4908863374028734       1391.0212207823977                                                 1380.3512086394251                                              10.670012142972606
                       3         699.712556799612     0.022399967982323663      0.11690219674247868       68.463381266923022       3.0339083149535093      0.96040771737323805     0.046537789062688711     0.074925712799646632   2.0778282173496806e-09       3.4908863374028734       3.4908863374028734       1392.4433409244182                                                 1381.7734174891293                                              10.669923435288942
                       8       699.38553823675477     0.022338773817617938      0.11710796628999397       68.480468069765521       3.0305219834739403      0.96212761094364485      0.04529246335634278     0.059033310412573994    2.070803902290195e-09       3.4908863374028734       3.4908863374028734       1391.7893037987037                                                 1381.2054376484941                                              10.583866150209598
                       5       699.62430085139579     0.022338773817617938      0.11710796628999397       68.480468069765521        3.034921468432668      0.95577724072194425      0.04529246335634278     0.059033310412573994   2.0799344430219499e-09       3.4908863374028734       3.4908863374028734       1392.2668290279858                                                 1381.6829628777762                                              10.583866150209598
                       2       699.72988720942556     0.022338773817617938      0.11710796628999397       68.480468069765521       3.0351441742452905      0.95804020486353914      0.04529246335634278     0.059033310412573994   2.0803977080962826e-09       3.4908863374028734       3.4908863374028734       1392.4780017440453                                                 1381.8941355938357                                              10.583866150209598
                       4        700.1381523264306     0.022295312809749977      0.11696264837918716       68.450337018396269       3.0316162322434068      0.96033908781307098      0.04432065024027014     0.066550769486199896   2.0730711171343827e-09       3.4908863374028734       3.4908863374028734       1393.2945319780554                                                 1382.7722378832693                                              10.522294094786131
                       8       700.23441656607849     0.022368771333805746      0.11736293545630114       68.366378999921054       3.0354102302405814      0.95643510148929023     0.044660839254070189     0.066176692152694339   2.0809512840169419e-09       3.4908863374028734       3.4908863374028734       1393.4870604573512                                                 1382.2860501553305                                              11.201010302020723
                       3       700.67665872319344      0.02244066344266122      0.11692389920160474       68.500675589336169       3.0357489079374607      0.95445672179771412     0.044573107321631347     0.069717659560982026    2.081656175163848e-09       3.4908863374028734       3.4908863374028734       1394.3715447715811                                                 1383.6958744990334                                              10.675670272547714
                       3       700.69646996703432     0.022372135852001405      0.11656745938199757       68.401840275053146        3.035026713907508      0.95779076055134726     0.045507538525860945     0.089933515730811903   2.0801533582297576e-09       3.4908863374028734       3.4908863374028734       1394.4111672592628                                                 1383.7335312042139                                              10.677636055048966
                       3       700.79572817877749     0.022352069336249083      0.11637796928831008       68.393973443509921       3.0346992863009272      0.95908896243625152     0.045878660579362719     0.097370367767053892   2.0794723700875939e-09       3.4908863374028734       3.4908863374028734       1394.6096836827492                                                 1384.0285644749313                                              10.581119207817885
                       2       700.63699795491596     0.022313942630211352       0.1165660568665797       68.309446802870994       3.0346293576845627      0.96009081310863054     0.046008208732266215     0.097813585984804885   2.0793269605461888e-09       3.4908863374028734       3.4908863374028734       1394.2922232350261                                                 1383.4500720024214                                              10.842151232604698
                       3       701.99054183225496     0.022313942630211352       0.1165660568665797       68.309446802870994       3.0398556799376975      0.95254147974424752     0.046008208732266215     0.097813585984804885   2.0902226406786277e-09       3.4908863374028734       3.4908863374028734       1396.9993109897041                                                 1386.1571597570994                                              10.842151232604698
                       6       701.31698266686521     0.022350323135816509      0.11630295397457525       68.387789596662941       3.0511027602453931      0.95070381661362346     0.051390076939440608     0.096377928971535493   2.1138642428634013e-09       3.4908863374028734       3.4908863374028734       1395.6521926589246                                                 1385.0598081123153                                              10.592384546609198
                       3       701.71475908110483     0.022350323135816509      0.11630295397457525       68.387789596662941       3.0519870764347656      0.94959953772152839     0.051390076939440608     0.096377928971535493   2.1157343940160975e-09       3.4908863374028734       3.4908863374028734       1396.4477454874038                                                 1385.8553609407945                                              10.592384546609198
                       1        702.2718430628538     0.022323481247334978      0.11630363245952706       68.660966091325989       3.0438600506261482      0.95438290524343439     0.048517150307386264     0.085091513478356209   2.0986094476885202e-09       3.4908863374028734       3.4908863374028734       1397.5619134509018                                                  1387.209570452871                                              10.352342998030762
                       5       701.97485732069902     0.022462435019539713      0.11657140968827891       68.847047166179053       3.0465445366629602      0.94845984131421768     0.047833126859285986     0.062085983222307274    2.104250703996664e-09       3.4908863374028734       3.4908863374028734       1396.9679419665922                                                 1386.5134045651173                                              10.454537401474976
                       2        701.3971910538894     0.022367051912059992      0.11722112367145679       68.239959546980884       3.0515589902995917      0.94687393232173722     0.049597161414106118     0.080563977795465008   2.1148288712909993e-09       3.4908863374028734       3.4908863374028734        1395.812609432973                                                 1383.9732331933503                                               11.83937623962264
                       2       701.32864313680648     0.022367051912059992      0.11722112367145679       68.239959546980884       3.0521353493368046      0.94703266909937789     0.049597161414106118     0.080563977795465008    2.116048123352847e-09       3.4908863374028734       3.4908863374028734       1395.6755135988071                                                 1383.8361373591845                                               11.83937623962264
                       3        699.8794084630922     0.022367051912059992      0.11722112367145679       68.239959546980884       3.0405752575459131      0.96117048797930071     0.049597161414106118     0.080563977795465008   2.0917272593670811e-09       3.4908863374028734       3.4908863374028734       1392.7770442513786                                                 1380.9376680117559                                               11.83937623962264
                       1       701.86068444347006     0.022343319827756537      0.11642470283065461       68.063624598297437       3.0369253959371099      0.96177468829287904     0.048699713490720033      0.11517982482594694   2.0841066598736032e-09       3.4908863374028734       3.4908863374028734       1396.7395962121343                                                 1384.3510552468774                                               12.38854096525688
                       2       701.71230341845785     0.022303274447621164       0.1164280135360808       68.002996277464234       3.0349916118678997      0.96372782549572555     0.048282649609116504      0.12227263683152279   2.0800803418857042e-09       3.4908863374028734       3.4908863374028734       1396.4428341621099                                                 1383.8489737931827                                              12.593860368927142
                       1       702.26353602858092     0.022329665181951449      0.11677631858907847        67.85786032737542       3.0365940573552286      0.96176138156640245     0.048162273437413416      0.12778964597446729   2.0834162293178884e-09       3.4908863374028734       3.4908863374028734        1397.545299382356                                                 1383.0827560979419                                              14.462543284414187
                       6       701.42553787641259     0.022270241917936397      0.11845607731059568       67.875719982239474       3.0346282159440174       0.9600108402052393     0.045506576732927073     0.055959839244205889   2.0793245864956462e-09       3.4908863374028734       3.4908863374028734       1395.8693030780194                                                 1379.5756556872734                                              16.293647390745942
                       1       701.47941699645207     0.022270241917936397      0.11845607731059568       67.875719982239474       3.0407713029169634       0.9528226491319528     0.045506576732927073     0.055959839244205889   2.0921373730129072e-09       3.4908863374028734       3.4908863374028734       1395.9770613180983                                                 1379.6834139273524                                              16.293647390745942
                       1       701.47149647512504     0.022270055833449293      0.11844217805701852       67.876820016436298       3.0407733927530289       0.9528552051807534     0.045528954107091353     0.056298981451210282   2.0921417452416116e-09       3.4908863374028734       3.4908863374028734       1395.9612202754442                                                 1379.7039274254028                                               16.25729285004142
                      10       702.84203886993669     0.022323268241693013      0.11856036556399517       67.816266286762485       3.0391305780687654      0.95012015469652711     0.043762219059993931     0.059301947065019747   2.0887075656936217e-09       3.4908863374028734       3.4908863374028734       1398.7023050650675                                                 1380.9044900431086                                              17.797815021959032
                       1       701.88720525161693     0.022237382541569185      0.11936824134798403       67.887459068577002       3.0367147149489861      0.95227388006183278     0.042650426885271743     0.018502590989671115   2.0836676244729757e-09       3.4908863374028734       3.4908863374028734        1396.792637828428                                                 1379.4222708916839                                              17.370366936744066
                       3       700.41667027031031     0.022021122314898018      0.11873669297422504       67.909643507105699       3.0420822474980889       0.9610925157584872     0.048769131304581749     0.020761294485830639   2.0948818476990882e-09       3.4908863374028734       3.4908863374028734       1393.8515678658148                                                 1379.3955709926602                                              14.455996873154598
                       3       701.65921644283833     0.022053517864301125      0.11831782892160629       67.842877042671518       3.0349277548162963      0.96043972741191719      0.04527392420143312     0.042541194310779629   2.0799475183288786e-09       3.4908863374028734       3.4908863374028734       1396.3366602108708                                                 1381.4520581438978                                              14.884602066973022
                       1       701.96375011728492     0.022004859084391783      0.11820640665439561       67.742393601980126       3.0399677370227516      0.96215287929604731     0.048437724787853915     0.054380982022949984   2.0904568780585906e-09       3.4908863374028734       3.4908863374028734        1396.945727559764                                                 1381.4697563005377                                              15.475971259226386
                       2       701.23216077597567     0.022233208375678395        0.117416583083075       68.126249631823413         3.04943369273315       0.9543213296034283     0.051449021426412715     0.048894268796381916   2.1103390034799899e-09       3.4908863374028734       3.4908863374028734       1395.4825488771455                                                 1382.9768043904344                                              12.505744486711201
                       3       700.01636151793809     0.022063904549194623      0.11864520677411988       68.081001070362575       3.0353720418766286      0.95976145065785023     0.045103372663494547    0.0050404580226213885   2.0808718174092992e-09       3.4908863374028734       3.4908863374028734       1393.0509503610704                                                 1379.9847515223903                                              13.066198838680165
                       3       702.10238881390865     0.022063904549194623      0.11864520677411988       68.081001070362575       3.0393937861655189      0.95285933453657212     0.045103372663494547    0.0050404580226213885   2.0892574027942764e-09       3.4908863374028734       3.4908863374028734       1397.2230049530115                                                 1384.1568061143314                                              13.066198838680165
                       3       700.88136485507346     0.022063904549194623      0.11864520677411988       68.081001070362575       3.0379564669591792      0.95565288256272074     0.045103372663494547    0.0050404580226213885   2.0862566300530048e-09       3.4908863374028734       3.4908863374028734       1394.7809570353411                                                  1381.714758196661                                              13.066198838680165
                       2       700.58918105817395     0.022043760558109363      0.11831907484726671       68.031046036733613       3.0420860217365746      0.95869818819041464     0.048161870271270411     0.033897352219987298   2.0948897542977016e-09       3.4908863374028734       3.4908863374028734       1394.1965894415421                                                  1381.357301687329                                               12.83928775421294
                       2       699.56722506046719     0.022062071941504797      0.11772951384553021       68.380284629268985       3.0409077749591065      0.96042074349444062     0.048552608798300138     0.022032486853214354   2.0924229107561622e-09       3.4908863374028734       3.4908863374028734       1392.1526774461286                                                 1381.5746796712244                                              10.577997774904198
                       5       699.58562477011401     0.022130172662319883       0.1184090356007298       68.263822241661501       3.0416953614304094      0.95571792414412593     0.046971292340499016      0.01132337422223385   2.0940715238603884e-09       3.4908863374028734       3.4908863374028734       1392.1894768654222                                                 1380.4901334276763                                              11.699343437746025
                       1       699.44958428016491      0.02210703545866952       0.1185383247974864       68.242315667438206       3.0475772246064312      0.95579930057932627     0.049912054654402523    0.0055349515833739106   2.1064248607482361e-09       3.4908863374028734       3.4908863374028734        1391.917395885524                                                 1380.0641056550423                                              11.853290230481708
                       5       699.88235406214449     0.022138330358300044      0.11823203299014873       68.111542165679325       3.0504387907913699      0.95341882279255596      0.05095990771110763     0.022945562592236311   2.1124611674273496e-09       3.4908863374028734       3.4908863374028734       1392.7829354494831                                                 1379.9908280532686                                              12.792107396214551
                       4       700.34481196405511     0.022339628031233013      0.11778386554711706       68.147891058890309       3.0540965620306508      0.94776255230407747     0.051131112119729989     0.056871402909991868   2.1202022159912529e-09       3.4908863374028734       3.4908863374028734       1393.7078512533044                                                 1380.6572796362905                                              13.050571617013823
                       4       700.50778005216944      0.02213443670909886      0.11725600599614046       68.098543907694534       3.0524753710040509      0.95629193204375385      0.05350483133319793     0.065375487424765621   2.1167677479007587e-09       3.4908863374028734       3.4908863374028734        1394.033787429533                                                 1382.1433591384152                                              11.890428291117786
                       1       700.53342163176262      0.02213443670909886      0.11725600599614046       68.098543907694534       3.0494791957684462      0.96300612749790948      0.05350483133319793     0.065375487424765621   2.1104350324949413e-09       3.4908863374028734       3.4908863374028734       1394.0850705887194                                                 1382.1946422976016                                              11.890428291117786
                       7       700.49375345308874     0.022148020943657042      0.11709540448491525       68.228249280394095       3.0457053980558388      0.96280303501236253     0.051723926064004985     0.055201648809525675   2.1024856866425503e-09       3.4908863374028734       3.4908863374028734       1394.0057342313717                                                 1382.8649029853777                                              11.140831245993983
                       1       700.50684779474216     0.022140441407803954      0.11708147400169477       68.226029361149912        3.045626251772219      0.96312553721409366      0.05179782093068399     0.055486821766824811   2.1023192892990411e-09       3.4908863374028734       3.4908863374028734       1394.0319229146785                                                 1382.9142439389689                                              11.117678975709554
                       1       699.13701181680017     0.022140441407803954      0.11708147400169477       68.226029361149912       3.0408572310993067      0.96483446672731943      0.05179782093068399     0.055486821766824811   2.0923171542986115e-09       3.4908863374028734       3.4908863374028734       1391.2922509587945                                                 1380.1745719830849                                              11.117678975709554
                       2       698.83146727195754      0.02216159818545865      0.11723622441720279       68.218553139039457        3.040478314501958      0.96406637769507741     0.051198067754578185     0.054539653405229871   2.0915244907880944e-09       3.4908863374028734       3.4908863374028734       1390.6811618691092                                                 1379.3814541040542                                               11.29970776505505
                       3       699.31468148629563     0.022060830496316859      0.11674210657243128       68.299647426593268       3.0349424584449629      0.97045823743058424     0.050699157013703797     0.065077695754053852   2.0799781013296741e-09       3.4908863374028734       3.4908863374028734       1391.6475902977854                                                 1381.1808298323185                                               10.46676046546696
                       8       699.01193345947433     0.022108375942678511      0.11652934083366762       68.394993667812457        3.044270592940415      0.96965516610209079     0.055225892909427698     0.070793933678297408   2.0994711925471775e-09       3.4908863374028734       3.4908863374028734       1391.0420942441428                                                 1380.7289789042443                                              10.313115339898493
                       2       699.38162686675355     0.022108375942678511      0.11652934083366762       68.394993667812457       3.0388077163517195      0.97542762274108386     0.055225892909427698     0.070793933678297408   2.0880333108339527e-09       3.4908863374028734       3.4908863374028734       1391.7814810587013                                                 1381.4683657188027                                              10.313115339898493
                       3       699.72318152940602     0.022108375942678511      0.11652934083366762       68.394993667812457       3.0364703717237944      0.97559486650566396     0.055225892909427698     0.070793933678297408   2.0831585566015597e-09       3.4908863374028734       3.4908863374028734       1392.4645903840062                                                 1382.1514750441077                                              10.313115339898493
                       3       698.44890966921935     0.022307780212725191      0.11710321165850651       68.541279988770668       3.0386495586260511      0.96645062001320481     0.053040168491656214      0.04340648337683773   2.0877030983479076e-09       3.4908863374028734       3.4908863374028734       1389.9160466636329                                                 1379.4861741258264                                              10.429872537806425
                       3       698.27128036486044     0.022297751092663586      0.11726820501497992       68.707409071367422       3.0337392307641973      0.96599297467326106     0.050458500955647606     0.011671501398812408   2.0774769191503433e-09       3.4908863374028734       3.4908863374028734       1389.5607880549151                                                 1379.2466933205765                                              10.314094734338482
                       2       697.88578532910003     0.022297751092663586      0.11726820501497992       68.707409071367422       3.0445284790501432      0.95645213542801077     0.050458500955647606     0.011671501398812408   2.1000126868244353e-09       3.4908863374028734       3.4908863374028734       1388.7897979833942                                                 1378.4757032490559                                              10.314094734338482
                       4       699.18712047041106     0.022132788212809999       0.1177961206673557       68.322861547744253       3.0308434689735253       0.9610095230077228     0.044631623495272339     0.020259798755210501   2.0714697427405554e-09       3.4908863374028734       3.4908863374028734       1391.3924682660163                                                 1380.3334976775748                                              11.058970588441603
                       1       702.69592876543186     0.022132788212809999       0.1177961206673557       68.322861547744253       3.0159142497382261      0.97073827660721879     0.044631623495272339     0.020259798755210501   2.0407740185338859e-09       3.4908863374028734       3.4908863374028734       1398.4100848560579                                                 1387.3511142676164                                              11.058970588441603
                       4       701.22813323478056     0.022218830319491338      0.11753445802176685       68.541809609759909       3.0276424837832572      0.96811339741234625     0.049915804664425897     0.012727018564178103   2.0648495999141935e-09       3.4908863374028734       3.4908863374028734       1395.4744937947553                                                 1385.0238283811923                                              10.450665413562936
                       2       701.24062704650044     0.022192570342516069      0.11749515807231055       68.540555961965637       3.0279493928954748       0.9695463281735841     0.050518813250754545     0.015067091184746426   2.0654834183291143e-09       3.4908863374028734       3.4908863374028734        1395.499481418195                                                 1385.1021399591129                                              10.397341459082032
                       3       699.66773764076891     0.022192570342516069      0.11749515807231055       68.540555961965637       3.0346686819835944      0.96377202624418368     0.050518813250754545     0.015067091184746426   2.0794087302291273e-09       3.4908863374028734       3.4908863374028734        1392.353702606732                                                 1381.9563611476499                                              10.397341459082032
                       1       698.66572152124934     0.022192570342516069      0.11749515807231055       68.540555961965637       3.0340614320982326       0.9657174095705654     0.050518813250754545     0.015067091184746426   2.0781463928319862e-09       3.4908863374028734       3.4908863374028734       1390.3496703676929                                                 1379.9523289086108                                              10.397341459082032
                       7       698.24573167662504     0.022192570342516069      0.11749515807231055       68.540555961965637       3.0443068903330794      0.95745744252347798     0.050518813250754545     0.015067091184746426   2.0995473992604851e-09       3.4908863374028734       3.4908863374028734       1389.5096906784443                                                 1379.1123492193622                                              10.397341459082032
                       2       698.23023416595117     0.022208150630579918       0.1176812401178447       68.494943713121444       3.0438313099971155      0.95634025579921544      0.04978207363410387     0.013793721346651687   2.0985491331996422e-09       3.4908863374028734       3.4908863374028734       1389.4786956570965                                                 1378.9070473596894                                              10.571648297407108
                       5       699.78794972781827      0.02231546928156769      0.11687836187313276       68.430410431540821       3.0384484586230442       0.9548116191693643     0.047002695335245738     0.063028428043566842   2.0872833034603435e-09       3.4908863374028734       3.4908863374028734       1392.5941267808307                                                 1381.9516931688488                                              10.642433611981847
                       3       700.73333180804116      0.02231546928156769      0.11687836187313276       68.430410431540821       3.0436209149842433      0.95092618216313374     0.047002695335245738     0.063028428043566842   2.0981076553717448e-09       3.4908863374028734       3.4908863374028734       1394.4848909412765                                                 1383.8424573292946                                              10.642433611981847
                       1       700.00987589720739     0.022171298884888509       0.1173986403766982        68.53511522106551        3.040044309270876      0.95424898135944025     0.046125015687340724     0.013040710037333515   2.0906169551700044e-09       3.4908863374028734       3.4908863374028734        1393.037979119609                                                 1382.6580400388782                                              10.379939080730779
                       2       699.96095245556148     0.022161865680036759      0.11735260257331824       68.555946191895018       3.0397470720382751      0.95498449489816284     0.046221715829333335     0.013413189780386693   2.0899956383156469e-09       3.4908863374028734       3.4908863374028734       1392.9401322363171                                                 1382.6066791948581                                              10.333453041459038
                       2       699.33806829909736     0.022161865680036759      0.11735260257331824       68.555946191895018       3.0371179526011223      0.95936305923796494     0.046221715829333335     0.013413189780386693   2.0845080071392793e-09       3.4908863374028734       3.4908863374028734       1391.6943639233889                                                 1381.3609108819298                                              10.333453041459038
                       2       699.35087119820457        0.022160600998475       0.1173480173468588       68.558628865564231       3.0369711457905004      0.95942676045148367     0.046172700857578255     0.013171476206455493   2.0842020096288444e-09       3.4908863374028734       3.4908863374028734       1391.7199697216033                                                 1381.3904917692219                                              10.329477952381465
                       4       699.64175706749802        0.022160600998475       0.1173480173468588       68.558628865564231       3.0373690934653248      0.95973658798218753     0.046172700857578255     0.013171476206455493   2.0850315780238996e-09       3.4908863374028734       3.4908863374028734       1392.3017414601902                                                 1381.9722635078087                                              10.329477952381465
                       1       699.25340894847398        0.022160600998475       0.1173480173468588       68.558628865564231       3.0366359675482966      0.95958741460045949     0.046172700857578255     0.013171476206455493   2.0835035475240491e-09       3.4908863374028734       3.4908863374028734       1391.5250452221421                                                 1381.1955672697607                                              10.329477952381465
                       1       700.35346857074012        0.022160600998475       0.1173480173468588       68.558628865564231        3.041236752066049      0.95488959169261867     0.046172700857578255     0.013171476206455493   2.0931113832314753e-09       3.4908863374028734       3.4908863374028734       1393.7251644666744                                                 1383.3956865142929                                              10.329477952381465
                       3       701.56255561331636     0.022437355783109427      0.11721245724179999       68.784170727190755       3.0418682679395186      0.94800879890675238     0.043995441605579819      0.03272714194943413   2.0944336337620811e-09       3.4908863374028734       3.4908863374028734       1396.1433385518269                                                  1385.836966067169                                              10.306372484657903
                       4         701.044122366431     0.022499871446177832       0.1171217993594727       68.736598251702162       3.0547168882410167      0.94446857484168389     0.049489358717583608     0.040114424205293715   2.1215178410132626e-09       3.4908863374028734       3.4908863374028734       1395.1064720580562                                                 1384.7475818384316                                               10.35889021962452
                       1        701.1374296187247     0.022511486861578573      0.11706669274239384       68.774271887917507       3.0552178361582474      0.94433612988902815      0.04972723990734744     0.039796982152001781   2.1225808771977364e-09       3.4908863374028734       3.4908863374028734       1395.2930865626436                                                 1384.9592428676567                                              10.333843694986941
                       1       701.07586765534506     0.022505337717231583      0.11706334279089391       68.770017851637277       3.0552637981767408      0.94461872547017645     0.049837584097832531     0.040325109445917509   2.1226784375412855e-09       3.4908863374028734       3.4908863374028734       1395.1699626358843                                                 1384.8387559562557                                              10.331206679628567
                       1       701.12673647621159     0.022505337717231583      0.11706334279089391       68.770017851637277       3.0555932660224103      0.94405047621895832     0.049837584097832531     0.040325109445917509   2.1233779070531812e-09       3.4908863374028734       3.4908863374028734       1395.2717002776174                                                 1384.9404935979887                                              10.331206679628567
                       9       701.14015247716497     0.022503990887203205       0.1181045881427069       68.784456847557877       3.0555509127801255      0.94236657654356604      0.04848734034112246    0.0032919661600770353   2.1232879770186489e-09       3.4908863374028734       3.4908863374028734       1395.2985322795241                                                 1384.8392426737939                                              10.459289605730211
                       1       701.04701333595165     0.022503990887203205       0.1181045881427069       68.784456847557877       3.0390831559475631      0.96066559047251232      0.04848734034112246    0.0032919661600770353   2.0886085170988504e-09       3.4908863374028734       3.4908863374028734       1395.1122539970975                                                 1384.6529643913673                                              10.459289605730211
                       2       703.33302472992057     0.022597210907162178      0.11794131810866443       68.853833033079965        3.032727624987285      0.95893167395619128     0.044690987269211557     0.015608736484332678   2.0753763941282824e-09       3.4908863374028734       3.4908863374028734       1399.6842767850353                                                 1389.2834874181465                                              10.400789366888896
                      12       702.18080604558668     0.022597210907162178      0.11794131810866443       68.853833033079965       3.0283874939544022      0.96024282391263016     0.044690987269211557     0.015608736484332678   2.0663885070475679e-09       3.4908863374028734       3.4908863374028734       1397.3798394163675                                                 1386.9790500494787                                              10.400789366888896
                       2       699.53928633535406     0.022393972389289526      0.11759413064990192       68.698158845662689        3.044775184349378      0.96728181784405376     0.055555021763248523     0.028156091989390869   2.1005308349950569e-09       3.4908863374028734       3.4908863374028734       1392.0967999959023                                                 1381.7550507750345                                              10.341749220867866
                       4       698.70214602206875     0.022393972389289526      0.11759413064990192       68.698158845662689       3.0528007710635259      0.96030989019743329     0.055555021763248523     0.028156091989390869   2.1174566563311635e-09       3.4908863374028734       3.4908863374028734       1390.4225193693317                                                 1380.0807701484639                                              10.341749220867866
                       3       698.79155391453003      0.02240791482399964      0.11761790516735683       68.697723105463353       3.0530085483737199      0.95978467610665574     0.055463256529734092     0.028711729617117598   2.1178966614896298e-09       3.4908863374028734       3.4908863374028734       1390.6013351542542                                                 1380.2440835606203                                              10.357251593633839
                       5       699.74329100615762      0.02240791482399964      0.11761790516735683       68.697723105463353       3.0431965713170146      0.96678873767413676     0.055463256529734092     0.028711729617117598   2.0972175255488579e-09       3.4908863374028734       3.4908863374028734       1392.5048093375094                                                 1382.1475577438755                                              10.357251593633839
                       2       699.84617856489751      0.02240791482399964      0.11761790516735683       68.697723105463353       3.0431146663340765      0.96597016407812353     0.055463256529734092     0.028711729617117598   2.0970457600175321e-09       3.4908863374028734       3.4908863374028734       1392.7105844549892                                                 1382.3533328613553                                              10.357251593633839
                       6       700.40484502859806     0.022330880431445956      0.11757837691866985       68.593620305600595       3.0382051462550015      0.96985884060910232     0.054141548878862085     0.042443555288051119   2.0867755033965255e-09       3.4908863374028734       3.4908863374028734       1393.8279173823903                                                  1383.431157007303                                              10.396760375087188
                       2       700.38168296230617     0.022326222801411756      0.11785925523764136       68.560312429907881       3.0370647807604843      0.96932295962170179     0.053200345964519037     0.034713560657543337   2.0843971729583701e-09       3.4908863374028734       3.4908863374028734       1393.7815932498065                                                 1383.2401460390381                                              10.541447210768434
                       9        700.1630458231466     0.022176490061977267      0.11800821565724789       68.477489140491812        3.052098237424838      0.97055364101546338     0.061533101913207891    0.0044695858324618198   2.1159695942183677e-09       3.4908863374028734       3.4908863374028734       1393.3443189714874                                                 1382.6859616947427                                              10.658357276744692
                       2       701.14199175836973     0.022113202477400874      0.11849562224020296       68.198011008747955       3.0542812355515951      0.97111574895902242     0.062448979874769578     0.011289383940305642   2.1205937973558361e-09       3.4908863374028734       3.4908863374028734       1395.3022108419336                                                 1383.1504278855139                                              12.151782956419774
                       9        699.1621445735916     0.022261084936073931      0.11731485493036749       68.702459022226719       3.0304821365785344      0.97107075852133273     0.051167356975116082     0.018280827971850815   2.0707213888276579e-09       3.4908863374028734       3.4908863374028734       1391.3425164723774                                                 1381.0456449495193                                              10.296871522858087
                       1       700.78837132193155     0.022233020432094724      0.11828729556034145       68.063578490817775       3.0424990222428305      0.96939415118433614     0.055754701425139684     0.056947722952194975   2.0957551235134385e-09       3.4908863374028734       3.4908863374028734       1394.5949699690573                                                 1381.1442813098167                                              13.450688659240603
                       1       700.75085524309509      0.02220305133600135      0.11785687179428406       68.057748954588092       3.0410729716364995      0.97136730017487283     0.055992655705663329      0.07060098061999133   2.0927686006213425e-09       3.4908863374028734       3.4908863374028734       1394.5199378113844                                                 1381.6549479421933                                              12.864989869190975
                       3       701.38641695394858     0.022465280927100404      0.11760422747687364       68.239698211713531       3.0370804914509644       0.9634373482373636     0.051461159172782871     0.084799016521037718   2.0844299205344348e-09       3.4908863374028734       3.4908863374028734       1395.7910612330913                                                 1383.2836092444502                                              12.507451988641208
                       2       700.68608354062872     0.022465280927100404      0.11760422747687364       68.239698211713531       3.0401301341076818       0.9610954334869749     0.051461159172782871     0.084799016521037718    2.090796389728866e-09       3.4908863374028734       3.4908863374028734       1394.3903944064516                                                 1381.8829424178105                                              12.507451988641208
                       5       699.78512036229051     0.022453121900561396      0.11772273402555064       68.314304800510939       3.0390589138509294      0.96052538305500679     0.050793199257617799      0.06480342213779676   2.0885578854630603e-09       3.4908863374028734       3.4908863374028734       1392.5884680497752                                                 1380.4812685589955                                              12.107199490779747
                       4       699.91412048857842     0.022454515806024661      0.11766367805174451       68.267190265459462       3.0404432914689781      0.96029852674664584     0.051470617797526617     0.071125946185586181   2.0914512405396059e-09       3.4908863374028734       3.4908863374028734        1392.846468302351                                                 1380.4384853494926                                              12.407982952858406
                       1       699.75033450410149     0.022454515806024661      0.11766367805174451       68.267190265459462       3.0459950661851218      0.95414380041634661     0.051470617797526617     0.071125946185586181   2.1030947979540522e-09       3.4908863374028734       3.4908863374028734       1392.5188963333972                                                 1380.1109133805387                                              12.407982952858406
                       1       699.50198839303869     0.022454515806024661      0.11766367805174451       68.267190265459462       3.0498046695682248      0.95302368608339416     0.051470617797526617     0.071125946185586181   2.1111220355988441e-09       3.4908863374028734       3.4908863374028734       1392.0222041112715                                                 1379.6142211584131                                              12.407982952858406
                       2       699.36766469718964     0.022454515806024661      0.11766367805174451       68.267190265459462       3.0469993383122786      0.95474636714398453     0.051470617797526617     0.071125946185586181   2.1052079383468021e-09       3.4908863374028734       3.4908863374028734       1391.7535567195735                                                  1379.345573766715                                              12.407982952858406
                       2       699.55579468999133     0.022454515806024661      0.11766367805174451       68.267190265459462        3.048864630713207      0.95228562426214547     0.051470617797526617     0.071125946185586181   2.1091384313363081e-09       3.4908863374028734       3.4908863374028734       1392.1298167051768                                                 1379.7218337523184                                              12.407982952858406
                       2       700.55800938367304     0.022270443642378492      0.11780210132279879       68.410138645612093       3.0371405647456844       0.9622737223632325     0.048406882327200161     0.055748014412402437   2.0845551428685957e-09       3.4908863374028734       3.4908863374028734       1394.1342460925403                                                   1383.29792101315                                              10.836325079390289
                       2       700.12999962629294     0.022136830628486901      0.11655596346475484       68.884566654105626       3.0433589459512791      0.96961674059961311     0.055056752776496312     0.033799584915577163   2.0975580881261554e-09       3.4908863374028734       3.4908863374028734       1393.2782265777801                                                 1381.8976482697663                                              11.380578308013742
                       1       700.27439143607455     0.022136830628486901      0.11655596346475484       68.884566654105626        3.040808712688539       0.9717296324185748     0.055056752776496312     0.033799584915577163   2.0922156408581181e-09       3.4908863374028734       3.4908863374028734       1393.5670101973433                                                 1382.1864318893295                                              11.380578308013742
                       1       700.73665384887397     0.022105274551612628      0.11643652167676696       68.906349822446643        3.039975734788535      0.97326536080298887     0.055224227312781274     0.033768330106644456   2.0904735971099389e-09       3.4908863374028734       3.4908863374028734       1394.4915350229421                                                 1382.7774657396928                                              11.714069283249176
                       1       700.30363409237418      0.02196707790503958      0.11727839482371379       68.580682410567334       3.0389367066857251      0.97465735948354182     0.054697443537255641     0.018462221579626847   2.0883026643197565e-09       3.4908863374028734       3.4908863374028734       1393.6254955099425                                                 1383.2505004597735                                              10.374995050168993
                       3       700.31335905660524     0.021958809466164502      0.11721144419411389       68.535409842011049        3.040179262805637      0.97485940874483912     0.055444618422529339     0.024470692680024268   2.0908991103564278e-09       3.4908863374028734       3.4908863374028734       1393.6449454384046                                                 1383.3120125563489                                              10.332932882055619
                       3       701.24032167287874     0.021924608344059314      0.11720037142982856       68.537870809354374       3.0443001729430605      0.97635312111489858     0.057983062320829816     0.024528879399021181     2.09953329582911e-09       3.4908863374028734       3.4908863374028734       1395.4988706709516                                                 1385.1206008003694                                              10.378269870582308
                       3       701.12476087081609     0.021950123515536556      0.11735653294749014       68.470940727893577       3.0449900764468389      0.97541145932725459     0.057833832773819649     0.031332275141953692   2.1009822709752454e-09       3.4908863374028734       3.4908863374028734       1395.2677490668264                                                 1384.9744020520711                                              10.293347014755257
                       2       701.81285867491931     0.021950123515536556      0.11735653294749014       68.470940727893577       3.0462799967722645      0.97298662555843773     0.057833832773819649     0.031332275141953692   2.1036941193680964e-09       3.4908863374028734       3.4908863374028734       1396.6439446750328                                                 1386.3505976602776                                              10.293347014755257
                       3       700.42470900980845     0.022138319350384645      0.11656308652907332       68.430270165914592        3.046040690088204      0.96752291941138324     0.056457226326289446     0.078314349927334659   2.1031907515361587e-09       3.4908863374028734       3.4908863374028734       1393.8676453448111                                                 1383.5745382815799                                               10.29310706323132
                       2       699.51768890849564      0.02221334459603137      0.11678803161092471       68.473345903548434       3.0437538792411054      0.96407203610545522     0.054063025928733355     0.068379162750990749   2.0983866472445203e-09       3.4908863374028734       3.4908863374028734       1392.0536051421855                                                 1381.7271146907055                                              10.326490451479847
                       4       699.77231883435547      0.02221334459603137      0.11678803161092471       68.473345903548434       3.0446249127173717      0.96292921568706691     0.054063025928733355     0.068379162750990749   2.1002152085138496e-09       3.4908863374028734       3.4908863374028734       1392.5628649939051                                                 1382.2363745424252                                              10.326490451479847
                       5       700.67541061864392     0.022363826206904323      0.11887465710158973       68.257583072356255        3.056867067628934      0.95237376406528251     0.055244960090661606     0.028260070458028579   2.1260843926393308e-09       3.4908863374028734       3.4908863374028734        1394.369048562482                                                  1381.247780425487                                              13.121268136994912
                       1       701.68184460330883     0.022408855821026197      0.11884779220447317       68.145114515585092       3.0591551364691503      0.95080748804190285     0.055833110501520802     0.047247688011282082     2.13095458963807e-09       3.4908863374028734       3.4908863374028734       1396.3819165318118                                                 1381.9966300036981                                              14.385286528113685
                       2       702.00420381935589     0.022408855821026197      0.11884779220447317       68.145114515585092       3.0485151997618449      0.96392119771244844     0.055833110501520802     0.047247688011282082   2.1084015618376944e-09       3.4908863374028734       3.4908863374028734        1397.026634963906                                                 1382.6413484357922                                              14.385286528113685
                      10       702.08590071107835     0.022418779718349949      0.11891172869945545       68.133914518992839       3.0504622449480543      0.96312579068527482     0.056535307334411457     0.045483752353009381   2.1125107140035945e-09       3.4908863374028734       3.4908863374028734       1397.1900287473509                                                 1382.5089476660032                                              14.681081081347648
                       3       701.21420591289598     0.022418779718349949      0.11891172869945545       68.133914518992839       3.0621415589230407      0.95326587214694414     0.056535307334411457     0.045483752353009381    2.137328032432209e-09       3.4908863374028734       3.4908863374028734       1395.4466391509861                                                 1380.7655580696385                                              14.681081081347648
                       8       702.91811756613333     0.022395115484071759       0.1179173597165587       68.289042109850186       3.0364893789729361      0.95982390699704645     0.046132662573643894     0.079457560046196321   2.0831981520915463e-09       3.4908863374028734       3.4908863374028734       1398.8544624574608                                                 1386.9435002749967                                              11.910962182464152
                       2       704.54518521079558     0.022395115484071759       0.1179173597165587       68.289042109850186       3.0461248304461361      0.94851597400743259     0.046132662573643894     0.079457560046196321   2.1033677222038756e-09       3.4908863374028734       3.4908863374028734       1402.1085977467853                                                 1390.1976355643212                                              11.910962182464152
                       4        704.1356459851072     0.022369303904973461      0.11731592723162064       68.158572881254457        3.044207740539679      0.94953262665403704     0.046025456862131636      0.10675960890020456   2.0993392398892639e-09       3.4908863374028734       3.4908863374028734       1401.2895192954086                                                 1389.0493354122973                                              12.240183883111278
                       1       704.89314481805275     0.022621756381305865      0.11747020983111853       68.211988726514932         3.05374200363093      0.93609011904775707     0.046781038276705551     0.089780384997042745   2.1194506137377866e-09       3.4908863374028734       3.4908863374028734       1402.8045169612997                                                 1389.0769341046259                                              13.727582856673761
                       4       704.92933090395127     0.022579071090035638      0.11574224648246188       68.562480244666816       3.0788206009041068      0.94229374850438985     0.062607936776423539       0.1208433691459532   2.1732755682910999e-09       3.4908863374028734       3.4908863374028734       1402.8768891330967                                                 1392.4760899101768                                              10.400799222919781
                       3       704.57165487341251     0.022588859497224535      0.11609431208569795       68.469939089529333       3.0776272911361011      0.94097603482022196      0.06131837372698784      0.11811601480149328   2.1706837240709655e-09       3.4908863374028734       3.4908863374028734       1402.1615370720192                                                 1391.4134272225804                                               10.74810984943872
                       1       704.18478317567576     0.022725740666924683      0.11684411223522805       69.219608646397987       3.0739234453109052      0.93387474722501651     0.057007275280130339    0.0050450250254726325   2.1626587170902811e-09       3.4908863374028734       3.4908863374028734       1401.3877936765457                                                 1390.4671901878944                                              10.920603488651242
                       1        704.0829921907133     0.022725740666924683      0.11684411223522805       69.219608646397987       3.0738250586498883      0.93425444589399975     0.057007275280130339    0.0050450250254726325   2.1624459507870422e-09       3.4908863374028734       3.4908863374028734       1401.1842117066208                                                 1390.2636082179695                                              10.920603488651242
                       1       702.81746013015413     0.022725740666924683      0.11684411223522805       69.219608646397987       3.0688560504973674      0.93858317887956921     0.057007275280130339    0.0050450250254726325    2.151727391586578e-09       3.4908863374028734       3.4908863374028734       1398.6531475855024                                                 1387.7325440968511                                              10.920603488651242
                       1       702.79415733416636      0.02265361039353004      0.11677432353218101       68.954585153623029       3.0685040302900575      0.93965366990486709     0.057346272638830575     0.022418054777198992   2.1509700733675956e-09       3.4908863374028734       3.4908863374028734       1398.6065419935269                                                 1388.1541865567258                                              10.452355436801064
                       1       702.60828809015732     0.022623729480929257      0.11673515970176827       68.984039001071849       3.0683359838675055       0.9406302738285951     0.057654306496889275     0.016524144612799076   2.1506086409113165e-09       3.4908863374028734       3.4908863374028734       1398.2348035055088                                                 1387.7302721606673                                              10.504531344841467
                       1       698.90608697595576      0.02225973418701746      0.11767707898616038       68.524791737932517       3.0668608190324682      0.95370737712416609     0.060165578610373957     0.021380490531637146   2.1474384775019936e-09       3.4908863374028734       3.4908863374028734       1390.8304012771057                                                 1380.2803094458807                                              10.550091831225014
                       1       698.71738647154712      0.02225973418701746      0.11767707898616038       68.524791737932517       3.0560312652888855      0.96305144122378672     0.060165578610373957     0.021380490531637146   2.1243081487266335e-09       3.4908863374028734       3.4908863374028734       1390.4530002682884                                                 1379.9029084370634                                              10.550091831225014
                       5       699.52043739297392      0.02225973418701746      0.11767707898616038       68.524791737932517       3.0566430211173117      0.96099341507356439     0.060165578610373957     0.021380490531637146   2.1256081042051185e-09       3.4908863374028734       3.4908863374028734        1392.059102111142                                                  1381.509010279917                                              10.550091831225014
                      18       699.51643415143701     0.022258319912166966      0.11764095881012364        68.52183591756507       3.0566695830333668      0.96058185954361053     0.060139145321876447      0.01923550448117025   2.1256645651790009e-09       3.4908863374028734       3.4908863374028734       1392.0510956280682                                                 1381.4872982322756                                              10.563797395792598
                       1       699.50675748217316     0.022258319912166966      0.11764095881012364        68.52183591756507       3.0642882514689473      0.95381842245785475     0.060139145321876447      0.01923550448117025   2.1419211468259379e-09       3.4908863374028734       3.4908863374028734       1392.0317422895405                                                 1381.4679448937479                                              10.563797395792598
                       3       700.39687798890031     0.022338167320617799      0.11787361247457694       68.549501350812619       3.0720435021748655      0.94910087263458132     0.062486153519556796    0.0064858974275193958   2.1585968609050982e-09       3.4908863374028734       3.4908863374028734       1393.8119833029948                                                 1383.0180281591868                                              10.793955143808102
                       6       699.18099604234817     0.022338167320617799      0.11787361247457694       68.549501350812619       3.0630385154936262      0.95971309195869403     0.062486153519556796    0.0064858974275193958   2.1392459828849383e-09       3.4908863374028734       3.4908863374028734       1391.3802194098905                                                 1380.5862642660825                                              10.793955143808102
                       4       699.58729767704983     0.022303887663281036      0.11773145416090289       68.484441095670718       3.0641791817867565       0.9615250067422183     0.063691409139465333     0.019095410013650324    2.141687540907069e-09       3.4908863374028734       3.4908863374028734       1392.1928226792938                                                 1381.3444047253633                                              10.848417953930451
                       3        700.4376091581031     0.022407917616445158      0.11742533262296725       68.736712490687964       3.0689004889050451      0.95975773996745162     0.065604018140587028     0.018520604155383608   2.1518230130502336e-09       3.4908863374028734       3.4908863374028734       1393.8934456414004                                                 1383.5547798954053                                              10.338665745995007
                      14        701.4170913305154     0.022371948508446229       0.1174683422985397       68.694131568912979       3.0738942558113562       0.9603462924030356     0.068337694761248027     0.016256473129286977   2.1625955910859467e-09       3.4908863374028734       3.4908863374028734        1395.852409986225                                                 1385.4899739946029                                              10.362435991621991
                      15       701.69191529458647     0.022372352974822485      0.11754180258903332       68.659883556213771       3.0753860117150658      0.95991372169139855       0.0689106010136398     0.016337761605907216   2.1658240632738053e-09       3.4908863374028734       3.4908863374028734       1396.4020579143671                                                  1385.976269344734                                               10.42578856963304
                       1       700.35976917959283     0.022222930841751882      0.11720360304187612       68.758257549269146       3.0644006977537117      0.96606108073791541      0.06573478204301382    0.0020761984000067374   2.1421620114430683e-09       3.4908863374028734       3.4908863374028734       1393.7377656843798                                                 1383.3630485617155                                              10.374717122664432
                       9       700.58626091477367     0.022222930841751882      0.11720360304187612       68.758257549269146       3.0626502608723576      0.96778118131386326      0.06573478204301382    0.0020761984000067374   2.1384155719619236e-09       3.4908863374028734       3.4908863374028734       1394.1907491547415                                                 1383.8160320320771                                              10.374717122664432
                       7       700.63887780966832     0.022222930841751882      0.11720360304187612       68.758257549269146        3.067447809861187      0.96198437968469586      0.06573478204301382    0.0020761984000067374   2.1486993742247271e-09       3.4908863374028734       3.4908863374028734       1394.2959829445308                                                 1383.9212658218664                                              10.374717122664432
                       2       700.05933238409921     0.022222930841751882      0.11720360304187612       68.758257549269146       3.0722342011731851       0.9594899278411908      0.06573478204301382    0.0020761984000067374   2.1590085424166264e-09       3.4908863374028734       3.4908863374028734       1393.1368920933926                                                 1382.7621749707282                                              10.374717122664432
                       6       700.08573201735589     0.022222930841751882      0.11720360304187612       68.758257549269146       3.0711543250749833      0.95999500667588555      0.06573478204301382    0.0020761984000067374   2.1566783390877406e-09       3.4908863374028734       3.4908863374028734        1393.189691359906                                                 1382.8149742372416                                              10.374717122664432
                       2       700.43415381370153     0.022025486296764846      0.11724917004083345       68.352297785537473       3.0626228843410148      0.96699062602459662     0.063587054912477931      0.03149786577712517   2.1383570303623306e-09       3.4908863374028734       3.4908863374028734       1393.8865349525972                                                 1383.4181265939299                                              10.468408358667443
                       2       698.80595198481888     0.022102816084253383      0.11818518036830615       68.230365375485292       3.0580485595506346      0.96125166635928627     0.058820172747529119     0.010219754147425573   2.1285978286838989e-09       3.4908863374028734       3.4908863374028734       1390.6301312948319                                                 1378.8975609168758                                              11.732570377956044
                       2       699.28406191238537     0.022102816084253383      0.11818518036830615       68.230365375485292       3.0632767339604525      0.95758041799846605     0.058820172747529119     0.010219754147425573   2.1397556514869716e-09       3.4908863374028734       3.4908863374028734       1391.5863511499649                                                 1379.8537807720088                                              11.732570377956044
                       2       698.67382065437891     0.022133882509622893      0.11789790470720163       68.332959671505293       3.0581566183030362      0.95742731006910209     0.056398314652727662     0.011947304339850463   2.1288278547375716e-09       3.4908863374028734       3.4908863374028734        1390.365868633952                                                 1379.2586145363757                                              11.107254097576313
                       7       700.21071837572481     0.022214896927855329      0.11608388999300867       68.922913832955459        3.038142445084139      0.96233656608975759      0.04897111972351801     0.035752070033894606    2.086644664231063e-09       3.4908863374028734       3.4908863374028734       1393.4396640766438                                                 1381.9469136349544                                              11.492750441689305
                       2       701.16228780427002     0.022074152591212808      0.11587587506009789       68.973227017754112       3.0413772460534201      0.96886934717227347     0.052798303649709985     0.033750339167341617   2.0934054734541875e-09       3.4908863374028734       3.4908863374028734       1395.3428029337342                                                 1382.6463017875228                                              12.696501146211396
                       1       701.13602474793288     0.022074152591212808      0.11587587506009789       68.973227017754112       3.0408552624888388      0.96979634698264072     0.052798303649709985     0.033750339167341617   2.0923130353452137e-09       3.4908863374028734       3.4908863374028734       1395.2902768210599                                                 1382.5937756748485                                              12.696501146211396
                       2       700.78990840590552     0.022074152591212808      0.11587587506009789       68.973227017754112       3.0375488905145778      0.97234820265834976     0.052798303649709985     0.033750339167341617   2.0854064942526336e-09       3.4908863374028734       3.4908863374028734       1394.5980441370052                                                 1381.9015429907938                                              12.696501146211396
                       2        701.6323408578312     0.021946894334901504      0.11835045678145821       68.182373142042422       3.0404418341670634      0.97184825807445452     0.052011963684280842     0.030494885117468406   2.0914481926659293e-09       3.4908863374028734       3.4908863374028734       1396.2829090408566                                                 1385.0336630953072                                              11.249245945549374
                       1       701.69831513107476     0.021893543550054999      0.11617633113445483       68.458024380545822       3.0443210774498191      0.97526457711661452     0.057131741655689919      0.05221183525343101   2.0995771859958321e-09       3.4908863374028734       3.4908863374028734       1396.4148575873437                                                 1385.9597174011528                                              10.455140186190974
                       1       701.09607614404945     0.021893948333253872      0.11678550867352117       68.480413194089877       3.0432371561478124      0.97229262456677712     0.055423050761488984     0.015207442658999759    2.097302642494495e-09       3.4908863374028734       3.4908863374028734       1395.2103796132931                                                 1384.8797709770649                                              10.330608636228185
                       1       700.47634285704339     0.022420627043037794      0.11648879125142995       68.967140480969519         3.03921308615524       0.9545662635528398     0.047820664810857935     0.012825902256661709   2.0888799080677939e-09       3.4908863374028734       3.4908863374028734        1393.970913039281                                                 1383.1797123101337                                              10.791200729147244
                       4       701.73418165817259     0.022420627043037794      0.11648879125142995       68.967140480969519       3.0328915128748064      0.96311630900563705     0.047820664810857935     0.012825902256661709   2.0757165510543667e-09       3.4908863374028734       3.4908863374028734       1396.4865906415394                                                 1385.6953899123921                                              10.791200729147244
                       3       702.89276634066891      0.02235740752928967      0.11621231016361999       69.106624053837294       3.0507246898132307      0.97156289367617144     0.059052160739226707     0.044194736550969102   2.1130652043515045e-09       3.4908863374028734       3.4908863374028734        1398.803760006532                                                 1386.6534618218768                                              12.150298184655179
                       4       702.50496438265077     0.022401256498498369      0.11768748826084161       68.920981342164055       3.0548759253035747      0.96638605612263062     0.058377415071091378     0.013821313420520225   2.1218552678098335e-09       3.4908863374028734       3.4908863374028734       1398.0281560904957                                                 1387.6204243575348                                              10.407731732960842
                       1       702.58198700029925     0.022393452885971894       0.1176563302761456       68.918208343266897       3.0549620882797832      0.96681992556550345     0.058573498988870293     0.015297452819751397    2.122038101051407e-09       3.4908863374028734       3.4908863374028734       1398.1822013257927                                                 1387.7620475637159                                              10.420153762076781
                       1       702.52654199647554     0.022393452885971894       0.1176563302761456       68.918208343266897       3.0486910775438405      0.96702877602163251     0.058573498988870293     0.015297452819751397   2.1087724154394451e-09       3.4908863374028734       3.4908863374028734       1398.0713113181453                                                 1387.6511575560685                                              10.420153762076781
                       4       701.83889444734189     0.022393452885971894       0.1176563302761456       68.918208343266897        3.054879924095073      0.96052807925269534     0.058573498988870293     0.015297452819751397   2.1218637526836038e-09       3.4908863374028734       3.4908863374028734       1396.6960162198779                                                 1386.2758624578012                                              10.420153762076781
                       2       702.51289100738813     0.022713268871390007      0.11689986276488676       68.952202914873794       3.0584669360556007      0.94576959313945719     0.056634142510917959     0.032551017958430621    2.129488570323636e-09       3.4908863374028734       3.4908863374028734       1398.0440093399704                                                 1387.6307996514329                                              10.413209688537624
                       1       702.55498239698886     0.022713268871390007      0.11689986276488676       68.952202914873794        3.058533818357255      0.94563104638197004     0.056634142510917959     0.032551017958430621   2.1296310001835312e-09       3.4908863374028734       3.4908863374028734       1398.1281921191719                                                 1387.7149824306343                                              10.413209688537624
                       3       702.03752969347784     0.022691609767857761      0.11742810850515858       68.726589674651436       3.0568521623131502       0.9445689361508921     0.055074317019176242     0.033393546751524082   2.1260527029162486e-09       3.4908863374028734       3.4908863374028734       1397.0932867121498                                                 1386.2303819992276                                               10.86290471292237
                       1       703.00611567460305     0.022691609767857761      0.11742810850515858       68.726589674651436       3.0697086564891056      0.93418560172113874     0.055074317019176242     0.033393546751524082   2.1535627495606523e-09       3.4908863374028734       3.4908863374028734       1399.0304586744003                                                  1388.167553961478                                               10.86290471292237
                       1       703.72508403423308     0.022691609767857761      0.11742810850515858       68.726589674651436       3.0541514399848628        0.945207057906154     0.055074317019176242     0.033393546751524082   2.1203185715440306e-09       3.4908863374028734       3.4908863374028734       1400.4683953936603                                                 1389.6054906807381                                               10.86290471292237
                       3       703.34098851991234     0.022664220318332474      0.11752477092984236       68.676216915033578       3.0541541712372453      0.94597855477857784     0.055246230112347694     0.033675872021896862   2.1203243626770894e-09       3.4908863374028734       3.4908863374028734       1399.7002043650189                                                 1388.6877833802644                                              11.012420984754586
                       2       703.11919855813699     0.022610990461216725      0.11715189445278502       68.698376903674031       3.0481550249018023      0.94851324808133453      0.05337761704774488     0.037618734135572554   2.1076423053410054e-09       3.4908863374028734       3.4908863374028734       1399.2566244414681                                                 1388.5816708563323                                              10.674953585135864
                       4       703.18382946934969     0.022570577842011878      0.11706205571890985       68.680936329521145       3.0527781656858286      0.94956703188826264     0.056179844174660196     0.036891974626515306   2.1174087909646988e-09       3.4908863374028734       3.4908863374028734       1399.3858862638936                                                 1388.7557288259006                                              10.630157437992947
                       3       703.50019205995682     0.022358499611919026      0.11743474099774109       68.328620793306598       3.0666739026835179       0.9572764498078149     0.065180466138641022      0.05849996922802779   2.1470371236531502e-09       3.4908863374028734       3.4908863374028734       1400.0186114451078                                                 1388.5303017250963                                              11.488309720011454
                       1       703.92979044051799     0.022414062841725896      0.11766250090369849       68.282083238588214       3.0690224126653374      0.95460880908055568     0.065313469101422675     0.059650686495270118   2.1520853873979765e-09       3.4908863374028734       3.4908863374028734       1400.8778082062302                                                 1388.6847398380733                                              12.193068368156792
                       1       705.92338738200635     0.022414062841725896      0.11766250090369849       68.282083238588214       3.0921882756083763       0.9363030262975689     0.065313469101422675     0.059650686495270118   2.2025222537013812e-09       3.4908863374028734       3.4908863374028734       1404.8650020892069                                                   1392.67193372105                                              12.193068368156792
                       1        705.6666594601727     0.022338972216022979      0.11787984561840559       68.137617066787413       3.0881553768754149      0.93752922280523154     0.063631239064355527     0.055044342541775891   2.1936575916520528e-09       3.4908863374028734       3.4908863374028734       1404.3515462455396                                                  1391.122365510955                                              13.229180734584681
                       1       704.21834248583536     0.022338972216022979      0.11787984561840559       68.137617066787413       3.0820994884929491      0.94907219213998251     0.063631239064355527     0.055044342541775891   2.1804131899138052e-09       3.4908863374028734       3.4908863374028734       1401.4549122968649                                                 1388.2257315622803                                              13.229180734584681
                       4       702.86092923222282     0.022311207015025664      0.11774539709553677       68.228914744735988       3.0763585146143755      0.95135340114989797     0.061515101293199766     0.051978111728713174   2.1679313579637488e-09       3.4908863374028734       3.4908863374028734       1398.7400857896398                                                 1386.5594823355113                                              12.180603454128381
                       2       702.79674482249948     0.022311207015025664      0.11774539709553677       68.228914744735988       3.0680932658235132      0.96034011224063298     0.061515101293199766     0.051978111728713174    2.150086712731857e-09       3.4908863374028734       3.4908863374028734       1398.6117169701931                                                 1386.4311135160647                                              12.180603454128381
                       3       701.53629726373435     0.022154726812271076      0.11793281921634488       68.420231892296712       3.0618699265777503      0.96702179308800518     0.060395086593586389     0.017295731922533163    2.136747543849411e-09       3.4908863374028734       3.4908863374028734       1396.0908218526629                                                 1385.3616521494014                                              10.729169703261416
                       1       701.47575773017456     0.022154726812271076      0.11793281921634488       68.420231892296712       3.0618002364871724      0.96703703375328143     0.060395086593586389     0.017295731922533163   2.1365986389081981e-09       3.4908863374028734       3.4908863374028734       1395.9697427855433                                                 1385.2405730822818                                              10.729169703261416
                       2       703.73106474507881     0.022280289176146599      0.11747737393170575        68.69027216830797       3.0624410558658517      0.96704549034556586     0.060658166675723366     0.036208967099131947   2.1379682515107495e-09       3.4908863374028734       3.4908863374028734       1400.4803568153518                                                 1390.1996718237324                                              10.280684991619323
                       1       703.86943069990855     0.022280289176146599      0.11747737393170575        68.69027216830797       3.0593234926324682      0.96997982008154104     0.060658166675723366     0.036208967099131947   2.1313133791783536e-09       3.4908863374028734       3.4908863374028734       1400.7570887250113                                                 1390.4764037333919                                              10.280684991619323
                       1       703.67707580320086     0.022224658933859585      0.11791243241316345       68.668547325186168       3.0629980035370217      0.97010197933512066     0.062366542043242802     0.012599506068936915   2.1391593195999748e-09       3.4908863374028734       3.4908863374028734       1400.3723789315959                                                 1390.0841889083472                                              10.288190023248674
                       2       700.98470227118401     0.022224658933859585      0.11791243241316345       68.668547325186168       3.0622704087115515      0.96771014898853636     0.062366542043242802     0.012599506068936915   2.1376034444401746e-09       3.4908863374028734       3.4908863374028734       1394.9876318675622                                                 1384.6994418443135                                              10.288190023248674
                       3       701.29886790464957     0.022190371632066323      0.11767091786932936       68.734241780609736       3.0615839218379413       0.9697707355348123     0.062862794633664093     0.012689195582913705   2.1361365113073618e-09       3.4908863374028734       3.4908863374028734       1395.6159631344933                                                 1385.2887781010179                                              10.327185033475475
                       6       701.18291792889374     0.022190371632066323      0.11767091786932936       68.734241780609736       3.0603484959569647      0.97045728957473698     0.062862794633664093     0.012689195582913705   2.1334991024730114e-09       3.4908863374028734       3.4908863374028734       1395.3840631829817                                                 1385.0568781495062                                              10.327185033475475
                       6       701.53811769430024     0.022220946938231068      0.11856415319000496       68.263476359514783       3.0716823410868139      0.96428670632887792      0.06609024597139572     0.020700515302334167   2.1578174004780094e-09       3.4908863374028734       3.4908863374028734       1396.0944627137947                                                 1383.9620007468745                                              12.132461966920216
                       3       701.54561792257141     0.022220946938231068      0.11856415319000496       68.263476359514783       3.0717100825007639      0.96428253369420291      0.06609024597139572     0.020700515302334167   2.1578772622140653e-09       3.4908863374028734       3.4908863374028734        1396.109463170337                                                 1383.9770012034169                                              12.132461966920216
                       2       702.22077011219051     0.022110944568818854      0.11781784305652801       68.271229462631354       3.0702728918818107      0.97047898778239283     0.067862739871229191     0.042476934835750074   2.1547782087546671e-09       3.4908863374028734       3.4908863374028734       1397.4597675495752                                                  1386.374605146932                                              11.085162402643276
                       2       702.88359638351108     0.022398944349089778      0.11729006080131463       68.087618231321542       3.0751473552123851      0.95846420597090443     0.066940977450239192     0.090022150577167975   2.1653072369518774e-09       3.4908863374028734       3.4908863374028734       1398.7854200922163                                                 1385.4721079292929                                               13.31331216292349
                       2       701.57972829348978     0.022399895039443975      0.11718080365117668       68.131596986921849       3.0678224221202721      0.95885352207823471     0.063471583982611435     0.088159924953011864   2.1495044541383873e-09       3.4908863374028734       3.4908863374028734       1396.1776839121737                                                 1383.3290818182975                                              12.848602093876238
                       1       701.95102941075015     0.022459732828769344      0.11703466589406807       68.226868849955324       3.0695474917660608      0.95706037173836267     0.063871531703460133     0.087612234415576126   2.1532156991834499e-09       3.4908863374028734       3.4908863374028734       1396.9202861466945                                                  1384.622132854817                                              12.298153291877501
                      10       701.84557073499309     0.022460604943350969      0.11666487409550519       68.243123127153453       3.0658013316576849       0.9578170681186764     0.062506875828542321     0.098390262465332806   2.1451644983857527e-09       3.4908863374028734       3.4908863374028734       1396.7093687951804                                                 1384.8195748336764                                              11.889793961503941
                       2       703.14125272107287     0.022560061177383732      0.11776024382529847       68.044259640005436       3.0692993498900667      0.95166372566608559     0.061399433789705915     0.089540392970561086   2.1526814624864238e-09       3.4908863374028734       3.4908863374028734       1399.3007327673399                                                 1383.8247040870144                                              15.476028680325513
                       7       703.18877563698368     0.022216077255028242       0.1174410319472568       67.770193963816354       3.0695273503807776       0.9657426886715007     0.066171912630287447      0.11383527793615283   2.1531723308732051e-09       3.4908863374028734       3.4908863374028734       1399.3957785991615                                                 1384.0698115316109                                              15.325967067550682
                       1       703.20844540063911     0.022214910792677369      0.11744064300271299       67.767539056304685       3.0695289846530747      0.96578571338935981     0.066186131480365701      0.11408052057831244   2.1531758497459717e-09       3.4908863374028734       3.4908863374028734       1399.4351181264724                                                 1384.0886838838576                                              15.346434242614871
                       6       702.57724225662412     0.022215645250184744      0.11706280114863546       67.761170050232678       3.0636857612173096       0.9650892354893249      0.06348510131123232      0.11714393404238417   2.1406310488899383e-09       3.4908863374028734       3.4908863374028734       1398.1727118384424                                                 1383.0720159395123                                              15.100695898930041
                       1       703.95854966128707     0.022215645250184744      0.11706280114863546       67.761170050232678       3.0661412017455953      0.95816675514274141      0.06348510131123232      0.11714393404238417   2.1458936995422129e-09       3.4908863374028734       3.4908863374028734       1400.9353266477683                                                 1385.8346307488382                                              15.100695898930041
                       7       705.56014206387522     0.022215645250184744      0.11706280114863546       67.761170050232678       3.0767729153690131      0.94914376524754263      0.06348510131123232      0.11714393404238417   2.1688299365274495e-09       3.4908863374028734       3.4908863374028734       1404.1385114529446                                                 1389.0378155540145                                              15.100695898930041
                       2       704.50991810415996     0.022172267852341679      0.11710716002415528       68.027640169066473       3.0811721956989673      0.95172069945524007     0.066822221310428004     0.082548182130003492    2.178392245623247e-09       3.4908863374028734       3.4908863374028734       1402.0380635335141                                                 1389.6259250250316                                              12.412138508482418
                       1       704.38073575148132     0.022172267852341679      0.11710716002415528       68.027640169066473       3.0832341777016627      0.95360436942331595     0.066822221310428004     0.082548182130003492   2.1828886854243543e-09       3.4908863374028734       3.4908863374028734       1401.7796988281568                                                 1389.3675603196743                                              12.412138508482418
                       3       703.93733120376874     0.022197305187256343      0.11721833425198272       68.040169175513597        3.079311867690798      0.95133175001563219     0.064069362861312915     0.073055316673315315   2.1743434886915626e-09       3.4908863374028734       3.4908863374028734       1400.8928897327316                                                 1388.2600057813236                                              12.632883951408145
                       1       704.08280405954872     0.022197305187256343      0.11721833425198272       68.040169175513597       3.0594391414660702      0.97258306691192475     0.064069362861312915     0.073055316673315315   2.1315598773380338e-09       3.4908863374028734       3.4908863374028734       1401.1838354442916                                                 1388.5509514928835                                              12.632883951408145
                       1       704.51924361029012     0.022190055675176786      0.11658140234743662        68.11982914272771       3.0578183106651653      0.97370858176763253     0.064007468934469888     0.084853092347478676   2.1281077778252289e-09       3.4908863374028734       3.4908863374028734       1402.0567145457744                                                 1390.5083622033435                                              11.548352342430835
                       1       703.83855816272376      0.02223326418556346      0.11654659025063212       68.039507995466138       3.0560428833472661      0.97276497672359419     0.062598240438771588      0.10415153072598457    2.124332829206093e-09       3.4908863374028734       3.4908863374028734       1400.6953436506417                                                 1388.5516415952663                                              12.143702055375432
                       1       704.27652285440308      0.02223326418556346      0.11654659025063212       68.039507995466138        3.047304566647286      0.97459378534473595     0.062598240438771588      0.10415153072598457   2.1058506055357966e-09       3.4908863374028734       3.4908863374028734       1401.5712730340003                                                  1389.427570978625                                              12.143702055375432
                       2        702.0967067276797     0.022314834209410786      0.11635474251842437       68.349113211269767       3.0341289061884553      0.97290034846333096     0.055287003167804029     0.087497960368265959   2.0782866185999419e-09       3.4908863374028734       3.4908863374028734       1397.2116407805536                                                  1386.506645304579                                              10.704995475974602
                       1       702.03205720741028     0.022229541626453096      0.11628429647588463       68.323980822912134       3.0321306789025488      0.97647893080171211      0.05540641908695032     0.088444090557689148   2.0741378760165009e-09       3.4908863374028734       3.4908863374028734       1397.0823417400147                                                 1386.5196038339282                                              10.562737906086639
                       6       701.68948619325329     0.022418453895767125      0.11657713982226769       68.553794921533296       3.0287020614687381      0.96970292716637674     0.051282766952148798     0.069012863156725571   2.0670386279919862e-09       3.4908863374028734       3.4908863374028734       1396.3971997117008                                                 1385.9616254343689                                              10.435574277331854
                       1       702.48922612747117     0.022378930713281113      0.11824900663669037       68.031987096148242       3.0274787533362595      0.96560325862943874     0.048242582767198436     0.055171177653388359   2.0645115488415981e-09       3.4908863374028734       3.4908863374028734       1397.9966795801365                                                 1382.9856361806221                                              15.011043399514405
                       1       702.11611848103769     0.022378930713281113      0.11824900663669037       68.031987096148242       3.0284060194210811      0.96726659145039806     0.048242582767198436     0.055171177653388359   2.0664267882135883e-09       3.4908863374028734       3.4908863374028734       1397.2504642872696                                                 1382.2394208877552                                              15.011043399514405
                       6       702.45497132746709     0.022350178395850746      0.11846397918145768       68.052964789702202       3.0448889683581992      0.96967204463177825     0.057538425850548677     0.048003701500125763   2.1007698554122075e-09       3.4908863374028734       3.4908863374028734       1397.9281699801284                                                 1383.1585109633238                                              14.769659016804622
                       5       702.16887667836045     0.022602233287818765      0.11830160298866547        68.58898284920437       3.0412296886293078      0.95946243953505506     0.052903866248106647   0.00023542987931022413   2.0930965987238422e-09       3.4908863374028734       3.4908863374028734       1397.3559806819151                                                 1385.5456967483246                                              11.810283933590442
                       6       702.88290521332829     0.022602233287818765      0.11830160298866547        68.58898284920437       3.0506992761229887      0.94536408507364444     0.052903866248106647   0.00023542987931022413   2.1130115042493017e-09       3.4908863374028734       3.4908863374028734       1398.7840377518507                                                 1386.9737538182603                                              11.810283933590442
                       4       702.86438293007893     0.022601251591940107      0.11834228028677027       68.573652461694607       3.0507175669941606      0.94534928858171741     0.052870756228124913   0.00072454941128907659   2.1130501534239734e-09       3.4908863374028734       3.4908863374028734        1398.746993185352                                                 1386.8163470720285                                              11.930646113323466
                       3       701.31947451793792     0.022601251591940107      0.11834228028677027       68.573652461694607       3.0531026529937311      0.94453799743820421     0.052870756228124913   0.00072454941128907659   2.1180959747281834e-09       3.4908863374028734       3.4908863374028734         1395.65717636107                                                 1383.7265302477465                                              11.930646113323466
                       1       700.82463489866541     0.022556902422281432      0.11759659667278277       68.712798103063008        3.051350340529992      0.94768662931772174     0.053479623840831374    0.0085382703064909374   2.1143876587653081e-09       3.4908863374028734       3.4908863374028734        1394.667497122525                                                 1383.9267675750043                                              10.740729547520576
                       4       700.82565229735417     0.022555873181936262      0.11760319680909874       68.714605221148361        3.050977651979442      0.94764439970498382     0.053274311197957357    0.0076579568617826561   2.1135997975160148e-09       3.4908863374028734       3.4908863374028734       1394.6695319199025                                                 1383.9310133798069                                              10.738518540095631
                       1        699.9620506613096      0.02248946063864125      0.11740662508259306       68.747028037618819       3.0454274096490539      0.95099772968434393     0.051511816016985207    0.0098920437520839538   2.1019013012261815e-09       3.4908863374028734       3.4908863374028734       1392.9423286478134                                                 1382.4737800113635                                              10.468548636449972
                       6       699.99880471018685      0.02248946063864125      0.11740662508259306       68.747028037618819       3.0570032592458976      0.94412756435615452     0.051511816016985207    0.0098920437520839538   2.1263739672289334e-09       3.4908863374028734       3.4908863374028734       1393.0158367455679                                                  1382.547288109118                                              10.468548636449972
                       5       699.59975800916288     0.022476845649708904      0.11746955501988401       68.747080436171956       3.0563712371352869      0.94494810489831726     0.051363811662572402    0.0093809647549716116   2.1250304764688724e-09       3.4908863374028734       3.4908863374028734       1392.2177433435199                                                 1381.7680055328251                                              10.449737810694767
                       8       699.87059929850818     0.022476845649708904      0.11746955501988401       68.747080436171956       3.0521508410162106      0.94526405484491771     0.051363811662572402    0.0093809647549716116   2.1160809047459002e-09       3.4908863374028734       3.4908863374028734       1392.7594259222105                                                 1382.3096881115157                                              10.449737810694767
                       7       698.40209395831937     0.022476845649708904      0.11746955501988401       68.747080436171956       3.0474364644986291         0.95258861513561     0.051363811662572402    0.0093809647549716116   2.1061283810245085e-09       3.4908863374028734       3.4908863374028734       1389.8224152418329                                                 1379.3726774311381                                              10.449737810694767
                       1       698.39773182658257     0.022478074167611693      0.11750318510491826       68.742638802983691       3.0476483441152045       0.9523675817533358     0.051396075763769311    0.0080542506263653838   2.1065746739768586e-09       3.4908863374028734       3.4908863374028734       1389.8136909783593                                                  1379.345319329125                                              10.468371649234395
                       4       699.62379453790788     0.022478074167611693      0.11750318510491826       68.742638802983691       3.0516190656321034      0.95172420991241569     0.051396075763769311    0.0080542506263653838   2.1149559241549807e-09       3.4908863374028734       3.4908863374028734       1392.2658164010099                                                 1381.7974447517756                                              10.468371649234395
                      11       699.63035484408783     0.022478074167611693      0.11750318510491826       68.742638802983691       3.0505003676185996      0.95290944527526666     0.051396075763769311    0.0080542506263653838   2.1125912500886833e-09       3.4908863374028734       3.4908863374028734       1392.2789370133698                                                 1381.8105653641355                                              10.468371649234395
                       4       699.74966398458969     0.022468530464315351      0.11729711592426932       68.788775065359829       3.0504010053470885      0.95410713738947184     0.051833319286935561     0.011894134261341338   2.1123813486516147e-09       3.4908863374028734       3.4908863374028734       1392.5175552943736                                                 1382.1465723835975                                              10.370982910776162
                       3       699.74705392812166     0.022466648320545467      0.11730258048184197       68.782520959212022       3.0504031545918426      0.95409855382063913      0.05183134756750335     0.011929451449542409   2.1123858886810258e-09       3.4908863374028734       3.4908863374028734       1392.5123351814375                                                  1382.137315998029                                              10.375019183408437
                       6        699.7682965677966     0.022466864462940633      0.11731787018977219       68.762736403678204       3.0509347640595714       0.9540956654283077     0.052081770380412125     0.013982909827689806   2.1135091515610824e-09       3.4908863374028734       3.4908863374028734       1392.5548204607874                                                 1382.1650521075994                                              10.389768353187986
                       4       698.75004457701675     0.022466864462940633      0.11731787018977219       68.762736403678204       3.0503598234233027       0.9499551372528956     0.052081770380412125     0.013982909827689806   2.1122943585151309e-09       3.4908863374028734       3.4908863374028734       1390.5183164792277                                                 1380.1285481260397                                              10.389768353187986
                       2       698.95160206797664     0.022466864462940633      0.11731787018977219       68.762736403678204       3.0522709368065044      0.94818562236911563     0.052081770380412125     0.013982909827689806   2.1163350524152084e-09       3.4908863374028734       3.4908863374028734       1390.9214314611474                                                 1380.5316631079595                                              10.389768353187986
                       1        698.8913562282786     0.022471293462150491      0.11722492968492892       68.780011432491776       3.0519260504937709      0.94881614383334012      0.05209276934734082     0.019440352346856631   2.1156052832734001e-09       3.4908863374028734       3.4908863374028734       1390.8009397817514                                                 1380.4434017063636                                              10.357538075387653
                       3       699.95799070994917     0.022522593308029314      0.11689790075302772       68.798666889895358       3.0533115146425431      0.94713382152237768     0.052481152433532602     0.031126477858991884   2.1185384099480735e-09       3.4908863374028734       3.4908863374028734       1392.9342087450925                                                 1382.5679500867907                                              10.366258658301874
                       2       700.77295025938508     0.022621928411548999      0.11747003053329787       68.653885247595568       3.0550451290314196      0.94209823530511827     0.051318879761197173     0.034255331428616524   2.1222143240070611e-09       3.4908863374028734       3.4908863374028734       1394.5641278439643                                                 1383.6085074600585                                              10.955620383905906
                       3         701.082754115939     0.022621928411548999      0.11747003053329787       68.653885247595568       3.0528770738830602      0.94282373785841678     0.051318879761197173     0.034255331428616524   2.1176182304084839e-09       3.4908863374028734       3.4908863374028734       1395.1837355570722                                                 1384.2281151731663                                              10.955620383905906
                       4       701.31762327460217     0.022634469219783276      0.11745912080130792       68.648237910286667       3.0525613007248955      0.94233580571080811     0.050989913154323975     0.036277550245898217    2.116949648977671e-09       3.4908863374028734       3.4908863374028734       1395.6534738743985                                                 1384.6466107405554                                              11.006863133843156
                       4       699.10247838764019      0.02240825089236281      0.11770980220335731       68.506105287967799       3.0429365726286894      0.95087973449692242     0.048417407083088629     0.032194060158884492   2.0966723226221766e-09       3.4908863374028734       3.4908863374028734       1391.2231841004746                                                 1380.2390518246286                                               10.98413227584582
                       2       698.77703396771187      0.02240825089236281      0.11770980220335731       68.506105287967799       3.0427228688256571      0.95166950445512533     0.048417407083088629     0.032194060158884492   2.0962243036465039e-09       3.4908863374028734       3.4908863374028734       1390.5722952606179                                                  1379.588162984772                                               10.98413227584582
                       8       699.42623910270243      0.02240825089236281      0.11770980220335731       68.506105287967799       3.0329866714999314      0.96016555839091233     0.048417407083088629     0.032194060158884492   2.0759140827857893e-09       3.4908863374028734       3.4908863374028734        1391.870705530599                                                 1380.8865732547531                                               10.98413227584582
                       4       700.42889517071194     0.022538080763818261      0.11757400839749056       68.799307537705687       3.0307315326148139      0.95629192131302532     0.046178795071271823     0.015106897353598967   2.0712378829373854e-09       3.4908863374028734       3.4908863374028734       1393.8760176666181                                                 1383.4612886616933                                              10.414729004924878
                       3       700.44753819398443     0.022538080763818261      0.11757400839749056       68.799307537705687       3.0282288397926398      0.96120460776319872     0.046178795071271823     0.015106897353598967   2.0660606919164122e-09       3.4908863374028734       3.4908863374028734        1393.913303713163                                                 1383.4985747082383                                              10.414729004924878
                       4       699.63705931105574     0.022538080763818261      0.11757400839749056       68.799307537705687       3.0324247399087594      0.95650037145896094     0.046178795071271823     0.015106897353598967   2.0747478887734285e-09       3.4908863374028734       3.4908863374028734       1392.2923459473056                                                 1381.8776169423809                                              10.414729004924878
                      12       699.89109767558182     0.022570381127639629      0.11767001496714767       68.837756315668202       3.0333455016903152      0.95512376068406746     0.046197557804860331    0.0089762865620168029   2.0766591170937431e-09       3.4908863374028734       3.4908863374028734       1392.8004226763578                                                 1382.3776141708884                                              10.422808505469524
                       1           699.9329972749     0.022399976357509864      0.11638858244275406       69.058529685487017       3.0315933154194368      0.96647624424740486     0.049596048483687136     0.031065548357918443   2.0730236094728784e-09       3.4908863374028734       3.4908863374028734       1392.8842218749942                                                  1381.466886175496                                               11.41733569949805
                       1       700.41694116445854     0.022329653330793727      0.11650792226059896        68.82638046273199       3.0206231196167823      0.96802708261966297     0.044090000479221306     0.048398602206117997   2.0504064189000445e-09       3.4908863374028734       3.4908863374028734       1393.8521096541112                                                 1383.2482368915682                                              10.603872762543105
                       1        700.4154606215194     0.022329648918991536      0.11650973775482976       68.826209087946438       3.0206319319190249      0.96802927793952953     0.044093724946061043      0.04838117173626235   2.0504244877807422e-09       3.4908863374028734       3.4908863374028734        1393.849148568233                                                 1383.2463024980541                                              10.602846070178952
                       2       699.71483081425947     0.022362034508012246      0.11647926324809539       68.582354949997764       3.0300821213872671      0.96654805814337241     0.048432032114315009     0.079322445834066002   2.0698932344634508e-09       3.4908863374028734       3.4908863374028734       1392.4478889537131                                                 1382.1528189942785                                              10.295069959434555
                       1        700.2685588622976     0.022387010806115531      0.11624556959563016       68.643604014620593       3.0268768779217199      0.96578739249459844     0.046672544031994868     0.081624585452754597   2.0632693439611057e-09       3.4908863374028734       3.4908863374028734       1393.5553450497894                                                 1383.2567690008325                                              10.298576048956827
                       3       700.27985650183314     0.022359861055174648      0.11651661794734619       68.625195403420108       3.0229500208561042      0.96592534591011525     0.044529426174103104     0.070243003491014894   2.0551830673766754e-09       3.4908863374028734       3.4908863374028734       1393.5779403288604                                                 1383.2878436293136                                              10.290096699546844
                       3       699.99760484706621     0.022260839350675989      0.11616612265335542       68.738311278575637       3.0240887800576655      0.97033543688042612     0.046900354721004289     0.060870533264842229   2.0575247590639685e-09       3.4908863374028734       3.4908863374028734       1393.0134370193266                                                 1382.4257427273187                                              10.587694292007782
                       3       700.44694343651884     0.022264848405214324      0.11611219078858386       68.713396687961733       3.0210658071710577      0.96987881029107847      0.04518673973591282     0.064818202217707316   2.0513143092439495e-09       3.4908863374028734       3.4908863374028734       1393.9121141982318                                                 1383.3820985559687                                              10.530015642263134
                       1       700.93736120143137     0.022264848405214324      0.11611219078858386       68.713396687961733       3.0179095216065939      0.97249509484167906      0.04518673973591282     0.064818202217707316   2.0448499824986421e-09       3.4908863374028734       3.4908863374028734       1394.8929497280569                                                 1384.3629340857938                                              10.530015642263134
                       1       701.09837670524018     0.022264848405214324      0.11611219078858386       68.713396687961733       3.0188158278027104      0.97046810192527344      0.04518673973591282     0.064818202217707316   2.0467040827722805e-09       3.4908863374028734       3.4908863374028734       1395.2149807356745                                                 1384.6849650934114                                              10.530015642263134
                       2       701.06587035308689     0.022262505602085737      0.11616582450991754       68.708801451720376       3.0184821783020452      0.97045349551426086     0.044974626652096249     0.063249154056124135   2.0460213148859704e-09       3.4908863374028734       3.4908863374028734        1395.149968031368                                                 1384.6439593105415                                              10.506008720826427
                       2       700.63421754351873     0.022262505602085737      0.11616582450991754       68.708801451720376       3.0196171647874235      0.97209419145154496     0.044974626652096249     0.063249154056124135   2.0483448397623994e-09       3.4908863374028734       3.4908863374028734       1394.2866624122316                                                 1383.7806536914052                                              10.506008720826427
                       2       698.34620017763427     0.022336161347117561      0.11791183454585402       68.577058486655929       3.0329365682662526      0.96567360659788204     0.049004043705653061     0.014037358722219166   2.0758100753829773e-09       3.4908863374028734       3.4908863374028734       1389.7106276804627                                                 1379.0772331685696                                              10.633394511893087
                       6        698.3478892800307     0.022334317162758348      0.11789109374051666       68.599351444251312       3.0327129352424533       0.9658917039864453     0.048977195675270327     0.012511295250431632   2.0753459076025432e-09       3.4908863374028734       3.4908863374028734       1389.7140058852556                                                 1379.1534019786625                                              10.560603906593073
                       7        698.8156516022301     0.022413366807351318      0.11811986231096883       68.591130349864713       3.0364050639798505      0.96311024319791105     0.049812071075402246     0.013998122424100198   2.0830225146582957e-09       3.4908863374028734       3.4908863374028734       1390.6495305296544                                                  1379.818679027652                                               10.83085150200241
                       1       699.49856410784071     0.022377462701018806      0.11698694312216759       68.793077201336956       3.0262460187355491      0.96699574327646276     0.046393889428221279     0.033240471919863415    2.061968122028983e-09       3.4908863374028734       3.4908863374028734       1392.0153555408756                                                 1381.6657285095089                                               10.34962703136674
                       3       699.33769248908129     0.022371465425913308      0.11697655274281507       68.671205764756564       3.0270931856288357      0.96634215702759019     0.046617866730684882     0.043324782671895497   2.0637156932947204e-09       3.4908863374028734       3.4908863374028734       1391.6936123033568                                                 1381.3849891268494                                              10.308623176507252
                       2       699.24113952925723     0.022343115572606029       0.1172529170693023        68.61096080571464       3.0506989274751932      0.96569418899545578     0.058937050601872862     0.025164365531756092   2.1130107675526276e-09       3.4908863374028734       3.4908863374028734       1391.5005063837086                                                 1381.0721765428539                                              10.428329840854776
                       3       698.70578074979574     0.022343115572606029       0.1172529170693023        68.61096080571464       3.0538655202035883      0.96261213996309269     0.058937050601872862     0.025164365531756092   2.1197124171817133e-09       3.4908863374028734       3.4908863374028734       1390.4297888247856                                                 1380.0014589839309                                              10.428329840854776
                       8       699.54926535479376     0.022264133579312596      0.11719770629291244       68.531040101229948       3.0589738384324314      0.96758116398453065     0.063037969375541361      0.04113519623311887   2.1305682867736652e-09       3.4908863374028734       3.4908863374028734       1392.1167580347817                                                 1381.7172825780005                                              10.399475456781101
                       6       698.63067184675958     0.022347160043661999      0.11707014986818584       68.371861293280872       3.0402521932158222      0.96285802983735924     0.051598350769017101     0.067097877107871531   2.0910516060469205e-09       3.4908863374028734       3.4908863374028734       1390.2795710187133                                                 1379.2755720232153                                              11.003998995498112
                       1       699.24360794135976     0.022379786888704983      0.11705651685116562       68.344369526127494       3.0428101268834711      0.96367973075316438     0.052959547613251966     0.085166883383368017   2.0964072240885079e-09       3.4908863374028734       3.4908863374028734       1391.5054432079137                                                 1380.3894674054227                                              11.115975802491066
                       8        700.4795697344166     0.022399710634571041      0.11634870771858689       68.502471351005426       3.0299983749827537      0.96451324639566316     0.046874916483735485     0.098136678713972247   2.0697198956056925e-09       3.4908863374028734       3.4908863374028734       1393.9773667940274                                                 1383.5978363023387                                              10.379530491688733
                       1       700.11842203229662     0.022033267107624068      0.11660170856341184       68.305202887138563        3.029686533673146      0.97687925750598303     0.050679594520191079     0.078762557699386226   2.0690745720674239e-09       3.4908863374028734       3.4908863374028734       1393.2550713897874                                                 1382.8928918345841                                              10.362179555203282
                       1       699.97529056536064     0.022036658823055878      0.11649293214001227       68.363720729724236       3.0327901544520977      0.97722842829397716     0.052527333423800948     0.076463208133440819   2.0755061703608688e-09       3.4908863374028734       3.4908863374028734       1392.9688084559155                                                 1382.6754038638451                                              10.293404592070411
                       3       701.29687278252266     0.022036658823055878      0.11649293214001227       68.363720729724236       3.0335989111786672      0.97975093072997432     0.052527333423800948     0.076463208133440819   2.0771854289014736e-09       3.4908863374028734       3.4908863374028734       1395.6119728902395                                                 1385.3185682981691                                              10.293404592070411
                       2       700.48929746388387     0.022093376743001818       0.1174914880218193       68.264141595836023       3.0392932862093804       0.9758330162006752     0.053660746852518953     0.054914562864323807    2.089047443067582e-09       3.4908863374028734       3.4908863374028734       1393.9968222529619                                                  1383.115175339188                                              10.881646913773981
                       1       700.83649351791246     0.022174851982250297      0.11713322137285016       68.321992638644332        3.026533110888491      0.97214106894892705     0.046007953181755185     0.063234826424786839   2.0625601818802361e-09       3.4908863374028734       3.4908863374028734       1394.6912143610191                                                 1383.9616481192456                                              10.729566241773497
                       1       700.68026995360174     0.022160055507034798      0.11732267899124031       68.100040860768388       3.0328452230443586      0.96969057352186805     0.048563553134196691     0.066104420968257971   2.0756204687109955e-09       3.4908863374028734       3.4908863374028734       1394.3787672323976                                                 1382.3443181993375                                               12.03444903306009
                       1       700.82912842542237     0.022190379738275135      0.11794055267267294       68.035339711548019       3.0317232013417668      0.96705291319907871     0.046764509037657991     0.051632038403283217   2.0732928835434833e-09       3.4908863374028734       3.4908863374028734       1394.6764841760389                                                 1381.3518595858711                                              13.324624590167828
                       1       700.34242858349319      0.02219539979928286      0.11782832584222588       68.166124890765246       3.0318719402836902      0.96705827143466072     0.047034803368058514      0.03930762851730131   2.0736012858684286e-09       3.4908863374028734       3.4908863374028734       1393.7030844921806                                                 1381.4633752680502                                              12.239709224130349
                       3       700.31068852717283     0.022271278808506701      0.11782728891297915        68.20646592420691       3.0341538637291956      0.96451265429932276     0.047394857221711453     0.041524212236181933   2.0783384881701613e-09       3.4908863374028734       3.4908863374028734       1393.6396043795398                                                 1381.3288681465397                                               12.31073623300019
                       5       700.29619326074044     0.022198243617041688      0.11760941831459405       68.102026811551056       3.0412661138073722        0.967402796683137     0.052186602251827627     0.054006093561330154   2.0931728415287273e-09       3.4908863374028734       3.4908863374028734       1393.6106138466751                                                 1381.0890169117779                                              12.521596934897069
                       2       700.62209042280654     0.022202218159903676      0.11707829701373831       68.204833527339957       3.0376521617031806      0.96813665941708493      0.05087625476543442     0.061558914057425182   2.0856218677807641e-09       3.4908863374028734       3.4908863374028734       1394.2624081708072                                                 1382.8182480058579                                              11.444160164949395
                       4       700.33899896872117     0.022255522385061875      0.11700785260483781        68.28969772019029       3.0373002950478369       0.9672185482393677     0.050378156176914025     0.063367251125835147   2.0848881360852654e-09       3.4908863374028734       3.4908863374028734       1393.6962252626365                                                 1382.5782039001861                                              11.118021362450365
                       9       700.66947768136708     0.022246673065497408       0.1176704823052316       67.983643548068912       3.0447677976721477      0.96660816064138511     0.053488644615397977     0.076758857434517463   2.1005153191090718e-09       3.4908863374028734       3.4908863374028734       1394.3571826879283                                                  1380.614470934906                                              13.742711753022292
                       5       701.52808277467489     0.022161404383247693       0.1172707401787217       67.816938006612517       3.0412680695675633      0.97024047333310559     0.052904781010098538      0.10556508570997866   2.0931769352768471e-09       3.4908863374028734       3.4908863374028734       1396.0743928745439                                                 1381.7911481342326                                              14.283244740311408
                       2       701.39111561059951     0.022161404383247693       0.1172707401787217       67.816938006612517       3.0402329971154907      0.97091879743241971     0.052904781010098538      0.10556508570997866    2.091011466395756e-09       3.4908863374028734       3.4908863374028734       1395.8004585463932                                                 1381.5172138060818                                              14.283244740311408
                       2       703.06131979247652      0.02234107960102347      0.11803226489502031        67.79131730047024       3.0606541374188292      0.96360313217617544     0.060825176479984817     0.094363470255099224   2.1341512879199574e-09       3.4908863374028734       3.4908863374028734       1399.1408669101472                                                 1382.0215877735266                                              17.119279136620616
                       1       704.16305708430866     0.022168297669114892      0.11872441984800987       67.484284585261491       3.0336961715403343      0.96597078884481025     0.046982116341467414     0.083643350760155263   2.0773874665325053e-09       3.4908863374028734       3.4908863374028734       1401.3443414938115                                                 1379.8469073518952                                              21.497434141916301
                       2       703.82727037914538     0.022112414619232138      0.11871811390161623       67.490119640940193       3.0342335392685436      0.96841621727230454     0.048060384478846495     0.080439088614390641   2.0785040875071746e-09       3.4908863374028734       3.4908863374028734       1400.6727680834849                                                 1379.9533687610826                                              20.719399322402293
                       1       702.35164728141024     0.022108752776759253      0.11838329546760439       67.702233305216566       3.0320484734731501      0.96848454612488011     0.047382449498179179     0.061954049199710773   2.0739673776298136e-09       3.4908863374028734       3.4908863374028734       1397.7215218880146                                                 1380.6416538044652                                              17.079868083549449
                       2       702.81688256542213     0.022108752776759253      0.11838329546760439       67.702233305216566       3.0313481254104557      0.96970632639118348     0.047382449498179179     0.061954049199710773   2.0725153871035238e-09       3.4908863374028734       3.4908863374028734       1398.6519924560384                                                  1381.572124372489                                              17.079868083549449
                       3       703.68350932327166     0.022108752776759253      0.11838329546760439       67.702233305216566       3.0206703760141935      0.97692868937736199     0.047382449498179179     0.061954049199710773   2.0505033160101169e-09       3.4908863374028734       3.4908863374028734       1400.3852459717375                                                 1383.3053778881881                                              17.079868083549449
                       2       704.07160337100345     0.022515061242474078      0.11613426918395429       68.961128472612558       3.0193959573631495       0.9729315303476298     0.046802995952928868     0.060431415749087912   2.0478917807882218e-09       3.4908863374028734       3.4908863374028734       1401.1614340672011                                                 1390.3492453334582                                               10.81218873374281
                       3        701.8868966029047     0.022515061242474078      0.11613426918395429       68.961128472612558       3.0296358409009487      0.95879655372644235     0.046802995952928868     0.060431415749087912   2.0689696875999472e-09       3.4908863374028734       3.4908863374028734       1396.7920205310036                                                 1385.9798317972607                                               10.81218873374281
                       3       701.22610175950877     0.022336082167679884      0.11678525825761031       69.139869211783392       3.0305538918066941      0.96530309496331823     0.049242724005053223    0.0037421294415853762   2.0708699792443745e-09       3.4908863374028734       3.4908863374028734       1395.4704308442117                                                 1383.6318643353793                                              11.838566508832471
                       3       701.27214997485794     0.022320085080225649      0.11679083694626191       69.122241718631344       3.0286223725335084      0.96597508044127356     0.048409343405667569    0.0054793595228858471   2.0668739144476531e-09       3.4908863374028734       3.4908863374028734       1395.5625272749101                                                 1383.7640673537189                                              11.798459921191165
                       7       700.66565069234412     0.022552432171437188      0.11727419456370555       68.987116712576181       3.0467024472500861      0.95541499800527474     0.054230753348254578     0.013272554188300461   2.1045830136977117e-09       3.4908863374028734       3.4908863374028734       1394.3495287098824                                                 1383.9108529964064                                              10.438675713476041
                       1       700.28418825702124     0.022526647748743026      0.11743199643003079       68.921335540434598       3.0448295645638779      0.95550102065234332     0.053195269628580885     0.010643703836724226   2.1006450654183367e-09       3.4908863374028734       3.4908863374028734       1393.5866038392367                                                 1383.2305264472388                                              10.356077391997927
                       6       700.81695445971025     0.022526647748743026      0.11743199643003079       68.921335540434598       3.0384830393368913      0.96319609368078252     0.053195269628580885     0.010643703836724226   2.0873554844550064e-09       3.4908863374028734       3.4908863374028734       1394.6521362446147                                                 1384.2960588526169                                              10.356077391997927
                       7       700.86325748666718     0.022496700869619916      0.11838803766691436       68.614884163609375       3.0402774052515542      0.96178044853955813     0.053007698187504809     0.006412507304476016   2.0911043263793204e-09       3.4908863374028734       3.4908863374028734       1394.7447422985285                                                 1383.6164280818318                                               11.12831421669669
                       1        701.0127843418868     0.022496700869619916      0.11838803766691436       68.614884163609375        3.039403945830061      0.96308362730158936     0.053007698187504809     0.006412507304476016   2.0892786290564565e-09       3.4908863374028734       3.4908863374028734       1395.0437960089678                                                 1383.9154817922711                                               11.12831421669669
                       6       701.26446845540738     0.022514162981767862      0.11710922712973522       68.772362391393955       3.0256616880760934      0.96524654079321159     0.047119799843708066     0.042250769890284062   2.0607636027894947e-09       3.4908863374028734       3.4908863374028734       1395.5471642360089                                                 1385.2192969784351                                               10.32786725757393
                       1       701.65397884446793     0.022604703803261975       0.1172041586318016       68.831780635729601       3.0347938942751895      0.96042462733356326     0.050532665096058096     0.028621589124871241   2.0796691140626902e-09       3.4908863374028734       3.4908863374028734         1396.32618501413                                                 1385.9273995507151                                              10.398785463415026
                       3       699.94786462926584     0.022604703803261975       0.1172041586318016       68.831780635729601       3.0509788457962901       0.9462311022505332     0.050532665096058096     0.028621589124871241   2.1136023207685693e-09       3.4908863374028734       3.4908863374028734       1392.9139565837258                                                 1382.5151711203109                                              10.398785463415026
                       4       700.04200625619387     0.022609589205991622      0.11720796281831496       68.817994867371112       3.0509951512913336      0.94597521800053519     0.050447268952849435     0.030260758025755462   2.1136367843817071e-09       3.4908863374028734       3.4908863374028734       1393.1022398375819                                                  1382.685291073667                                               10.41694876391497
                       4        700.6537505589946     0.022609589205991622      0.11720796281831496       68.817994867371112       3.0388595497680484      0.95681128413550554     0.050447268952849435     0.030260758025755462   2.0881415435388731e-09       3.4908863374028734       3.4908863374028734       1394.3257284431834                                                 1383.9087796792685                                               10.41694876391497
                       3        703.8047353621821     0.022609589205991622      0.11720796281831496       68.817994867371112       3.0397581708148644      0.95087216031446375     0.050447268952849435     0.030260758025755462   2.0900188348390357e-09       3.4908863374028734       3.4908863374028734       1400.6276980495584                                                 1390.2107492856435                                               10.41694876391497
                       1       703.63286281318278     0.022487216324586168      0.11637348072887685       69.101682534806883       3.0433589996762676       0.9592212978275555     0.055586889395606257     0.027594567839288115   2.0975582008174424e-09       3.4908863374028734       3.4908863374028734       1400.2839529515597                                                 1388.9593612672841                                              11.324591684275767
                       2       703.20943508405935     0.022353283205036368      0.11681387986143374       69.078801254481434         3.03195169071964      0.96376153710289048      0.05077099947456043    0.0077684506410896775   2.0737666630693264e-09       3.4908863374028734       3.4908863374028734       1399.4370974933129                                                 1388.0577672806332                                                11.3793302126796
                       5       702.11614243856695     0.022353283205036368      0.11681387986143374       69.078801254481434       3.0386926007283099       0.9578629766585135      0.05077099947456043    0.0077684506410896775   2.0877929594120436e-09       3.4908863374028734       3.4908863374028734       1397.2505122023281                                                 1385.8711819896484                                                11.3793302126796
                       3       700.82159712007524     0.022353283205036368      0.11681387986143374       69.078801254481434       3.0415322332779433      0.95647314545623185      0.05077099947456043    0.0077684506410896775   2.0937299497025069e-09       3.4908863374028734       3.4908863374028734       1394.6614215653447                                                  1383.282091352665                                                11.3793302126796
                       3       700.69014715126082       0.0223070280846395      0.11688668194020152       69.033035235478621       3.0435070720979698      0.95838959682523628     0.052348938320019897    0.0085105334625484568   2.0978688143359792e-09       3.4908863374028734       3.4908863374028734       1394.3985216277158                                                 1383.1345980003287                                              11.263923627387184
                       2       700.23940243657705       0.0223070280846395      0.11688668194020152       69.033035235478621       3.0368533037207497      0.96545892891948237     0.052348938320019897    0.0085105334625484568   2.0839564174210825e-09       3.4908863374028734       3.4908863374028734       1393.4970321983483                                                 1382.2331085709611                                              11.263923627387184
                       5       699.97689437999043     0.022269430451534306      0.11694375217657205       68.948490623515625       3.0403123180284344      0.96653178956042951     0.054469781714220157     0.011928966137494203   2.0911773339125412e-09       3.4908863374028734       3.4908863374028734        1392.972016085175                                                  1382.018686832077                                              10.953329253097897
                       4       700.96489749859199       0.0222804917213913      0.11614628320377764       68.798454547457595       3.0496532760573345      0.96759046561851236      0.06002251715733703     0.060080847783747469   2.1108024496141891e-09       3.4908863374028734       3.4908863374028734       1394.9480223223782                                                 1384.1894551895462                                              10.758567132831901
                       1        699.7992102892639       0.0222804917213913      0.11614628320377764       68.798454547457595        3.055985185011755      0.96632779651527534      0.06002251715733703     0.060080847783747469   2.1242102622737644e-09       3.4908863374028734       3.4908863374028734        1392.616647903722                                                   1381.85808077089                                              10.758567132831901
                       4       700.56415075768132       0.0222804917213913      0.11614628320377764       68.798454547457595       3.0503702010297302      0.97232008356529753      0.06002251715733703     0.060080847783747469   2.1123162791883844e-09       3.4908863374028734       3.4908863374028734       1394.1465288405568                                                 1383.3879617077248                                              10.758567132831901
                       1        700.5580996383643     0.022297229619422428      0.11605406981836637       68.859665725207947       3.0484323936295694      0.97182656413401136     0.058934317004966055      0.05732713487555903   2.1082269804873782e-09       3.4908863374028734       3.4908863374028734       1394.1344266019228                                                  1383.139812838835                                              10.994613763087809
                       1       700.56254882039673     0.022297401438302347      0.11605288959232288       68.860052967211331       3.0484803474814113      0.97181818809340181     0.058958512371379813     0.057299374901300368   2.1083280805156979e-09       3.4908863374028734       3.4908863374028734       1394.1433249659876                                                 1383.1471557797111                                              10.996169186276514
                       7       700.36003312759033     0.022290355642603763      0.11575711195270756       68.564968460356141       3.0427677829754249      0.96968587772240389     0.055403329822499785     0.090003902908968508   2.0963184558931932e-09       3.4908863374028734       3.4908863374028734       1393.7382935803748                                                 1383.4181080975086                                               10.32018548286613
                       8       700.70971364240688     0.022290355642603763      0.11575711195270756       68.564968460356141       3.0428734707965908      0.97022625047652411     0.055403329822499785     0.090003902908968508   2.0965400229315285e-09       3.4908863374028734       3.4908863374028734       1394.4376546100079                                                 1384.1174691271417                                               10.32018548286613
                       2       700.11672398302903     0.022290355642603763      0.11575711195270756       68.564968460356141       3.0411338460296484      0.96802205199758007     0.055403329822499785     0.090003902908968508   2.0928960005175628e-09       3.4908863374028734       3.4908863374028734       1393.2516752912522                                                  1382.931489808386                                               10.32018548286613
                       3       700.49711410498219     0.022000695478078515      0.11650407447719706       68.492480817473719       3.0350624801172703       0.9759248043322335     0.054614801810096571     0.039530636951055562     2.08022775876161e-09       3.4908863374028734       3.4908863374028734       1394.0124555351586                                                 1383.6937911899104                                              10.318664345248139
                       4       701.09748233948096     0.022000695478078515      0.11650407447719706       68.492480817473719       3.0358283806581565      0.97379862412152063     0.054614801810096571     0.039530636951055562   2.0818216166175955e-09       3.4908863374028734       3.4908863374028734       1395.2131920041561                                                 1384.8945276589079                                              10.318664345248139
                       1       701.01790938962142     0.022010880163473731      0.11654703083546784       68.472086844727926       3.0361451886277777      0.97309504044851447     0.054535624292827427     0.039843985100663573   2.0824812587814995e-09       3.4908863374028734       3.4908863374028734        1395.054046104437                                                 1384.7609579388611                                              10.293088165575904
                       1       701.25008379357246     0.022010880163473731      0.11654703083546784       68.472086844727926       3.0316469253110463      0.97810097880184488     0.054535624292827427     0.039843985100663573   2.0731347470228956e-09       3.4908863374028734       3.4908863374028734       1395.5183949123391                                                 1385.2253067467632                                              10.293088165575904
                       5       699.39860229014721     0.022221220226848793      0.11810782652843141       68.350159706639005       3.0334734100356973      0.96985938508998948     0.051546304062949806     0.028062010288759251   2.0769247561136946e-09       3.4908863374028734       3.4908863374028734       1391.8154319054886                                                 1380.5446789048342                                              11.270753000654331
                       1       700.34214747672809     0.022221220226848793      0.11810782652843141       68.350159706639005       3.0357523820498673      0.97309086125657562     0.051546304062949806     0.028062010288759251   2.0816634070839544e-09       3.4908863374028734       3.4908863374028734       1393.7025222786503                                                  1382.431769277996                                              11.270753000654331
                       2       700.08101656912254     0.022190530361462017      0.11799709810350623       68.319070943286363       3.0362595927572809      0.97371167812806825     0.052139529649131662     0.029280310456219719   2.0827195168657117e-09       3.4908863374028734       3.4908863374028734       1393.1802604634393                                                 1381.8952350887066                                              11.285025374732665
                       1       699.93410560979657      0.02238231811420353      0.11763225000423413       68.650936115782798       3.0383342464024641      0.96733573967935682      0.05158626039660625     0.016280073854818618   2.0870449238124691e-09       3.4908863374028734       3.4908863374028734       1392.8864385447873                                                 1382.4175222246281                                              10.468916320159307
                       3       699.55131447525696     0.022376649783661443      0.11792224125841612       68.629756047547986       3.0380849410637349      0.96661680379459358     0.051103380053118215    0.0052582961741105619    2.086524677223616e-09       3.4908863374028734       3.4908863374028734       1392.1208562757081                                                 1381.5128031098861                                              10.608053165822044
                       5        699.9477982827035     0.022398584236373247      0.11778192286913869       68.657227916425924        3.038557519529574      0.96666259859720238     0.051387103076855331     0.012325432068995487   2.0875109568834222e-09       3.4908863374028734       3.4908863374028734       1392.9138238906012                                                 1382.3961700622715                                              10.517653828329642
                       2       700.50907931051734     0.022398584236373247      0.11778192286913869       68.657227916425924       3.0313162603700068      0.97069778367155435     0.051387103076855331     0.012325432068995487   2.0724493473690677e-09       3.4908863374028734       3.4908863374028734       1394.0363859462288                                                 1383.5187321178992                                              10.517653828329642
                       9       700.65120979531105     0.022407167401706743      0.11766841043310047       68.710355414299713        3.030469509074305      0.97101677894604166     0.051096781361931382     0.013254404433817011    2.070695240949654e-09       3.4908863374028734       3.4908863374028734       1394.3206469158163                                                 1383.9238011294221                                              10.396845786394085
                       2       700.62403132811221     0.022407167401706743      0.11766841043310047       68.710355414299713       3.0305403512954414      0.97095056943020297     0.051096781361931382     0.013254404433817011   2.0708419387959586e-09       3.4908863374028734       3.4908863374028734       1394.2662899814186                                                 1383.8694441950245                                              10.396845786394085
                       5        701.7118881318836     0.022407167401706743      0.11766841043310047       68.710355414299713       3.0309783202831513      0.97271908050109868     0.051096781361931382     0.013254404433817011   2.0717491019837711e-09       3.4908863374028734       3.4908863374028734       1396.4420035889614                                                 1386.0451578025672                                              10.396845786394085
                       3        702.3306703548443       0.0224358079534215      0.11752399220126282       68.680780591703723        3.035373119586934      0.97268925749371993     0.053366275808660213     0.028386294051633579   2.0808740599875095e-09       3.4908863374028734       3.4908863374028734       1397.6795680348828                                                 1387.2533345346328                                               10.42623350024992
                       4       702.13465329055703     0.022407800447718739      0.11766172694237886       68.588823746104822       3.0393316767056269      0.97271582741611973     0.055422886048415075     0.027163751069247732   2.0891276441750742e-09       3.4908863374028734       3.4908863374028734       1397.2875339063082                                                 1386.6326883557822                                              10.654845550526097
                       4       699.38697833868616     0.022407800447718739      0.11766172694237886       68.588823746104822       3.0551851990219396      0.95839337523898394     0.055422886048415075     0.027163751069247732    2.122511603366779e-09       3.4908863374028734       3.4908863374028734       1391.7921840025665                                                 1381.1373384520405                                              10.654845550526097
                       4       698.80971218910156     0.022407800447718739      0.11766172694237886       68.588823746104822       3.0507227248144173      0.96146166855867365     0.055422886048415075     0.027163751069247732   2.1130610521849646e-09       3.4908863374028734       3.4908863374028734       1390.6376517033973                                                 1379.9828061528713                                              10.654845550526097
                       1       699.03705790716003     0.022413309432231427       0.1173897404830167       68.642962610404851         3.05199094254806      0.96203027900682248     0.056439096081407431     0.032247240584042089   2.1157425737007776e-09       3.4908863374028734       3.4908863374028734       1391.0923431395142                                                 1380.6447359739007                                              10.447607165613663
                       3       699.11543815490188     0.022398799038893379       0.1174301426145951       68.561639512463685       3.0529694894285866       0.9624269706904558     0.057000888574310717     0.039340802384066814   2.1178139402956421e-09       3.4908863374028734       3.4908863374028734       1391.2491036349979                                                 1380.6320747427885                                              10.617028892209392
                       1       698.69852054695355     0.022365159754342601      0.11753835246410446       68.593913758325144       3.0482646050679674      0.96372403646082738     0.054885018148591078     0.030918725277338736   2.1078732737895902e-09       3.4908863374028734       3.4908863374028734       1390.4152684191013                                                  1379.913695856043                                              10.501572563058291
                       4       698.76270354621124     0.022359157174340706      0.11746511848398591       68.617470578198862       3.0485551905651911      0.96435405208133995     0.055276910247854916     0.031695507868250046   2.1084858801958969e-09       3.4908863374028734       3.4908863374028734       1390.5436344176167                                                 1380.1222406742218                                              10.421393743394836
                       1        698.5440973593968     0.022359157174340706      0.11746511848398591       68.617470578198862       3.0471251760108102      0.96092593368554879     0.055276910247854916     0.031695507868250046   2.1054728695375096e-09       3.4908863374028734       3.4908863374028734       1390.1064220439878                                                 1379.6850283005929                                              10.421393743394836
                       2       698.95528906993559     0.022451193688495505       0.1172623148121396       68.628475907371637       3.0457906775370316      0.95670024125680031     0.053391077615920095     0.039003496224797971   2.1026649931765977e-09       3.4908863374028734       3.4908863374028734       1390.9288054650654                                                 1380.4161829203651                                              10.512622544700312
                       3       699.03080554000201     0.022442143583526319      0.11699397501931286       68.673220047303133       3.0424828201568679      0.95793525544767788     0.052166746931724788     0.045891109823754023   2.0957211681838451e-09       3.4908863374028734       3.4908863374028734       1391.0798384051982                                                 1380.7199123142138                                              10.359926090984247
                       3       699.14858020056761     0.022294280224545108      0.11709025421709861       68.318635337327919       3.0419790545982579      0.96150416566562802      0.05292188100503447     0.065370268494276629   2.0946656819199995e-09       3.4908863374028734       3.4908863374028734       1391.3153877263294                                                 1380.2042953554796                                              11.111092370849638
                       6       699.77369195407164     0.022360494066347349      0.11789068420558077       68.196624143451743       3.0392967890859128      0.95597182256504432     0.049323433159981993     0.047497684431136597   2.0890547607556618e-09       3.4908863374028734       3.4908863374028734       1392.5656112333374                                                 1379.6562505325433                                              12.909360700794283
                       3        699.4897235800114     0.022360494066347349      0.11789068420558077       68.196624143451743       3.0441096852004361      0.95572691936105691     0.049323433159981993     0.047497684431136597   2.0991333985599962e-09       3.4908863374028734       3.4908863374028734        1391.997674485217                                                 1379.0883137844228                                              12.909360700794283
                       4       699.42196218554079     0.022358006772812519       0.1178784618478798       68.202344547306453       3.0444163212546398      0.95589032936540086     0.049547571336593724     0.047224792503804229   2.0997771672388773e-09       3.4908863374028734       3.4908863374028734       1391.8621516962758                                                  1379.026716634861                                              12.835435061414671
                       7       699.44988730421187      0.02237487564878245      0.11784451810997607       68.230461554225244       3.0434649642776463      0.95560364278177956     0.048952709098034598     0.048185389145798993   2.0977804795126895e-09       3.4908863374028734       3.4908863374028734       1391.9180019336179                                                 1379.2699811994194                                              12.648020734198461
                       1       699.12276498765436     0.022398128157111043      0.11779072382039829       68.274013971218437       3.0502843701340696      0.95557513644353986     0.052551722472391184     0.049188679789430978    2.112134984970657e-09       3.4908863374028734       3.4908863374028734       1391.2637573005029                                                 1378.9001376360025                                              12.363619664500465
                       1       699.40707867041465     0.022398128157111043      0.11779072382039829       68.274013971218437       3.0413753426883083      0.96253048312463463     0.052551722472391184     0.049188679789430978   2.0934014889430365e-09       3.4908863374028734       3.4908863374028734       1391.8323846660235                                                  1379.468765001523                                              12.363619664500465
                       2       698.53636372877122     0.022302641716176956      0.11718241218606582       68.647492978034293       3.0362331774760944      0.96897667005537547     0.052437934134199761      0.02794114616157237   2.0826645019706616e-09       3.4908863374028734       3.4908863374028734       1390.0909547827366                                                 1379.7760190630599                                              10.314935719676569
                       8       698.89975404243626     0.022236598934069526      0.11680226642555389       68.594310097386739       3.0359429124712149      0.97209087996789423     0.053466539786258316     0.043529099850250642   2.0820600650765179e-09       3.4908863374028734       3.4908863374028734       1390.8177354100667                                                  1380.526868880205                                               10.29086652986174
                       2       699.20036563073302     0.022213505906139869      0.11664529312720297       68.724430879981725       3.0292921075225667      0.97353453723231897     0.050581887600085085     0.034212394999810443   2.0682586358725658e-09       3.4908863374028734       3.4908863374028734       1391.4189585866602                                                 1380.9619174238946                                              10.457041162765572
                      14       699.46520929502992     0.022173174760232079      0.11652463576822451       68.708464291176597       3.0281853329681039      0.97530606085864779     0.050626018883574569     0.038055885010540649    2.065970806131745e-09       3.4908863374028734       3.4908863374028734        1391.948645915254                                                 1381.4333925608967                                              10.515253354357405
                       1       699.34759566919308     0.022173174760232079      0.11652463576822451       68.708464291176597       3.0402822852636198      0.96163712105999821     0.050626018883574569     0.038055885010540649   2.0911145310185629e-09       3.4908863374028734       3.4908863374028734       1391.7134186635803                                                  1381.198165309223                                              10.515253354357405
                       3       699.39935180473822     0.022246868439638284      0.11647776504373181       68.783339013715718       3.0427908646162272      0.95825809859936872     0.051009732302443503     0.031383632621907465   2.0963668429212229e-09       3.4908863374028734       3.4908863374028734       1391.8169309346706                                                 1381.2308925736304                                               10.58603836104013
                       3       699.66396623183266     0.022427580264775038      0.11653877231770203       69.118168540951729        3.046271960927486      0.95485240239211755     0.051587370415907309     0.020414723568255515   2.1036772144766143e-09       3.4908863374028734       3.4908863374028734       1392.3461597888595                                                 1380.8132596054386                                              11.532900183420985
                       3       700.41701590652838     0.022446149162369596      0.11600768125147104       68.961428776088766       3.0452530696617361      0.95475763059839369     0.051147685424011262     0.060314948178105739   2.1015348877211732e-09       3.4908863374028734       3.4908863374028734       1393.8522591382509                                                 1382.8008211739339                                              11.051437964317124
                       2       700.62520039241917     0.022393838156372622      0.11762335922035244       68.278539475293627       3.0413197286896434      0.94836638450123079     0.046115691481287538      0.05196712492653114   2.0932850697527235e-09       3.4908863374028734       3.4908863374028734       1394.2686281100325                                                  1382.076103913146                                              12.192524196886509
                       2       701.09421947575674     0.021996720153952778      0.11786655794801622       67.944192374651053       3.0416786070224062      0.96406619534731874     0.050991274705616249     0.060831603207141545   2.0940364392256016e-09       3.4908863374028734       3.4908863374028734       1395.2066662767077                                                 1382.4447411014503                                              12.761925175257339
                       4       702.32124729193083     0.021894995916220739      0.11749332663405515       68.149722649927725       3.0338492683930434      0.97067017648798593     0.049170157497879563     0.054631891931250814   2.0777055323623062e-09       3.4908863374028734       3.4908863374028734       1397.6607219090558                                                 1386.8447401295859                                              10.815981779469993
                       5       700.56426189542481     0.022002508852796795      0.11742510896428568       68.425549310917887       3.0314585007521337      0.96670373885332861     0.046880854840636837     0.030656764980020398   2.0727441543224059e-09       3.4908863374028734       3.4908863374028734       1394.1467511160438                                                 1383.8235950157443                                              10.323156100299533
                       3       700.41889571210481     0.022002508852796795      0.11742510896428568       68.425549310917887       3.0321735212678509      0.96659891676942034     0.046880854840636837     0.030656764980020398   2.0742267388926063e-09       3.4908863374028734       3.4908863374028734       1393.8560187494038                                                 1383.5328626491043                                              10.323156100299533
                       2        701.0642511391892     0.022002508852796795      0.11742510896428568       68.425549310917887       3.0170458488477294      0.98258148171074999     0.046880854840636837     0.030656764980020398    2.043084663711401e-09       3.4908863374028734       3.4908863374028734       1395.1467296035726                                                 1384.8235735032731                                              10.323156100299533
                       3       700.50210007318617     0.022002508852796795      0.11742510896428568       68.425549310917887       3.0203218942195891      0.97761726026608842     0.046880854840636837     0.030656764980020398   2.0497888774263613e-09       3.4908863374028734       3.4908863374028734       1394.0224274715665                                                 1383.6992713712671                                              10.323156100299533
                       2       699.96789849666447     0.022002508852796795      0.11742510896428568       68.425549310917887       3.0235138781512183       0.9752897361208267     0.046880854840636837     0.030656764980020398   2.0563422241107898e-09       3.4908863374028734       3.4908863374028734       1392.9540243185231                                                 1382.6308682182237                                              10.323156100299533
                      11       699.37072796083316     0.022111240380762388      0.11789490568629364       68.279657460520681       3.0230851951856637      0.96848273966166176     0.044219682864460166     0.029583052941976579   2.0554608941470306e-09       3.4908863374028734       3.4908863374028734       1391.7596832468605                                                 1380.5947601319788                                               11.16492311488164
                       3       698.68589479403693     0.022174412097698409      0.11738703399958814       68.274248088760558       3.0322104119908859      0.96778066543539853     0.048983650670328463     0.056716823212741636   2.0743032600281938e-09       3.4908863374028734       3.4908863374028734        1390.390016913268                                                 1379.3306223444056                                              11.059394568862434
                       1       698.54743508386116     0.022214972887343008      0.11741865464387072       68.325736914247173       3.0323655414876476      0.96649133830766865     0.048632165533038361     0.053867290570512594   2.0746250706095643e-09       3.4908863374028734       3.4908863374028734       1390.1130974929165                                                 1379.1455323073142                                              10.967565185602307
                       2       698.60198496439148     0.022211627285436821      0.11737623432007534       68.337066746363845       3.0318064521369497       0.9668392824704436      0.04846502357899389     0.054740077779086863   2.0734654940095651e-09       3.4908863374028734       3.4908863374028734       1390.2221972539771                                                 1379.3375138017439                                              10.884683452233341
                       1       699.24215243487095     0.022211627285436821      0.11737623432007534       68.337066746363845       3.0274063507066478      0.97035631315515647      0.04846502357899389     0.054740077779086863    2.064362078187698e-09       3.4908863374028734       3.4908863374028734       1391.5025321949361                                                 1380.6178487427028                                              10.884683452233341
                       1        699.2173021023392     0.022309257187984887      0.11726648428200986       68.367401409245687       3.0295283166132778      0.96610077713422082     0.048342249227918556     0.057688650073431519   2.0687472350678144e-09       3.4908863374028734       3.4908863374028734       1391.4528315298726                                                  1380.435594600749                                              11.017236929123595
                       8       699.14451677600846     0.022322901008224864      0.11711986990074619       68.429023440494547       3.0308019591324014      0.96643951999729116     0.049193675872304728     0.059532524347909843   2.0713837581452569e-09       3.4908863374028734       3.4908863374028734       1391.3072608772111                                                 1380.5760364642574                                              10.731224412953623
                       3       699.35235419438879     0.022247620931359614      0.11663247701685389       68.471016539692258        3.040066915332496        0.970506075461954     0.055731324154314824     0.066147736826271383   2.0906642163199087e-09       3.4908863374028734       3.4908863374028734       1391.7229357139718                                                 1381.3601562014742                                              10.362779512497552
                       1       699.36296792084829     0.022238552650380022      0.11663337196218872       68.475761733795238       3.0399734668810514      0.97061191214831033     0.055751377864515415     0.063404427219319534   2.0904688561145999e-09       3.4908863374028734       3.4908863374028734       1391.7441631668908                                                 1381.3915247548648                                              10.352638412025984
                      11       699.42882409318929     0.022286178681013728      0.11656530915587184       68.461204866973858       3.0376688689509099      0.96837283723260759     0.053857719232792971     0.068903124970901161    2.085656713073062e-09       3.4908863374028734       3.4908863374028734       1391.8758755115728                                                 1381.4527945377415                                              10.423080973831318
                       3        699.7123688972373     0.022286178681013728      0.11656530915587184       68.461204866973858       3.0368133719764892      0.97159564758952222     0.053857719232792971     0.068903124970901161     2.08387320306783e-09       3.4908863374028734       3.4908863374028734       1392.4429651196688                                                 1382.0198841458375                                              10.423080973831318
                       2       699.71036422848124     0.022298923088922829       0.1166235960357737       68.507300173947371       3.0377914517015503      0.97083921001648099     0.054165340333610576     0.060521055722839653   2.0859123942805749e-09       3.4908863374028734       3.4908863374028734       1392.4389557821567                                                 1382.0534439698092                                              10.385511812347458
                       2       700.76633416253753     0.022349944954262024       0.1171623109020727       68.873236689181823       3.0273240180428402      0.97247919609894562     0.048688762236928182     0.026691462184975923   2.0641921207553578e-09       3.4908863374028734       3.4908863374028734       1394.5508956502692                                                  1384.056929032665                                              10.493966617604093
                       3       700.71818589783072     0.022219281378710043      0.11805112262500218       68.576423907769993       3.0352676962705534      0.97543078066710975     0.053234725410211056     0.016750287325587331   2.0806546989062246e-09       3.4908863374028734       3.4908863374028734       1394.4545991208556                                                 1384.0476061388147                                              10.406992982040938
                       2       699.24178991890051     0.022219281378710043      0.11805112262500218       68.576423907769993       3.0464602247521047      0.96541643799299182     0.053234725410211056     0.016750287325587331    2.104073298077712e-09       3.4908863374028734       3.4908863374028734       1391.5018071629952                                                 1381.0948141809542                                              10.406992982040938
                       2       699.80659974480977     0.022153703597865039      0.11795133681272189       68.576474898793649        3.045676168461418      0.96849408328288089     0.053848088360839153     0.017954478324969068   2.1024242327367948e-09       3.4908863374028734       3.4908863374028734       1392.6314268148137                                                 1382.3095954697462                                              10.321831345067439
                       2       699.44288549119483     0.022122406398559238      0.11792495558902689       68.539529796335771       3.0415786124602868      0.96887303037975903     0.051874603213676124     0.017202785829281603   2.0938270574374939e-09       3.4908863374028734       3.4908863374028734       1391.9039983075838                                                 1381.5616646571334                                              10.342333650450366
                       1       699.55329406921055     0.022200791769994711       0.1176835042654209       68.535451190321311       3.0482211116201494      0.96717928376711226     0.054848465437600434     0.036348643051296516   2.1077815971070318e-09       3.4908863374028734       3.4908863374028734       1392.1248154636153                                                 1381.7579962112686                                              10.366819252346723
                       5       699.34846281648333     0.022280418475589894      0.11748904862105661       68.845051258561483        3.053480967088352      0.96497946121057931     0.057263882852788092     0.011479953250065483    2.118897431880893e-09       3.4908863374028734       3.4908863374028734       1391.7151529581608                                                 1381.2784011241577                                              10.436751834003223
                       2       701.95861986817226     0.022280418475589894      0.11748904862105661       68.845051258561483       3.0559475689874498      0.95604699238459501     0.057263882852788092     0.011479953250065483   2.1241303594317324e-09       3.4908863374028734       3.4908863374028734       1396.9354670615387                                                 1386.4987152275355                                              10.436751834003223
                       2       702.47907048576064     0.022402833824426246      0.11763271183319893        68.81428501592795       3.0632599048863085      0.95199535097218224     0.059589738816080748     0.022904827774005286   2.1397196416834695e-09       3.4908863374028734       3.4908863374028734       1397.9763682967155                                                 1387.6823552595763                                              10.294013037139198
                       1        700.4910665792238     0.022402833824426246      0.11763271183319893        68.81428501592795       3.0681873783604301      0.95300688922633281     0.059589738816080748     0.022904827774005286   2.1502890723691237e-09       3.4908863374028734       3.4908863374028734       1394.0003604836418                                                 1383.7063474465026                                              10.294013037139198
                       2        700.9381956033402     0.022297280409605012      0.11756882435511534       68.327569425388816       3.0786860916910479      0.95233145305632416      0.06508778207777946     0.048631541495106546   2.1729832623640095e-09       3.4908863374028734       3.4908863374028734       1394.8946185318746                                                 1383.5295750414691                                              11.365043490405457
                       2       700.79261084021323     0.022368885551375391      0.11820936757957169       68.306540769679927       3.0790776852845103      0.94746316831725363      0.06345770925151499     0.026845206925651881   2.1738343553186508e-09       3.4908863374028734       3.4908863374028734       1394.6034490056206                                                 1382.2103494577023                                              12.393099547918311
                       8        699.5551217457305      0.02230063130042402      0.11786276175756666       68.409681899811346       3.0726252394525932      0.95140712613016798     0.061526132757141111     0.027179115415186774   2.1598529624918072e-09       3.4908863374028734       3.4908863374028734       1392.1284708166552                                                   1380.94903256728                                              11.179438249375094
                       4       699.49840633087126      0.02230063130042402      0.11786276175756666       68.409681899811346       3.0567175276016005      0.96529928273545007     0.061526132757141111     0.027179115415186774   2.1257664816919407e-09       3.4908863374028734       3.4908863374028734       1392.0150399869367                                                 1380.8356017375615                                              11.179438249375094
                       1       699.10986707147549     0.022302780814711196      0.11780693751584093       68.445509011328454       3.0543779793801757      0.96527472773407652     0.060340462763472741      0.02516627232141571   2.1207989616426859e-09       3.4908863374028734       3.4908863374028734       1391.2379614681452                                                 1380.2400079993231                                              10.997953468821958
                       1       698.84951106050971     0.022302780814711196      0.11780693751584093       68.445509011328454       3.0558069691692644      0.96436054469172616     0.060340462763472741      0.02516627232141571   2.1238317280836427e-09       3.4908863374028734       3.4908863374028734       1390.7172494462136                                                 1379.7192959773915                                              10.997953468821958
                       2       698.97894281272829     0.022338390153117737      0.11792038681511963        68.41504912095489       3.0565877680023457      0.96270667535416066     0.060127125570442717      0.02685208434664484   2.1254906609807466e-09       3.4908863374028734       3.4908863374028734       1390.9761129506508                                                 1379.6530534637309                                              11.323059486919803
                       1       699.00946870736459     0.022299619271779758      0.11841232177061801       68.333460689743077       3.0570076825697532      0.96194316606960772     0.059945105492679583    0.0076687525490128569    2.126383372890431e-09       3.4908863374028734       3.4908863374028734       1391.0371647399234                                                 1378.9356652082765                                              12.101499531646931
                       4       699.14617491193678      0.02231146240701215      0.11842517396138101       68.371650713507577       3.0585142988737286       0.9617452690509527     0.060679976155356918    0.0044398308395451206   2.1295894312920086e-09       3.4908863374028734       3.4908863374028734       1391.3105771490677                                                 1379.4031809070518                                              11.907396242015819
                       1        699.2724201117411      0.02231146240701215      0.11842517396138101       68.371650713507577       3.0577777844344651      0.96240827258289718     0.060679976155356918    0.0044398308395451206   2.1280215353860222e-09       3.4908863374028734       3.4908863374028734       1391.5630675486764                                                 1379.6556713066605                                              11.907396242015819
                       5       701.51416245031862     0.022050777575000412      0.11810952566246323        68.10330185659393       3.0529320458803935       0.9680774114548969     0.060481206299407939    0.0031552122861584304   2.1177346433118941e-09       3.4908863374028734       3.4908863374028734       1396.0465522258314                                                 1383.5191125354975                                              12.527439690333988
                       3       701.62613309350922     0.022059640723714947      0.11811883450715471       68.090947492570592       3.0527679780208778      0.96751799604176236     0.060214439816885852    0.0039153303193203209   2.1173872196232539e-09       3.4908863374028734       3.4908863374028734       1396.2704935122126                                                 1383.5775613536796                                              12.692932158533031
                       3       700.94175535104489     0.022406120391074823      0.11870122358251925        67.91224388582954       3.0454122237707444      0.95754833729934641     0.051948768301477453     0.059357445167495575   2.1018693822511617e-09       3.4908863374028734       3.4908863374028734        1394.901738027284                                                 1377.6314475617414                                              17.270290465542498
                       4        700.3080266495673     0.022277143597875484      0.11719273663391699        68.02981971923532       3.0295112183177886      0.96517764471289957     0.046880790714320428     0.094988557703295326   2.0687118633186962e-09       3.4908863374028734       3.4908863374028734       1393.6342806243288                                                 1380.7039894940103                                              12.930291130318489
                       1       700.49274006033113     0.022277143597875484      0.11719273663391699        68.02981971923532       3.0275884453488038      0.96702364562913512     0.046880790714320428     0.094988557703295326   2.0647380216892156e-09       3.4908863374028734       3.4908863374028734       1394.0037074458564                                                  1381.073416315538                                              12.930291130318489
                       5        702.1760058585304     0.022150995676700484      0.11834920065232432       67.649088979655559       3.0276167686914279      0.96808592588453368     0.046515553849883935     0.080823222777738873   2.0647965027998193e-09       3.4908863374028734       3.4908863374028734        1397.370239042255                                                 1379.4303828551344                                              17.939856187120643
                       2       700.59795811238473     0.022370179348583586      0.11726797661998409       68.448201018168604       3.0245514889205984      0.96730781162550339     0.045257161432296571     0.069743107147114361   2.0584770142971696e-09       3.4908863374028734       3.4908863374028734       1394.2141435499636                                                 1383.4644157804075                                               10.74972776955603
                       2       701.25452657372205     0.022303192550814137      0.11682747944693354       68.467427414770697       3.0182213096362855       0.9705011219306563     0.043206127224176112     0.079335763732619816   2.0454876416477797e-09       3.4908863374028734       3.4908863374028734       1395.5272804726383                                                 1385.1056848038672                                              10.421595668770921
                       2        701.1124018351569     0.022407566961074699      0.11608826778475997       68.588346346294799       3.0229834452014228      0.96649596466615939     0.045046659936227751     0.090449721220836055    2.055251761673237e-09       3.4908863374028734       3.4908863374028734        1395.243030995508                                                 1384.9428419414896                                              10.300189054018301
                       2       700.98577445039462     0.022407566961074699      0.11608826778475997       68.588346346294799       3.0318216644167166      0.95761208266383879     0.045046659936227751     0.090449721220836055   2.0734970363866625e-09       3.4908863374028734       3.4908863374028734       1394.9897762259834                                                 1384.6895871719651                                              10.300189054018301
                      12       701.50240914403025     0.022296443246207748      0.11540650849972431       68.776139702422583       3.0299505000521565      0.96349647624557988     0.046492070124497346     0.086217036317389778   2.0696208102812048e-09       3.4908863374028734       3.4908863374028734       1396.0230456132547                                                 1385.0506636993607                                              10.972381913893953
                       2       699.69909605050952     0.022223807875211686      0.11744439814931908       68.203079282552636       3.0323062021082392       0.9612909627626256     0.045605168583543056     0.069371185287051274   2.0745019672978426e-09       3.4908863374028734       3.4908863374028734       1392.4164194262132                                                 1380.8115029764965                                               11.60491644971669
                       1       699.89443385816719      0.02220981866974896      0.11748247750251685        68.38614228346664       3.0469966036202063      0.96591999145514262     0.054635143080259609     0.064212410445781576   2.1052021812592141e-09       3.4908863374028734       3.4908863374028734       1392.8070950415286                                                 1382.1584271914944                                              10.648667850034135
                       1       699.35972504078165     0.022109076612073019      0.11775650643808348       68.402818232643909        3.059737828246667      0.96696969425414359     0.061949879873922788     0.027006897741098657   2.1321966411871833e-09       3.4908863374028734       3.4908863374028734       1391.7376774067575                                                 1381.1477512087661                                              10.589926197991392
                       6       699.69466326112331     0.022109076612073019      0.11775650643808348       68.402818232643909       3.0554600219419044      0.97084413051473462     0.061949879873922788     0.027006897741098657   2.1230949983647618e-09       3.4908863374028734       3.4908863374028734       1392.4075538474408                                                 1381.8176276494494                                              10.589926197991392
                       5       698.66202285221277     0.022117573310655517      0.11742287698772658       68.221679864498569       3.0408175108733118       0.9674893739908087     0.053449685132533051     0.045774165636417827   2.0922340486388883e-09       3.4908863374028734       3.4908863374028734       1390.3422730296197                                                 1379.1042250069268                                              11.238048022692935
                       1       698.59943031016326     0.022150361946077595      0.11761587263899262       68.219685001907607       3.0479858227838448      0.96672166923463199     0.056812910612962723      0.04441882689054176   2.1072857179675647e-09       3.4908863374028734       3.4908863374028734       1390.2170879455207                                                 1378.7509446978056                                              11.466143247715195
                       1       698.55777739669077     0.022150361946077595      0.11761587263899262       68.219685001907607       3.0477817392446216      0.96728762439035731     0.056812910612962723      0.04441882689054176   2.1068556995214233e-09       3.4908863374028734       3.4908863374028734       1390.1337821185757                                                 1378.6676388708606                                              11.466143247715195
                       7        698.5990378862374     0.022136257627650952      0.11768289040636078       68.230060392641008        3.048420178394041       0.9674412371715494     0.057216308448077138     0.037730077933657818   2.1082012281555495e-09       3.4908863374028734       3.4908863374028734        1390.216303097669                                                 1378.7915595198767                                              11.424743577792331
                       4       698.93902774907144     0.022136257627650952      0.11768289040636078       68.230060392641008       3.0552784341130121      0.95998724359065046     0.057216308448077138     0.037730077933657818   2.1227095051549737e-09       3.4908863374028734       3.4908863374028734       1390.8962828233371                                                 1379.4715392455448                                              11.424743577792331
                       2       698.61270075680102      0.02212863804912393      0.11790048702259348       68.246421146355928       3.0452854366435154      0.96082542114780267     0.051968850203492067     0.034946567107545221   2.1016029091634112e-09       3.4908863374028734       3.4908863374028734       1390.2436288387962                                                 1378.8551071443264                                              11.388521694469777
                       7       698.18121644796975      0.02212863804912393      0.11790048702259348       68.246421146355928       3.0401394845640346      0.96650238593613835     0.051968850203492067     0.034946567107545221   2.0908159397206513e-09       3.4908863374028734       3.4908863374028734       1389.3806602211337                                                 1377.9921385266639                                              11.388521694469777
                       1       698.11752826364921      0.02212863804912393      0.11790048702259348       68.246421146355928       3.0412548363404799      0.96585705690619661     0.051968850203492067     0.034946567107545221   2.0931492359744129e-09       3.4908863374028734       3.4908863374028734       1389.2532838524926                                                 1377.8647621580228                                              11.388521694469777
                       1       698.14819010323879      0.02212863804912393      0.11790048702259348       68.246421146355928       3.0398804523340468      0.96756568462482917     0.051968850203492067     0.034946567107545221   2.0902744211437016e-09       3.4908863374028734       3.4908863374028734       1389.3146075316718                                                  1377.926085837202                                              11.388521694469777
                       2       699.03881183986459     0.022297886150996423      0.11772293517653684       68.361873491149041        3.060051599141314      0.96032759406557733     0.060628197838689515     0.028235849176154522    2.132865767405528e-09       3.4908863374028734       3.4908863374028734       1391.0958510049234                                                 1379.6882107483118                                              11.407640256611591
                       2       699.21487457640796     0.022328507743427276      0.11814177210850135       68.227715466801442       3.0599055040330363      0.95809009589750405     0.059500219462347362     0.030313694104514979   2.1325541889108983e-09       3.4908863374028734       3.4908863374028734       1391.4479764780101                                                 1378.6699196782592                                              12.778056799750916
                       1       699.38577676607645     0.022271701476278268      0.11749804752846887       68.176313778605945       3.0391586775694228       0.9597711200411464     0.049471394325488825     0.052289238198184707   2.0887662581578476e-09       3.4908863374028734       3.4908863374028734       1391.7897808573471                                                 1379.5027180659235                                              12.287062791423587
                      11       699.28843970220498     0.022250967748730564      0.11759975458375974       68.178108969384212       3.0383082879107608      0.96023651617772932     0.049145592829270328     0.045984029693342927   2.0869907479772947e-09       3.4908863374028734       3.4908863374028734       1391.5951067296041                                                 1379.3179704928309                                              12.277136236773122
                       1       699.35347080960162     0.022250967748730564      0.11759975458375974       68.178108969384212       3.0360557040861997      0.96182722302590085     0.049145592829270328     0.045984029693342927   2.0822949172381811e-09       3.4908863374028734       3.4908863374028734       1391.7251689443974                                                 1379.4480327076242                                              12.277136236773122
                       4       698.61774120128837     0.022266052782966225      0.11894193671097486       68.257638799567957       3.0414327665208805      0.96137936761613818     0.050982225381177346   6.7875458595413607e-05   2.0935217035312023e-09       3.4908863374028734       3.4908863374028734       1390.2537097277709                                                 1377.3679401029819                                                12.8857696247889
                       5       699.23336867131684     0.022266052782966225      0.11894193671097486       68.257638799567957        3.044949191950181      0.95628757886670734     0.050982225381177346   6.7875458595413607e-05   2.1008963751285254e-09       3.4908863374028734       3.4908863374028734       1391.4849646678279                                                 1378.5991950430389                                                12.8857696247889
                      12       699.67598399064514     0.022266052782966225      0.11894193671097486       68.257638799567957       3.0559407163898733      0.94876396554216902     0.050982225381177346   6.7875458595413607e-05   2.1241158036710518e-09       3.4908863374028734       3.4908863374028734       1392.3701953064844                                                 1379.4844256816955                                                12.8857696247889
                       3       700.48877839602994     0.022065582918353831      0.11841425342580827       68.178508480395919       3.0450524831167618      0.95465386187508361     0.047667453350907975     0.001259184075431289    2.101113390373664e-09       3.4908863374028734       3.4908863374028734       1393.9957841172541                                                 1381.8772528007662                                              12.118531316487763
                       3       700.71236198188785     0.022140783941892641      0.11806551387262293       68.206801167061272       3.0474196890092182      0.95189969322070278     0.048264394266354316     0.012946884443071856   2.1060930499865032e-09       3.4908863374028734       3.4908863374028734       1394.4429512889699                                                 1382.4094702524208                                              12.033481036549052
                       3       699.92298146630674     0.022140783941892641      0.11806551387262293       68.206801167061272       3.0383919092778919      0.95739623899694615     0.048264394266354316     0.012946884443071856   2.0871652722937096e-09       3.4908863374028734       3.4908863374028734       1392.8641902578076                                                 1380.8307092212585                                              12.033481036549052
                       5       699.60766660935235     0.022156786573935328      0.11766139107195728       68.387877806829792       3.0370899080009806        0.958088239299688     0.048111023549524803    0.0097971505955036873   2.0844495487654516e-09       3.4908863374028734       3.4908863374028734       1392.2335605438989                                                 1381.3597626378426                                               10.87379790605627
                       1       699.30598779427987     0.022049187080807667      0.11781955145052117       68.214947496847472        3.043514814162763      0.96501410815895228     0.053215847945340816     0.034585699045046388   2.0978850562351404e-09       3.4908863374028734       3.4908863374028734       1391.6302029137539                                                 1380.4011138129408                                              11.229089100813198
                       2       698.85101656403197     0.022049187080807667      0.11781955145052117       68.214947496847472       3.0370769208997879      0.97339149347783172     0.053215847945340816     0.034585699045046388   2.0844224779840169e-09       3.4908863374028734       3.4908863374028734       1390.7202604532581                                                  1379.491171352445                                              11.229089100813198
                       1       698.82316698932379     0.022046351087301661      0.11801094931949874       68.268486495796651       3.0343624194383403      0.97354938507981725     0.051737019263308523     0.023278057182544672   2.0787719827297159e-09       3.4908863374028734       3.4908863374028734       1390.6645613038418                                                 1379.5929945525488                                              11.071566751293007
                       4       700.11908663558654     0.021957337217871211      0.11836158434646822       68.229706108357831        3.044043302388908       0.9758350687232703     0.057514288752369719    0.0028444528510755962   2.0989940568082267e-09       3.4908863374028734       3.4908863374028734       1393.2564005963673                                                 1382.0341424679657                                              11.222258128401515
                       3       700.77651245028574     0.022430550983780221      0.11912639495995818       68.105856325961753       3.0408994861197884      0.95744178687143933     0.049042949803202757     0.033766861399864012   2.0924055670707493e-09       3.4908863374028734       3.4908863374028734       1394.5712522257656                                                 1379.0338683780806                                              15.537383847685065
                       1       701.62271083024007     0.022393946226464855       0.1194059221098845       68.126418841536889       3.0350834723317361      0.95906698700785664     0.046285736667491369     0.023561241488127629   2.0802714278072131e-09       3.4908863374028734       3.4908863374028734       1396.2636489856743                                                 1380.9354605969195                                              15.328188388754764
                       3       702.08064825674671     0.022443724915202797      0.11948598232832339       68.272492988757008       3.0418901765852429      0.95858219485535712     0.049666948909547891     0.013089958320935067   2.0944795204692119e-09       3.4908863374028734       3.4908863374028734       1397.1795238386876                                                 1383.0213413313079                                               14.15818250737977
                       3       701.80849733297953     0.022460514214629176      0.11934449828927392       68.351223371010249       3.0435938094860902      0.95853524160191084     0.050665318139017569     0.011145992081435815   2.0980507858893084e-09       3.4908863374028734       3.4908863374028734       1396.6352219911532                                                 1383.2803961382347                                              13.354825852918657
                       3       701.62709597601258      0.02242536332705395      0.11928183468391258       68.356474329327284       3.0432719008966109      0.96016248983634556     0.051053620754700435     0.011206979154680602   2.0973755140139064e-09       3.4908863374028734       3.4908863374028734       1396.2724192772193                                                 1383.2504050872578                                              13.022014189961451
                       2        701.5929116651389     0.022400573003422904      0.11933476092718702       68.371072945888827       3.0427515952728186      0.96072622843522293     0.050991269341673681    0.0038318405127534009    2.096284521588121e-09       3.4908863374028734       3.4908863374028734        1396.204050655472                                                 1383.3603206555231                                              12.843729999948792
                       2       702.32402922109281       0.0222551328521037      0.11778321238403308       68.479633452063425       3.0109697191167122      0.96773302151983553     0.037430809834726783     0.037122655629473714   2.0307082546541505e-09       3.4908863374028734       3.4908863374028734       1397.6662857673798                                                 1387.0453268230667                                              10.620958944313132
                       1       704.22468452263422     0.022201142190025905      0.11854624945508381       68.157056937637947       3.0083225576132477      0.96730389192974486     0.035318401835376149     0.039850959938424219   2.0253397507211004e-09       3.4908863374028734       3.4908863374028734       1401.4675963704626                                                 1388.7744673336204                                              12.693129036842301
                       7       704.26850480234646     0.022201142190025905      0.11854624945508381       68.157056937637947       3.0147829014110821      0.96132750865095895     0.035318401835376149     0.039850959938424219   2.0384664978129179e-09       3.4908863374028734       3.4908863374028734       1401.5552369298871                                                 1388.8621078930448                                              12.693129036842301
                       9       704.28378993879471     0.022038889131124801      0.11950544119323461       67.660374336161269       3.0257914086608673      0.96329902193383621     0.041186061945626594     0.037589468395265099   2.0610309435885567e-09       3.4908863374028734       3.4908863374028734       1401.5858072027836                                                 1382.9876542004129                                              18.598153002370807
                       1       704.27894153184559     0.022038889131124801      0.11950544119323461       67.660374336161269       3.0254050744150107      0.96336191027624696     0.041186061945626594     0.037589468395265099   2.0602348505421837e-09       3.4908863374028734       3.4908863374028734       1401.5761103888854                                                 1382.9779573865146                                              18.598153002370807
                       2       701.68558622653995     0.021847777977759799      0.11835513222937016       68.122275451330808       3.0306282934458415       0.9746306355502774     0.048538776553099419     0.016458521749251699   2.0710240610971914e-09       3.4908863374028734       3.4908863374028734       1396.3893997782741                                                 1385.0667142907605                                              11.322685487513469
                       3       700.38206544840648     0.021906362207673748       0.1182170880639665        68.19767601681049       3.0302328971865684      0.97167339708380274     0.047600882704902661     0.010824213907971907    2.070205347799323e-09       3.4908863374028734       3.4908863374028734       1393.7823582220071                                                 1382.6760932076936                                               11.10626501431355
                      10       698.33660796687798     0.022110820655529856      0.11746299004592564       68.637530328109378       3.0365365344792807      0.96786732953065602     0.050166314148804861     0.012430354370346376   2.0832963886714043e-09       3.4908863374028734       3.4908863374028734       1389.6914432589501                                                 1379.3951826902346                                              10.296260568715411
                       5       698.66410057147402     0.022110820655529856      0.11746299004592564       68.637530328109378       3.0310038860016628      0.97349664604517605     0.050166314148804861     0.012430354370346376    2.071802068415199e-09       3.4908863374028734       3.4908863374028734       1390.3464284681422                                                 1380.0501678994267                                              10.296260568715411
                       1       698.41259018754192     0.022110820655529856      0.11746299004592564       68.637530328109378       3.0343864911377749      0.96940027120543781     0.050166314148804861     0.012430354370346376   2.0788220229063507e-09       3.4908863374028734       3.4908863374028734        1389.843407700278                                                 1379.5471471315627                                              10.296260568715411
                       6       698.38174979883081     0.022110820655529856      0.11746299004592564       68.637530328109378       3.0376014124377044      0.96765574636580676     0.050166314148804861     0.012430354370346376   2.0855160266886144e-09       3.4908863374028734       3.4908863374028734       1389.7817269228558                                                 1379.4854663541405                                              10.296260568715411
                       1        697.5404598486366     0.022250115482724875      0.11735893848507897       68.673858072634701       3.0435540751982213      0.96157713493034869     0.051504007400022096     0.015331346567189687    2.097967422991612e-09       3.4908863374028734       3.4908863374028734       1388.0991470224674                                                 1377.8032594664253                                              10.295887556042011
                       2       697.84498919190264     0.022250115482724875      0.11735893848507897       68.673858072634701       3.0464383243896451      0.95751313194263354     0.051504007400022096     0.015331346567189687   2.1040272186144231e-09       3.4908863374028734       3.4908863374028734       1388.7082057089995                                                 1378.4123181529574                                              10.295887556042011
                       3       698.25501256109578      0.02214912010734095      0.11742383241422051       68.538969045639192       3.0449194440881526      0.95931605264101372     0.051371623450539833     0.011345681918562578   2.1008338788825919e-09       3.4908863374028734       3.4908863374028734       1389.5282524473857                                                 1379.1757556721391                                              10.352496775246729
                       6       698.02572439799337     0.022184607565382146      0.11750636902564324        68.58461829935581       3.0471747007616243      0.95781438788621576     0.052076748432308279    0.0045374089483431754   2.1055771451388097e-09       3.4908863374028734       3.4908863374028734       1389.0696761211809                                                 1378.7204734886152                                              10.349202632565703
                       5       698.05005777019619     0.022185299151058324      0.11746420998827921       68.602672624893941        3.046795507995637       0.9579100061204161     0.051939824729508047    0.0042201498755592487   2.1047788768754851e-09       3.4908863374028734       3.4908863374028734       1389.1183428655866                                                 1378.7909072390573                                              10.327435626529123
                       6       697.97271643886802     0.022224158243744654       0.1172238849446556       68.705378791938244       3.0497431976715985      0.95790991165902362     0.053599746258526398    0.0085264172129739385   2.1109922649119723e-09       3.4908863374028734       3.4908863374028734       1388.9636602029302                                                 1378.6457490374928                                              10.317911165437367
                       1       697.89148286845898     0.022224158243744654       0.1172238849446556       68.705378791938244       3.0494666006938282      0.95836053868528448     0.053599746258526398    0.0085264172129739385   2.1104084515756255e-09       3.4908863374028734       3.4908863374028734       1388.8011930621121                                                 1378.4832818966747                                              10.317911165437367
                       3       698.20452080422467     0.022224158243744654       0.1172238849446556       68.705378791938244         3.04140402615019      0.96447411305955755     0.053599746258526398    0.0085264172129739385   2.0934615358060195e-09       3.4908863374028734       3.4908863374028734       1389.4272689336435                                                 1379.1093577682061                                              10.317911165437367
                       1       700.10432132969868     0.022224158243744654       0.1172238849446556       68.705378791938244       3.0420892576377589      0.96132161761028534     0.053599746258526398    0.0085264172129739385   2.0948965331649063e-09       3.4908863374028734       3.4908863374028734       1393.2268699845915                                                 1382.9089588191541                                              10.317911165437367
                       7       700.15296496361361     0.022204344221308944      0.11723468296235291       68.633497454320192       3.0431549875447348      0.96170545339521118     0.054261170060811444      0.01348854026385847   2.0971303171460937e-09       3.4908863374028734       3.4908863374028734       1393.3241572524214                                                 1383.0234943412809                                              10.300662911140497
                       8       699.34518237178349     0.022204344221308944      0.11723468296235291       68.633497454320192       3.0351716447880164      0.97214427874120668     0.054261170060811444      0.01348854026385847   2.0804548585353823e-09       3.4908863374028734       3.4908863374028734       1391.7085920687612                                                 1381.4079291576206                                              10.300662911140497
                       2       700.07591525637645      0.02222423687342337      0.11678870969007585       68.936395835738182       3.0330198425198684      0.97346747101951847     0.053924456734317158   0.00089721181580677302   2.0759829441153108e-09       3.4908863374028734       3.4908863374028734       1393.1700578379471                                                 1382.1330053903066                                              11.037052447640542
                       1        700.0594390235874      0.02222610667750697      0.11680968663364454        68.93600410846723       3.0330344482027836       0.9734423956792907     0.053902875648071467   0.00079800342592080344   2.0760132654853612e-09       3.4908863374028734       3.4908863374028734        1393.137105372369                                                   1382.11539947597                                              11.021705896399006
                       6       698.58419037068961      0.02222610667750697      0.11680968663364454        68.93600410846723       3.0424071790141074      0.96476643073851609     0.053902875648071467   0.00079800342592080344    2.095562651435046e-09       3.4908863374028734       3.4908863374028734       1390.1866080665734                                                 1379.1649021701744                                              11.021705896399006
                       5       699.58505525807254     0.022407643789638283       0.1165428781770626       69.113413271428428       3.0360914645965411      0.95819873060251226     0.048659608464220933    0.0029572025016915719   2.0823693824985526e-09       3.4908863374028734       3.4908863374028734       1392.1883378413393                                                 1380.7202842850199                                              11.468053556319317
                       6       699.72885811043489     0.022407643789638283       0.1165428781770626       69.113413271428428       3.0341760414557593      0.96299720397297717     0.048659608464220933    0.0029572025016915719   2.0783845815039795e-09       3.4908863374028734       3.4908863374028734       1392.4759435460639                                                 1381.0078899897446                                              11.468053556319317
                       2       702.14438525064065     0.022407643789638283       0.1165428781770626       69.113413271428428       3.0493206686291536      0.94511076436952179     0.048659608464220933    0.0029572025016915719   2.1101004977836929e-09       3.4908863374028734       3.4908863374028734       1397.3069978264755                                                 1385.8389442701562                                              11.468053556319317
                       1       702.14809746542187     0.022394115572635646      0.11650869295621959       69.132121287701708       3.0499940476663414      0.94571502553024911      0.04925349243930624    0.0007659683820583213   2.1115218737339355e-09       3.4908863374028734       3.4908863374028734       1397.3144222560379                                                 1385.6673715118106                                              11.647050744227345
                       1       703.59151145777719     0.022394115572635646      0.11650869295621959       69.132121287701708       3.0557558856844791        0.942825987055944      0.04925349243930624    0.0007659683820583213   2.1237232381289209e-09       3.4908863374028734       3.4908863374028734       1400.2012502407485                                                 1388.5541994965213                                              11.647050744227345
                       1       703.17723613225235     0.022439820886241565       0.1164036194542499       69.181480663622963        3.063335465797477      0.94355892946610609      0.05335262369669478     0.013561997944590272   2.1398813269577064e-09       3.4908863374028734       3.4908863374028734       1399.3726995896989                                                 1387.4524729397858                                              11.920226649913086
                       1       702.95569201539899      0.02244098805180083      0.11651526532536209       69.166460063725964       3.0638625221066937       0.9432883714269914      0.05347689284206681     0.011102138202527319   2.1410094621813335e-09       3.4908863374028734       3.4908863374028734       1398.9296113559922                                                 1387.1953837492099                                              11.734227606782213
                       3       703.31950643603466      0.02244098805180083      0.11651526532536209       69.166460063725964       3.0566046572150194      0.95469425685793785      0.05347689284206681     0.011102138202527319   2.1255265591477006e-09       3.4908863374028734       3.4908863374028734       1399.6572401972635                                                 1387.9230125904812                                              11.734227606782213
                      17       700.96450228322226      0.02244098805180083      0.11651526532536209       69.166460063725964       3.0370749856444728      0.96923981085895294      0.05347689284206681     0.011102138202527319   2.0844184440982409e-09       3.4908863374028734       3.4908863374028734       1394.9472318916387                                                 1383.2130042848564                                              11.734227606782213
                      13       700.05143826592393      0.02238171132273262      0.11685715002046056       68.916717848129309       3.0446657335211298       0.9688640695100702     0.057226898972780868     0.011902748085697299   2.1003009427365839e-09       3.4908863374028734       3.4908863374028734        1393.121103857042                                                 1382.5286144382771                                              10.592489418764847
                       1       700.55550411677416     0.022156781070599499      0.11680161051638434       68.968034015583768       3.0329127435509542      0.97930475691252994     0.054328538554336031    0.0033167508569963058   2.0757606203880459e-09       3.4908863374028734       3.4908863374028734       1394.1292355587425                                                 1382.6584395338393                                              11.470796024903253
                       1       700.57348992116556     0.022156138560034063      0.11680652640976366       68.970100530864968       3.0330581379869779      0.97932080731985549     0.054410020844874847    0.0028153818519087207   2.0760624463741451e-09       3.4908863374028734       3.4908863374028734       1394.1652071675253                                                 1382.6834909171419                                              11.481716250383503
                       2       700.48114572205679     0.022140090513544416      0.11720203532955993       68.803318368246508       3.0396321651306861      0.97930864874378143     0.057529361202171878    0.0063847272879922765   2.0897554971771757e-09       3.4908863374028734       3.4908863374028734       1393.9805187693078                                                 1383.3642056905137                                              10.616313078794031
                       4       699.76019318747274     0.022140090513544416      0.11720203532955993       68.803318368246508       3.0457875170372848      0.96964302872517183     0.057529361202171878    0.0063847272879922765   2.1026583477149207e-09       3.4908863374028734       3.4908863374028734       1392.5386137001396                                                 1381.9223006213456                                              10.616313078794031
                       1       698.41493177745258     0.022309931628578264      0.11718978595599334       68.711842862307449       3.0467089750158336        0.961943331541811     0.055571005754314999     0.022040465063384147   2.1045967519674612e-09       3.4908863374028734       3.4908863374028734       1389.8480908800993                                                 1379.5441653318637                                              10.303925548235535
                       1       701.57467363106559     0.022309931628578264      0.11718978595599334       68.711842862307449       3.0354044496532091      0.97142952737534782     0.055571005754314999     0.022040465063384147   2.0809392549309947e-09       3.4908863374028734       3.4908863374028734       1396.1675745873254                                                 1385.8636490390898                                              10.303925548235535
                       7       701.55800034651088     0.022241119254888968      0.11729590756901688        68.59874881425155         3.03557917321627      0.97222320422629138     0.055901950330807575     0.018213751368180753   2.0813028758177726e-09       3.4908863374028734       3.4908863374028734       1396.1342280182159                                                 1385.7921336578866                                              10.342094360329439
                       1       702.47173622369405     0.022412471097582688       0.1179060612440283       68.296961407158179       3.0417580396823398      0.96603667333644316     0.056480528973074082     0.049992847217330633   2.0942027807163529e-09       3.4908863374028734       3.4908863374028734       1397.9616997725823                                                 1385.6733347194545                                              12.288365053127844
                       3       702.39379743382722      0.02240228922039204       0.1178893341350347       68.289945793338291       3.0409479925556457        0.966537751223288     0.056207847320191684     0.051408655838333345   2.0925070646687993e-09       3.4908863374028734       3.4908863374028734       1397.8058221928486                                                 1385.5433717401279                                              12.262450452720781
                       2       702.64732598933199     0.022347770409066551      0.11822786951336411       68.127842201130662        3.041286876872789      0.96693216113289371     0.056286700586753273     0.048894941516941147   2.0932163026645564e-09       3.4908863374028734       3.4908863374028734       1398.3128793038582                                                 1384.6200146836518                                              13.692864620206301
                       2       702.96028568927397     0.022331155411734915      0.11834467727120226       68.063063517174712       3.0425236862723994      0.96698102354733695     0.056871481559705568      0.04899107144499093   2.0958068139172185e-09       3.4908863374028734       3.4908863374028734       1398.9387987037421                                                 1384.5535501490758                                              14.385248554666294
                       3       703.71846265970657     0.022331155411734915      0.11834467727120226       68.063063517174712       3.0471799600715985      0.96034778593557713     0.056871481559705568      0.04899107144499093   2.1055882190508114e-09       3.4908863374028734       3.4908863374028734       1400.4551526446073                                                  1386.069904089941                                              14.385248554666294
                       8       701.04577082024639     0.022331155411734915      0.11834467727120226       68.063063517174712       3.0541217027359946      0.95556210849705536     0.056871481559705568      0.04899107144499093   2.1202555200404824e-09       3.4908863374028734       3.4908863374028734        1395.109768965687                                                 1380.7245204110206                                              14.385248554666294
                       2       701.56156928015218      0.02228565557027826      0.11849009967094455        67.99019969440144       3.0569907838362287      0.95657528396505243     0.058616430340200025     0.046298799909245118   2.1263474400080522e-09       3.4908863374028734       3.4908863374028734       1396.1413658854985                                                 1381.0762281456816                                              15.065137739817027
                       2       699.90130490002537      0.02228565557027826      0.11849009967094455        67.99019969440144       3.0595387398730316      0.95700681209672267     0.058616430340200025     0.046298799909245118   2.1317721878788798e-09       3.4908863374028734       3.4908863374028734       1392.8208371252449                                                  1377.755699385428                                              15.065137739817027
                       1       700.05740259235961     0.022520281784667175      0.11721899978603516       68.421151466352086       3.0476949839305814      0.95478562527437616     0.052289170541626101     0.083524942026490079    2.106672926521953e-09       3.4908863374028734       3.4908863374028734       1393.1330325099134                                                 1381.8385393684405                                              11.294493141472831
                       1        700.0753054825891     0.022530186170060317      0.11683381191917731       68.437337247308008       3.0477740134083069      0.95413163247746158     0.052414535574918028      0.09114842387681453   2.1068394223620275e-09       3.4908863374028734       3.4908863374028734       1393.1688382903724                                                 1382.0998692274666                                              11.068969062905722
                       1       701.06344999137923     0.022281091055827585      0.11633634767172644        68.11085135557029        3.053317763707748      0.96528513106861025      0.05883655630357959      0.13560901578318207   2.1185516488741021e-09       3.4908863374028734       3.4908863374028734       1395.1451273079526                                                 1383.6950251239882                                               11.45010218396445
                       2       701.21060514596422     0.022099484627303451      0.11577609438475957       68.318257260571116       3.0404642537882194       0.9729625293788392     0.054990867071395146      0.12059386215306922   2.0914950826677022e-09       3.4908863374028734       3.4908863374028734       1395.4394376171226                                                 1385.1494956017832                                              10.289942015339403
                       1        701.4956372295328     0.022099484627303451      0.11577609438475957       68.318257260571116       3.0389444876639193      0.97357352839939659     0.054990867071395146      0.12059386215306922   2.0883189134204675e-09       3.4908863374028734       3.4908863374028734       1396.0095017842598                                                 1385.7195597689204                                              10.289942015339403
                       2       702.17577176444979      0.02225468603669329      0.11545542304260005       69.171398221448186       3.0448284559361398      0.96582004409802757     0.056746456388395573     0.025253661440503922   2.1006427365862402e-09       3.4908863374028734       3.4908863374028734       1397.3697708540938                                                  1383.757200560314                                              13.612570293779783
                      20       700.85462836660565     0.022120572426584165      0.11621538859537438       69.035207511696768       3.0452090315072002      0.96929926445754799     0.057578445190088437    0.0031974496807374263   2.1014423420408103e-09       3.4908863374028734       3.4908863374028734       1394.7274840584055                                                 1382.3002329656115                                              12.427251092794057
                       2        700.3462242007821     0.022286350939926383      0.11676000784238298       68.895436937528189       3.0609527118603261      0.96234134491986523     0.063247700243919153    0.0094729574683168269   2.1347885860845554e-09       3.4908863374028734       3.4908863374028734       1393.7106757267584                                                 1382.9781538621937                                              10.732521864564571
                       1        700.1309483139413     0.022286350939926383      0.11676000784238298       68.895436937528189       3.0581170748769635      0.96740103154378188     0.063247700243919153    0.0094729574683168269   2.1287436752550597e-09       3.4908863374028734       3.4908863374028734       1393.2801239530768                                                 1382.5476020885121                                              10.732521864564571
                       3       700.42085834300087     0.022246945196374858      0.11680582132977586       68.851898254657712       3.0596274267005401       0.9685835573353152      0.06438577764754029    0.0088271072823885195   2.1319612563750125e-09       3.4908863374028734       3.4908863374028734       1393.8599440111959                                                 1383.2076177717029                                              10.652326239493087
                       3       698.51457850203963     0.022295234468894292      0.11678192783691045       68.682441444364983       3.0375332013152185       0.9660250367778217     0.051783524832275399     0.033713909107776149   2.0853737761510617e-09       3.4908863374028734       3.4908863374028734       1390.0473843292734                                                 1379.7304366942071                                              10.316947635066397
                       6       698.13113578002572     0.022339820925154286      0.11722604096191508       68.646624752065193        3.038633180951702        0.963414054763709     0.051276434222023159     0.023696048873059677    2.087668906906414e-09       3.4908863374028734       3.4908863374028734       1389.2804988852456                                                 1378.9158621186646                                              10.364636766580999
                       2       697.95809917076781     0.022306430933682141      0.11732795863618925       68.599985169988983       3.0378368875721486      0.96445898170459199     0.051100502326927352     0.023274118652312058   2.0860071716793317e-09       3.4908863374028734       3.4908863374028734       1388.9344256667298                                                 1378.5296860474302                                              10.404739619299546
                      24       697.65718594024554     0.022277231709522484      0.11741071920742598       68.734080344152844       3.0418487395448355      0.96575693083565617     0.053692621021792397    0.0031064115317026887   2.0943927332348054e-09       3.4908863374028734       3.4908863374028734       1388.3325992056853                                                 1378.0202768443903                                              10.312322361294862
                       2        697.6086748143299     0.022260241538492619      0.11745581996823931       68.693992628265178       3.0415545106017503      0.96604727313375449      0.05359453176131946    0.0037036229341549922    2.093776592922102e-09       3.4908863374028734       3.4908863374028734        1388.235576953854                                                 1377.9259663054202                                              10.309610648433868
                       5       697.61443419726254      0.02225754043047223      0.11745093179060133       68.695414498866285       3.0416481435386427      0.96616096882584712     0.053684314227146972      0.00352635530776595   2.0939726485521829e-09       3.4908863374028734       3.4908863374028734       1388.2470957197193                                                 1377.9385503188651                                              10.308545400854133
                       9       698.95793111674641      0.02225754043047223      0.11745093179060133       68.695414498866285       3.0561129714783513      0.95510768173891369     0.053684314227146972      0.00352635530776595    2.124481724941746e-09       3.4908863374028734       3.4908863374028734        1390.934089558687                                                 1380.6255441578328                                              10.308545400854133
                       1       701.89561298945534      0.02217761247554751      0.11802014891827088       68.019399682445709       3.0445953010828828      0.95575082945292777     0.047009819466269816     0.053602005987116716   2.1001530186295237e-09       3.4908863374028734       3.4908863374028734       1396.8094533041049                                                 1383.3931591509674                                              13.416294153137489
                       2       701.98853907744433     0.022221367346541364      0.11806847486778574       68.017901843746827       3.0456852098536471      0.95388415401882864     0.046970179839514944     0.054039757345000938   2.1024432416648486e-09       3.4908863374028734       3.4908863374028734       1396.9953054800828                                                 1383.2159722368401                                              13.779333243242641
                       2       701.19192028316559     0.022217867055729781      0.11805185656794751       68.060606317138266       3.0506556331394363       0.9543222977153516     0.049767630311129525     0.049755296964760005   2.1129192881352836e-09       3.4908863374028734       3.4908863374028734       1395.4020678915253                                                 1382.0544987117664                                              13.347569179758866
                       3       701.18346091030526     0.022222801786069411      0.11808053134019457       68.061038735065893       3.0507078863778858      0.95414329439542833     0.049718299770051093     0.049288922766832735   2.1130296978952795e-09       3.4908863374028734       3.4908863374028734       1395.3851491458047                                                 1381.9831427779347                                              13.402006367869953
                       2       698.95453624510003     0.022222801786069411      0.11808053134019457       68.061038735065893       3.0382852262987745       0.9618961471744254     0.049718299770051093     0.049288922766832735   2.0869426191614117e-09       3.4908863374028734       3.4908863374028734       1390.9272998153942                                                 1377.5252934475243                                              13.402006367869953
                       5       700.75341110413615     0.022178831316999627      0.11809239350318551       67.831872424642114       3.0324560101647502      0.96222347295658683     0.046636735095702611     0.067536818797852699   2.0748127676854117e-09       3.4908863374028734       3.4908863374028734       1394.5250495334665                                                 1379.0089257131719                                              15.516123820294434
                       1       701.21693650993393     0.022178831316999627      0.11809239350318551       67.831872424642114       3.0266083191275728      0.96918099853383299     0.046636735095702611     0.067536818797852699   2.0627153092328699e-09       3.4908863374028734       3.4908863374028734        1395.452100345062                                                 1379.9359765247675                                              15.516123820294434
                       5       701.12434106612807     0.022159879046572479      0.11711468372107273       68.101651604736873        3.017694706770937      0.97255821040744184     0.043667472613971615      0.07664755639088755   2.0444107655625543e-09       3.4908863374028734       3.4908863374028734       1395.2669094574503                                                 1383.4509899582338                                              11.815919499216587
                       1       700.46830859986392     0.022212251915042537      0.11735054549585469       68.273534863909575       3.0191692610261729      0.97286292004503816      0.04434895218397792     0.065258183077082407   2.0474275838408546e-09       3.4908863374028734       3.4908863374028734        1393.954844524922                                                 1382.8305550936984                                              11.124289431223621
                       4       700.11279045313177     0.022212251915042537      0.11735054549585469       68.273534863909575       3.0209426821007015      0.97086622585665228      0.04434895218397792     0.065258183077082407   2.0510617565734028e-09       3.4908863374028734       3.4908863374028734       1393.2438082314577                                                 1382.1195188002341                                              11.124289431223621
                       1       699.93719185616658     0.022277839911754221      0.11767498889070137        68.58309428104792       3.0235066549364196      0.97003586945119036     0.045360303950300301     0.032030054092335163   2.0563273707628501e-09       3.4908863374028734       3.4908863374028734       1392.8926110375273                                                 1382.5055309815052                                              10.387080056022043
                       2       698.79451110022671     0.022421978947791833       0.1173306818997964       68.776348030641387       3.0344393362373028      0.96408806753745036     0.049678980806259335     0.022813329525317071   2.0789318813657671e-09       3.4908863374028734       3.4908863374028734       1390.6072495256476                                                 1380.2939187434201                                              10.313330782227499
                       2       698.16779495107767     0.022421978947791833       0.1173306818997964       68.776348030641387       3.0396899104217452      0.95834348144384984     0.049678980806259335     0.022813329525317071   2.0898761742008338e-09       3.4908863374028734       3.4908863374028734       1389.3538172273495                                                  1379.040486445122                                              10.313330782227499
                       4       697.57398634610058     0.022314432723754454      0.11786911674239456       68.597540658090523       3.0383910476696196      0.95951320990353639     0.049097319612716073    0.0069012125347076916   2.0871634739756199e-09       3.4908863374028734       3.4908863374028734       1388.1662000173953                                                 1377.6155958555648                                              10.550604161830519
                       3       698.18410511956779      0.02240102439360369      0.11784403454089448       68.627821175593695       3.0364176367065867      0.95548859440926992     0.046862512730069542    0.0060679374994204302   2.0830487040957937e-09       3.4908863374028734       3.4908863374028734       1389.3864375643298                                                 1378.7223575509142                                              10.664080013415425
                       3       698.46357543620707      0.02240102439360369      0.11784403454089448       68.627821175593695       3.0317282246280874      0.96046115746820815     0.046862512730069542    0.0060679374994204302   2.0733032983134222e-09       3.4908863374028734       3.4908863374028734       1389.9453781976083                                                 1379.2812981841928                                              10.664080013415425
                       1       698.78397862308248     0.022093012390181313      0.11713830536724765       68.514592637070137       3.0339136374774425      0.97206843558401657     0.052132442787750137     0.017422077014822807   2.0778392766695285e-09       3.4908863374028734       3.4908863374028734       1390.5861845713591                                                 1380.2792693176702                                              10.306915253688835
                       1       698.79390784560269     0.022087815017336185        0.117153105233216       68.531895320871172        3.032840952500393       0.9721097203699135     0.051596405698651898     0.013949601395978671   2.0756116047014548e-09       3.4908863374028734       3.4908863374028734       1390.6060430163996                                                 1380.3077591236317                                              10.298283892767797
                      12       699.34768800360712     0.022087815017336185        0.117153105233216       68.531895320871172       3.0311064317786629      0.97240596779354183     0.051596405698651898     0.013949601395978671   2.0720145338616256e-09       3.4908863374028734       3.4908863374028734       1391.7136033324084                                                 1381.4153194396406                                              10.298283892767797
                       9       698.52232839378644     0.022087815017336185        0.117153105233216       68.531895320871172       3.0362386388978946      0.96877801163600474     0.051596405698651898     0.013949601395978671    2.082675876311035e-09       3.4908863374028734       3.4908863374028734       1390.0628841127671                                                 1379.7646002199992                                              10.298283892767797
                       2       700.34908507078899     0.021986338486071254       0.1165152410688912       68.555269159925913       3.0398990784392166      0.97385188217744278     0.055510142728161294      0.02761773511619154    2.090313355177497e-09       3.4908863374028734       3.4908863374028734       1393.7163974667722                                                 1383.3054444835657                                              10.410952983206446
                       8        700.5891886323119     0.022049564431032061      0.11656979981381428       68.682288751633834       3.0460280099985528       0.9702245074628123     0.057770726514903316    0.0070366017101900664   2.1031640830579552e-09       3.4908863374028734       3.4908863374028734        1394.196604589818                                                  1383.632374796118                                              10.564229793699868
                       4       700.62770457627903     0.022049564431032061      0.11656979981381428       68.682288751633834       3.0452044749745197      0.97102584559755167     0.057770726514903316    0.0070366017101900664   2.1014327667719181e-09       3.4908863374028734       3.4908863374028734       1394.2736364777522                                                 1383.7094066840523                                              10.564229793699868
                       1       700.57811954724764     0.022034694089282807      0.11659451377015416       68.673774522861592       3.0447327196351073      0.97163537919678411      0.05768920578798533    0.0067448003305215143    2.100441638447198e-09       3.4908863374028734       3.4908863374028734       1394.1744664196895                                                 1383.6141546947406                                              10.560311724948924
                       1       700.42396656907283     0.022044580391617309      0.11675366180101202       68.550116050712518       3.0478571067278204       0.9712173110102269     0.058996900689357361     0.017135978469155051   2.1070144939168513e-09       3.4908863374028734       3.4908863374028734       1393.8661604633398                                                 1383.5522458352443                                              10.313914628095473
                       7       700.13433253451205     0.022008585862010266      0.11690447892862076       68.513172868915746       3.0476516335907062      0.97297514234048121     0.059287486260689554     0.017287250758896144   2.1065816035140383e-09       3.4908863374028734       3.4908863374028734       1393.2868923942183                                                 1382.9947832596879                                              10.292109134530346
                       4       699.86972981806412     0.022051581413668371      0.11696688006449511       68.495405900676076       3.0482979665504848      0.97088079003649252     0.058937444000949635     0.017941026783226479   2.1079435967399952e-09       3.4908863374028734       3.4908863374028734       1392.7576869613224                                                 1382.4612383566457                                                10.2964486046767
                       8       700.01706519826178     0.022051581413668371      0.11696688006449511       68.495405900676076       3.0469544887642854      0.97339008775111191     0.058937444000949635     0.017941026783226479   2.1051135228395977e-09       3.4908863374028734       3.4908863374028734       1393.0523577217177                                                  1382.755909117041                                                10.2964486046767
                       1       700.65360354776544     0.022044443205553571      0.11645877265728796        68.64607039279295       3.0349060470811744      0.97395026706327426     0.053183148915093299     0.017129486694996955   2.0799023678691425e-09       3.4908863374028734       3.4908863374028734       1394.3254344207251                                                 1383.8027208111762                                              10.522713609548882
                       2       700.67045222178263     0.022044443205553571      0.11645877265728796        68.64607039279295       3.0361516652843701      0.97333150393738421     0.053183148915093299     0.017129486694996955   2.0824947463411504e-09       3.4908863374028734       3.4908863374028734       1394.3591317687594                                                 1383.8364181592106                                              10.522713609548882
                       1          700.87145990053     0.022044443205553571      0.11645877265728796        68.64607039279295        3.033999898652417      0.97534468341363501     0.053183148915093299     0.017129486694996955   2.0780185212577553e-09       3.4908863374028734       3.4908863374028734       1394.7611471262542                                                 1384.2384335167053                                              10.522713609548882
                       2       700.80958782403673     0.022044443205553571      0.11645877265728796        68.64607039279295       3.0339317663397707      0.97513470829496884     0.053183148915093299     0.017129486694996955   2.0778769458731642e-09       3.4908863374028734       3.4908863374028734       1394.6374029732676                                                 1384.1146893637188                                              10.522713609548882
                       3       701.03506889851667     0.022038182802732387       0.1163800465900906       68.698513223409762       3.0315265765230985       0.9754225664717654     0.052096693158809194      0.01328712396167037   2.0728852627817032e-09       3.4908863374028734       3.4908863374028734       1395.0883651222275                                                 1384.3795064149281                                              10.708858707299468
                       1       701.15546119333123     0.022038182802732387       0.1163800465900906       68.698513223409762       3.0303611683751677      0.97634669429736931     0.052096693158809194      0.01328712396167037   2.0704709125317177e-09       3.4908863374028734       3.4908863374028734       1395.3291497118566                                                 1384.6202910045572                                              10.708858707299468
                       1       701.20103969503191     0.022102991265998816      0.11818380150978307       67.787744053085632       3.0283541518572834      0.97177761620402847     0.047727662928853193     0.067441683852326947   2.0663196104698651e-09       3.4908863374028734       3.4908863374028734        1395.420306715258                                                 1379.9296526755365                                              15.490654039721392
                       3       701.92479746248114      0.02207657662988417      0.11811213005177588       67.714477722467507       3.0260042933345082      0.97188774947688394      0.04657621602497114     0.072057816015289058   2.0614697521945026e-09       3.4908863374028734       3.4908863374028734       1396.8678222501565                                                 1380.7417725875507                                              16.126049662605752
                       1       701.66159047384599      0.02207657662988417      0.11811213005177588       67.714477722467507       3.0282768666685853      0.96758593827684725      0.04657621602497114     0.072057816015289058   2.0661599207397649e-09       3.4908863374028734       3.4908863374028734       1396.3414082728862                                                 1380.2153586102804                                              16.126049662605752
                       3       701.70935748081558     0.022111825728477998       0.1180402937409266       67.783460197576005       3.0240183486407792       0.9666976176765717     0.044105517299145483     0.071373245931302939   2.0573798497830518e-09       3.4908863374028734       3.4908863374028734       1396.4369422868253                                                  1380.991306700424                                              15.445635586401199
                       2       701.69207728606307     0.022111825728477998       0.1180402937409266       67.783460197576005       3.0243252660782662      0.96643759106953653     0.044105517299145483     0.071373245931302939   2.0580113924452549e-09       3.4908863374028734       3.4908863374028734       1396.4023818973203                                                  1380.956746310919                                              15.445635586401199
                       2       702.67244676390931     0.021993866994113907      0.11858990604039359       67.626145496187846       3.0254874194028814      0.96964558676791857     0.045356001707625583      0.06037040310483964   2.0604045075410684e-09       3.4908863374028734       3.4908863374028734       1398.3631208530128                                                 1381.0829259492482                                              17.280194903764624
                       7       702.58137252250469     0.021993866994113907      0.11858990604039359       67.626145496187846       3.0251143794051791      0.97068353917279915     0.045356001707625583      0.06037040310483964   2.0596360375922347e-09       3.4908863374028734       3.4908863374028734       1398.1809723702036                                                  1380.900777466439                                              17.280194903764624
                       4       702.78000494105902     0.021993866994113907      0.11858990604039359       67.626145496187846       3.0273169577548025      0.97061174761313296     0.045356001707625583      0.06037040310483964   2.0641775470158672e-09       3.4908863374028734       3.4908863374028734       1398.5782372073122                                                 1381.2980423035476                                              17.280194903764624
                       1       702.76781143713788     0.021993866994113907      0.11858990604039359       67.626145496187846       3.0273351969894393      0.97056195381052313     0.045356001707625583      0.06037040310483964    2.064215196377826e-09       3.4908863374028734       3.4908863374028734       1398.5538501994699                                                 1381.2736552957053                                              17.280194903764624
                       2       701.93452963303753     0.022269826624009361      0.11891902908403826       67.842469773399273       3.0348124645714374      0.95766075528120687     0.045344171104639369     0.028907426566320678   2.0797077344928312e-09       3.4908863374028734       3.4908863374028734       1396.8872865912692                                                 1379.0602166222618                                              17.827069969007322
                       1       702.67367257938577     0.022269826624009361      0.11891902908403826       67.842469773399273       3.0417346467516904      0.95180810206819411     0.045344171104639369     0.028907426566320678   2.0941537917489377e-09       3.4908863374028734       3.4908863374028734       1398.3655724839657                                                 1380.5385025149583                                              17.827069969007322
                       1        701.9580785431408     0.022269826624009361      0.11891902908403826       67.842469773399273       3.0392001811802496      0.95114929248414659     0.045344171104639369     0.028907426566320678   2.0888529512987608e-09       3.4908863374028734       3.4908863374028734       1396.9343844114758                                                 1379.1073144424684                                              17.827069969007322
                      10       701.66661512322548     0.022321046812119567       0.1185920118167243       68.529580621779473       3.0731992022554242      0.95816968597846897      0.06568574350493693   0.00042537168370940584   2.1610929935836801e-09       3.4908863374028734       3.4908863374028734       1396.3514575716451                                                 1385.3359632720887                                              11.015494299556394
                       4        700.5081058944678     0.022002945661767307       0.1178455291058476       68.357047498036081       3.0600983652257625      0.96988512240643221     0.062890052553572939     0.021003020458840321   2.1329655155185201e-09       3.4908863374028734       3.4908863374028734       1394.0344391141298                                                 1383.4817915582737                                              10.552647555856133
                       1       700.54453951241874     0.022237657340825421      0.11837502928145449       68.520377734783551       3.0669274959226422      0.96189389252227286     0.063650943396760667    0.0062114638186163019   2.1475816667951689e-09       3.4908863374028734       3.4908863374028734       1394.1073063500316                                                 1383.3911200716436                                              10.716186278388065
                       1       700.90338092031288     0.022231150350531075      0.11834775239228269       68.537435398941923       3.0685945774286547       0.9621142270026517     0.064640678321277872    0.0039700124430220455   2.1511648463708833e-09       3.4908863374028734       3.4908863374028734       1394.8249891658199                                                 1384.1833631510278                                              10.641626014792147
                       3       701.00276196888206     0.022229274555114514      0.11832959262981425       68.561507485777099       3.0680126159050083      0.96230823722180658     0.064418033775989175    0.0022246130800490068   2.1499133154060308e-09       3.4908863374028734       3.4908863374028734       1395.0237512629583                                                 1384.4634168606735                                              10.560334402284766
                       1       704.19658577717837     0.022229274555114514      0.11832959262981425       68.561507485777099        3.060928902688155       0.9653352946107151     0.064418033775989175    0.0022246130800490068   2.1347377591406366e-09       3.4908863374028734       3.4908863374028734       1401.4113988795509                                                 1390.8510644772662                                              10.560334402284766
                       8        704.1128874793676     0.022229274555114514      0.11832959262981425       68.561507485777099       3.0614887436057741      0.96479626514740291     0.064418033775989175    0.0022246130800490068     2.13593320728576e-09       3.4908863374028734       3.4908863374028734       1401.2440022839294                                                 1390.6836678816446                                              10.560334402284766
                       1       706.21362982666381     0.022229274555114514      0.11832959262981425       68.561507485777099       3.0535811122808143      0.98073120857519647     0.064418033775989175    0.0022246130800490068   2.1191096398976453e-09       3.4908863374028734       3.4908863374028734       1405.4454869785218                                                  1394.885152576237                                              10.560334402284766
                       5       707.08193369701519     0.022294944958429503      0.11753353815504676       68.658450453273218       3.0525968526775946      0.98158901337417426     0.064503737799887717     0.035087224458121104   2.1170249120093238e-09       3.4908863374028734       3.4908863374028734       1407.1820947192246                                                 1396.8920646780211                                              10.290030041203401
                       1       706.98901938710503      0.02232323967304246      0.11710862945881413       68.805866887194171       3.0497491578335794      0.98184291494652753     0.063378365155612348     0.038580149207584721   2.1110048468053062e-09       3.4908863374028734       3.4908863374028734       1406.9962660994042                                                 1396.5793071016819                                              10.416958997722409
                       1       705.82913197649634     0.022339013488581839      0.11727474985990063       68.864434116395188       3.0463503050608853      0.98030519959824458     0.061104582834906114      0.02360347864367815   2.1038420317010814e-09       3.4908863374028734       3.4908863374028734       1404.6764912781869                                                 1394.2155547215411                                              10.460936556645818
                       2       705.28849072850358     0.022248370178760937      0.11689252630641592       68.826818135770552       3.0488814596027392      0.98262372312031154     0.063507705752671076     0.025797968540805814   2.1091739260926449e-09       3.4908863374028734       3.4908863374028734       1403.5952087822013                                                 1392.9914820429046                                              10.603726739296603
                       4       703.04819881275625     0.022248370178760937      0.11689252630641592       68.826818135770552       3.0584775951055789      0.97428562207449498     0.063507705752671076     0.025797968540805814   2.1295112687697071e-09       3.4908863374028734       3.4908863374028734       1399.1146249507067                                                   1388.51089821141                                              10.603726739296603
                       2        702.4733512407505     0.021910504509284272      0.11718861247006776       68.562333820898019       3.0464265019695196      0.98284962756743588      0.05980998524109904    0.0062479706503948233   2.1040023440677279e-09       3.4908863374028734       3.4908863374028734       1397.9649298066952                                                 1387.5765280567382                                              10.388401749957051
                       6       701.60531021200075     0.021910504509284272      0.11718861247006776       68.562333820898019       3.0454665435449293       0.9769175396791645      0.05980998524109904    0.0062479706503948233   2.1019835584223556e-09       3.4908863374028734       3.4908863374028734       1396.2288477491957                                                 1385.8404459992387                                              10.388401749957051
                       1       699.68649053280387     0.022130500196760026      0.11648818943034131       68.794820161299782       3.0294168078868813      0.97014874925854877     0.049667292434897536     0.023850852037337146   2.0685165645595223e-09       3.4908863374028734       3.4908863374028734       1392.3912083908019                                                 1381.5163952466505                                              10.874813144151439
                       5       700.20795721603395     0.022130500196760026      0.11648818943034131       68.794820161299782       3.0246414835818172       0.9748871206341142     0.049667292434897536     0.023850852037337146   2.0586622745747906e-09       3.4908863374028734       3.4908863374028734       1393.4341417572621                                                 1382.5593286131107                                              10.874813144151439
                       3       700.82802015102811      0.02212742379730679      0.11622696060373024       68.891948485089884       3.0232380125811402      0.97593291814274219      0.04944210453205071     0.024393360113657465   2.0557750283293509e-09       3.4908863374028734       3.4908863374028734       1394.6742676272504                                                 1383.1612932413127                                              11.512974385937717
                       4       700.78078391670442     0.022124607317578853      0.11628443208393562       68.890247501509634       3.0227342381322102      0.97610959580249879     0.049186478592836272     0.023336414604045591    2.054739642219761e-09       3.4908863374028734       3.4908863374028734        1394.579795158603                                                 1383.0983044765551                                              11.481490682047822
                       2       700.85382111702972     0.022181657687238336      0.11639959401050599       68.826968520951411       3.0172351117294971      0.97290065120167812     0.045195624952072355     0.027066111031017661   2.0434713803969529e-09       3.4908863374028734       3.4908863374028734       1394.7258695592536                                                 1383.8126033517697                                              10.913266207483897
                       1       699.94568439495436     0.022181657687238336      0.11639959401050599       68.826968520951411       3.0246600310746463       0.9681822154160038     0.045195624952072355     0.027066111031017661   2.0587004579526679e-09       3.4908863374028734       3.4908863374028734       1392.9095961151029                                                 1381.9963299076189                                              10.913266207483897
                       5       699.93974812685747      0.02218328339904874      0.11639342925183867       68.827671776000599       3.0248081623352485      0.96811567142836963     0.045257806902311661     0.027200182467489467   2.0590054384347206e-09       3.4908863374028734       3.4908863374028734       1392.8977235789091                                                 1381.9834105930345                                              10.914312985874563
                       5       700.79630233159196      0.02218328339904874      0.11639342925183867       68.827671776000599       3.0166028710738892      0.97442906421089492     0.045257806902311661     0.027200182467489467   2.0421798230422517e-09       3.4908863374028734       3.4908863374028734       1394.6108319883781                                                 1383.6965190025035                                              10.914312985874563
                      10       700.70299027563567     0.022175458278665294      0.11649376659833012       68.816009342060937       3.0160322334426466       0.9746835845852353     0.044963969229948358     0.025245899779845069   2.0410148108169809e-09       3.4908863374028734       3.4908863374028734       1394.4242078764655                                                 1383.5799931034096                                              10.844214773055931
                       1       700.68677122743952     0.022150056637272871      0.11741402600977248       68.282730940332954       3.0172253871623775       0.9706407403822751      0.04363104403780331     0.035248419522256991   2.0434515086189797e-09       3.4908863374028734       3.4908863374028734       1394.3917697800732                                                 1383.2823173725712                                              11.109452407501905
                       7       700.66197846580246     0.022160055455414798      0.11744876825110352       68.289001362382194       3.0170604621202042       0.9702453427069504     0.043400236481466112     0.034162725592736476   2.0431145200824296e-09       3.4908863374028734       3.4908863374028734       1394.3421842567991                                                 1383.2097461634896                                              11.132438093309391
                       2       700.20662260011306     0.022160055455414798      0.11744876825110352       68.289001362382194       3.0202340829538645      0.96862005879394431     0.043400236481466112     0.034162725592736476     2.04960889077311e-09       3.4908863374028734       3.4908863374028734       1393.4314725254203                                                 1382.2990344321108                                              11.132438093309391
                       1        698.7895271106205      0.02227089585891591      0.11755502306006606       68.341987180773316       3.0434621419822387      0.96554251292768878     0.054594992992982441     0.033706403097977976    2.097774558964831e-09       3.4908863374028734       3.4908863374028734       1390.5972815464352                                                 1379.2885742601579                                               11.30870728627721
                       5       698.71464263341056     0.022377177869795178      0.11709703881823166       68.934380948850119       3.0363126292417562      0.96627568638308237     0.051472994374469117    0.0093268855140378262   2.0828299799162945e-09       3.4908863374028734       3.4908863374028734       1390.4475125920153                                                 1379.8632813849906                                              10.584231207024661
                       4        698.8254150418577     0.022237882311752215      0.11697148320608829       68.862315014820609       3.0304379998130022      0.97169010361943975     0.050112469223084675     0.014038252384042056   2.0706299959001458e-09       3.4908863374028734       3.4908863374028734       1390.6690574089096                                                 1379.9860258545839                                              10.683031554325638
                       3       699.21440529157826     0.022383531930776416      0.11702312044416996        68.87901411583772       3.0278922399885388       0.9631363954384663     0.046247452262642631    0.0042818179688114983   2.0653653733208685e-09       3.4908863374028734       3.4908863374028734       1391.4470379083507                                                  1380.988709366892                                              10.458328541458744
                       4       698.88600089021179     0.022360905735063517       0.1179726516261073       68.498769649016054        3.027925729193977      0.96143388113145833     0.044963397071552537    0.0088472510471797189    2.065434541924355e-09       3.4908863374028734       3.4908863374028734       1390.7902291056178                                                 1379.6703139882216                                               11.11991511739628
                       2       699.04142233229993     0.022360905735063517       0.1179726516261073       68.498769649016054       3.0267378931602549      0.96225487408947308     0.044963397071552537    0.0088472510471797189   2.0629826008904172e-09       3.4908863374028734       3.4908863374028734        1391.101071989794                                                 1379.9811568723978                                               11.11991511739628
                       3       699.01038554501952     0.022360905735063517       0.1179726516261073       68.498769649016054       3.0305594751970855      0.95679461809400512     0.044963397071552537    0.0088472510471797189   2.0708815417521973e-09       3.4908863374028734       3.4908863374028734       1391.0389984152332                                                  1379.919083297837                                               11.11991511739628
                       1       699.23941211470651     0.022360905735063517       0.1179726516261073       68.498769649016054       3.0336163870113739      0.95344485927417522     0.044963397071552537    0.0088472510471797189   2.0772217297637225e-09       3.4908863374028734       3.4908863374028734       1391.4970515546072                                                  1380.377136437211                                               11.11991511739628
                       1       701.87323456614888      0.02252462381037143       0.1167960352381066       68.817613228591824       3.0659942246889855      0.95090681133187205     0.062052857266809071     0.026736603445971896   2.1455783255793927e-09       3.4908863374028734       3.4908863374028734       1396.7646964574919                                                 1386.3788944522403                                              10.385802005251746
                      14       702.92643023548044     0.022569743540858406        0.116619664646031       68.879709501918697       3.0638457304056743      0.94867958894376869     0.060414086569989325      0.02466065806470509   2.1409735112924036e-09       3.4908863374028734       3.4908863374028734       1398.8710877961551                                                  1388.434962505961                                              10.436125290193921
                       3        702.9280218502181     0.022542928013190886      0.11639626552689206       69.146815327817308       3.0639147177099022      0.95069883555768597     0.061403248341621128    0.0021666531535305435   2.1411212163782002e-09       3.4908863374028734       3.4908863374028734       1398.8742710256304                                                 1387.6191785245251                                              11.255092501105276
                       6       703.54357285006688     0.022464884583802969      0.11561164907556032       69.211789570377192       3.0533529108273774      0.95526032976965569     0.057720549804503946     0.021348304935343537    2.118626111170906e-09       3.4908863374028734       3.4908863374028734       1400.1053730253279                                                   1387.54842426347                                              12.556948761857967
                       1       703.29881825381017     0.022464884583802969      0.11561164907556032       69.211789570377192       3.0508187170318655      0.95847576052934791     0.057720549804503946     0.021348304935343537   2.1132638993366857e-09       3.4908863374028734       3.4908863374028734       1399.6158638328145                                                 1387.0589150709566                                              12.556948761857967
                       1       703.68897530943309     0.022417906449137052      0.11593917424721621       69.082934021061291       3.0556233856365083      0.95760366384864815     0.059877739657528073    0.0093322907302065307   2.1234418633394901e-09       3.4908863374028734       3.4908863374028734       1400.3961779440604                                                 1388.8235555816595                                              11.572622362400905
                       2       701.19450924536727     0.022356600122589342      0.11643486036923177       68.925973375169903       3.0520263317490968      0.95888803265030431     0.058004535502515428    0.0057530318125550463   2.1158174494649492e-09       3.4908863374028734       3.4908863374028734       1395.4072458159287                                                 1384.6243597859855                                              10.782886029943269
                       3       701.10675638498003     0.022356600122589342      0.11643486036923177       68.925973375169903       3.0584794732485019      0.95354520778735874     0.058004535502515428    0.0057530318125550463   2.1295152682999818e-09       3.4908863374028734       3.4908863374028734       1395.2317400951542                                                  1384.448854065211                                              10.782886029943269
                      11       700.86187087341443     0.022356600122589342      0.11643486036923177       68.925973375169903       3.0578028502775179      0.95511978856776625     0.058004535502515428    0.0057530318125550463   2.1280748767083608e-09       3.4908863374028734       3.4908863374028734        1394.741969072023                                                 1383.9590830420798                                              10.782886029943269
                       2       700.49724652473742     0.022379299711610876      0.11607120775093764       68.723984728311493       3.0473756364674025      0.95650482917968638       0.0527965670238126     0.055981596966334826   2.1060002732778907e-09       3.4908863374028734       3.4908863374028734        1394.012720374669                                                 1383.6086639560888                                               10.40405641858033
                       1       698.88793821103593     0.022101800140512079      0.11677998817266408       68.570383190375281       3.0373344263702076      0.96613595563632837     0.050046679549158125     0.033872401637476207   2.0849592972887509e-09       3.4908863374028734       3.4908863374028734        1390.794103747266                                                 1380.4878973235964                                              10.306206423669721
                       3       698.94954112187725     0.022171480368973828      0.11844246919632233       68.127546910239687       3.0576358036335032      0.96174716630689083     0.058035170822958171     0.033122309737547852   2.1277194186318607e-09       3.4908863374028734       3.4908863374028734       1390.9173095689487                                                 1378.0995260593613                                              12.817783509587354
                      10       699.38129916812318     0.022145547445207851      0.11850696166475788       68.096054675854333       3.0551624551117622      0.96339632859941893     0.057128382692225289     0.037594343750496355   2.1224633297024895e-09       3.4908863374028734       3.4908863374028734       1391.7808256614405                                                 1378.8553079084713                                              12.925517752969165
                       1       700.37823356162141     0.022438650704891368      0.11896606574684125       68.253639858004789       3.0577862879907034      0.95334087635501796     0.055025568888250088     0.031003265201168188   2.1280396312137641e-09       3.4908863374028734       3.4908863374028734        1393.774694448437                                                 1380.0633358206799                                              13.711358627757075
                       4       700.34696499709298     0.022438650704891368      0.11896606574684125       68.253639858004789       3.0569703099121277       0.9538096131183349     0.055025568888250088     0.031003265201168188    2.126303905777613e-09       3.4908863374028734       3.4908863374028734       1393.7121573193801                                                  1380.000798691623                                              13.711358627757075
                       8       700.33526842344872     0.022438650704891368      0.11896606574684125       68.253639858004789       3.0572159163875532      0.95299563960340694     0.055025568888250088     0.031003265201168188   2.1268262039228724e-09       3.4908863374028734       3.4908863374028734       1393.6887641720916                                                 1379.9774055443345                                              13.711358627757075
                       7       700.34290338242283     0.022438650704891368      0.11896606574684125       68.253639858004789       3.0567285642218347      0.95338558429848796     0.055025568888250088     0.031003265201168188   2.1257899430987725e-09       3.4908863374028734       3.4908863374028734       1393.7040340900398                                                 1379.9926754622827                                              13.711358627757075
                       1        701.0727362209451     0.022510379910070457      0.11844145749624793       68.404956849813303       3.0541758316911469      0.95354873828700848     0.053964519470859236     0.048112053007376872   2.1203702903626091e-09       3.4908863374028734       3.4908863374028734       1395.1636997670844                                                 1382.9652654373758                                              12.198434329708469
                       3       702.96341297124729     0.022510379910070457      0.11844145749624793       68.404956849813303       3.0647282218563054      0.94174649698564361     0.053964519470859236     0.048112053007376872    2.142863736043064e-09       3.4908863374028734       3.4908863374028734       1398.9450532676888                                                 1386.7466189379802                                              12.198434329708469
                       5        704.7281289913559     0.022510379910070457      0.11844145749624793       68.404956849813303       3.0713883853536617      0.93925979176726659     0.053964519470859236     0.048112053007376872   2.1571831909013805e-09       3.4908863374028734       3.4908863374028734        1402.474485307906                                                 1390.2760509781974                                              12.198434329708469
                       1       705.05763679020606       0.0224471761436482      0.11867816294034703       68.328525103564616       3.0667853199625488       0.9411966059610718     0.051963305334975673     0.045104071243791212   2.1472763540143962e-09       3.4908863374028734       3.4908863374028734       1403.1335009056063                                                 1390.4923514741977                                              12.641149431408699
                       2       705.54918777104149     0.022550790891197197      0.11815528525969511       68.710602798230425       3.0547352948766955      0.93835332790969006     0.045261203066583058     0.028540648693097526   2.1215568913786395e-09       3.4908863374028734       3.4908863374028734       1404.1166028672772                                                 1393.4715013322284                                              10.645101535048685
                       5       706.02641285341315     0.022550790891197197      0.11815528525969511       68.710602798230425        3.056031457080616      0.93621413427924083     0.045261203066583058     0.028540648693097526   2.1243085561514085e-09       3.4908863374028734       3.4908863374028734       1405.0710530320205                                                 1394.4259514969717                                              10.645101535048685
                       3        705.9190756869649     0.022571090568313218       0.1179790005916949       68.701631712789563       3.0564739593281134      0.93531069949122192     0.045325122245780017     0.034944955693335132   2.1252487754711227e-09       3.4908863374028734       3.4908863374028734        1404.856378699124                                                 1394.1937317285488                                              10.662646970575222
                       4       705.09290246818364     0.022481280345883713      0.11786399527501866       68.702652285297333       3.0524790711966387      0.93766892854859851     0.044134858542405356      0.02700760052330628   2.1167755803635802e-09       3.4908863374028734       3.4908863374028734       1403.2040322615615                                                 1392.7178136052296                                              10.486218656331943
                       1       704.26573547592943     0.022481280345883713      0.11786399527501866       68.702652285297333       3.0472962855629744      0.94592828397829054     0.044134858542405356      0.02700760052330628   2.1058331668815897e-09       3.4908863374028734       3.4908863374028734        1401.549698277053                                                 1391.0634796207212                                              10.486218656331943
                       2       705.34682277742309     0.022587314483838879      0.11800495409264408       68.499310285347519       3.0512752398128433      0.93895763355875828     0.043972921090408727     0.037839795665590988   2.1142288726983527e-09       3.4908863374028734       3.4908863374028734       1403.7118728800403                                                 1391.8739739928276                                              11.837898887212662
                       2       704.80951099029164     0.022493720800052668      0.11800288206065707        68.69095448575689       3.0426337485669852      0.94345421447562527     0.040935703681468323     0.015462269772894152    2.096037495918629e-09       3.4908863374028734       3.4908863374028734       1402.6372493057775                                                 1392.0024952245265                                              10.634754081251021
                       1       704.58587535740492     0.022479099622203538      0.11797166341792387       68.683167673490033        3.042853005823372      0.94396882808965543     0.041234762681367207     0.016007303080707466    2.096497117735136e-09       3.4908863374028734       3.4908863374028734        1402.189978040004                                                  1391.572399990921                                              10.617578049083084
                       3       704.12969093743857     0.022434107465918784      0.11830204210614825       68.554182402605065       3.0469559292020962      0.94627349023720853     0.043764602933315501     0.022035394153387563   2.1051165551268956e-09       3.4908863374028734       3.4908863374028734       1401.2776092000713                                                 1390.2212915109255                                              11.056317689145658
                       3        707.0508912016187     0.022452124171387592      0.11843188542937116       68.447093751487159       3.0389069228147276      0.94574060786437075     0.039134119563595797     0.035120950530325629   2.0882404675088344e-09       3.4908863374028734       3.4908863374028734       1407.1200097284316                                                 1395.4069145714691                                              11.713095156962545
                       4       706.72646077438537     0.022179293982587434      0.11887258648276793       68.010672679347394       3.0361747475324727      0.95157401324351987     0.039266059596275035     0.033393025074497706   2.0825428155563285e-09       3.4908863374028734       3.4908863374028734       1406.4711488739649                                                 1392.0750111156999                                              14.396137758264913
                       1        707.9241705553934     0.022156095447426395      0.11881141528767061       68.095743119467116       3.0294895765905721      0.95269530203586938     0.036182017745356218     0.025927635015441066   2.0686670933053125e-09       3.4908863374028734       3.4908863374028734        1408.866568435981                                                   1395.52566276531                                              13.340905670670992
                       1       707.99631844386852     0.022181523023305057      0.11897001592223418       68.090791547561793        3.029728645012145      0.95110661137686736     0.035740302166433618     0.020449980994683235   2.0691617054027798e-09       3.4908863374028734       3.4908863374028734       1409.0108642129312                                                  1395.250304990718                                              13.760559222213192
                       2       707.39846159145554     0.022181523023305057      0.11897001592223418       68.090791547561793        3.014495159415298      0.96757181704822393     0.035740302166433618     0.020449980994683235   2.0378800297742867e-09       3.4908863374028734       3.4908863374028734       1407.8151505081053                                                  1394.054591285892                                              13.760559222213192
                       5       704.21164836865194     0.022181523023305057      0.11897001592223418       68.090791547561793       3.0091654832069659      0.96894530882656271     0.035740302166433618     0.020449980994683235   2.0270476811609707e-09       3.4908863374028734       3.4908863374028734        1401.441524062498                                                 1387.6809648402848                                              13.760559222213192
                       1        703.4729765877762     0.022181523023305057      0.11897001592223418       68.090791547561793       3.0158870839789667      0.96131079584725099     0.035740302166433618     0.020449980994683235   2.0407185801112126e-09       3.4908863374028734       3.4908863374028734       1399.9641805007466                                                 1386.2036212785333                                              13.760559222213192
                       2       701.10056253589323     0.022243949060524806      0.11859568336705953       68.222182340880678       3.0242267923924508       0.9608621740660821     0.040216809436493355     0.027737499518899963   2.0578087424559999e-09       3.4908863374028734       3.4908863374028734       1395.2193523969806                                                 1382.6729198869043                                              12.546432510076251
                       6       700.71210643981897     0.022351655585201125      0.11790236689125125       68.528217416688932       3.0230330873283204      0.95514427775142441     0.038616536255602144    0.0081169521756603753   2.0553537912744587e-09       3.4908863374028734       3.4908863374028734       1394.4424402048321                                                 1383.5159637514803                                              10.926476453351896
                       5       700.60027120078985     0.022351655585201125      0.11790236689125125       68.528217416688932       3.0179987058533846      0.95864963446061868     0.038616536255602144    0.0081169521756603753   2.0450323590365675e-09       3.4908863374028734       3.4908863374028734       1394.2187697267739                                                  1383.292293273422                                              10.926476453351896
                       2       700.57736831248508     0.022361202009870108      0.11785262585207154       68.540192625793054        3.018322051774617      0.95859993809964283     0.038789015583111534     0.010306725454126964   2.0456937188268832e-09       3.4908863374028734       3.4908863374028734       1394.1729639501643                                                 1383.2977630950706                                              10.875200855093576
                       4       700.58932448367102     0.022360593749764995      0.11785105087969301       68.540483824114503       3.0182300348056219       0.9586336977395401     0.038751540534602426     0.010351116337463228   2.0455054889516886e-09       3.4908863374028734       3.4908863374028734       1394.1968762925362                                                 1383.3256632674279                                              10.871213025108299
                       1       700.89184418745424     0.022360593749764995      0.11785105087969301       68.540483824114503       3.0251678679106577      0.95228155422312422     0.038751540534602426     0.010351116337463228   2.0597462073920984e-09       3.4908863374028734       3.4908863374028734       1394.8019157001027                                                 1383.9307026749943                                              10.871213025108299
                       4       701.84603279116482      0.02183734074659055       0.1173547119805302       68.042468992247066       3.0355508666189106      0.97226537815637215     0.050560133120229445     0.047550742252901776   2.0812439620491121e-09       3.4908863374028734       3.4908863374028734       1396.7102929075238                                                 1385.5644440718499                                               11.14584883567391
                       4       702.26264001379229      0.02183082627410526      0.11753487674760393       67.944475828300767       3.0347956876524598      0.97166267449777932     0.049830834460244264     0.049549516780037633   2.0796728436973534e-09       3.4908863374028734       3.4908863374028734       1397.5435073527788                                                 1385.7459209502588                                              11.797586402519919
                       2        702.0753148284532     0.021850159031912071       0.1174640530939466       67.985490368875674       3.0322566277747374      0.97139978993326281     0.048444875181181936     0.050914792572054696   2.0743991277945866e-09       3.4908863374028734       3.4908863374028734       1397.1688569821006                                                 1385.6107212627264                                              11.558135719374253
                       1       701.76257211303243     0.021850159031912071       0.1174640530939466       67.985490368875674       3.0254627081907768      0.97767650994443067     0.048444875181181936     0.050914792572054696   2.0603535930773425e-09       3.4908863374028734       3.4908863374028734        1396.543371551259                                                 1384.9852358318849                                              11.558135719374253
                       1       701.96714985351434     0.021849905687592177      0.11749208337392085       68.045956875590861       3.0226892085347363      0.97666384005402918     0.046771974201504918     0.037802503812240068   2.0546471202038886e-09       3.4908863374028734       3.4908863374028734       1396.9525270322229                                                 1385.6565261316796                                              11.296000900543318
                       2       701.96951014910894     0.021849747651699076        0.117491290633131       68.045736900512011       3.0226958202071805      0.97667147031398693     0.046778124725117144     0.037847616086200984   2.0546607049025442e-09       3.4908863374028734       3.4908863374028734       1396.9572476234121                                                 1385.6612150206568                                              11.296032602755313
                       1       704.35930258597398     0.021849747651699076        0.117491290633131       68.045736900512011       3.0367662517193006       0.9666272601527246     0.046778124725117144     0.037847616086200984    2.083775012739948e-09       3.4908863374028734       3.4908863374028734       1401.7368324971421                                                 1390.4407998943868                                              11.296032602755313
                       2        704.1227079877641     0.021845353559206922      0.11744817334129791       68.082011755035083       3.0382128436835041      0.96687395507714846     0.047678214374299428     0.034486869460342379   2.0867915662635856e-09       3.4908863374028734       3.4908863374028734       1401.2636433007224                                                 1390.1779157977269                                               11.08572750299561
                       3       704.42578774513049     0.021763170419825444      0.11848753155214219        67.93503362269017        3.045950161019833      0.97090740741719173      0.05217583809104475     0.021949767945170298   2.1030003602549179e-09       3.4908863374028734       3.4908863374028734       1401.8698028154552                                                 1389.6041885972047                                              12.265614218250349
                       1       702.23375549352988     0.022047592115893012       0.1175583043652805       68.472700926496046       3.0516102846331337      0.96724141562351174     0.054486438561686515     0.039184943785645576   2.1149373528107272e-09       3.4908863374028734       3.4908863374028734       1397.4857383122539                                                 1387.1754191943644                                              10.310319117889486
                       5       701.85594273556671      0.02214703872811612      0.11707132025147327       68.818373433141886       3.0765312201614687      0.96153670641877031     0.066648400419021883    0.0016189418531536923   2.1683058040685154e-09       3.4908863374028734       3.4908863374028734       1396.7301127963276                                                 1386.0625483290733                                              10.667564467254291
                       1       702.22029802378097     0.022229302738642709      0.11701890057420719       68.777299702319837       3.0810143077548271      0.95677694548745285      0.06762792626357457    0.0035961891992733093    2.178048330900763e-09       3.4908863374028734       3.4908863374028734       1397.4588233727561                                                 1387.0278458217292                                              10.430977551026952
                       3       702.23072277010749     0.022228491835822834      0.11599730141993921       68.579602600726233       3.0611225891314553       0.9582621812700971     0.057946847215478159     0.067198326508155423   2.1351512689489129e-09       3.4908863374028734       3.4908863374028734       1397.4796728654092                                                 1387.1432632998983                                               10.33640956551077
                       2       702.26877253849864     0.022373551126483694      0.11800646173885664       68.332612590946383       3.0435881993563085      0.94703986436341869     0.043974387111472987     0.024417355588036621   2.0980390155851275e-09       3.4908863374028734       3.4908863374028734       1397.5557724021915                                                 1385.4036554798151                                              12.152116922376347
                       3       703.09669067920163     0.022493366427912061      0.11764339590402399       68.613194247430386       3.0407587088827288      0.94428573740813204     0.041928599213183669      0.01881643921156648   2.0921110247291236e-09       3.4908863374028734       3.4908863374028734       1399.2116086835974                                                 1388.3379149694597                                              10.873693714137687
                       1       700.65851067146264     0.022493366427912061      0.11764339590402399       68.613194247430386       3.0290907519350316      0.95346779281034066     0.041928599213183669      0.01881643921156648   2.0678422223647656e-09       3.4908863374028734       3.4908863374028734       1394.3352486681194                                                 1383.4615549539817                                              10.873693714137687
                       1       700.31206851061154     0.022393713615762399      0.11868823525012841       68.081648711076681       3.0432266876571368      0.95339550726765299     0.048551349832321525     0.023930141584670741   2.0972806870162582e-09       3.4908863374028734       3.4908863374028734       1393.6423643464173                                                 1378.2150433806837                                              15.427320965733452
                       2        700.3381116711131     0.022366825334554159      0.11870823070212584       68.058967096538794       3.0416410616866831       0.9540593169293371     0.047921860383284165     0.022699703916551107   2.0939578194003874e-09       3.4908863374028734       3.4908863374028734       1393.6944506674204                                                 1378.1689554916652                                              15.525495175755248
                       2       699.78366342640777     0.022317831410161748      0.11856412783949145       68.047942394936186       3.0418722134824434      0.95666503458568886     0.048905798721600523      0.02871416211003355   2.0944418974561887e-09       3.4908863374028734       3.4908863374028734       1392.5855541780097                                                 1377.5882466139569                                              14.997307564052836
                       3       700.65093894897984     0.022317831410161748      0.11856412783949145       68.047942394936186       3.0450787414170226      0.95541730553748716     0.048905798721600523      0.02871416211003355   2.1011685627643138e-09       3.4908863374028734       3.4908863374028734       1394.3201052231539                                                 1379.3227976591011                                              14.997307564052836
                       1       700.86470023520849     0.022317831410161748      0.11856412783949145       68.047942394936186       3.0430461425245574      0.95770369306878322     0.048905798721600523      0.02871416211003355   2.0969020673765599e-09       3.4908863374028734       3.4908863374028734       1394.7476277956112                                                 1379.7503202315584                                              14.997307564052836
                       1       700.86802490942193     0.022329189182797554      0.11864526130477986       68.047042742600894       3.0441934453429038      0.95717078291960678     0.049295918099864326     0.026584867766871065   2.0993092296362336e-09       3.4908863374028734       3.4908863374028734        1394.754277144038                                                 1379.5438163351132                                              15.210460808924768
