#                 weight             minuslogpost                 omegabh2                 omegach2                       H0                     logA                       ns                      tau                      mnu                       As            minuslogprior         minuslogprior__0                     chi2 chi2__sbt_spt_audit.likelihoods.candl_cobaya.CandlCobayaLikelihood chi2__sbt_spt_audit.likelihoods.desi_dr2_bao.DESIDR2BAOGaussian
                       1       1295.6962996887978     0.022605624737246196       0.1153277066891068       68.311588048662017       3.0110242233410682       1.0265668052379473     0.056563244928910732      0.15024587977776077   2.0308189398488419e-09       2.1045919762829826       2.1045919762829826       2587.1834154250296                                                 2576.0168029379001                                              11.166612487129621
                       3       1295.8189219647031     0.022606684556926115      0.11535979014529102       68.315938065196931       3.0109653170571922       1.0265974131303561     0.056481367754020378      0.15027470380687147   2.0306993153752215e-09       2.1045919762829826       2.1045919762829826       2587.4286599768402                                                 2576.2756725716777                                              11.152987405162641
                       2       1296.8902712698984     0.022532983354374085      0.11450087020485762       68.272629499457935       3.0092946349078873       1.0311601771153487     0.057673401429787892      0.18527349820558536    2.027309494723311e-09       2.1045919762829826       2.1045919762829826       2589.5713585872309                                                 2578.8995891492527                                              10.671769437978089
                       1       1296.9796365873106     0.022538857741321368      0.11426882890898547       68.646243615308549       3.0097090160592148       1.0320546028834499      0.05807934116649547      0.15987848319249964    2.028149747646295e-09       2.1045919762829826       2.1045919762829826       2589.7500892220551                                                 2579.2341481325329                                              10.515941089522206
                       1       1297.0992424722149     0.022568098095199274      0.11494558148910962       68.629415509893974       3.0405876244084329       1.0281915875168413     0.072127117294383078      0.12836722259849689   2.0917531276304808e-09       2.1045919762829826       2.1045919762829826       2589.9893009918637                                                 2579.6315899359693                                              10.357711055894265
                       3       1296.5218805706284     0.022553973530906758      0.11534044822751809       68.606415834218595       3.0390667713287209       1.0275346314658231     0.070885343151367464      0.11418181348913357   2.0885742963247357e-09       2.1045919762829826       2.1045919762829826       2588.8345771886907                                                  2578.481083526834                                              10.353493661856868
                       1       1295.0893329746511     0.022548965649552177      0.11493037709661837       68.650265027566732       3.0337351492430078       1.0268914225440597     0.068777342026964838      0.10258670454013699   2.0774684399015812e-09       2.1045919762829826       2.1045919762829826       2585.9694819967362                                                 2575.5394942791445                                              10.429987717591818
                       1       1294.9555820776545     0.022548965649552177      0.11493037709661837       68.650265027566732         3.03424534565533       1.0345718288350121     0.068777342026964838      0.10258670454013699   2.0785286272752312e-09       2.1045919762829826       2.1045919762829826        2585.701980202743                                                 2575.2719924851513                                              10.429987717591818
                       3       1293.9988627890061     0.022817251947896997      0.11487444941962786       69.002705459546803       3.0286842778288028       1.0265492702898609     0.063520735523059799     0.077546176090985477   2.0670018688481504e-09       2.1045919762829826       2.1045919762829826       2583.7885416254462                                                 2572.9251328830996                                              10.863408742346744
                       1       1295.3033123836026     0.022817251947896997      0.11487444941962786       69.002705459546803       3.0026816196236394       1.0497937697293644     0.063520735523059799     0.077546176090985477   2.0139470976139259e-09       2.1045919762829826       2.1045919762829826       2586.3974408146391                                                 2575.5340320722926                                              10.863408742346744
                       6       1296.4985640404652     0.022808134268635295      0.11381510528550395       69.032470091373042        2.995022044578953       1.0530150081590615     0.061424783512332951      0.11532100488654917   1.9985800463557234e-09       2.1045919762829826       2.1045919762829826       2588.7879441283644                                                 2577.2946839101251                                              11.493260218239209
                       5        1296.473120341208     0.022933573902690643      0.11387974231121085       69.113384964651004       2.9912054050069381       1.0494506582226859     0.058273664175568472      0.11378444633258246    1.990966724557357e-09       2.1045919762829826       2.1045919762829826       2588.7370567298499                                                 2577.2284340107772                                               11.50862271907268
                       3        1296.455975334891     0.022930608004461138      0.11388649827433582       69.109423039549327        2.991048105285373       1.0495214374104123      0.05821278584852542      0.11377398120663937   1.9906535706760939e-09       2.1045919762829826       2.1045919762829826        2588.702766717216                                                 2577.2092560993765                                              11.493510617839618
                       6       1296.2797024293016     0.023000919311576929      0.11409582149372727       68.998935628834658       2.9947350276136229        1.046967783501304     0.059139841824042638      0.12275835653348005   1.9980065022882251e-09       2.1045919762829826       2.1045919762829826       2588.3502209060371                                                 2577.4720293904866                                               10.87819151555059
                       1       1296.0785534387699     0.022965062114803658      0.11413388593288457        69.00611391768156       2.9907869878599618       1.0482414693623903     0.057446951855475971       0.1215613033587602    1.990133844198606e-09       2.1045919762829826       2.1045919762829826       2587.9479229249737                                                 2577.0300241272716                                              10.917898797701948
                       1       1294.9252490153738     0.022965062114803658      0.11413388593288457        69.00611391768156       3.0210148268691892       1.0142631626468308     0.057446951855475971       0.1215613033587602   2.0512097352868656e-09       2.1045919762829826       2.1045919762829826       2585.6413140781815                                                 2574.7234152804795                                              10.917898797701948
                       1       1295.2637742615495     0.022965062114803658      0.11413388593288457        69.00611391768156       3.0214524835517307       1.0199989294638123     0.057446951855475971       0.1215613033587602   2.0521076574112843e-09       2.1045919762829826       2.1045919762829826        2586.318364570533                                                  2575.400465772831                                              10.917898797701948
                       1       1295.3654935711072     0.023080196857518054      0.11466190955199572       69.312605471511731       3.0238774619221767       1.0151283429111881     0.056679961042047276     0.074010604261334878    2.057090012704674e-09       2.1045919762829826       2.1045919762829826       2586.5218031896484                                                 2574.9056204766916                                              11.616182712956656
                       7       1295.2155113130241     0.023060490052068987      0.11474023376730841       69.328018152739972       3.0225157245793652       1.0158719660366577     0.056071360911985342     0.072290995005278094    2.054290702811827e-09       2.1045919762829826       2.1045919762829826       2586.2218386734821                                                 2574.5225844268612                                               11.69925424662088
                       1       1295.0810950512791     0.023051276321571765      0.11484216138270531       69.315370977764886       3.0214861541591631       1.0158037562895539     0.055481389157966396     0.068215474227064726   2.0521767542858867e-09       2.1045919762829826       2.1045919762829826       2585.9530061499922                                                 2574.3558434236247                                               11.59716272636771
                       5       1295.0860080674961     0.023054354290847172      0.11486985345914451       69.323269164919992       3.0206271634345345        1.015877154869097     0.054992389303916762     0.069051378349589923   2.0504147103866853e-09       2.1045919762829826       2.1045919762829826       2585.9628321824262                                                 2574.3502307859389                                              11.612601396487022
                       2       1294.0292543920209     0.022926289460636112      0.11538934193817722       68.953622694394596       3.0259695971731211       1.0182324225693675      0.05814023917456293     0.081972208938973723   2.0613982283480948e-09       2.1045919762829826       2.1045919762829826       2583.8493248314758                                                 2573.2515004272295                                              10.597824404246271
                       1       1292.5653401880422     0.022926289460636112      0.11538934193817722       68.953622694394596       3.0107853769201598       1.0301548430762937      0.05814023917456293     0.081972208938973723   2.0303339439356204e-09       2.1045919762829826       2.1045919762829826       2580.9214964235184                                                 2570.3236720192722                                              10.597824404246271
                       5       1292.4878434836908      0.02293747667451361      0.11580684360965261       69.056047861368924       3.0129729472819866       1.0294738490301352     0.058488943657291972     0.064489517215498157   2.0347803038854493e-09       2.1045919762829826       2.1045919762829826       2580.7665030148155                                                 2570.1571558023434                                              10.609347212472182
                       6       1292.5636260913509     0.022949098537957114      0.11575295064213341       69.082669267648114       3.0140114686514292       1.0292974551626173     0.058978860733097931     0.064803963623645808   2.0368945643754815e-09       2.1045919762829826       2.1045919762829826       2580.9180682301358                                                 2570.2704944661568                                              10.647573763978853
                       3       1292.5506911713328     0.022950513114478936       0.1157623963368546       69.083890959492024       3.0140835625056597       1.0292134949623075     0.058985927059457918     0.064197046836916863   2.0370414172488196e-09       2.1045919762829826       2.1045919762829826       2580.8921983900996                                                 2570.2443320002194                                              10.647866389879978
                       1       1292.9482444902751     0.022950513114478936       0.1157623963368546       69.083890959492024       3.0140038614867017       1.0339583791057883     0.058985927059457918     0.064197046836916863   2.0368790694419338e-09       2.1045919762829826       2.1045919762829826       2581.6873050279842                                                  2571.039438638104                                              10.647866389879978
                       6       1294.9244410420649     0.022860295503233614      0.11734479442960072       68.874799762380079       3.0186000468234542       1.0346363632767526     0.059837221792294927     0.046595480716866672   2.0462624906063607e-09       2.1045919762829826       2.1045919762829826       2585.6396981315638                                                 2574.9695893224271                                              10.670108809136767
                       1       1294.4385849542207      0.02273917558530731      0.11734843065312299       68.533688142798496       3.0130932822334531       1.0372359237354472     0.058239469887663438     0.064420085884807937   2.0350251738074718e-09       2.1045919762829826       2.1045919762829826       2584.6679859558753                                                 2572.8237250763027                                               11.84426087957273
                       2       1293.9940247954974     0.022610479579748988      0.11737572291376409       68.635761849297154        2.993015941596993       1.0403068958538193     0.049246798821258313     0.034567353178171972   1.9945747078690572e-09       2.1045919762829826       2.1045919762829826       2583.7788656384287                                                 2572.7858344271135                                              10.993031211315142
                       1          1295.0271945108     0.022929415543154145       0.1184979629679908       68.696259847211536       2.9972645636877107       1.0281250122124159     0.046732927822216969    0.0047438113948547952   2.0030669293801807e-09       2.1045919762829826       2.1045919762829826       2585.8452050690339                                                 2572.9161683166863                                              12.929036752347546
                       9       1293.0931476229323     0.023108491275162867      0.11712656300827889       68.978643453928584       3.0044580921210584       1.0242346931005022     0.050614668619786689     0.012735647613014748   2.0175279989887642e-09       2.1045919762829826       2.1045919762829826       2581.9771112932985                                                 2570.5228194126898                                              11.454291880608892
                       2       1293.1959454586329     0.023120410723808351      0.11694284669209691       69.025236133430539       3.0037644005916557        1.024020511410056     0.050409068474954653     0.011371109364900182   2.0161289422185517e-09       2.1045919762829826       2.1045919762829826       2582.1827069646997                                                 2570.8893904188408                                              11.293316545859161
                       3       1292.7076575975302     0.023039319555846514      0.11666358699931427       69.159133152103436       3.0010253596751371       1.0275557415436396     0.050181996762622173    0.0076839301585998965   2.0106142385001679e-09       2.1045919762829826       2.1045919762829826       2581.2061312424944                                                 2570.4257850875651                                              10.780346154929388
                       2       1292.5109724283786     0.022670558306851052      0.11640955959932127       68.766396925782828       2.9955097732810985       1.0376044353368725     0.051202148264770313      0.02150613439888956   1.9995550489569146e-09       2.1045919762829826       2.1045919762829826       2580.8127609041912                                                 2570.0479806726389                                              10.764780231552097
                       3        1292.108900206694     0.022670558306851052      0.11640955959932127       68.766396925782828       2.9988561294804392       1.0309050997587086     0.051202148264770313      0.02150613439888956   2.0062574804980442e-09       2.1045919762829826       2.1045919762829826       2580.0086164608219                                                 2569.2438362292696                                              10.764780231552097
                       4       1292.9976028355877     0.023094070821151523      0.11645406478624858       69.328925695469309       3.0179331769744402       1.0221047412689945     0.056868204694049448     0.029477117203679584   2.0448983547492982e-09       2.1045919762829826       2.1045919762829826       2581.7860217186094                                                 2570.9513471973605                                              10.834674521248722
                       4        1293.687647475833     0.023217220618118321      0.11820481716884797       68.879844800710288       3.0258622034625691        1.012374420594264     0.057067473929586804   0.00082820814847770971   2.0611768590304759e-09       2.1045919762829826       2.1045919762829826       2583.1661109991001                                                 2570.0239827455021                                              13.142128253597788
                       9       1294.1622876990461     0.023011221341337613      0.11853156116625117       68.581404677610621       3.0302684698690752       1.0180955326395742     0.060758030709284087     0.015657146078621047   2.0702789918667347e-09       2.1045919762829826       2.1045919762829826       2584.1153914455263                                                 2569.4718640659189                                              14.643527379607422
                       4         1295.66262512104     0.023011221341337613      0.11853156116625117       68.581404677610621       3.0411300447833169       1.0010372821600237     0.060758030709284087     0.015657146078621047   2.0928880449194393e-09       2.1045919762829826       2.1045919762829826        2587.116066289514                                                 2572.4725389099067                                              14.643527379607422
                       2       1294.0912797373453     0.022728016905088536      0.11756692735814613       68.513305653487421       3.0305620735469154       1.0114392912102246     0.059529852409273221     0.037475095726400731   2.0708869226338899e-09       2.1045919762829826       2.1045919762829826       2583.9733755221246                                                 2571.5589241723437                                              12.414451349780812
                       6       1293.9377367988131     0.023027309379274545      0.11615135018643818        69.14822564061447       3.0376771274614836       1.0045363922328074     0.062252450354243039     0.020688793677308342   2.0856739375622045e-09       2.1045919762829826       2.1045919762829826       2583.6662896450603                                                  2572.850847287491                                               10.81544235756915
                      17        1295.973396519257      0.02213400389365916      0.11687832884241578       68.613503266675465       3.0043182627152087       1.0293149516913902     0.052720640843457955   8.8425735026952113e-05   2.0172459089700803e-09       2.1045919762829826       2.1045919762829826        2587.737609085948                                                 2577.4042158603461                                               10.33339322560191
                       1       1294.6480465117475      0.02213400389365916      0.11687832884241578       68.613503266675465       2.9976186242084863       1.0440066163936097     0.052720640843457955   8.8425735026952113e-05   2.0037762618662503e-09       2.1045919762829826       2.1045919762829826       2585.0869090709289                                                  2574.753515845327                                               10.33339322560191
                       2       1294.3193649722248      0.02213400389365916      0.11687832884241578       68.613503266675465       2.9917628085958174       1.0491093438875136     0.052720640843457955   8.8425735026952113e-05   1.9920768059078875e-09       2.1045919762829826       2.1045919762829826       2584.4295459918835                                                 2574.0961527662816                                               10.33339322560191
                       4       1293.1876475575471     0.022512705242482531      0.11616704135352104       69.031720629686731       3.0152396293672341       1.0412208958890059     0.062077729506530385     0.023372044723840801   2.0393977350950109e-09       2.1045919762829826       2.1045919762829826       2582.1661111625281                                                 2571.1966834875052                                              10.969427675023024
                       4       1293.8217742142597     0.022314203341594365      0.11639349853656514       68.917587395704217       3.0144923704579205       1.0455141729646791      0.06312595106462901    0.0049239024981649407   2.0378743462216692e-09       2.1045919762829826       2.1045919762829826       2583.4343644759533                                                 2572.5815215727362                                              10.852842903217185
                       1       1294.1673442035633     0.022314203341594365      0.11639349853656514       68.917587395704217        3.009013284829789        1.052920350925683      0.06312595106462901    0.0049239024981649407    2.026739191269864e-09       2.1045919762829826       2.1045919762829826       2584.1255044545605                                                 2573.2726615513434                                              10.852842903217185
                       2       1294.2051534395171       0.0223106636073882      0.11640942229616376       68.909935710217894       3.0091881614024683       1.0530199290378435     0.063225478994625786    0.0053952407955028658   2.0270936514658362e-09       2.1045919762829826       2.1045919762829826       2584.2011229264681                                                 2573.3735773902245                                               10.82754553624372
                       1       1294.3185691111635       0.0223106636073882      0.11640942229616376       68.909935710217894       3.0091402018305571       1.0537420646197106     0.063225478994625786    0.0053952407955028658   2.0269964352533308e-09       2.1045919762829826       2.1045919762829826       2584.4279542697609                                                 2573.6004087335173                                               10.82754553624372
                       2       1295.7999099011458     0.022250933096441654      0.11674146281004563       68.808814122522122       3.0051990542237434       1.0562407870045547     0.061410101185002341     0.018079621244086144    2.019023464750428e-09       2.1045919762829826       2.1045919762829826       2587.3906358497256                                                 2576.8387002100803                                              10.551935639645134
                       5       1296.4961387686506     0.022178241512530551       0.1169793569105997        68.80226663589454       3.0017383158387609       1.0575262715205469     0.059953835231864649     0.002423918313354357   2.0120482294397738e-09       2.1045919762829826       2.1045919762829826       2588.7830935847351                                                 2578.2137609070364                                              10.569332677698782
                       2       1296.9967715712453     0.022178241512530551       0.1169793569105997        68.80226663589454       2.9969176026065618        1.056298826326705     0.059953835231864649     0.002423918313354357   2.0023720636654003e-09       2.1045919762829826       2.1045919762829826       2589.7843591899245                                                 2579.2150265122259                                              10.569332677698782
                       1       1295.1737029193844     0.023177819616460531      0.11676467754844555        69.35212381836439       3.0226069723687217       1.0291761530471539      0.06401749160492172     0.030685936149587863   2.0544781608495896e-09       2.1045919762829826       2.1045919762829826       2586.1382218862027                                                 2575.4237168654618                                              10.714505020741141
                       1        1293.417867271281     0.023114590604072647      0.11649757883932219       69.182631230732781       3.0154746382993669        1.028391729694011      0.06130168256786752      0.01590232554012698   2.0398770681004924e-09       2.1045919762829826       2.1045919762829826        2582.626550589996                                                 2571.7882764477527                                              10.838274142243119
                       2       1293.6217391648063     0.023161593443071317      0.11632489146995564       69.213986277238547       3.0020724196927362       1.0280158639422909     0.054470242134469944     0.025854840798898632   2.0127205748179506e-09       2.1045919762829826       2.1045919762829826       2583.0342943770465                                                 2572.1992343474535                                              10.835060029592992
                       6       1294.2635377988679     0.023161593443071317      0.11632489146995564       69.213986277238547        3.023282144600862       1.0132487743803189     0.054470242134469944     0.025854840798898632   2.0558657558354239e-09       2.1045919762829826       2.1045919762829826       2584.3178916451698                                                 2573.4828316155767                                              10.835060029592992
                       1       1295.5626742672871     0.023161593443071317      0.11632489146995564       69.213986277238547       3.0280515027530104      0.99483995551593718     0.054470242134469944     0.025854840798898632   2.0656943353148705e-09       2.1045919762829826       2.1045919762829826       2586.9161645820082                                                 2576.0811045524151                                              10.835060029592992
                       9       1295.1777352843576     0.023101257455739196      0.11644108765906101        69.17546569422386       3.0296592477323827      0.99614503365132712      0.05564093678996504     0.020580206936351361   2.0690181161914444e-09       2.1045919762829826       2.1045919762829826       2586.1462866161492                                                 2575.3437616565689                                              10.802524959580079
                       5       1295.1917463824914      0.02309435542117903      0.11640024768266116       69.167170929795631       3.0284547334976311      0.99635075692663755     0.055161599251330726     0.021253502880877261   2.0665274547382526e-09       2.1045919762829826       2.1045919762829826       2586.1743088124167                                                 2575.3679749156659                                               10.80633389675088
                       5       1295.1578887200478      0.02309435542117903      0.11640024768266116       69.167170929795631       3.0272608060169213      0.99717526848110416     0.055161599251330726     0.021253502880877261   2.0640616431134403e-09       2.1045919762829826       2.1045919762829826       2586.1065934875296                                                 2575.3002595907788                                               10.80633389675088
                       4       1294.9991955392995     0.022985224776105279      0.11636624939702886       69.184292890190676       3.0239611451559698      0.99943227992357575     0.054480757799051295     0.002187748301787952   2.0572621638521223e-09       2.1045919762829826       2.1045919762829826        2585.789207126033                                                 2574.9578686005943                                              10.831338525438809
                       6       1296.9027741230052     0.022985224776105279      0.11636624939702886       69.184292890190676       3.0229292361221511        0.996608310860852     0.054480757799051295     0.002187748301787952   2.0551403513873172e-09       2.1045919762829826       2.1045919762829826       2589.5963642934444                                                 2578.7650257680057                                              10.831338525438809
                       2       1296.5895581466436      0.02299528515359886      0.11672675691729606       69.004727224412903        3.025224211656584      0.99649091037666082     0.055108301158755306     0.021430864141469729    2.059862264478595e-09       2.1045919762829826       2.1045919762829826       2588.9699323407212                                                 2578.1016875287769                                              10.868244811944379
                       2       1291.9504853429339      0.02299528515359886      0.11672675691729606       69.004727224412903       3.0127244932999422       1.0201732870544076     0.055108301158755306     0.021430864141469729   2.0342748174140268e-09       2.1045919762829826       2.1045919762829826       2579.6917867333018                                                 2568.8235419213574                                              10.868244811944379
                       3       1292.0386373194312     0.022959596396955526      0.11622155147848427       68.991220790721556       3.0160049395603541       1.0224036921124209     0.057853058307813558     0.039255917954872391   2.0409591043592039e-09       2.1045919762829826       2.1045919762829826       2579.8680906862965                                                 2569.1423283417307                                               10.72576234456557
                       3       1291.7984033363475      0.02281356210676265      0.11661384404395943       68.845837161208777       3.0205484484073288       1.0255593322415568     0.060875800807670605     0.031230242511812459   2.0502533182890492e-09       2.1045919762829826       2.1045919762829826        2579.387622720129                                                 2568.6016309095457                                              10.785991810583129
                       5       1293.6278718773419      0.02281356210676265      0.11661384404395943       68.845837161208777       3.0205733905822618       1.0188211859750986     0.060875800807670605     0.031230242511812459   2.0503044567037203e-09       2.1045919762829826       2.1045919762829826       2583.0465598021178                                                 2572.2605679915346                                              10.785991810583129
                       6       1294.0989979459364      0.02281356210676265      0.11661384404395943       68.845837161208777       3.0057390376925976       1.0374932033580122     0.060875800807670605     0.031230242511812459   2.0201139984532095e-09       2.1045919762829826       2.1045919762829826       2583.9888119393067                                                 2573.2028201287235                                              10.785991810583129
                       1       1294.9143708688312     0.022817632730522574      0.11656249422641314       68.809264540903058       3.0153767708334831       1.0381673206721231     0.065788700711896894     0.046580378590144335   2.0396774402698171e-09       2.1045919762829826       2.1045919762829826       2585.6195577850963                                                 2574.8486300951854                                              10.770927689911012
                       4       1295.3321884606194     0.022732551013225959       0.1170101437684609       68.496079634240672       3.0124357058037368       1.0392216402828132     0.064486848308172126     0.054568428707718775   2.0336874291021949e-09       2.1045919762829826       2.1045919762829826       2586.4551929686727                                                 2574.3037788507932                                              12.151414117879549
                       8       1295.4065785451714     0.022713659157093127      0.11714758251024315       68.445569105078093       3.0125847169420621       1.0390438825408397     0.064513774406996544     0.049383371108396558   2.0339904937604469e-09       2.1045919762829826       2.1045919762829826       2586.6039731377768                                                   2574.01062247556                                              12.593350662216913
                       1       1295.2578055449719     0.022713659157093127      0.11714758251024315       68.445569105078093       3.0432650968140971         1.01599483537317     0.064513774406996544     0.049383371108396558   2.0973612433463964e-09       2.1045919762829826       2.1045919762829826       2586.3064271373778                                                  2573.713076475161                                              12.593350662216913
                       3         1295.85537136586     0.022630900970186107      0.11759692653933168       68.317290143534279       3.0416751903507442       1.0177674400457679     0.063842957186807159     0.046980777332432756   2.0940292846028628e-09       2.1045919762829826       2.1045919762829826        2587.501558779154                                                 2574.0049753326525                                              13.496583446501697
                       3       1295.8326717378122     0.022630900970186107      0.11759692653933168       68.317290143534279       3.0402735086139043       1.0203255011983035     0.063842957186807159     0.046980777332432756   2.0910961781193481e-09       2.1045919762829826       2.1045919762829826       2587.4561595230584                                                 2573.9595760765569                                              13.496583446501697
                       2       1294.5914813444974     0.022716779475612472       0.1158279820543819        68.77390832862018       3.0179604177779726       1.0230593296476151     0.054542522554362038      0.07419371392852836   2.0449540601823503e-09       2.1045919762829826       2.1045919762829826       2584.9737787364288                                                 2574.4842976369541                                              10.489481099474474
                       3        1293.780113614936     0.022716779475612472       0.1158279820543819        68.77390832862018       3.0174564174367369       1.0201321315266203     0.054542522554362038      0.07419371392852836   2.0439236623204553e-09       2.1045919762829826       2.1045919762829826        2583.351043277306                                                 2572.8615621778313                                              10.489481099474474
                      22       1294.0988350491079     0.022403566969417355      0.11597356067560305       68.785092667693661        3.011668001758681       1.0257117209358131     0.054048149478194321     0.011810440226800778   2.0321267581798351e-09       2.1045919762829826       2.1045919762829826       2583.9884861456499                                                 2573.4280844467708                                              10.560401698878954
                       1       1294.2899371157635     0.022552133794734773      0.11665646500036168       68.610358769059246       3.0034937289176207       1.0221779612755777     0.047780235868420243     0.041244640683180567   2.0155833070700111e-09       2.1045919762829826       2.1045919762829826       2584.3706902789609                                                 2573.5917573791403                                              10.778932899820443
                      11       1293.7379602612941     0.022721759979553235      0.11720785534634245       68.515765048535613       3.0250068557928853       1.0157965494805898     0.056182038344012336     0.043737333982671912   2.0594145899910987e-09       2.1045919762829826       2.1045919762829826       2583.2667365700222                                                 2571.1151193271899                                              12.151617242832145
                       6       1293.8717135675424     0.022721759979553235      0.11720785534634245       68.515765048535613       3.0098792624648159       1.0381967279519382     0.056182038344012336     0.043737333982671912   2.0284950622443028e-09       2.1045919762829826       2.1045919762829826       2583.5342431825188                                                 2571.3826259396865                                              12.151617242832145
                       8        1294.053014637017     0.022721759979553235      0.11720785534634245       68.515765048535613        3.009041473116838       1.0395186240861283     0.056182038344012336     0.043737333982671912   2.0267963223811711e-09       2.1045919762829826       2.1045919762829826       2583.8968453214679                                                 2571.7452280786356                                              12.151617242832145
                       2       1294.2888033101012     0.022721759979553235      0.11720785534634245       68.515765048535613       3.0138591594345057        1.034621839376674     0.056182038344012336     0.043737333982671912    2.036584350184265e-09       2.1045919762829826       2.1045919762829826       2584.3684226676364                                                 2572.2168054248041                                              12.151617242832145
                       5       1294.6528625996241     0.022726432668137495      0.11720116736953202       68.500728217562326       3.0224188732092303        1.031801697195756     0.060272893743858871     0.016217838763454458   2.0540917515771096e-09       2.1045919762829826       2.1045919762829826       2585.0965412466821                                                 2572.3061518962495                                              12.790389350432672
                       6       1293.1732330925422     0.022726432668137495      0.11720116736953202       68.500728217562326       3.0263551630877554       1.0213653952875932     0.060272893743858871     0.016217838763454458   2.0621931864859658e-09       2.1045919762829826       2.1045919762829826       2582.1372822325184                                                 2569.3468928820857                                              12.790389350432672
                       2       1293.6360395891525     0.022723878277651762      0.11700151436653608       68.474518605460204       3.0287072619396174       1.0216690321181754     0.061774573189925325     0.023566600333436195   2.0670493775941286e-09       2.1045919762829826       2.1045919762829826       2583.0628952257389                                                 2570.2382845195925                                              12.824610706146267
                       3       1293.3678773827614     0.022723878277651762      0.11700151436653608       68.474518605460204       3.0244168403344851       1.0265080954112324     0.061774573189925325     0.023566600333436195   2.0581998619371528e-09       2.1045919762829826       2.1045919762829826       2582.5265708129568                                                 2569.7019601068105                                              12.824610706146267
                       1       1293.3409973113021     0.022723878277651762      0.11700151436653608       68.474518605460204       3.0206562038931013        1.025512991609171     0.061774573189925325     0.023566600333436195   2.0504742562347423e-09       2.1045919762829826       2.1045919762829826       2582.4728106700381                                                 2569.6481999638918                                              12.824610706146267
                       2       1294.0750175227445     0.022734919968199728      0.11731131444059971       68.247322278840514        3.016044200586109       1.0250344726706382     0.059009961863773691     0.043376326080649868   2.0410392360801811e-09       2.1045919762829826       2.1045919762829826       2583.9408510929229                                                 2568.7680771203327                                              15.172773972590003
                       1       1294.1091059278922     0.022734919968199728      0.11731131444059971       68.247322278840514       3.0175804305565204       1.0230493147050221     0.059009961863773691     0.043376326080649868   2.0441771513880792e-09       2.1045919762829826       2.1045919762829826       2584.0090279032183                                                 2568.8362539306281                                              15.172773972590003
                       3       1293.9066947649478     0.022732240199909846      0.11728499460357307        68.26987269345102       3.0153785956168138       1.0232673985125587     0.057970582428095357     0.042261458486620836   2.0396811622426061e-09       2.1045919762829826       2.1045919762829826       2583.6042055773296                                                 2568.7376484477131                                              14.866557129616682
                       6       1294.0390868374641     0.022732240199909846      0.11728499460357307        68.26987269345102       3.0078184893336308       1.0336367262131578     0.057970582428095357     0.042261458486620836   2.0243190984581407e-09       2.1045919762829826       2.1045919762829826       2583.8689897223621                                                 2569.0024325927457                                              14.866557129616682
                       2       1293.7012325873761     0.022868195472417301      0.11683334957479062       68.525110534326203       3.0051000436939233       1.0306429709810734     0.055985703341378507     0.037226527233478121   2.0188235700634661e-09       2.1045919762829826       2.1045919762829826       2583.1932812221862                                                 2570.1532361215977                                              13.040045100588296
                       7       1293.5126513440712     0.022868195472417301      0.11683334957479062       68.525110534326203        3.015358566050979       1.0222943326979435     0.055985703341378507     0.037226527233478121   2.0396403087236257e-09       2.1045919762829826       2.1045919762829826       2582.8161187355763                                                 2569.7760736349878                                              13.040045100588296
                       2       1298.0450505982717     0.022135079678393756      0.11685653893800088       67.638985985182885        3.024674825684011       1.0431759010003216     0.067502550332701916     0.085494291057092164   2.0587309158470479e-09       2.1045919762829826       2.1045919762829826       2591.8809172439774                                                 2575.2958596596864                                              16.585057584291143
                       2       1297.9156580567662     0.022115408569385868      0.11585362483632913       67.815765362934613       3.0272890096390168       1.0459942472614674     0.070460883920901288      0.10002275856926544   2.0641198579489353e-09       2.1045919762829826       2.1045919762829826       2591.6221321609664                                                 2578.3950310873338                                              13.227101073632511
                       2       1298.2917228818733     0.022115408569385868      0.11585362483632913       67.815765362934613       3.0275479554463409       1.0483019560413778     0.070460883920901288      0.10002275856926544   2.0646544223405821e-09       2.1045919762829826       2.1045919762829826       2592.3742618111805                                                 2579.1471607375479                                              13.227101073632511
                       2       1298.7190895600065     0.022225668496634741      0.11620112272042442       67.746112290650089       3.0316264660171806       1.0438342448791642     0.070970802290688723     0.097235601137338701   2.0730923325837691e-09       2.1045919762829826       2.1045919762829826        2593.228995167447                                                 2578.0005030779771                                              15.228492089469849
                       7       1298.6303353778117     0.022229374582866009      0.11620417663537781       67.752169073770887       3.0313204340886037       1.0437245218417299     0.070777895933125529     0.096704449376900106   2.0724579972075006e-09       2.1045919762829826       2.1045919762829826       2593.0514868030573                                                 2577.8565925885659                                               15.19489421449113
                       2       1297.1528455310624     0.022264997445715248      0.11603546793588594       67.756286266259195       3.0213032893797305       1.0442150360960918     0.065776995059294061      0.11561815477796793   2.0518015177461765e-09       2.1045919762829826       2.1045919762829826       2590.0965071095588                                                 2575.1312763955784                                              14.965230713980519
                       2        1298.412773466619     0.022057562481989999      0.11648912069670743       67.697959999968091       3.0238978383773927       1.0498979777321222      0.06830422090923205      0.10237959652031466   2.0571319293342478e-09       2.1045919762829826       2.1045919762829826        2592.616362980672                                                 2578.1883987800411                                              14.427964200630855
                       1       1296.7736360667629     0.022419980819489468      0.11661378520359074       67.925364362211525       3.0308060172876039       1.0405191139832359     0.068308068518747947      0.11278238485242296   2.0713921641590884e-09       2.1045919762829826       2.1045919762829826       2589.3380881809599                                                 2574.7587204336669                                              14.579367747293086
                       2       1296.8821380098832     0.022392749328726876      0.11662516105466661        67.87051920095675       3.0259311483646383       1.0415859508258476     0.066137164749182561      0.11929968635201285   2.0613189715660802e-09       2.1045919762829826       2.1045919762829826       2589.5550920672003                                                 2574.6330861239758                                              14.922005943224461
                       2       1296.3188557090577     0.022418788146361231      0.11783060386349875       67.917834090713939       3.0227909446974026       1.0376110920452146     0.062434615335071574     0.068202715679472878   2.0548561627509446e-09       2.1045919762829826       2.1045919762829826       2588.4285274655495                                                 2571.9854874470157                                              16.443040018533939
                       1       1299.9625092064484     0.022418788146361231      0.11783060386349875       67.917834090713939        2.999440119425306       1.0509878919278719     0.062434615335071574     0.068202715679472878   2.0074294568713693e-09       2.1045919762829826       2.1045919762829826       2595.7158344603308                                                  2579.272794441797                                              16.443040018533939
                       2       1299.9518452760831     0.022420794332380232      0.11783381717310504       67.919540327020016       2.9994468529327412       1.0509267727143796     0.062414639957401818      0.06808018797406315   2.0074429739580514e-09       2.1045919762829826       2.1045919762829826       2595.6945065996001                                                 2579.2511682439085                                              16.443338355691644
                       3       1300.4578021860245     0.022131855976765154      0.11862186053154006       67.889110501122843       2.9806454895917276       1.0561864847547304     0.054335934130622952    0.0084926318027676514   1.9700529027904544e-09       2.1045919762829826       2.1045919762829826        2596.706420419483                                                 2580.7905167332383                                              15.915903686244825
                       3        1297.452194900161     0.022131855976765154      0.11862186053154006       67.889110501122843       3.0134131129481831       1.0264008754069307     0.054335934130622952    0.0084926318027676514   2.0356761414574797e-09       2.1045919762829826       2.1045919762829826       2590.6952058477559                                                 2574.7793021615112                                              15.915903686244825
                       4       1298.2797027109496     0.022299881375404913      0.11890646832245157       68.109020128835553       3.0339739007042015       1.0229389228500758     0.062706026508267454     0.012355566487924484   2.0779644977421021e-09       2.1045919762829826       2.1045919762829826       2592.3502214693331                                                 2577.7316705021913                                              14.618550967141715
                       5       1297.7268685360373     0.022451303618361458      0.11897976531984085       68.259893802165649       3.0295181189440799       1.0190799457235717     0.058991444902619788    0.0099807719587008958    2.068726138775424e-09       2.1045919762829826       2.1045919762829826       2591.2445531195085                                                 2577.1086166968271                                              14.135936422681386
                      11       1297.1951964098475     0.022445462508747703      0.11867349433396771       68.306292082530831       3.0259864236741225        1.020199730063702     0.057747789506660784     0.017541063596953309   2.0614329147592733e-09       2.1045919762829826       2.1045919762829826        2590.181208867129                                                 2576.9063231059363                                              13.274885761192568
                       1       1297.9503234440492     0.022474281994425617      0.11882635129164427       68.391561050970992        3.027548689719858       1.0194798876319406     0.058030881036563321     0.010466562615430493   2.0646559383622034e-09       2.1045919762829826       2.1045919762829826       2591.6914629355324                                                 2578.8842130653929                                              12.807249870139483
                       5       1298.9857648953464     0.022434636434485573      0.11760682652149863       68.434252783001028       3.0445448281656056        1.024115625786328     0.068783418854767728     0.056665037144170649   2.1000470204549861e-09       2.1045919762829826       2.1045919762829826       2593.7623458381267                                                 2582.5268737175311                                              11.235472120595597
                       1       1303.9979402910465     0.022158725615457509      0.11774754904233209        68.01802793238609       3.0321191998001185       1.0329351301071119     0.065057864888183506     0.090944323954033374   2.0741140669120212e-09       2.1045919762829826       2.1045919762829826       2603.7866966295269                                                 2591.1311404374951                                               12.65555619203171
                       2       1302.0662979808551      0.02256812593655487      0.11786179220426907       67.983586705976464       3.0540710468891281       1.0197291215960074     0.072121759139886651      0.10643802826126539    2.120148119421799e-09       2.1045919762829826       2.1045919762829826       2599.9234120091442                                                 2583.7725869077094                                               16.15082510143467
                       3       1301.8448236702061      0.02256812593655487      0.11786179220426907       67.983586705976464        3.052549499832196       1.0247221909195197     0.072121759139886651      0.10643802826126539   2.1169246672294174e-09       2.1045919762829826       2.1045919762829826       2599.4804633878462                                                 2583.3296382864114                                               16.15082510143467
                       7       1295.4271913618738     0.022338909084079941      0.11712434306642298       68.081404887139826       3.0337492119421841        1.028470925764031     0.065611069393569116     0.051824288132636273     2.07749765492072e-09       2.1045919762829826       2.1045919762829826       2586.6451987711816                                                 2573.1260054892873                                              13.519193281894184
                       1       1295.4478849755942     0.022338099940035834      0.11711622534276939       68.083005367884653       3.0340409319653534       1.0285360720791812     0.065777419431890374     0.052201722441679858   2.0781037909914635e-09       2.1045919762829826       2.1045919762829826       2586.6865859986224                                                 2573.2018035426518                                              13.484782455970421
                       4       1295.4595376742318     0.022081156677295436      0.11646796123294359       68.262252774305168       3.0141477528150231       1.0383760549958301     0.059130184831386268      0.04719698864582246   2.0371721797643769e-09       2.1045919762829826       2.1045919762829826       2586.7098913958976                                                 2576.0150343408905                                              10.694857055007176
                       1       1296.5778445874091     0.022109826754730465      0.11694180549782128       67.915982134257703       3.0231983839610366       1.0360452493918511     0.062769346548298938     0.066331451169200972   2.0556935624159362e-09       2.1045919762829826       2.1045919762829826       2588.9465052222522                                                 2575.7081934527141                                              13.238311769538155
                       1       1294.4362996495831     0.022968133752428226      0.11689471903769733       68.481660483512201       3.0272252754585391        1.011344995395568     0.056935711387232794     0.060125723708481682   2.0639883071535666e-09       2.1045919762829826       2.1045919762829826       2584.6634153466002                                                 2570.8745790318603                                              13.788836314739736
                      11       1294.5632066899609     0.022968133752428226      0.11689471903769733       68.481660483512201       3.0277506525244129       1.0111814076098606     0.056935711387232794     0.060125723708481682   2.0650729641763896e-09       2.1045919762829826       2.1045919762829826       2584.9172294273558                                                 2571.1283931126159                                              13.788836314739736
                       2       1293.5749686839442     0.022968133752428226      0.11689471903769733       68.481660483512201       3.0150684328465158       1.0242364273405391     0.056935711387232794     0.060125723708481682   2.0390486271822843e-09       2.1045919762829826       2.1045919762829826       2582.9407534153224                                                 2569.1519171005825                                              13.788836314739736
                       2        1293.526612448328     0.022968133752428226      0.11689471903769733       68.481660483512201       3.0153734230325555       1.0228850656594353     0.056935711387232794     0.060125723708481682   2.0396706118472207e-09       2.1045919762829826       2.1045919762829826         2582.84404094409                                                 2569.0552046293501                                              13.788836314739736
                       6       1293.3172963989737      0.02290610601094456      0.11702946795876079       68.463835106759745       3.0121365107325393       1.0240880737424021     0.055657684608520094     0.049814477226438697   2.0330790508634747e-09       2.1045919762829826       2.1045919762829826       2582.4254088453813                                                 2568.6650661871395                                              13.760342658241724
                       8       1293.7723361311712      0.02290610601094456      0.11702946795876079       68.463835106759745       3.0059109472589589       1.0329449925038292     0.055657684608520094     0.049814477226438697   2.0204613052265067e-09       2.1045919762829826       2.1045919762829826       2583.3354883097763                                                 2569.5751456515345                                              13.760342658241724
                       2       1293.7790778164442      0.02290610601094456      0.11702946795876079       68.463835106759745       3.0058772150744368       1.0330114939370849     0.055657684608520094     0.049814477226438697   2.0203931518024279e-09       2.1045919762829826       2.1045919762829826       2583.3489716803224                                                 2569.5886290220806                                              13.760342658241724
                       2       1293.2275895569635      0.02273664852663904      0.11786597939517697       68.425862357804377       2.9985550977446471       1.0360658646694987     0.052252043989818135     0.014211275206581046   2.0056536242207552e-09       2.1045919762829826       2.1045919762829826        2582.245995161361                                                 2568.3428856482096                                              13.903109513151467
                       4       1293.4962543119077     0.022681864117890312      0.11782772369401809       68.328043840983838       2.9994915591392459       1.0382848448638367     0.053339683833197905     0.029157834322063002   2.0075327211243044e-09       2.1045919762829826       2.1045919762829826       2582.7833246712494                                                 2568.5302795858638                                              14.253045085385425
                       3       1294.2622723969744     0.022691541427823928      0.11571520879392666        68.28179944285489       2.9897489251756721       1.0433170394322735     0.051678275777033982      0.11167197315839669   1.9880690324056536e-09       2.1045919762829826       2.1045919762829826       2584.3153608413827                                                 2571.8874265969739                                              12.427934244408579
                       4        1294.357403439549     0.022691541427823928      0.11571520879392666        68.28179944285489       2.9881114823149209       1.0441747486795752     0.051678275777033982      0.11167197315839669   1.9848163467320905e-09       2.1045919762829826       2.1045919762829826       2584.5056229265319                                                 2572.0776886821232                                              12.427934244408579
                       1       1294.6291835916616     0.022767037028292154      0.11410884087270128       68.481461516046849       2.9928761633225509       1.0465482545953264      0.05583138575047214       0.1614320960938537   1.9942959291422041e-09       2.1045919762829826       2.1045919762829826       2585.0491832307571                                                 2574.3213601034822                                              10.727823127274922
                       2        1294.698014932985     0.022776819471407427      0.11410483075848339       68.468583250483221       2.9922617476374755       1.0463279999853967     0.055450493451073717      0.16405197283495659   1.9930709787955463e-09       2.1045919762829826       2.1045919762829826       2585.1868459134039                                                 2574.4119235495596                                              10.774922363844256
                       4       1294.7939989528811     0.022776819471407427      0.11410483075848339       68.468583250483221       2.9914836658070016       1.0471376313025502     0.055450493451073717      0.16405197283495659   1.9915208096375359e-09       2.1045919762829826       2.1045919762829826       2585.3788139531962                                                 2574.6038915893519                                              10.774922363844256
                       5       1294.7782325342155     0.022758276627327545      0.11418945896091348       68.431089755363558       2.9915366974608437       1.0474095305937632     0.055522978350713403      0.16321001610290362   1.9916264260802145e-09       2.1045919762829826       2.1045919762829826       2585.3472811158649                                                 2574.4768778356124                                              10.870403280252694
                       3       1294.5393622762012     0.022879358372554327      0.11449053279233924       68.505447115205385       3.0007076278330898       1.0435074883280784     0.058545433494523555      0.15703254922156881   2.0099755038130705e-09       2.1045919762829826       2.1045919762829826       2584.8695405998365                                                 2573.8358478594678                                              11.033692740368462
                       5       1295.0753300637268     0.022788892608103548      0.11367246824652619       68.639558306986288       3.0011093950470715       1.0472391658268938      0.06072304155295128      0.15688331465152724   2.0107832083151385e-09       2.1045919762829826       2.1045919762829826       2585.9414761748876                                                 2575.3816903484426                                              10.559785826445214
                       3       1295.2005599169836     0.022788892608103548      0.11367246824652619       68.639558306986288       3.0219511200569218        1.022724414787211      0.06072304155295128      0.15688331465152724   2.0531311683606066e-09       2.1045919762829826       2.1045919762829826       2586.1919358814012                                                 2575.6321500549561                                              10.559785826445214
                       1       1297.2908515391571     0.022616828716454589      0.11280990762870739       68.785341061272987       3.0277072548702288       1.0291896925499999     0.066390256930445576       0.1561395047752433   2.0649833467986318e-09       2.1045919762829826       2.1045919762829826       2590.3725191257481                                                 2578.9625725139863                                              11.409946611761868
                       4        1297.272891613773     0.022628820223268373      0.11281716965640078       68.805880615937866       3.0278357966064591       1.0288408117515846     0.066328915999788143      0.15460325214584489   2.0652488004038839e-09       2.1045919762829826       2.1045919762829826         2590.33659927498                                                 2578.8633243944159                                              11.473274880564121
                       6        1296.571094020441     0.022684654657205424      0.11382540089512597       68.819873760940652         3.00961903366878       1.0232517234489127     0.055067293649357134     0.099263993753356566   2.0279672580943882e-09       2.1045919762829826       2.1045919762829826        2588.933004088316                                                 2577.9974630894108                                              10.935540998905115
                       3       1295.3593562606429     0.022867926898274372      0.11484354760398999       68.731856366138899       2.9963488238411435       1.0191558521970625     0.045465254704678451      0.12295932368388954   2.0012334807866979e-09       2.1045919762829826       2.1045919762829826       2586.5095285687198                                                 2575.9341643536841                                              10.575364215035611
                       4       1295.2061118528679     0.023247149378478726      0.11586176198370282       69.190099154098846       3.0104774477639031       1.0050242594330376     0.047335201387420922     0.054368197076083549   2.0297088411659688e-09       2.1045919762829826       2.1045919762829826       2586.2030397531698                                                  2575.342302471011                                              10.860737282158716
                       4       1295.5910548813881     0.023224752863202046      0.11570297400120623       69.587851150283427       3.0171241932711461       1.0081890679721026     0.051085142029775904     0.041872135426474458   2.0432447342716068e-09       2.1045919762829826       2.1045919762829826       2586.9729258102102                                                 2574.9785703505077                                              11.994355459702366
                       3       1294.7578290536167     0.023306766033426508      0.11621562961639774         69.3844383501213       3.0194711850731903       1.0029780411247862     0.050708002323358488     0.032066441880650817   2.0480458447921706e-09       2.1045919762829826       2.1045919762829826       2585.3064741546673                                                 2574.3768857029572                                              10.929588451709858
                       5       1294.5948785728635     0.023306766033426508      0.11621562961639774         69.3844383501213       2.9967704619867077       1.0281449022133073     0.050708002323358488     0.032066441880650817   2.0020774550737507e-09       2.1045919762829826       2.1045919762829826        2584.980573193161                                                  2574.050984741451                                              10.929588451709858
                       6       1293.9047048030475     0.023181049389024343      0.11629368948476826       69.077272490350907       2.9968234669983955       1.0308954309810574     0.051814577607382464     0.046520305496925887    2.002183578025156e-09       2.1045919762829826       2.1045919762829826       2583.6002256535289                                                 2572.6666028830605                                               10.93362277046856
                       3       1293.9420650317893      0.02313388748223405      0.11626973054712401       69.039226898609684       3.0004234512850223       1.0307559603492098     0.053995458263997854     0.031238387615375035   2.0094043970641125e-09       2.1045919762829826       2.1045919762829826       2583.6749461110126                                                 2572.5770611741955                                               11.09788493681698
                       3       1294.2388701805853     0.023022442236301923      0.11638399382772671       68.862809527463114       2.9905836137536284       1.0333271068827274     0.049944637888355334      0.03325877785372864   1.9897291436607583e-09       2.1045919762829826       2.1045919762829826       2584.2685564086046                                                   2572.85218651167                                              11.416369896934636
                      17        1294.305225170242     0.023022442236301923      0.11638399382772671       68.862809527463114       2.9901724941676187       1.0332683087640131     0.049944637888355334      0.03325877785372864   1.9889112951672315e-09       2.1045919762829826       2.1045919762829826        2584.401266387918                                                 2572.9848964909834                                              11.416369896934636
                       3       1294.0645317385599     0.022491200944922653      0.11487906745433903       68.755863029779505       2.9950409817317771       1.0534798968811478     0.059588886569277147     0.081708946698758847   1.9986178941298553e-09       2.1045919762829826       2.1045919762829826       2583.9198795245538                                                 2573.2818192594527                                              10.638060265101052
                       2       1293.2473688173736     0.022676447533393519       0.1164506986848971        69.09282564514298       2.9895494710191381       1.0458406043794357     0.052717165650913146     0.016624612729079072   1.9876725433156763e-09       2.1045919762829826       2.1045919762829826       2582.2855536821812                                                 2571.5341979174241                                               10.75135576475715
                       4       1294.1280438290414     0.022676447533393519       0.1164506986848971        69.09282564514298       3.0115672579646158       1.0276257331306176     0.052717165650913146     0.016624612729079072   2.0319220443321923e-09       2.1045919762829826       2.1045919762829826       2584.0469037055168                                                 2573.2955479407597                                               10.75135576475715
                       2       1294.0401521400099     0.022676447533393519       0.1164506986848971        69.09282564514298       2.9897734630755579       1.0514872591790787     0.052717165650913146     0.016624612729079072    1.988117816043058e-09       2.1045919762829826       2.1045919762829826       2583.8711203274538                                                 2573.1197645626967                                               10.75135576475715
                       1       1296.1181061515108     0.022775843669821931      0.11749214459681029       68.982315089853941       2.9939301066706507       1.0481692927706805     0.052455876886512431     0.021458981363947804   1.9963989120886444e-09       2.1045919762829826       2.1045919762829826       2588.0270283504556                                                 2577.6010815917293                                              10.425946758726187
                       2       1295.3269582960113     0.022758219389130762      0.11757598558945238       68.566968315802669       3.0087293327215505       1.0472687360960744     0.059961553016956493     0.050446350402185411   2.0261637761026945e-09       2.1045919762829826       2.1045919762829826       2586.4447326394566                                                 2574.4902231419951                                              11.954509497461423
                       9       1294.5275044315788     0.022758219389130762      0.11757598558945238       68.566968315802669       3.0090380916071089       1.0399237386126119     0.059961553016956493     0.050446350402185411   2.0267894687612756e-09       2.1045919762829826       2.1045919762829826       2584.8458249105915                                                 2572.8913154131301                                              11.954509497461423
                       1       1294.7197928033054     0.023007193077236369      0.11757815188721209       68.647268642038156       3.0015004435101433       1.0327497493195392     0.053926326503732157     0.055896230791435554   2.0115696757617413e-09       2.1045919762829826       2.1045919762829826       2585.2304016540447                                                 2572.5259855983782                                              12.704416055666512
                       1       1294.5242703551864     0.023007193077236369      0.11757815188721209       68.647268642038156       3.0028769617554718       1.0314092606838037     0.053926326503732157     0.055896230791435554   2.0143405447605223e-09       2.1045919762829826       2.1045919762829826       2584.8393567578069                                                 2572.1349407021403                                              12.704416055666512
                       3       1293.2747422448094     0.023120206505070386       0.1169173751216199       68.942586380470516       3.0121713494697442       1.0285088405297729     0.058395918022747656      0.04239387017302261   2.0331498820040709e-09       2.1045919762829826       2.1045919762829826       2582.3403005370528                                                 2571.0593868439546                                              11.280913693098018
                       2       1293.8364363365681     0.023173407927760101      0.11796161203956489       68.936202161852506       3.0185091341324157       1.0240326657438079     0.059448942281501028    0.0049095937395163547   2.0460764678328123e-09       2.1045919762829826       2.1045919762829826       2583.4636887205702                                                   2571.20703217151                                              12.256656549059995
                       9       1294.6852705519279     0.023173407927760101      0.11796161203956489       68.936202161852506       3.0170586600629004        1.032661600991756     0.059448942281501028    0.0049095937395163547   2.0431108382763037e-09       2.1045919762829826       2.1045919762829826       2585.1613571512898                                                 2572.9047006022297                                              12.256656549059995
                       5       1294.6952881725676     0.023165238621447194      0.11799393886248499       68.983280793954805       3.0152839538927325       1.0331623612136498     0.058588547319863835    0.0018527595052899672   2.0394881324353166e-09       2.1045919762829826       2.1045919762829826       2585.1813923925693                                                 2573.2781370868956                                              11.903255305673831
                       5       1293.2569177195357     0.022913907929209641      0.11697721878736407       69.077351413082269       3.0041532508016036       1.0425282445607347     0.056799412981314482    0.0072534034385685897   2.0169130668246435e-09       2.1045919762829826       2.1045919762829826       2582.3046514865055                                                 2571.6677627635563                                              10.636888722949168
                       8       1293.2999974568295     0.022877014220577752      0.11710953958460517       69.044866152518352       3.0031040555254482       1.0434002845006143      0.05642135112936543    0.0049839703047163189    2.014798040894143e-09       2.1045919762829826       2.1045919762829826       2582.3908109610929                                                 2571.7702315522188                                              10.620579408874086
                       3       1293.5102840234274     0.022877014220577752      0.11710953958460517       69.044866152518352       3.0005806404915765       1.0455404761285911      0.05642135112936543    0.0049839703047163189   2.0097202785728648e-09       2.1045919762829826       2.1045919762829826       2582.8113840942888                                                 2572.1908046854146                                              10.620579408874086
                       2       1293.3998803977781     0.022796512444860712      0.11720230667780425       68.960851032438612       3.0004560239662124       1.0473570136130728     0.056952673880453948    0.0024328277166155228      2.0094698498189e-09       2.1045919762829826       2.1045919762829826       2582.5905768429902                                                 2571.9516794610786                                               10.63889738191182
                      10       1292.4175881159024     0.022796512444860712      0.11720230667780425       68.960851032438612       3.0169465190527456        1.029342800784862     0.056952673880453948    0.0024328277166155228   2.0428817346092393e-09       2.1045919762829826       2.1045919762829826       2580.6259922792387                                                 2569.9870948973271                                               10.63889738191182
                       1       1293.0021785195543     0.022796512444860712      0.11720230667780425       68.960851032438612       3.0276001220581463       1.0130757887694037     0.056952673880453948    0.0024328277166155228   2.0647621311757231e-09       2.1045919762829826       2.1045919762829826       2581.7951730865425                                                 2571.1562757046308                                               10.63889738191182
                      13       1292.5632847466275     0.022791928037153613      0.11695018165361845       68.926359446744044       3.0275794176062965       1.0125473897719606     0.057310154056385759   0.00031441589546281779   2.0647193818501491e-09       2.1045919762829826       2.1045919762829826       2580.9173855406889                                                 2570.1759290891123                                              10.741456451576674
                       2       1292.6916763858592     0.022832239695429083      0.11698605352064297       68.957927560383155       3.0287287829184404       1.0116225304185731     0.057474899010691492     0.002046199856124576   2.0670938629986931e-09       2.1045919762829826       2.1045919762829826       2581.1741688191523                                                 2570.4277020409654                                              10.746466778186974
                       3       1291.7802034565932     0.022832239695429083      0.11698605352064297       68.957927560383155       3.0167470225788255       1.0207005776828963     0.057474899010691492     0.002046199856124576   2.0424742275560112e-09       2.1045919762829826       2.1045919762829826       2579.3512229606204                                                 2568.6047561824334                                              10.746466778186974
                       3       1292.8987020960774     0.022924709495147546      0.11721140124645174       68.860693474232917         2.99910451332393       1.0177432555983836     0.047529412490675417    0.0099120047943551653   2.0067558643347663e-09       2.1045919762829826       2.1045919762829826       2581.5882202395887                                                 2570.2420293552404                                              11.346190884348132
                       3       1292.9197189626977     0.022924709495147546      0.11721140124645174       68.860693474232917       3.0049030511577488       1.0143615998921445     0.047529412490675417    0.0099120047943551653   2.0184259160570323e-09       2.1045919762829826       2.1045919762829826       2581.6302539728295                                                 2570.2840630884812                                              11.346190884348132
                       5       1292.9245339628881      0.02310679581135552      0.11746597473502837       69.020560679377766        3.019006713889739       1.0092876097578523     0.052538197908331412    0.0063150836041686829   2.0470948073967074e-09       2.1045919762829826       2.1045919762829826       2581.6398839732101                                                 2570.3270211201798                                              11.312862853030426
                       4       1293.0232236028617      0.02310679581135552      0.11746597473502837       69.020560679377766       3.0044933257951496       1.0288721392240854     0.052538197908331412    0.0063150836041686829    2.017599085165057e-09       2.1045919762829826       2.1045919762829826       2581.8372632531573                                                  2570.524400400127                                              11.312862853030426
                       2       1293.2358032266741      0.02310679581135552      0.11746597473502837       69.020560679377766        3.000846554990074       1.0290821098259721     0.052538197908331412    0.0063150836041686829   2.0102547633933441e-09       2.1045919762829826       2.1045919762829826       2582.2624225007821                                                 2570.9495596477518                                              11.312862853030426
                       1       1293.4752802173425      0.02310679581135552      0.11746597473502837       69.020560679377766       3.0189632307837888       1.0054103736429629     0.052538197908331412    0.0063150836041686829   2.0470057952915827e-09       2.1045919762829826       2.1045919762829826        2582.741376482119                                                 2571.4285136290887                                              11.312862853030426
                      14       1293.3835969360468      0.02310679581135552      0.11746597473502837       69.020560679377766       3.0194572333540166       1.0054924603508615     0.052538197908331412    0.0063150836041686829   2.0480172712310149e-09       2.1045919762829826       2.1045919762829826       2582.5580099195276                                                 2571.2451470664973                                              11.312862853030426
                       1       1293.9033218769575     0.023083329712896478        0.117812152579705       68.986232934009479       3.0188068297667754        1.006122359610079     0.051948436175493017    0.0050392998215224739   2.0466856665382504e-09       2.1045919762829826       2.1045919762829826        2583.597459801349                                                 2572.1697102864446                                              11.427749514904551
                       2       1293.0778999465767     0.022897698246987161      0.11756200820834588       68.815059308529513       3.0169883472695282       1.0117718182355968     0.053137676369160308     0.017138778441908455   2.0429671864964336e-09       2.1045919762829826       2.1045919762829826       2581.9466159405874                                                 2570.5295807611296                                               11.41703517945799
                       1       1293.1196383647259     0.022897698246987161      0.11756200820834588       68.815059308529513       3.0188523254687634       1.0107802561575134     0.053137676369160308     0.017138778441908455   2.0467787840576061e-09       2.1045919762829826       2.1045919762829826       2582.0300927768858                                                  2570.613057597428                                               11.41703517945799
                      11        1295.316142327699     0.022897698246987161      0.11756200820834588       68.815059308529513       2.9947133876477601       1.0482057376174454     0.053137676369160308     0.017138778441908455   1.9979632659635396e-09       2.1045919762829826       2.1045919762829826        2586.423100702832                                                 2575.0060655233742                                               11.41703517945799
                       3       1295.3172792433256     0.023033457264060909      0.11678413532843697       69.212446677245538       2.9889271926092413       1.0456195380615774     0.050050395892167095     0.003675361335156422   1.9864360423698486e-09       2.1045919762829826       2.1045919762829826       2586.4253745340852                                                 2575.6927503401521                                              10.732624193933098
                       2       1292.6945992841943     0.023033457264060909      0.11678413532843697       69.212446677245538       2.9972234230942427       1.0306331647599831     0.050050395892167095     0.003675361335156422    2.002984523713071e-09       2.1045919762829826       2.1045919762829826       2581.1800146158225                                                 2570.4473904218894                                              10.732624193933098
                       5       1292.4022645014218     0.023033457264060909      0.11678413532843697       69.212446677245538       3.0022576570315205       1.0218532902514035     0.050050395892167095     0.003675361335156422   2.0130934403541898e-09       2.1045919762829826       2.1045919762829826       2580.5953450502775                                                 2569.8627208563444                                              10.732624193933098
                       2       1293.0151154416828     0.022421542978637028      0.11564596506449194       68.879259669677054       2.9905337613516285       1.0414631949067119     0.051520696052099482     0.031806242543151786   1.9896299533560759e-09       2.1045919762829826       2.1045919762829826       2581.8210469307996                                                 2571.0064155448249                                              10.814631385974595
                       1       1296.5556675005696     0.022025990846801659      0.11566288354934885       68.030288015468926       2.9919649843979053       1.0499888927772274     0.055904130405997232      0.06533087586751371   1.9924795963498108e-09       2.1045919762829826       2.1045919762829826       2588.9021510485732                                                 2577.5581727553636                                              11.343978293209611
                       2       1295.2029460602514     0.022270767341503243       0.1165565872935178       68.119418450842701       3.0094531692926494       1.0401234005269651     0.060993672248705638     0.034084462351626675   2.0276309184644636e-09       2.1045919762829826       2.1045919762829826       2586.1967081679368                                                 2573.4618099450777                                              12.734898222858966
                       6       1295.2022725599704     0.022270494167596477      0.11658640596758772       68.116066925491609       3.0088550466898161       1.0400326704191483     0.060650741973529911      0.03294229820673085   2.0264185092027628e-09       2.1045919762829826       2.1045919762829826       2586.1953611673748                                                 2573.4000025913465                                              12.795358576028113
                       1       1294.1301231683924      0.02240013949703773      0.11622963527143698       68.366139872216962       3.0131498824508962       1.0375878084630616     0.062118498794361536     0.032711768314812546   2.0351403599345609e-09       2.1045919762829826       2.1045919762829826       2584.0510623842188                                                 2572.5617138089742                                              11.489348575244515
                       3       1294.1433966901488      0.02240013949703773      0.11622963527143698       68.366139872216962       3.0129796683301677       1.0375963690518133     0.062118498794361536     0.032711768314812546    2.034793979787868e-09       2.1045919762829826       2.1045919762829826       2584.0776094277317                                                 2572.5882608524871                                              11.489348575244515
                       8       1294.6845686647373     0.022273710487008332      0.11599098460646541       68.342694444486426       3.0193827011622685       1.0425157985227338     0.066873092278036644     0.045193814640692394   2.0478646337033275e-09       2.1045919762829826       2.1045919762829826       2585.1599533769086                                                 2574.2374354243757                                              10.922517952532942
                       1       1297.9426191116115     0.022251215592058834      0.11572510205028984        68.41014663622677       3.0385295566487946       1.0430370244321554     0.076984860115510922       0.0405862919403564   2.0874525848795378e-09       2.1045919762829826       2.1045919762829826        2591.676054270657                                                 2581.0357807673827                                               10.64027350327455
                       3          1298.2321524177     0.022283749854238512      0.11593908129086171       68.383514578380868       3.0377729453223372        1.040553343959562     0.075932227013804851     0.025736148012571819    2.085873791951997e-09       2.1045919762829826       2.1045919762829826        2592.255120882834                                                 2581.2755403308411                                               10.97958055199314
                       4       1297.2042357208247      0.02290774932988621      0.11558744679695905       68.916431844843729       3.0489627677876046       1.0249032023835489     0.076358337821999273     0.038807389120496458   2.1093454261682261e-09       2.1045919762829826       2.1045919762829826       2590.1992874890834                                                 2579.3068078562019                                              10.892479632881528
                       1        1297.488835345983     0.022955192028407012      0.11593593567385435       68.823337241703001       3.0536544869417499        1.022999180880714     0.077790910870669694     0.043434208525105142   2.1192651345535721e-09       2.1045919762829826       2.1045919762829826          2590.7684867394                                                 2579.5464914959689                                               11.22199524343117
                       1       1296.7377385002308     0.022734722560826353      0.11491573326204582       68.282201739096692         3.03063306260611        1.031921223996036     0.070046340260996001       0.1218700728232365   2.0710339381664113e-09       2.1045919762829826       2.1045919762829826       2589.2662930478955                                                 2576.9476299823541                                              12.318663065541203
                       4       1293.9444218517415     0.022520903874006182      0.11530902674443425       68.374580069850794       3.0198530006755213       1.0397580786949114     0.066093152133916533      0.11301261528479578   2.0488279699542947e-09       2.1045919762829826       2.1045919762829826       2583.6796597509169                                                 2572.7896947858248                                              10.889964965092052
                       1       1296.9203049354103     0.022626841505570899      0.11570968509726118       69.556873030611158       2.9954789476465211       1.0392340945921135     0.052115366939613966     0.014631036242939752    1.999493412353657e-09       2.1045919762829826       2.1045919762829826       2589.6314259182545                                                 2574.7782803559276                                              14.853145562326823
                       6       1297.4009929725255     0.022581420485354182      0.11581341831981605       69.481193101007278       2.9942672910854018       1.0407001901468766     0.051809368330871901      0.02068093350470385   1.9970721801888029e-09       2.1045919762829826       2.1045919762829826        2590.592801992485                                                 2576.2824753893788                                              14.310326603106146
                       1       1300.1076964565079     0.022655427215219893      0.11635178024523921       69.458030426132552       2.9848472645146535        1.038757507634815     0.045702039141595555     0.023854293492636465   1.9783480366127238e-09       2.1045919762829826       2.1045919762829826       2596.0062089604498                                                 2582.8075258711151                                              13.198683089334935
                       1       1301.2856396642428     0.022655427215219893      0.11635178024523921       69.458030426132552       2.9940931134915547       1.0342140557197601     0.045702039141595555     0.023854293492636465   1.9967243652533824e-09       2.1045919762829826       2.1045919762829826       2598.3620953759196                                                 2585.1634122865848                                              13.198683089334935
                       2       1301.0566908753242      0.02266977175431395      0.11638105914674023       69.459019052489907       2.9936233363076434       1.0336290151467222     0.045286809860075002     0.022332941835235303   1.9957865699986807e-09       2.1045919762829826       2.1045919762829826       2597.9041977980824                                                 2584.8232608631506                                              13.080936934931579
                       2       1302.0088323141522      0.02266977175431395      0.11638105914674023       69.459019052489907       2.9842225883115567       1.0479285631423974     0.045286809860075002     0.022332941835235303   1.9771125955882872e-09       2.1045919762829826       2.1045919762829826       2599.8084806757383                                                 2586.7275437408066                                              13.080936934931579
                       2       1303.9016947503835     0.022865133957124393      0.11608148767564858       69.650460412061577       2.9738536462030982       1.0434238817334005     0.038767108818810854      0.02754226592807537   1.9567179477313558e-09       2.1045919762829826       2.1045919762829826        2603.594205548201                                                 2589.5733640337121                                              14.020841514488785
                       1       1304.4681811526868     0.022755312809023584      0.11557904199414083       69.537994952991809       2.9684146492996741       1.0478754096619469     0.037857097565912788     0.050860453844963918   1.9461042549589488e-09       2.1045919762829826       2.1045919762829826       2604.7271783528076                                                 2590.4640665733091                                              14.263111779498411
                       2       1300.6043318624224     0.022661379703313639      0.11593849568486791       69.186982296315222        2.963690309824603       1.0474450616607507     0.035777208035198689     0.042738269014715835   1.9369318815676259e-09       2.1045919762829826       2.1045919762829826       2596.9994797722788                                                 2585.5333304595615                                              11.466149312717413
                       1       1300.4418504952891     0.022661379703313639      0.11593849568486791       69.186982296315222       2.9504665452645997       1.0577222665364083     0.035777208035198689     0.042738269014715835   1.9114869600136403e-09       2.1045919762829826       2.1045919762829826       2596.6745170380123                                                 2585.2083677252949                                              11.466149312717413
                      10       1298.9204240453282     0.022661379703313639      0.11593849568486791       69.186982296315222       2.9593800420944611       1.0409504082573677     0.035777208035198689     0.042738269014715835   1.9286011533152345e-09       2.1045919762829826       2.1045919762829826       2593.6316641380904                                                 2582.1655148253731                                              11.466149312717413
                       4       1300.1972943623387     0.022661379703313639      0.11593849568486791       69.186982296315222        2.961032073756797       1.0339710865473839     0.035777208035198689     0.042738269014715835   1.9317898967118268e-09       2.1045919762829826       2.1045919762829826       2596.1854047721113                                                 2584.7192554593939                                              11.466149312717413
                       4       1299.9746742651851     0.022661379703313639      0.11593849568486791       69.186982296315222       2.9699715092175549       1.0248142123667363     0.035777208035198689     0.042738269014715835    1.949136426390143e-09       2.1045919762829826       2.1045919762829826       2595.7401645778041                                                 2584.2740152650867                                              11.466149312717413
                       2       1300.0124267348292     0.022549694529702645       0.1164805694279638       69.024550060511984       2.9682335797256627       1.0263902713406454     0.035113265396073901     0.029552537892146999   1.9457519065912688e-09       2.1045919762829826       2.1045919762829826       2595.8156695170924                                                 2585.0540588192139                                              10.761610697878442
                       3       1297.3795162267209     0.022450138890850894      0.11565645464969478       68.084759942961028       2.9929020534431068       1.0299821655600327     0.049879383045382628       0.1433709718034385   1.9943475623726263e-09       2.1045919762829826       2.1045919762829826       2590.5498485008757                                                 2578.3884955015601                                              12.161352999315628
                       3       1298.6644401347789      0.02247036578378956      0.11591080385973294       68.015503205491029       2.9870437864513484       1.0292525748768602     0.046430005655228139      0.14724100208038129   1.9826982974461746e-09       2.1045919762829826       2.1045919762829826       2593.1196963169918                                                 2580.1419730205889                                              12.977723296402859
                       1       1300.8383870895534      0.02247036578378956      0.11591080385973294       68.015503205491029        3.002064510874014       1.0130160951338436     0.046430005655228139      0.14724100208038129   2.0127046566387333e-09       2.1045919762829826       2.1045919762829826       2597.4675902265408                                                 2584.4898669301379                                              12.977723296402859
                       3       1299.9460240129661      0.02247036578378956      0.11591080385973294       68.015503205491029       3.0007670800393815       1.0275929027908188     0.046430005655228139      0.14724100208038129   2.0100950048436297e-09       2.1045919762829826       2.1045919762829826       2595.6828640733661                                                 2582.7051407769632                                              12.977723296402859
                       1       1300.3728159257655      0.02247036578378956      0.11591080385973294       68.015503205491029       3.0004234595302077       1.0294526569016094     0.046430005655228139      0.14724100208038129   2.0094044136320249e-09       2.1045919762829826       2.1045919762829826        2596.536447898965                                                 2583.5587246025621                                              12.977723296402859
                       1       1298.2939135198681     0.022472213472125753      0.11451352719937435       68.311058324349517       3.0168039865793514       1.0323225064230235     0.056624659022647093      0.16372230030958562   2.0425905783728565e-09       2.1045919762829826       2.1045919762829826       2592.3786430871701                                                 2581.8456577129018                                              10.532985374268215
                       1       1299.1407285758924     0.022780400569348297      0.11576217900678679       68.399946694725458       3.0432731441381597       1.0214596059150063     0.065185512824078862        0.144567494691343     2.09737812155991e-09       2.1045919762829826       2.1045919762829826       2594.0722731992187                                                 2582.5135713560235                                              11.558701843195136
                       1        1297.002590768358     0.022948352465649399      0.11626093835373714       68.852924160317286       3.0419902495691957       1.0146007905931385     0.062050581048765277     0.078829000699826707   2.0946891317726931e-09       2.1045919762829826       2.1045919762829826         2589.79599758415                                                 2579.1052944019875                                              10.690703182162606
                       1       1295.2866610719886     0.022948352465649399      0.11626093835373714       68.852924160317286       3.0100342523824422       1.0480549615242065     0.062050581048765277     0.078829000699826707   2.0288094828922911e-09       2.1045919762829826       2.1045919762829826       2586.3641381914113                                                 2575.6734350092488                                              10.690703182162606
                       4       1295.3799824924934     0.023014679606021389      0.11615348788785816       68.871297471959693       3.0100852336162958       1.0463897722450834     0.061639064315823749     0.084681058179614813   2.0289129167395534e-09       2.1045919762829826       2.1045919762829826       2586.5507810324207                                                 2575.7958347855333                                              10.754946246887569
                       1       1295.5639886222425     0.023000543108729916      0.11725873645115388       68.678923803213621       3.0154452586039406         1.04343802859444     0.062765954561620124     0.057495290895563267   2.0398171380138928e-09       2.1045919762829826       2.1045919762829826        2586.918793291919                                                 2574.6512561626414                                              12.267537129277752
                       2       1295.4000246552489     0.022693908986282509      0.11778207300415119       68.576518453976192       2.9826386014459501       1.0507858459339587      0.04833797432748814     0.022498711596346893   1.9739833541979566e-09       2.1045919762829826       2.1045919762829826       2586.5908653579318                                                 2574.6026205791927                                              11.988244778738927
                       1       1295.0835365395762     0.022600231361893368      0.11761164860126255       68.491158260761893       2.9821791206796724       1.0532773089912451     0.049207249829040636     0.024797736618685434   1.9730765551580631e-09       2.1045919762829826       2.1045919762829826       2585.9578891265865                                                 2573.9113202687595                                              12.046568857827136
                       5       1296.3559523231045     0.022600231361893368      0.11761164860126255       68.491158260761893       2.9969188324006444       1.0423749097909794     0.049207249829040636     0.024797736618685434   2.0023745261722293e-09       2.1045919762829826       2.1045919762829826       2588.5027206936429                                                 2576.4561518358159                                              12.046568857827136
                       3       1295.7553908109758     0.022617540883470403      0.11692353358727857       68.889137423102213       3.0024696504509141       1.0441622062481639     0.052780888045802991     0.016223311976804745   2.0135202481547937e-09       2.1045919762829826       2.1045919762829826       2587.3015976693855                                                 2576.8596574914586                                              10.441940177926872
                      12       1294.7446009664181     0.022617540883470403      0.11692353358727857       68.889137423102213       3.0146937966913954       1.0259888751340376     0.052780888045802991     0.016223311976804745   2.0382848689191559e-09       2.1045919762829826       2.1045919762829826       2585.2800179802703                                                 2574.8380778023434                                              10.441940177926872
                       1       1292.9318251964146     0.022617540883470403      0.11692353358727857       68.889137423102213        3.002782115390652       1.0372314670200271     0.052780888045802991     0.016223311976804745   2.0141495009423919e-09       2.1045919762829826       2.1045919762829826       2581.6544664402631                                                 2571.2125262623363                                              10.441940177926872
                       2       1293.0440269947655     0.022656712132627547      0.11690941320269135       68.954689358868293       3.0016521452824914       1.0362870514144058     0.051871156735188606     0.013667181242876528   2.0118748575944832e-09       2.1045919762829826       2.1045919762829826       2581.8788700369651                                                 2571.4202986730111                                              10.458571363954047
                      16       1293.0839530397175     0.022650871710852036       0.1169540663224011       68.951871157457049        3.001548349878834       1.0363508199024321     0.051803932105762313     0.012018276559123619   2.0116660450686088e-09       2.1045919762829826       2.1045919762829826       2581.9587221268689                                                  2571.504198430845                                              10.454523696023811
                       3       1293.1541165789213     0.022650871710852036       0.1169540663224011       68.951871157457049       2.9897303042111889       1.0456745384070461     0.051803932105762313     0.012018276559123619   1.9880320129874805e-09       2.1045919762829826       2.1045919762829826       2582.0990492052765                                                 2571.6445255092526                                              10.454523696023811
                      11       1292.7143804619129     0.022650871710852036       0.1169540663224011       68.951871157457049       2.9944322467917872       1.0409829364776493     0.051803932105762313     0.012018276559123619   1.9974016358130343e-09       2.1045919762829826       2.1045919762829826       2581.2195769712598                                                 2570.7650532752359                                              10.454523696023811
                       2       1293.5109636521165     0.022583291400200083      0.11698615002407732       68.975961700658388       2.9911283926662544       1.0432773945047886     0.050726374144856243     0.008443106417928543   1.9908134014536371e-09       2.1045919762829826       2.1045919762829826        2582.812743351667                                                 2572.3441654414437                                              10.468577910223512
                       2       1293.8529191878981     0.022583291400200083      0.11698615002407732       68.975961700658388       2.9870051660479748       1.0468020338665247     0.050726374144856243     0.008443106417928543   1.9826217263167727e-09       2.1045919762829826       2.1045919762829826       2583.4966544232302                                                 2573.0280765130069                                              10.468577910223512
                       3       1293.5413119210618     0.022607475770388269      0.11641756259081108       68.701883281110497       3.0027859547246525       1.0475381028783932     0.059379337331548619     0.063169916410988527   2.0141572339498977e-09       2.1045919762829826       2.1045919762829826       2582.8734398895576                                                 2572.4028609888132                                              10.470578900744542
                       2       1292.9763461201055     0.022944649534834029      0.11588525348559543       68.877982559704208       3.0054083259253139       1.0369625710415566     0.058292788326935165     0.060043609006793876   2.0194460334406991e-09       2.1045919762829826       2.1045919762829826        2581.743508287645                                                 2570.9345982401378                                              10.808910047507283
                      11       1293.1026338300651     0.022783648865808429      0.11567145995766946       68.893612434616671       3.0092798325033168        1.041226297879279     0.061944865707236993     0.046547121017884767   2.0272794858900825e-09       2.1045919762829826       2.1045919762829826       2581.9960837075641                                                 2571.3469054453112                                              10.649178262253086
                       1       1292.5156421273757     0.022783648865808429      0.11567145995766946       68.893612434616671       3.0159613374607877       1.0331247284814102     0.061944865707236993     0.046547121017884767    2.040870116197174e-09       2.1045919762829826       2.1045919762829826       2580.8221003021854                                                 2570.1729220399325                                              10.649178262253086
                       4       1292.1552550235947     0.022857859151708158      0.11573542513448377       68.960443448852672       3.0125643379524143       1.0319517374445095     0.059524144542140917     0.053978877961604874   2.0339490435115896e-09       2.1045919762829826       2.1045919762829826       2580.1013260946233                                                 2569.4774731532179                                              10.623852941405243
                       3       1292.3560965835065     0.022875862939999516      0.11555004510871263       68.961106515358026       3.0133530742034993        1.031971675585682     0.060048422738709008     0.062889059226618083   2.0355539256862411e-09       2.1045919762829826       2.1045919762829826        2580.503009214447                                                 2569.8719120047404                                              10.631097209706638
                       1       1294.2278136635114     0.022875862939999516      0.11555004510871263       68.961106515358026       3.0023160477794155       1.0395965695544913     0.060048422738709008     0.062889059226618083    2.013210989817622e-09       2.1045919762829826       2.1045919762829826       2584.2464433744567                                                   2573.61534616475                                              10.631097209706638
                       2       1294.5786326240741     0.022875862939999516      0.11555004510871263       68.961106515358026       3.0080657581687325       1.0297047152499232     0.060048422738709008     0.062889059226618083   2.0248197113739261e-09       2.1045919762829826       2.1045919762829826       2584.9480812955821                                                 2574.3169840858754                                              10.631097209706638
                       6       1293.9860239199925     0.022643664096464945       0.1165335951614649       68.740691762457843       3.0078690969228137       1.0332399005070292     0.060549071382842705     0.027664170506720702   2.0244215469597642e-09       2.1045919762829826       2.1045919762829826       2583.7628638874189                                                 2573.0544180205793                                              10.708445866839641
                       2       1293.9466590048128     0.022655296583906546      0.11657110959710093       68.746874035219264       3.0077121032845935       1.0328288077176149     0.060306783274120368     0.026508400978816966   2.0241037506024716e-09       2.1045919762829826       2.1045919762829826       2583.6841340570595                                                 2572.9563263661453                                               10.72780769091441
                       1       1294.0674375496026     0.022603329035657021      0.11668725007129427       68.705696142350448       3.0094543409392589       1.0339514270745094     0.061474110277379451     0.022733383967224848   2.0276332941327461e-09       2.1045919762829826       2.1045919762829826       2583.9256911466391                                                 2573.1726616749756                                               10.75302947166357
                       3       1293.6337103365104     0.022603329035657021      0.11668725007129427       68.705696142350448       3.0159545445348788       1.0267707711161982     0.061474110277379451     0.022733383967224848   2.0408562527647713e-09       2.1045919762829826       2.1045919762829826       2583.0582367204547                                                 2572.3052072487912                                               10.75302947166357
                       3       1293.7903203637893     0.022642741041355729      0.11722839310751261       68.609418632723575       3.0142472401417542        1.025180210959094     0.059516634933381128     0.025467835772480116   2.0373748626606555e-09       2.1045919762829826       2.1045919762829826       2583.3714567750126                                                 2572.0218452743111                                              11.349611500701402
                       7        1298.033029965881     0.022642741041355729      0.11722839310751261       68.609418632723575       3.0265240501420587       1.0341464313603868     0.059516634933381128     0.025467835772480116   2.0625414936300916e-09       2.1045919762829826       2.1045919762829826        2591.856875979196                                                 2580.5072644784946                                              11.349611500701402
                       1       1292.0631694079214     0.022642741041355729      0.11722839310751261       68.609418632723575       3.0167301123756274       1.0331191354408515     0.059516634933381128     0.025467835772480116   2.0424396891938222e-09       2.1045919762829826       2.1045919762829826       2579.9171548632767                                                 2568.5675433625752                                              11.349611500701402
                       2       1292.2050880518948     0.022642741041355729      0.11722839310751261       68.609418632723575       3.0221542124088141       1.0259768318774445     0.059516634933381128     0.025467835772480116   2.0535481859434395e-09       2.1045919762829826       2.1045919762829826       2580.2009921512235                                                 2568.8513806505221                                              11.349611500701402
