#                 weight             minuslogpost                 omegabh2                 omegach2                       H0                     logA                       ns                      tau                      mnu                       As            minuslogprior         minuslogprior__0                     chi2 chi2__sbt_spt_audit.likelihoods.candl_cobaya.CandlCobayaLikelihood chi2__sbt_spt_audit.likelihoods.desi_dr2_bao.DESIDR2BAOGaussian
                       3       1293.7315820287699     0.023012498150101143      0.11297589015328793       68.809607960583421       2.9947098491451478       1.0275062881511778     0.048088385534722625      0.21763052012207482   1.9979561961778122e-09       2.1045919762829826       2.1045919762829826       2583.2539801049738                                                 2572.5858639911798                                              10.668116113793873
                       1       1293.3465388794041     0.022999928307861552        0.112944398136055       68.701408553767777       2.9983456312851424       1.0277703739903163     0.050096375439879361      0.22818911710821824   2.0052335510542525e-09       2.1045919762829826       2.1045919762829826       2582.4838938062421                                                 2571.9784464818067                                              10.505447324435574
                       1       1293.3586820747084     0.022999928307861552        0.112944398136055       68.701408553767777        2.999107672231025        1.026218627763539     0.050096375439879361      0.22818911710821824   2.0067622035001164e-09       2.1045919762829826       2.1045919762829826       2582.5081801968508                                                 2572.0027328724154                                              10.505447324435574
                       2       1293.2027335634789     0.022182841390937798      0.11360507693028934       68.013297377220823       2.9856848370643903       1.0439800259393359     0.049705788010066483      0.17712719685778963   1.9800057407488455e-09       2.1045919762829826       2.1045919762829826       2582.1962831743917                                                 2571.5671286964621                                                10.6291544779295
                       1       1292.2284850683866       0.0225899582530938        0.114316634242772       68.291140591493956       3.0109717369673468       1.0281284255065892     0.057343480362747945      0.12345160973437222   2.0307123523242251e-09       2.1045919762829826       2.1045919762829826       2580.2477861842071                                                  2568.877167048287                                              11.370619135920201
                       6       1291.2294893671367     0.022390615573750126      0.11469486011136504       68.823385502669822       3.0347631593490485       1.0343547123354491      0.07032737853193094     0.060671648700466652   2.0796051965683264e-09       2.1045919762829826       2.1045919762829826       2578.2497947817074                                                 2567.1517424810722                                              11.098052300635132
                       1        1291.231866207404     0.022401150571686866       0.1146730062313082       68.841827000287552       3.0348199812040559       1.0341271093151512     0.070289581009215799     0.060412050828552333    2.079723366950577e-09       2.1045919762829826       2.1045919762829826       2578.2545484622419                                                 2567.0928252795006                                              11.161723182741197
                       4       1291.0637092442726     0.022401150571686866       0.1146730062313082       68.841827000287552       3.0217583894672577        1.046788294092416     0.070289581009215799     0.060412050828552333   2.0527355053092818e-09       2.1045919762829826       2.1045919762829826       2577.9182345359791                                                 2566.7565113532378                                              11.161723182741197
                       1       1291.0633066245618      0.02238080060032455      0.11440322778900985       68.854142932305024       3.0163076856425066        1.048225158894176     0.068172427015671971     0.068934519131175973   2.0415770902735693e-09       2.1045919762829826       2.1045919762829826       2577.9174292965577                                                 2566.4786205310888                                              11.438808765468819
                       1       1291.1648028869211      0.02238080060032455      0.11440322778900985       68.854142932305024       3.0156490158022136       1.0476563875133467     0.068172427015671971     0.068934519131175973   2.0402328077853393e-09       2.1045919762829826       2.1045919762829826       2578.1204218212761                                                 2566.6816130558072                                              11.438808765468819
                       2       1291.5080075887247      0.02238080060032455      0.11440322778900985       68.854142932305024       3.0306213819166414       1.0291559499562482     0.068172427015671971     0.068934519131175973   2.0710097472033844e-09       2.1045919762829826       2.1045919762829826       2578.8068312248834                                                 2567.3680224594145                                              11.438808765468819
                       1        1292.493044006344     0.022047180386618532      0.11490199069697636       68.319277354611529       3.0229838785405345        1.036649081829168     0.066721507625704127     0.075784343476477334   2.0552526522944029e-09       2.1045919762829826       2.1045919762829826        2580.776904060122                                                  2570.423170807805                                              10.353733252317141
                       5       1289.2690001736698     0.022401677567608726      0.11627099735549128       68.306632389614123       3.0119525857463487       1.0233849050771313     0.055929088700253544     0.050674687263641424   2.0327051512129183e-09       2.1045919762829826       2.1045919762829826       2574.3288163947736                                                 2562.6918101749411                                               11.63700621983271
                       2        1290.136157734803     0.022212082293183652      0.11705247380096097       68.090904718406676       3.0026661374316137       1.0272933693148498     0.051881205542291871      0.03613321287072073   2.0139159175395993e-09       2.1045919762829826       2.1045919762829826       2576.0631315170399                                                 2563.3200167156051                                              12.743114801434624
                       4       1290.0593558513178     0.022236546431924031      0.11695333727633984       68.210427067832796       2.9966258827800241       1.0267294700275811     0.048746188404022055      0.02625919277411215   2.0017880172274281e-09       2.1045919762829826       2.1045919762829826       2575.9095277500696                                                 2563.9319840379658                                              11.977543712103955
                      10       1289.9188994241163     0.022182031548018337      0.11734390244087509       68.185674083667635       3.0005855383299038       1.0276480844910552     0.050637407807650435      0.01548437859899951   2.0097301218819781e-09       2.1045919762829826       2.1045919762829826       2575.6286148956665                                                 2563.4857643229443                                              12.142850572722248
                       1       1289.3494099602644     0.022182031548018337      0.11734390244087509       68.185674083667635       2.9947434074362587       1.0405484340434135     0.050637407807650435      0.01548437859899951    1.998023245298491e-09       2.1045919762829826       2.1045919762829826       2574.4896359679628                                                 2562.3467853952407                                              12.142850572722248
                       1       1289.6702453750038     0.022129911764375509      0.11762206944837943       68.143681629536928       2.9941559346203639       1.0410405490136239     0.050377059887505661    0.0027381899762496578   1.9968498056720413e-09       2.1045919762829826       2.1045919762829826       2575.1313067974415                                                 2562.6659359826785                                              12.465370814763066
                       6       1290.1322302529102     0.022129911764375509      0.11762206944837943       68.143681629536928        2.983214340627764       1.0535386561153826     0.050377059887505661    0.0027381899762496578   1.9751201809856768e-09       2.1045919762829826       2.1045919762829826       2576.0552765532543                                                 2563.5899057384913                                              12.465370814763066
                       2       1289.1623939968106      0.02239707534973228      0.11705602344768629       68.270287367045071       2.9913717109945832       1.0471447419627415     0.052879981890516771     0.026746417594374704   1.9912978617791413e-09       2.1045919762829826       2.1045919762829826       2574.1156040410551                                                 2561.6507044615141                                              12.464899579541013
                       1       1290.3972684501605      0.02239707534973228      0.11705602344768629       68.270287367045071        3.011153563520661       1.0285857825879328     0.052879981890516771     0.026746417594374704   2.0310816233226399e-09       2.1045919762829826       2.1045919762829826       2576.5853529477549                                                 2564.1204533682139                                              12.464899579541013
                       1       1291.3516323613946     0.022646207141550873      0.11654021525368072       68.215160906728585       3.0120075860073592       1.0232043042744858      0.05192032032646527     0.073114352755990042   2.0328169536013445e-09       2.1045919762829826       2.1045919762829826       2578.4940807702233                                                 2564.7366630292486                                              13.757417740974795
                       3       1291.4850983923582     0.022646207141550873      0.11654021525368072       68.215160906728585       3.0116923193088674       1.0240319070358272      0.05192032032646527     0.073114352755990042   2.0321761751251089e-09       2.1045919762829826       2.1045919762829826       2578.7610128321503                                                 2565.0035950911756                                              13.757417740974795
                       2       1291.1794799716711     0.022736131811524667      0.11637202098717954       68.382254922342355       3.0385248472092319       1.0236463477913902     0.064829543245586763      0.09214115173143915   2.0874427541708978e-09       2.1045919762829826       2.1045919762829826       2578.1497759907761                                                 2565.8128202671851                                              12.336955723591117
                       5       1289.8148554299407     0.022736131811524667      0.11637202098717954       68.382254922342355       3.0178672936401001       1.0414428420139776     0.064829543245586763      0.09214115173143915   2.0447636344652596e-09       2.1045919762829826       2.1045919762829826       2575.4205269073154                                                 2563.0835711837244                                              12.336955723591117
                       1       1290.3213662530964     0.022872010132939345      0.11656750475280123       68.675176730368477       3.0232340515755052       1.0387373156940358     0.065982431637062508     0.082393982857569464    2.055766885409006e-09       2.1045919762829826       2.1045919762829826       2576.4335485536267                                                 2565.2728395178606                                              11.160709035766214
                      10       1290.3666024015927     0.022922547436914163      0.11656783657188517       68.655756202226613       3.0211260084891265       1.0373794486554522     0.064487613592286289     0.088359075242344598    2.051437804786399e-09       2.1045919762829826       2.1045919762829826       2576.5240208506193                                                 2565.1051869012172                                              11.418833949402051
                       4       1289.9617590173955     0.022922547436914163      0.11656783657188517       68.655756202226613       3.0245135797141094       1.0332086204914932     0.064487613592286289     0.088359075242344598   2.0583989805460896e-09       2.1045919762829826       2.1045919762829826       2575.7143340822249                                                 2564.2955001328228                                              11.418833949402051
                       2        1289.727014814265     0.022919308357574188      0.11676295511047967        68.65528938141604       3.0246642333190579       1.0326038908967659     0.064277040006530964     0.078582403134365417   2.0587091091333395e-09       2.1045919762829826       2.1045919762829826       2575.2448456759639                                                 2563.6764816021223                                               11.56836407384165
                       4       1289.2488439006495     0.022845977205002165      0.11659063694798276       68.853147917733693        3.017714328561981       1.0356555544873214     0.061686867278279066     0.063930066513903025   2.0444508809569711e-09       2.1045919762829826       2.1045919762829826       2574.2885038487329                                                 2563.7259649117905                                              10.562538936942451
                       1       1289.4727169809721     0.022845977205002165      0.11659063694798276       68.853147917733693       3.0171976787195369       1.0308841020564439     0.061686867278279066     0.063930066513903025   2.0433948885440864e-09       2.1045919762829826       2.1045919762829826       2574.7362500093782                                                 2564.1737110724357                                              10.562538936942451
                       7       1290.3378084735914     0.022845977205002165      0.11659063694798276       68.853147917733693       3.0116092044774496       1.0362038498292985     0.061686867278279066     0.063930066513903025    2.032007278163921e-09       2.1045919762829826       2.1045919762829826       2576.4664329946168                                                 2565.9038940576743                                              10.562538936942451
                       1       1289.7417320935551     0.022845977205002165      0.11659063694798276       68.853147917733693       3.0150287719978492       1.0330218784784446     0.061686867278279066     0.063930066513903025   2.0389677583869312e-09       2.1045919762829826       2.1045919762829826       2575.2742802345442                                                 2564.7117412976017                                              10.562538936942451
                       8       1288.8601732980549     0.022839353928275803      0.11566364026483376       69.196051454403616       3.0053506054250474       1.0340570080026767     0.058133141140181963     0.042545435456846817   2.0193294733693732e-09       2.1045919762829826       2.1045919762829826       2573.5111626435437                                                 2562.3760552868343                                               11.13510735670916
                       6       1288.3587433980283     0.022725102185272503      0.11618689112867131       69.141980940619717        3.013187871245004       1.0348488672549598     0.062213285185355197    0.0095050808203963888   2.0352176739311983e-09       2.1045919762829826       2.1045919762829826       2572.5083028434906                                                  2561.582790127432                                              10.925512716058579
                      13       1287.8090030474139     0.022725102185272503      0.11618689112867131       69.141980940619717       3.0167416389845387       1.0366581058398574     0.062213285185355197    0.0095050808203963888    2.042463231733027e-09       2.1045919762829826       2.1045919762829826       2571.4088221422617                                                  2560.483309426203                                              10.925512716058579
                       6       1287.8076199948248     0.022724154152014491      0.11618699685214073       69.140848824689101       3.0167133736240372       1.0366862414765745     0.062207986632291788    0.0095715659923129789   2.0424055015893568e-09       2.1045919762829826       2.1045919762829826       2571.4060560370835                                                 2560.4826012372509                                               10.92345479983277
                       4       1287.6946906111807     0.022798724863939579      0.11666033980663419       69.141788702764771       3.0163035567891381       1.0339124585071668     0.060632515086360465    0.0028877308943790307   2.0415686609185243e-09       2.1045919762829826       2.1045919762829826       2571.1801972697954                                                 2560.4926755906054                                              10.687521679190176
                       7       1288.9708316157928     0.022498955670379801      0.11522463890976203       69.081913643191982          3.0028641015746       1.0440824552679167     0.058732890642416206     0.018036147350256916    2.014314640143349e-09       2.1045919762829826       2.1045919762829826       2573.7324792790196                                                 2562.0306688002465                                              11.701810478773004
                       2       1289.9996665102619     0.022487305413366191      0.11462779396311107       69.132069620342278       3.0019524662125625       1.0462674727905543     0.059310333884136611     0.038025437312778375   2.0124791564601596e-09       2.1045919762829826       2.1045919762829826       2575.7901490679578                                                 2563.2140653159013                                              12.576083752056533
                       3       1290.1937673913239     0.022724601680006871      0.11461107875659678       69.424340215567128       3.0055604219733807       1.0400777356527924     0.058937744518435267     0.029581434682694974   2.0197532065609865e-09       2.1045919762829826       2.1045919762829826       2576.1783508300819                                                 2562.3450913609977                                              13.833259469084034
                       3       1289.9608774353762     0.022734323125827977      0.11480603943611559       69.447065333447483        2.999057275614645       1.0394139917586127     0.055295752272029305     0.020609153546423412   2.0066610720235441e-09       2.1045919762829826       2.1045919762829826       2575.7125709181864                                                 2561.9566688062378                                               13.75590211194851
                       5       1290.1550999057752     0.022734323125827977      0.11480603943611559       69.447065333447483       2.9965179417416241       1.0420056390609098     0.055295752272029305     0.020609153546423412   2.0015719538114567e-09       2.1045919762829826       2.1045919762829826       2576.1010158589843                                                 2562.3451137470356                                               13.75590211194851
                       5       1290.3877438236341     0.022722412376122905      0.11469341268384217       69.449956000806225       2.9959789205216953       1.0425833856830886     0.055304090954846445     0.023105573795421636   2.0004933547751373e-09       2.1045919762829826       2.1045919762829826       2576.5663036947021                                                 2562.5898186068875                                              13.976485087814359
                       1       1291.6562254375531     0.022759296216966561      0.11330440628494208       69.139235806339798       2.9913990143982971       1.0467670049914637      0.05505776012028394      0.12976864458678986    1.991352231730815e-09       2.1045919762829826       2.1045919762829826       2579.1032669225401                                                 2566.2877696877194                                              12.815497234820491
                       3       1292.1888232460567     0.022759296216966561      0.11330440628494208       69.139235806339798       3.0123228198178582       1.0222314051554282      0.05505776012028394      0.12976864458678986   2.0334578672491935e-09       2.1045919762829826       2.1045919762829826       2580.1684625395474                                                 2567.3529653047267                                              12.815497234820491
                       1       1292.4467817494944     0.022759296216966561      0.11330440628494208       69.139235806339798       3.0128704612865405       1.0237266557837281      0.05505776012028394      0.12976864458678986   2.0345717780861609e-09       2.1045919762829826       2.1045919762829826       2580.6843795464229                                                 2567.8688823116022                                              12.815497234820491
                       4       1291.7140608159459     0.022582975643548438      0.11368913565546682       68.849898321244979       3.0054683023472109       1.0272379349029317     0.052414686292685031      0.12735612790818271   2.0195671562202181e-09       2.1045919762829826       2.1045919762829826       2579.2189376793258                                                 2567.8904631587466                                              11.328474520579292
                       2       1289.9504445462007     0.022600412292655657      0.11558143735143606       69.249764748941701       3.0190443735498631       1.0221290377734078     0.055969484271050363      0.01924560846109423   2.0471719017430601e-09       2.1045919762829826       2.1045919762829826       2575.6917051398354                                                 2563.4980826756137                                              12.193622464221795
                      13       1289.4674893000076     0.022600412292655657      0.11558143735143606       69.249764748941701       3.0168921926328083       1.0235814902253564     0.055969484271050363      0.01924560846109423   2.0427707551728279e-09       2.1045919762829826       2.1045919762829826       2574.7257946474492                                                 2562.5321721832274                                              12.193622464221795
                       6       1289.9440865772128     0.022546369826511953      0.11510952864852873       69.142097099575281       3.0165405842723869       1.0266243721489854     0.057068561822019498     0.048391795956506112   2.0420526261543669e-09       2.1045919762829826       2.1045919762829826       2575.6789892018596                                                 2563.5475361058802                                              12.131453095979436
                       2       1289.1050876254292     0.022546369826511953      0.11510952864852873       69.142097099575281       3.0013649481784426       1.0405796800796232     0.057068561822019498     0.048391795956506112   2.0112971359256395e-09       2.1045919762829826       2.1045919762829826       2574.0009912982923                                                 2561.8695382023129                                              12.131453095979436
                       5       1288.5149848716064      0.02268238464919908      0.11680831281217073       68.767770478330263       3.0003686202273108       1.0336092403511803     0.052923610668895858     0.047499419714872017   2.0092942223161777e-09       2.1045919762829826       2.1045919762829826       2572.8207857906468                                                 2562.2693379157063                                              10.551447874940548
                       2       1289.0059771436638      0.02253001020273972      0.11641630802926996       68.760080254307056       2.9988835828164118       1.0391320314573445     0.054169342192517601     0.054955405977684973   2.0063125597147539e-09       2.1045919762829826       2.1045919762829826       2573.8027703347616                                                 2563.4454661039013                                              10.357304230860407
                       1        1289.026850271279      0.02253001020273972      0.11641630802926996       68.760080254307056       3.0036531478404878       1.0326558942042083     0.054169342192517601     0.054955405977684973   2.0159046548035477e-09       2.1045919762829826       2.1045919762829826       2573.8445165899921                                                 2563.4872123591317                                              10.357304230860407
                       3       1288.8060315949697     0.022540127627539749      0.11557566118522797       68.877125715570571       2.9945517224916847       1.0333748284714339     0.050725312109380465     0.060081000444735327    1.997640291027915e-09       2.1045919762829826       2.1045919762829826       2573.4028792373733                                                 2562.7417203331765                                              10.661158904196981
                       2       1288.8698466277447     0.022932085370055276      0.11583965937043945       69.176084286691832       3.0051778771676916       1.0223316167296439     0.052052090839016157     0.054761096509381949   2.0189807082300751e-09       2.1045919762829826       2.1045919762829826       2573.5305093029233                                                 2562.6980716483222                                              10.832437654601277
                       1       1287.8293514615473     0.022878025783125942      0.11635093411827649       69.015889763641354       3.0192639296623085       1.0217893255878352     0.058794473176328257     0.042567740156840804     2.04762142019277e-09       2.1045919762829826       2.1045919762829826       2571.4495189705285                                                 2560.9023064856196                                              10.547212484908723
                       2        1287.737348845352      0.02286810512603564      0.11658281905473114       69.015843785992431       3.0183117667427939       1.0215367344336341     0.058050543266099409     0.033680688477182974   2.0456726789100832e-09       2.1045919762829826       2.1045919762829826        2571.265513738138                                                 2560.7229998740131                                              10.542513864125109
                       2       1288.2449480348432     0.022866742212081233      0.11677886662580894       68.854853702324093       3.0176041328221692       1.0216881687355832     0.057500081479661763     0.050382806966636329   2.0442256035921661e-09       2.1045919762829826       2.1045919762829826       2572.2807121171204                                                 2561.5722663922325                                              10.708445724888154
                       9       1288.1936508726733     0.022882681203201419      0.11734097389623055       68.762276468747743       3.0165644305092378       1.0194519135899009     0.055977441054191314     0.035986715307272578   2.0421013220055564e-09       2.1045919762829826       2.1045919762829826       2572.1781177927805                                                 2560.7990443987519                                               11.37907339402841
                       1       1288.3202004594948     0.022796881340601712      0.11737934713765939        68.71883180799972       3.0157800504869199        1.022095906979827     0.056328187042387734     0.036875108886316038   2.0405001665642895e-09       2.1045919762829826       2.1045919762829826       2572.4312169664236                                                 2561.1781263943044                                              11.253090572118959
                       2       1288.6540634229889     0.022748905097520297       0.1175289396880119       68.510247891017556       3.0242996641722177       1.0225219240754113     0.060826809282278543     0.045448307437941732   2.0579587041054026e-09       2.1045919762829826       2.1045919762829826       2573.0989428934117                                                 2560.6806272033145                                              12.418315690097149
                       4       1288.6828510327134     0.022748905097520297       0.1175289396880119       68.510247891017556       3.0244093840917001       1.0221904996025175     0.060826809282278543     0.045448307437941732   2.0581845155564957e-09       2.1045919762829826       2.1045919762829826       2573.1565181128608                                                 2560.7382024227636                                              12.418315690097149
                       8       1288.6920162042734     0.022738556923364486      0.11763265905932516       68.468326131003863       3.0232986059077858       1.0220634222598646     0.060209207582031625     0.043353590405395437   2.0558995983511699e-09       2.1045919762829826       2.1045919762829826       2573.1748484559807                                                 2560.3705679127866                                              12.804280543194107
                       1       1288.8996989088841     0.022556073779476712      0.11748602090874538       68.371322381820278       3.0272294007034048       1.0271918655108738     0.064045657716748861     0.042876070035467048   2.0639968216282957e-09       2.1045919762829826       2.1045919762829826       2573.5902138652023                                                 2561.1328952125423                                              12.457318652659875
                       2       1289.7705248737766     0.022727598909830556      0.11604281251476242       68.682626753667776       3.0329917018532488       1.0271584045332858      0.06758695144134752     0.089574207875622577   2.0759245253933473e-09       2.1045919762829826       2.1045919762829826       2575.3318657949872                                                 2564.7532301766628                                              10.578635618324482
                       3       1288.5382202980447     0.022672574332413358      0.11662815345392774       68.672882470121522       3.0363597162016265       1.0243900396393828     0.068687776377302751     0.032813852889473791    2.082928056357018e-09       2.1045919762829826       2.1045919762829826       2572.8672566435234                                                 2561.8798672850135                                              10.987389358509983
                       6       1288.5790852013511     0.022672574332413358      0.11662815345392774       68.672882470121522       3.0362793300009612       1.0241786704062887     0.068687776377302751     0.032813852889473791   2.0827606244140076e-09       2.1045919762829826       2.1045919762829826       2572.9489864501361                                                 2561.9615970916261                                              10.987389358509983
                       9       1289.1448361798452      0.02243678744341732      0.11612285105136072       68.528718892005372       3.0293791291664163       1.0329625240787925     0.068236026018447166     0.059627833626053367   2.0684386269704124e-09       2.1045919762829826       2.1045919762829826       2574.0804884071244                                                 2563.5030637063091                                               10.57742470081509
                       3       1289.0088316455563      0.02243678744341732      0.11612285105136072       68.528718892005372       3.0309761737890168       1.0326595211034109     0.068236026018447166     0.059627833626053367   2.0717446549912483e-09       2.1045919762829826       2.1045919762829826       2573.8084793385465                                                 2563.2310546377312                                               10.57742470081509
                       1       1289.0028422235089     0.022508325162417967      0.11623622170781753       68.503385148001655       3.0325470866248998       1.0306203740791944     0.068230544359089471     0.066336920950642003   2.0750017428932316e-09       2.1045919762829826       2.1045919762829826       2573.7965004944517                                                 2562.9878930306263                                              10.808607463825373
                       3        1289.039827987315     0.022535660961850862      0.11623769101559651       68.333896312481897       3.0279758875611988       1.0281029462137397     0.065657436827514293     0.065450835331310964   2.0655381433467987e-09       2.1045919762829826       2.1045919762829826        2573.870472022064                                                 2561.9409837123344                                              11.929488309729546
                       1       1288.6943841586021     0.022669087156653951      0.11619681913031243       68.526126848351211       3.0308316911722826       1.0244330232896803     0.065883906699252606     0.055934343352190677   2.0714453455253182e-09       2.1045919762829826       2.1045919762829826       2573.1795843646382                                                 2561.7550398526514                                              11.424544511986948
                       2       1290.5989442718337     0.022744448655612752      0.11387213674307942        68.66121417494108       3.0237796351423443        1.028606042592497     0.065269945517609354      0.13720148771270979   2.0568887840558409e-09       2.1045919762829826       2.1045919762829826       2576.9887045911014                                                 2566.4069015556106                                              10.581803035490639
                       2       1290.4022985147651     0.022621527083390346      0.11425279220538757       68.360887267783525       3.0096666544552542       1.0306277496143095     0.058806074783650408      0.13871196890430262   2.0280638337896494e-09       2.1045919762829826       2.1045919762829826       2576.5954130769642                                                 2565.6369831655511                                              10.958429911413132
                       1       1290.4584870062201     0.022674884657000533      0.11428991519175555       68.370496925100142        3.010704114379485       1.0290125857521542     0.058785309252299744      0.13994806420534062   2.0301689605444939e-09       2.1045919762829826       2.1045919762829826       2576.7077900598742                                                 2565.6138971708251                                              11.093892889048908
                       1       1290.4652480518102     0.022800726301170932      0.11651812282588173       68.379152872265109         3.01290784199939       1.0242618449493859     0.055563332816279731      0.11579101947597253   2.0346478332510587e-09       2.1045919762829826       2.1045919762829826       2576.7213121510545                                                 2564.2735513550633                                              12.447760795990986
                       4       1290.8674123558169     0.022677983775957717      0.11738374156359906         68.1144678609636        3.025493925947945       1.0245300963505779     0.061644712930241471     0.093906531186577866   2.0604179136994596e-09       2.1045919762829826       2.1045919762829826       2577.5256407590678                                                 2562.2405073500909                                              15.285133408977117
                       2       1290.8050135234594     0.022788461270995899      0.11714997462182009       68.484233963178625        3.035877574016971       1.0228918651790264     0.066126541245487974     0.082632239087265927   2.0819240309344012e-09       2.1045919762829826       2.1045919762829826       2577.4008430943527                                                 2565.2171319593813                                               12.18371113497156
                       1       1288.5408987465692     0.022703251635149403      0.11690191652954264       68.772694786168842       3.0145043945430778       1.0256250491083807     0.056467905346169731     0.048103045619384492   2.0378988499436651e-09       2.1045919762829826       2.1045919762829826       2572.8726135405723                                                 2562.2939103689946                                              10.578703171577807
                       1       1289.9996297957866      0.02266888675766178      0.11710775373687456       68.724150333093235        3.010078303691381       1.0271503572494787     0.054325545116735922     0.054889216700925281   2.0288988565740993e-09       2.1045919762829826       2.1045919762829826       2575.7900756390072                                                 2565.1871443143073                                              10.602931324699778
                       5       1290.4665923636633      0.02235992230188465      0.11752755066355321       68.544660852276209       3.0116780407784538       1.0342896655183473       0.0572714839921575      0.03155018278756247   2.0321471588429423e-09       2.1045919762829826       2.1045919762829826       2576.7240007747605                                                 2566.0817981499936                                              10.642202624766755
                       5       1289.8916776865287        0.022461624555703      0.11785411609459988       68.599436201699362       3.0142807933197062       1.0303199867161621     0.057119344192204331     0.017732323937555559   2.0374432242088445e-09       2.1045919762829826       2.1045919762829826       2575.5741714204914                                                 2564.7011807849335                                              10.872990635557878
                       7       1288.9670592782668     0.022726627776809092      0.11603911139131573       68.952628894176783       3.0102274506427884       1.0274410178789588     0.055412250242399722     0.065356086365394181   2.0292014832206314e-09       2.1045919762829826       2.1045919762829826       2573.7249346039675                                                  2563.228128879241                                              10.496805724726562
                       2       1291.3747331007175     0.022726627776809092      0.11603911139131573       68.952628894176783       3.0211089074708228       1.0096384999945791     0.055412250242399722     0.065356086365394181   2.0514027234109151e-09       2.1045919762829826       2.1045919762829826       2578.5402822488691                                                 2568.0434765241425                                              10.496805724726562
                       3       1291.6624352536726     0.022453049959420931       0.1157362863397365       68.912964634649271       3.0041434188436789       1.0170721532246263     0.049801656336596549     0.047168620297549903   2.0168932367177176e-09       2.1045919762829826       2.1045919762829826       2579.1156865547791                                                 2568.2499949461903                                              10.865691608588577
                       2       1291.1181929936515     0.022223759229513845      0.11608977957186023       68.420626129594993       3.0155325474423176       1.0203461171020047     0.057039012674278869     0.046371858850458782    2.039995199053629e-09       2.1045919762829826       2.1045919762829826        2578.027202034737                                                 2567.5225387792339                                              10.504663255503292
                       3       1292.2718674398166     0.022051297667779385      0.11594832787007466       68.513552175971782       3.0172068162406473        1.024502998096112     0.059540003506455927     0.017886905697588915   2.0434135601933235e-09       2.1045919762829826       2.1045919762829826       2580.3345509270671                                                 2569.9435872802346                                               10.39096364683264
                       1       1290.2413876296537     0.022051297667779385      0.11594832787007466       68.513552175971782       3.0127701542189862       1.0392377949692879     0.059540003506455927     0.017886905697588915   2.0343677063924604e-09       2.1045919762829826       2.1045919762829826       2576.2735913067413                                                 2565.8826276599088                                               10.39096364683264
                       3       1289.8797761697883     0.022051297667779385      0.11594832787007466       68.513552175971782       2.9965947723505368       1.0552668857481697     0.059540003506455927     0.017886905697588915   2.0017257417111839e-09       2.1045919762829826       2.1045919762829826       2575.5503683870106                                                 2565.1594047401782                                               10.39096364683264
                       3       1289.7248254182455     0.022051297667779385      0.11594832787007466       68.513552175971782       2.9985131652494776       1.0528569942937154     0.059540003506455927     0.017886905697588915   2.0055695239231262e-09       2.1045919762829826       2.1045919762829826       2575.2404668839249                                                 2564.8495032370924                                               10.39096364683264
                       4       1289.2788201631615     0.022272788257697788      0.11546797200114067       68.747049647775754       3.0083190221343639        1.047822621056246     0.063120170702545428     0.027710351497635573   2.0253325901878368e-09       2.1045919762829826       2.1045919762829826        2574.348456373757                                                 2563.6249419308651                                              10.723514442891679
                       1       1289.4241953703367     0.022272788257697788      0.11546797200114067       68.747049647775754       3.0180701606675981       1.0338713248540439     0.063120170702545428     0.027710351497635573   2.0451784916647207e-09       2.1045919762829826       2.1045919762829826       2574.6392067881075                                                 2563.9156923452156                                              10.723514442891679
                       4       1289.6056844713523     0.022504544926018201      0.11584776096013653        69.05021446724092       3.0378149436211652       1.0272317667809325     0.070266253063584694     0.010215209077827206   2.0859613969424461e-09       2.1045919762829826       2.1045919762829826       2575.0021849901386                                                 2563.8237937134459                                              11.178391276692778
                       3       1288.2164094758884     0.022673088026931167       0.1172102252902284       68.907188505307403       3.0297316477584295       1.0209786207375056     0.062772439801647359    0.0071944477021759767   2.0691679185797313e-09       2.1045919762829826       2.1045919762829826       2572.2236349992108                                                  2561.729519704129                                              10.494115295081862
                       5       1288.2133327782844     0.022673254080913786      0.11663765846832073       68.985322881613129       3.0292411624605506       1.0225037823827774     0.063390931000360418     0.021109567766461858   2.0681532709920291e-09       2.1045919762829826       2.1045919762829826       2572.2174816040028                                                 2561.7133055205395                                              10.504176083463207
                       3       1288.7633737623798     0.022673254080913786      0.11663765846832073       68.985322881613129       3.0341183344832183       1.0226641686409794     0.063390931000360418     0.021109567766461858   2.0782646476825469e-09       2.1045919762829826       2.1045919762829826       2573.3175635721936                                                 2562.8133874887303                                              10.504176083463207
                       1       1289.3477959998736     0.022702741093497351      0.11646574066858963       69.078424303662018       3.0455682881997821       1.0211071664120723     0.069013387494764877    0.0081864475523915486   2.1021974348942225e-09       2.1045919762829826       2.1045919762829826       2574.4864080471812                                                 2563.7921923371437                                              10.694215710037456
                       4       1289.3472076817247     0.022702741093497351      0.11646574066858963       69.078424303662018       3.0455621593326514       1.0211153183501573     0.069013387494764877    0.0081864475523915486   2.1021845508449444e-09       2.1045919762829826       2.1045919762829826       2574.4852314108834                                                 2563.7910157008459                                              10.694215710037456
                       1       1288.8624891940817     0.022702741093497351      0.11646574066858963       69.078424303662018       3.0321146744794247       1.0363914207992504     0.069013387494764877    0.0081864475523915486   2.0741046809019506e-09       2.1045919762829826       2.1045919762829826       2573.5157944355974                                                 2562.8215787255599                                              10.694215710037456
                       1       1288.0555867590886     0.022500532513847388      0.11690366879800348       68.705874553165842       3.0229943778697308       1.0404330903429644      0.06568715843516576    0.0098706789078170983   2.0552742311818625e-09       2.1045919762829826       2.1045919762829826       2571.9019895656111                                                 2561.3033412076365                                              10.598648357974419
                       1       1288.2403437203291     0.022500532513847388      0.11690366879800348       68.705874553165842       3.0221702038542966       1.0343033672918471      0.06568715843516576    0.0098706789078170983   2.0535810254098752e-09       2.1045919762829826       2.1045919762829826       2572.2715034880921                                                 2561.6728551301176                                              10.598648357974419
                       3       1287.7823963770904     0.022511540629834095      0.11648402343186773       68.784584073158371       3.0131070046913355       1.0350622336033746     0.061682107189908859     0.016438893572328285   2.0350530995463134e-09       2.1045919762829826       2.1045919762829826       2571.3556088016148                                                  2560.875093804379                                              10.480514997235725
                       2       1287.8618584882549     0.022511540629834095      0.11648402343186773       68.784584073158371       3.0152195134382764       1.0411234763932635     0.061682107189908859     0.016438893572328285   2.0393567111276741e-09       2.1045919762829826       2.1045919762829826       2571.5145330239438                                                 2561.0340180267081                                              10.480514997235725
                       4       1287.7489124893809     0.022512785891991967      0.11664313070523398       68.794039013243619       3.0122868865341257       1.0410670925215015     0.059977515189981387      0.01345252174505447    2.033384799743477e-09       2.1045919762829826       2.1045919762829826       2571.2886410261958                                                 2560.8220399228494                                              10.466601103346637
                       2       1287.7538551927698     0.022644650453361118       0.1164135220235966       69.012969911744392       3.0130404850098418       1.0380844826388116     0.059460398171425982    0.0095806080443910403   2.0349177329646301e-09       2.1045919762829826       2.1045919762829826       2571.2985264329736                                                 2560.6635657396278                                               10.63496069334589
                       1       1287.8789701657111     0.022604506390516622      0.11638990014732652       68.985322362897534       3.0118215438822102       1.0395506602088718     0.059273335918425901     0.013617092554075562   2.0324387991926731e-09       2.1045919762829826       2.1045919762829826       2571.5487563788561                                                 2560.9342426430189                                              10.614513735837157
                       5       1290.4769516119238     0.022604506390516622      0.11638990014732652       68.985322362897534       2.9961188625341459       1.0585069810776349     0.059273335918425901     0.013617092554075562   2.0007733274306104e-09       2.1045919762829826       2.1045919762829826       2576.7447192712816                                                 2566.1302055354445                                              10.614513735837157
                       7       1290.4360796607198     0.022714590323474653      0.11658973341164021       69.085652058834427       2.9981651948313361       1.0550681667580406     0.058974827775757709    0.0052878957317862817   2.0048717664637927e-09       2.1045919762829826       2.1045919762829826       2576.6629753688735                                                  2565.998956641839                                              10.664018727034399
                      12       1290.2457546531796     0.022714590323474653      0.11658973341164021       69.085652058834427       3.0038635785244456       1.0512032507429319     0.058974827775757709    0.0052878957317862817   2.0163289076351929e-09       2.1045919762829826       2.1045919762829826       2576.2823253537931                                                 2565.6183066267586                                              10.664018727034399
                       1       1289.8375621510256     0.022714590323474653      0.11658973341164021       69.085652058834427        3.003761286399949       1.0503245382499404     0.058974827775757709    0.0052878957317862817    2.016122663616296e-09       2.1045919762829826       2.1045919762829826       2575.4659403494852                                                 2564.8019216224507                                              10.664018727034399
                       1       1288.7139945449956     0.022714590323474653      0.11658973341164021       69.085652058834427       3.0144912176098018       1.0381736187541197     0.058974827775757709    0.0052878957317862817   2.0378719968634171e-09       2.1045919762829826       2.1045919762829826       2573.2188051374251                                                 2562.5547864103905                                              10.664018727034399
                       1       1288.6768180217919     0.022747947392579335      0.11679381861940068       69.016200456906233       3.0183694075148475       1.0367561187123229     0.060325818628757188    0.0084985505591400803   2.0457905964610612e-09       2.1045919762829826       2.1045919762829826       2573.1444520910177                                                 2562.6024322995481                                              10.542019791469778
                      13       1288.7341633919459     0.022749896459407899      0.11666765987204807       69.020268143525897        3.019124856079312       1.0369963374711613     0.060878901375939501     0.012768273181775537   2.0473366699463209e-09       2.1045919762829826       2.1045919762829826       2573.2591428313258                                                 2562.7063360054835                                              10.552806825842332
                       1       1289.9879421948979     0.022282844794561333      0.11575213712810956       68.715715533975157       2.9987163724564101       1.0498686347766455     0.056232569558672056     0.013916691434802704   2.0059771115153571e-09       2.1045919762829826       2.1045919762829826       2575.7667004372297                                                 2565.1932435594108                                              10.573456877819018
                       1       1290.0694773430046     0.022259776503434223      0.11577456106400139       68.659582765321787       2.9996870421679716       1.0504472719026834     0.056908861393131477     0.017492766572411861   2.0079251980609363e-09       2.1045919762829826       2.1045919762829826       2575.9297707334431                                                 2565.4254009097372                                              10.504369823705957
                       3        1290.716939425907     0.022259776503434223      0.11577456106400139       68.659582765321787       3.0043318886383132         1.04680385524201     0.056908861393131477     0.017492766572411861   2.0172733959949865e-09       2.1045919762829826       2.1045919762829826       2577.2246948992479                                                  2566.720325075542                                              10.504369823705957
                       2       1293.6125159140688     0.022451545710820437        0.115196470501571       68.356834092050079       2.9734232838978665       1.0445296764786678     0.040854461784648702     0.098682843176599588   1.9558760312622325e-09       2.1045919762829826       2.1045919762829826       2583.0158478755716                                                  2572.156748226957                                              10.859099648614496
                       2       1292.6418332232613     0.022451545710820437        0.115196470501571       68.356834092050079       2.9604550632255653       1.0480322645804501     0.040854461784648702     0.098682843176599588   1.9306755551216311e-09       2.1045919762829826       2.1045919762829826       2581.0744824939566                                                  2570.215382845342                                              10.859099648614496
                       1       1292.8998531057468     0.022433996566689186         0.11527135080782       68.319046581793856        2.959081753525902       1.0483409148409566     0.040222821956533018     0.098523990413704909   1.9280259594290359e-09       2.1045919762829826       2.1045919762829826       2581.5905222589276                                                 2570.6134953774103                                              10.977026881517519
                       3       1292.2266858901098     0.022537717607185429      0.11621730869602533       67.913691388249049       2.9847760828985463       1.0420062243757013     0.050756615992175097      0.10633968206542564   1.9782072196141057e-09       2.1045919762829826       2.1045919762829826       2580.2441878276536                                                 2564.5316905620002                                               15.71249726565334
                       4       1290.2151518395769     0.022442854277712192      0.11751169604586799       68.048477980210151       2.9923663286901827       1.0420585413832273     0.053378242523662911     0.045779805666060797   1.9932794271563132e-09       2.1045919762829826       2.1045919762829826       2576.2211197265879                                                 2561.1063209810986                                              15.114798745489312
                       1       1291.4470489691034     0.022805046194946856      0.11834214353027055       68.279041576241681       3.0122213020557504       1.0326078861760419     0.058859708608933886     0.051305331188687055   2.0332514456350773e-09       2.1045919762829826       2.1045919762829826       2578.6849139856408                                                 2562.8921491883889                                               15.79276479725201
                       8       1291.0224307116596     0.022823714502594489      0.11863246529693927       68.429620769593583       3.0084328019432429       1.0315199406861306     0.056303634838312744     0.026955733904901594    2.025563045253183e-09       2.1045919762829826       2.1045919762829826       2577.8356774707531                                                 2563.1653400762893                                              14.670337394463996
                       8       1290.9135325176371     0.023070139890840183      0.11823229177245306       68.550318623221173       3.0184940105365814       1.0246502298275033     0.059649939241958536     0.036908840737345523   2.0460455240332581e-09       2.1045919762829826       2.1045919762829826       2577.6178810827082                                                 2562.7032714385819                                              14.914609644126209
                       2       1290.7815747050249     0.022763956457405615      0.11479134139189791       68.629754978411299       2.9967053087739366       1.0386194139992546     0.056610165401576096     0.093523233160836161   2.0019470175445942e-09       2.1045919762829826       2.1045919762829826       2577.3539654574838                                                 2566.5084538568594                                              10.845511600624418
                       1       1291.1255505616418      0.02327269397984312      0.11502675235743197       69.114539558053025       3.0068911878179589       1.0264487236571065     0.056773673957072335      0.10144245288053158   2.0224428143649281e-09       2.1045919762829826       2.1045919762829826       2578.0419171707176                                                 2567.2392497489941                                              10.802667421723312
                       2       1291.2405621675653     0.023306168175230221      0.11522046301444654       69.089032586585134       3.0088678167225238        1.024826931598249     0.057159663329779717     0.097402992860947418   2.0264443867986334e-09       2.1045919762829826       2.1045919762829826       2578.2719403825645                                                 2567.4029620117026                                              10.868978370861875
                       1       1291.0116154177729     0.023306168175230221      0.11522046301444654       69.089032586585134       3.0158754266751719       1.0147522856447739     0.057159663329779717     0.097402992860947418   2.0406947909734236e-09       2.1045919762829826       2.1045919762829826       2577.8140468829797                                                 2566.9450685121178                                              10.868978370861875
                       4       1291.3593984121899     0.023306168175230221      0.11522046301444654       69.089032586585134       3.0278281636179627       1.0107276968889687     0.057159663329779717     0.097402992860947418   2.0652330364437113e-09       2.1045919762829826       2.1045919762829826       2578.5096128718137                                                 2567.6406345009518                                              10.868978370861875
                       3       1290.8436312335377     0.023235721830690722      0.11601522652101835       69.114164490504464       3.0231448962098604       1.0123988600373792     0.054306910136534672     0.078872355857690174   2.0555836109307302e-09       2.1045919762829826       2.1045919762829826       2577.4780785145094                                                 2566.7735391897822                                              10.704539324727087
                       2       1290.1019511013772     0.023071357382775062      0.11598709398238892       68.945166841896338       3.0162520468635283       1.0167232348437469     0.052414608478666469     0.081145788559447624    2.041463502577046e-09       2.1045919762829826       2.1045919762829826       2575.9947182501883                                                 2565.2762638913723                                              10.718454358816073
                       5       1288.4456033955637      0.02268110105776765      0.11621952991326188       69.142295908627673       3.0255005643833028       1.0248771973609891     0.059958477160033441     3.57885786446549e-05   2.0604315916959903e-09       2.1045919762829826       2.1045919762829826       2572.6820228385614                                                 2561.6969932086477                                              10.985029629913903
                       2       1287.9981952535661      0.02268110105776765      0.11621952991326188       69.142295908627673       3.0141286760451109       1.0281199142257778     0.059958477160033441     3.57885786446549e-05   2.0371333174701168e-09       2.1045919762829826       2.1045919762829826       2571.7872065545662                                                 2560.8021769246525                                              10.985029629913903
                       1       1289.5725835142346     0.022682685698128976      0.11508290033591827       69.246132043773471        3.014040206242349       1.0296896520934691     0.061551454183516353     0.017000136384504393   2.0369531006593108e-09       2.1045919762829826       2.1045919762829826       2574.9359830759031                                                 2562.7991494192252                                              12.136833656677785
                       4       1289.3571997732977     0.022682685698128976      0.11508290033591827       69.246132043773471       3.0160495687749114       1.0283065110119494     0.061551454183516353     0.017000136384504393   2.0410501927935626e-09       2.1045919762829826       2.1045919762829826       2574.5052155940293                                                 2562.3683819373514                                              12.136833656677785
                       1       1289.2208354871316     0.022682685698128976      0.11508290033591827       69.246132043773471       3.0125465971981362        1.034320186041402     0.061551454183516353     0.017000136384504393   2.0339129600414695e-09       2.1045919762829826       2.1045919762829826       2574.2324870216971                                                 2562.0956533650192                                              12.136833656677785
                       5       1289.4814539723643     0.022614176553633358      0.11524071249260441       68.853046056253973       3.0187760754308863       1.0351690623534435     0.065135964457841908     0.041656566039518284   2.0466227230477001e-09       2.1045919762829826       2.1045919762829826       2574.7537239921626                                                 2564.0499494147784                                              10.703774577383921
                       3       1289.3547078855511     0.022614176553633358      0.11524071249260441       68.853046056253973       3.0232578003295658       1.0300687015918069     0.065135964457841908     0.041656566039518284    2.055815707890908e-09       2.1045919762829826       2.1045919762829826       2574.5002318185361                                                  2563.796457241152                                              10.703774577383921
                       3       1289.9793850422184     0.023103026123255151      0.11538012799976906       68.987366625806217       3.0320345940159381       1.0200963643335457     0.065133880772009101      0.10514192667795515   2.0739385922880991e-09       2.1045919762829826       2.1045919762829826       2575.7495861318707                                                 2565.1483848799626                                              10.601201251908268
                       1       1289.9930934538877     0.023039202790925448      0.11520572534087736         68.7457010924998       3.0293853644277848       1.0219535294566828     0.064717092342938348       0.1282764622892798   2.0684515242660855e-09       2.1045919762829826       2.1045919762829826       2575.7770029552094                                                 2564.9158658043461                                              10.861137150863076
                       4       1290.0653532968204     0.023130469753829177      0.11490416964082364       68.874487245130098       3.0107554530816221       1.0203033884849915     0.055020407815366011      0.13071400643844047   2.0302731894595125e-09       2.1045919762829826       2.1045919762829826       2575.9215226410747                                                 2565.2126529934194                                              10.708869647655311
                       1       1290.6840182767207     0.023130469753829177      0.11490416964082364       68.874487245130098       3.0144756354374853       1.0231979603683903     0.055020407815366011      0.13071400643844047   2.0378402426382035e-09       2.1045919762829826       2.1045919762829826       2577.1588526008754                                                 2566.4499829532201                                              10.708869647655311
                       2       1290.8574832036049     0.023132138692349122      0.11489095825802029        68.91602493415725       3.0106584659556277        1.023425298591069      0.05311733537076823       0.1290006491651326   2.0300762886464603e-09       2.1045919762829826       2.1045919762829826       2577.5057824546438                                                 2566.8558829042308                                              10.649899550413094
                       4        1290.856408037323     0.023132138692349122      0.11489095825802029        68.91602493415725       3.0093110469691013       1.0250981354322133      0.05311733537076823       0.1290006491651326   2.0273427673238733e-09       2.1045919762829826       2.1045919762829826         2577.50363212208                                                  2566.853732571667                                              10.649899550413094
                       1       1292.2140915712489     0.023023852205039091      0.11601077608518201       68.829512709565989       3.0095576252522647       1.0276864416858698     0.052643252333231784      0.11624936483082617   2.0278427276599713e-09       2.1045919762829826       2.1045919762829826       2580.2189991899318                                                  2569.579732101105                                              10.639267088826939
                       8       1291.4572691995272     0.022971376101190551      0.11610402491960407       68.905081755308743       3.0118661202669745       1.0286678456589391     0.054078105870286566     0.098435080397592883    2.032529399985909e-09       2.1045919762829826       2.1045919762829826       2578.7053544464884                                                 2568.2259788799433                                              10.479375566545103
                       4       1290.9352556304689      0.02277240209846821      0.11442358082691716       68.718780030222476       3.0138388101045717       1.0372778135916618     0.059445938134108048      0.15346756396826192   2.0365429074790521e-09       2.1045919762829826       2.1045919762829826       2577.6613273083717                                                 2567.2368785252756                                              10.424448783096224
                       2       1292.4914963087181     0.022854772893595245      0.11325858422900423       69.042618196138065       2.9964525823977257       1.0376437682343433     0.051694347800778924      0.16209109899600144   2.0014411366568985e-09       2.1045919762829826       2.1045919762829826       2580.7738086648701                                                 2568.9108003272995                                              11.863008337570758
                      10       1292.1298321312597     0.022784889872365304      0.11285867986035136       68.838831304592702       2.9979432164934749       1.0392130815919112     0.053675637648548373      0.17803948554909541   2.0044267777522029e-09       2.1045919762829826       2.1045919762829826       2580.0504803099534                                                 2568.8289551182406                                              11.221525191712781
                       2       1292.1362117753422     0.022600172089034112      0.11293761110689519       68.485742926780844       2.9921710961207144       1.0437661933084923     0.052422365477496506      0.19395192100283329   1.9928903120772855e-09       2.1045919762829826       2.1045919762829826       2580.0632395981183                                                 2569.5816251037677                                              10.481614494350499
                       1       1292.6737066732123     0.022879354890266379      0.11302544732725997        68.74949909103276       2.9968324758916114       1.0344553666052163     0.051949942757957189      0.16841078030807605   2.0022016155644584e-09       2.1045919762829826       2.1045919762829826       2581.1382293938586                                                 2570.3790014319393                                              10.759227961919313
                       9        1292.204486383893     0.022879354890266379      0.11302544732725997        68.74949909103276        2.989188198531076       1.0380340153808578     0.051949942757957189      0.16841078030807605   1.9869545816082151e-09       2.1045919762829826       2.1045919762829826         2580.19978881522                                                 2569.4405608533007                                              10.759227961919313
                       1       1292.0998676451636     0.023347447822420164      0.11493936887276023       69.024790945800007       3.0154066679457503       1.0194645086358345     0.057764039100238855     0.097924052248871768   2.0397384216468167e-09       2.1045919762829826       2.1045919762829826       2579.9905513377612                                                 2568.8117407647028                                              11.178810573058213
                       7       1292.2696689879722     0.023351444232313827      0.11642831985730499       68.756632007035321       2.9989926145697701       1.0177523565668538     0.047440688611948806     0.093381433003126027   2.0065313234168029e-09       2.1045919762829826       2.1045919762829826       2580.3301540233783                                                 2567.3257560860789                                              13.004397937299597
                       6       1291.5300383777785     0.023170329033273311      0.11729371691780957       68.445279972452354       3.0052502751693879       1.0204940694908324     0.050947928338525947     0.080933163515408649   2.0191268836901561e-09       2.1045919762829826       2.1045919762829826        2578.850892802991                                                  2563.118917172249                                              15.731975630742065
                       1        1290.645397480939     0.022979127315471175      0.11689445211946294       68.387138327419336       3.0022902838826337       1.0246672409062758     0.051686594970236172     0.062772849786964346   2.0131591223256376e-09       2.1045919762829826       2.1045919762829826       2577.0816110093119                                                 2562.1409096582011                                               14.94070135111069
                       2       1289.8649564495047      0.02274698744068827      0.11791281404545177       68.505911013766223       2.9830736078871594        1.029311643289228     0.042573662507633545    0.0005041802515735605   1.9748422364679887e-09       2.1045919762829826       2.1045919762829826       2575.5207289464433                                                 2562.1655746350648                                              13.355154311378456
                       4        1289.858565323035      0.02274698744068827      0.11791281404545177       68.505911013766223       2.9835536139964431       1.0276830108992074     0.042573662507633545    0.0005041802515735605   1.9757904003503879e-09       2.1045919762829826       2.1045919762829826        2575.507946693504                                                 2562.1527923821254                                              13.355154311378456
                       2       1291.0755776403378      0.02274698744068827      0.11791281404545177       68.505911013766223       2.9885007154879162       1.0159417274935987     0.042573662507633545    0.0005041802515735605   1.9855890534683341e-09       2.1045919762829826       2.1045919762829826       2577.9419713281095                                                 2564.5868170167309                                              13.355154311378456
                       1       1290.9395196016947     0.022749875270850685        0.117659615787379       68.498875106720348       2.9884525911701192       1.0162111388856312     0.042902194749793045    0.0075808560434630426   1.9854935006489362e-09       2.1045919762829826       2.1045919762829826       2577.6698552508233                                                 2564.4109201544784                                              13.258935096344857
                       2       1291.3676289613659     0.022527199380172506      0.11784440061955298         68.2661160766297       2.9859520105301325       1.0214257634651829     0.043406521305070042    0.0029762179639978778   1.9805348164191342e-09       2.1045919762829826       2.1045919762829826       2578.5260739701657                                                 2564.3066857425911                                              14.219388227574774
                       3       1292.6583535465306     0.022527051807841415      0.11732739688420006        68.32896702354752       2.9746454659692634       1.0227456548748641     0.038537001867022781     0.013735733536845702   1.9582679292511982e-09       2.1045919762829826       2.1045919762829826       2581.1075231404952                                                  2567.988911441847                                              13.118611698648371
                       2       1291.4692282795172     0.022657760416216248      0.11474490993081671       68.367209848840616       2.9909974788397089        1.028360736044287     0.049701247547212016      0.14988441256006257   1.9905527935122781e-09       2.1045919762829826       2.1045919762829826       2578.7292726064684                                                 2567.7520379135412                                              10.977234692927352
                       1       1291.6682662337657     0.022657760416216248      0.11474490993081671       68.367209848840616       2.9924397430659506        1.026264466462675     0.049701247547212016      0.14988441256006257     1.99342576789288e-09       2.1045919762829826       2.1045919762829826       2579.1273485149654                                                 2568.1501138220383                                              10.977234692927352
                       1       1291.7489506364077     0.023132597505541131      0.11734856183601691       68.499954970899608       3.0213993326940947       1.0057821881773878       0.0558078254571404     0.070048900494935507   2.0519985890278966e-09       2.1045919762829826       2.1045919762829826       2579.2887173202494                                                 2564.3580754664908                                              14.930641853758544
                       1        1292.319798559146     0.023173553823163013      0.11741451620754982       68.497928315038564       3.0203195651382564       1.0049631850207976     0.054830263394810071     0.076221378802070028   2.0497841033069105e-09       2.1045919762829826       2.1045919762829826       2580.4304131657259                                                 2565.2081504789685                                              15.222262686757471
                       3       1293.2711991205615     0.023173553823163013      0.11741451620754982       68.497928315038564        3.018471711796348       1.0048791572369624     0.054830263394810071     0.076221378802070028   2.0459999003042897e-09       2.1045919762829826       2.1045919762829826        2582.333214288557                                                 2567.1109516017996                                              15.222262686757471
                       5       1293.6814028465915     0.023173553823163013      0.11741451620754982       68.497928315038564       3.0215779614048901       1.0007551737497795     0.054830263394810071     0.076221378802070028    2.052365167630165e-09       2.1045919762829826       2.1045919762829826       2583.1536217406169                                                 2567.9313590538595                                              15.222262686757471
                       1       1292.0058082262703     0.023173553823163013      0.11741451620754982       68.497928315038564       3.0200546333999831       1.0194148244701551     0.054830263394810071     0.076221378802070028   2.0492411223709543e-09       2.1045919762829826       2.1045919762829826       2579.8024324999747                                                 2564.5801698132173                                              15.222262686757471
                       1        1291.093819607265     0.023152363999357099      0.11654653048737981       68.995010018784882       3.0085474222644382       1.0236633874575674     0.050520500358761482     0.068812668228489748   2.0257952292462786e-09       2.1045919762829826       2.1045919762829826        2577.978455261964                                                 2567.1244509565286                                              10.854004305435542
                       1       1291.4597156102398     0.023077500842791438      0.11759847178841989        69.04362281697415       3.0234560706742686       1.0239556629954567     0.057040356485263094     0.031364441252037197   2.0562233555908467e-09       2.1045919762829826       2.1045919762829826       2578.7102472679135                                                 2567.8961504107747                                               10.81409685713872
                       2       1291.4317257961609     0.023077500842791438      0.11759847178841989        69.04362281697415       3.0197119332985931       1.0280114271757701     0.057040356485263094     0.031364441252037197   2.0485389675516808e-09       2.1045919762829826       2.1045919762829826       2578.6542676397557                                                  2567.840170782617                                               10.81409685713872
                      11       1289.1822641023132     0.022779940101043915      0.11701041769384543       69.022676523613143       3.0100476425110259        1.036328665979346       0.0556985875189311      0.01551419858261804    2.028836649094018e-09       2.1045919762829826       2.1045919762829826       2574.1553442520603                                                 2563.6697084438874                                              10.485635808172876
                      13       1288.1307122865217     0.022779940101043915      0.11701041769384543       69.022676523613143       3.0180992172131957       1.0216943784700265       0.0556985875189311      0.01551419858261804   2.0452379183501818e-09       2.1045919762829826       2.1045919762829826       2572.0522406204773                                                 2561.5666048123044                                              10.485635808172876
                       6       1288.8968184981741     0.022600781598433897      0.11607229503917928        68.48899061202242       3.0239680224558003       1.0287644911792138     0.061864945824375961     0.092328710099717354   2.0572763123095049e-09       2.1045919762829826       2.1045919762829826       2573.5844530437821                                                 2562.6679946261661                                              10.916458417616017
                       1        1288.861335284415     0.022600781598433897      0.11607229503917928        68.48899061202242       3.0234422454696395       1.0293644789024394     0.061864945824375961     0.092328710099717354   2.0561949280787009e-09       2.1045919762829826       2.1045919762829826       2573.5134866162639                                                 2562.5970281986479                                              10.916458417616017
                       1       1288.2257947708977     0.022612400197603199      0.11642731057615387       68.448365759940017       3.0216597869636175       1.0271951317656947      0.06027765163075334     0.073025632362256843   2.0525331104276318e-09       2.1045919762829826       2.1045919762829826       2572.2424055892293                                                 2560.7849726382119                                               11.45743295101733
                       3       1289.0501411404689     0.022846944992538806      0.11621792024819082       68.646231545111021       3.0046904789503306       1.0221915528595003     0.050016149592715102     0.085349953417233004   2.0179969004045634e-09       2.1045919762829826       2.1045919762829826       2573.8910983283718                                                 2562.7504780413146                                              11.140620287057086
                       4       1289.9855455970091     0.022963767118618049      0.11508280063650704       68.622166139298471       3.0039248454702498       1.0207339163020466     0.050298295950873206      0.12635960069257057   2.0164524457334632e-09       2.1045919762829826       2.1045919762829826       2575.7619072414523                                                 2564.6043150092496                                              11.157592232202743
                      10       1289.8614704939046     0.022963767118618049      0.11508280063650704       68.622166139298471        3.001485695653987       1.0223069103924964     0.050298295950873206      0.12635960069257057   2.0115400096402713e-09       2.1045919762829826       2.1045919762829826       2575.5137570352431                                                 2564.3561648030404                                              11.157592232202743
                       1       1290.2241292805681     0.022869681248100574      0.11482196963527319       69.090423428879575       3.0219337401477437       1.0278947721867215     0.061728158689321223      0.10920936489127527   2.0530954854374536e-09       2.1045919762829826       2.1045919762829826       2576.2390746085703                                                 2565.1405645324494                                               11.09851007612086
                       4       1290.2579586105685     0.022638418111042655      0.11413917600826412       69.069786314546931       3.0219132992288102       1.0342751913278363     0.064742133490932982     0.099535884806510613   2.0530535187079935e-09       2.1045919762829826       2.1045919762829826        2576.306733268571                                                 2564.2011218437651                                              12.105611424806051
                       6       1288.4412211736153     0.022617165621091406       0.1155239717912018       69.131405958557792       3.0230723857260817       1.0308004641972268     0.063304866276335733     0.033308381497615613   2.0554345649724166e-09       2.1045919762829826       2.1045919762829826       2572.6732583946646                                                 2561.1954077673672                                              11.477850627297228
                       3       1289.7610180893153     0.022617165621091406       0.1155239717912018       69.131405958557792        3.023727607445855       1.0226891641251303     0.063304866276335733     0.033308381497615613   2.0567817716543007e-09       2.1045919762829826       2.1045919762829826       2575.3128522260645                                                 2563.8350015987671                                              11.477850627297228
                       3        1290.796410706502     0.022382863543338353      0.11606899947464752       68.945846754762727       3.0300161129892227       1.0280832085346887     0.067774747485988732     0.019664707994714828   2.0697566086361964e-09       2.1045919762829826       2.1045919762829826        2577.383637460438                                                 2566.4178111397187                                              10.965826320719364
                      22       1290.5174180386198     0.022386499956227546      0.11621972487241326       68.873513710613167       3.0274171709870448        1.027984556009939     0.066258808556215215     0.026014434208185482   2.0643844152850714e-09       2.1045919762829826       2.1045919762829826       2576.8256521246735                                                 2566.1628038778063                                              10.662848246867361
                       3       1290.0929849152476     0.022386499956227546      0.11621972487241326       68.873513710613167       3.0273162021151956       1.0293078465601349     0.066258808556215215     0.026014434208185482   2.0641759872421463e-09       2.1045919762829826       2.1045919762829826       2575.9767858779292                                                 2565.3139376310619                                              10.662848246867361
                       3       1291.4882177075806     0.022386499956227546      0.11621972487241326       68.873513710613167       3.0211524610409786       1.0326194331473251     0.066258808556215215     0.026014434208185482   2.0514920712690421e-09       2.1045919762829826       2.1045919762829826       2578.7672514625951                                                 2568.1044032157279                                              10.662848246867361
                       4       1291.9388048072813       0.0223631086028756      0.11615749795750183       69.004868842872639       3.0193434964470747       1.0335035787992493     0.065616280752810507     0.013136205602023021   2.0477843493273809e-09       2.1045919762829826       2.1045919762829826       2579.6684256619965                                                 2568.4287631971947                                              11.239662464801693
                       2       1292.1938027958163     0.022551147754251041      0.11616864252895616       69.052936858947817        3.028162125364469       1.0290284587306253     0.068358381329473403     0.031858413601404977   2.0659228604565096e-09       2.1045919762829826       2.1045919762829826       2580.1784216390665                                                 2569.1888323879762                                              10.989589251090273
                       5       1292.1702105097741     0.023213618351492174      0.11562530550372171         69.6551824270217       3.0200146851475433       1.0104342710985843     0.058908273484539961     0.017022852872164075   2.0491592604044198e-09       2.1045919762829826       2.1045919762829826       2580.1312370669821                                                 2567.6730463486847                                              12.458190718297542
                       8       1290.4548107216281     0.023213618351492174      0.11562530550372171         69.6551824270217       3.0172863542374877       1.0185006649717121     0.058908273484539961     0.017022852872164075   2.0435760956784057e-09       2.1045919762829826       2.1045919762829826       2576.7004374906901                                                 2564.2422467723927                                              12.458190718297542
                       4       1290.0222180882502     0.023022523575113089      0.11544038350005864       69.598122415090643       3.0165560735674695        1.024406386216955     0.060563039812209118     0.017354357025477704   2.0420842563550315e-09       2.1045919762829826       2.1045919762829826       2575.8352522239343                                                 2562.8314902900624                                                13.0037619338719
                       1         1289.98008049139     0.023022523575113089      0.11544038350005864       69.598122415090643        3.016613056454025       1.0245155828983599     0.060563039812209118     0.017354357025477704   2.0422006235259853e-09       2.1045919762829826       2.1045919762829826        2575.750977030214                                                 2562.7472150963422                                                13.0037619338719
                       2       1289.7232924384484     0.023022523575113089      0.11544038350005864       69.598122415090643       3.0233987628541099       1.0247766242649061     0.060563039812209118     0.017354357025477704   2.0561055212890238e-09       2.1045919762829826       2.1045919762829826       2575.2374009243308                                                  2562.233638990459                                                13.0037619338719
                       4       1290.4200377023658     0.022981471907555302      0.11671319924590724       69.394738076541003       3.0019062028968664       1.0249899682293753     0.048422573146719147     0.011246935459649041    2.012386054655228e-09       2.1045919762829826       2.1045919762829826       2576.6308914521655                                                 2565.5224252952016                                              11.108466156963727
                      16       1289.4643518045127      0.02288244410383888      0.11701927264276844       69.189690055431015       3.0052815172609035       1.0267657544312381     0.050580634211276482     0.012727256715503774   2.0191899664224513e-09       2.1045919762829826       2.1045919762829826       2574.7195196564594                                                 2564.1325319376119                                              10.586987718847583
                       1       1291.2026842309151      0.02288244410383888      0.11701927264276844       69.189690055431015       3.0152571177084231       1.0189007108843637     0.050580634211276482     0.012727256715503774   2.0394334010902912e-09       2.1045919762829826       2.1045919762829826       2578.1961845092642                                                 2567.6091967904167                                              10.586987718847583
                       2       1291.2552048597374       0.0229206019544624      0.11707138870506133       69.206255114337779       3.0172463708674013       1.0177506933079021     0.051150094123961466     0.012633150060434778   2.0434943882525523e-09       2.1045919762829826       2.1045919762829826       2578.3012257669088                                                 2567.7213877584741                                              10.579838008434983
                       1       1289.6721611151002      0.02287794879946824      0.11706595455779477        69.04594180916564       3.0207957188815464       1.0175115100202685      0.05328588708651677     0.010904714873770288   2.0507603480834942e-09       2.1045919762829826       2.1045919762829826       2575.1351382776343                                                   2564.55133243622                                              10.583805841414014
                       6       1289.9307726781412      0.02287794879946824      0.11706595455779477        69.04594180916564        3.019225443600615       1.0205093057114583      0.05328588708651677     0.010904714873770288   2.0475426168248931e-09       2.1045919762829826       2.1045919762829826       2575.6523614037164                                                 2565.0685555623022                                              10.583805841414014
                       2       1290.3882437333991     0.022898037409412885      0.11715277552789785       69.032902653255334       3.0172480702062683       1.0202412092295194     0.052018863620263332     0.016063762633886432   2.0434978608449412e-09       2.1045919762829826       2.1045919762829826       2576.5673035142322                                                 2565.9801868229979                                              10.587116691234352
                       2       1290.4190278745034     0.022898037409412885      0.11715277552789785       69.032902653255334        3.017656845967486       1.0197304115948485     0.052018863620263332     0.016063762633886432   2.0443333639936385e-09       2.1045919762829826       2.1045919762829826       2576.6288717964408                                                 2566.0417551052064                                              10.587116691234352
                       4       1290.7280148208883     0.022898037409412885      0.11715277552789785       69.032902653255334       3.0156950244736729       1.0231304032980537     0.052018863620263332     0.016063762633886432   2.0403266783457068e-09       2.1045919762829826       2.1045919762829826       2577.2468456892107                                                 2566.6597289979763                                              10.587116691234352
                       1       1291.5360524765999     0.022789693514637908      0.11472483647137792       68.918620066208348       3.0196307508807116       1.0294530368828392     0.058594707553870674     0.079217857226424604   2.0483726689555229e-09       2.1045919762829826       2.1045919762829826       2578.8629210006338                                                 2568.0940844870665                                              10.768836513567098
                       1       1291.4595165170765     0.022757900336256576      0.11485415836450925       68.878589638160534       3.0199092236531815       1.0297768415666955     0.058817448590523312      0.07369992015820305   2.0489431644017363e-09       2.1045919762829826       2.1045919762829826        2578.709849081587                                                  2568.003860602596                                              10.705988478990788
                       1       1291.4464235537616     0.022704890383538304      0.11486090184258251       68.902466932174448       3.0188953273358554       1.0311820390648847      0.05876117050830286     0.066238816222582236   2.0468668012592834e-09       2.1045919762829826       2.1045919762829826       2578.6836631549572                                                 2567.9028384205435                                              10.780824734413905
                      12       1290.7489143763032     0.022564374210147609      0.11541273936624617       68.649277254082207       3.0132543288193259       1.0339534356756528     0.056446735606610413      0.06444467303478689   2.0353529340555049e-09       2.1045919762829826       2.1045919762829826       2577.2886448000404                                                 2566.7284349806387                                              10.560209819401928
                       3         1289.05868029922     0.022564374210147609      0.11541273936624617       68.649277254082207       3.0086348362152497       1.0355621767739276     0.056446735606610413      0.06444467303478689   2.0259723197507802e-09       2.1045919762829826       2.1045919762829826       2573.9081766458739                                                 2563.3479668264722                                              10.560209819401928
                       3       1289.2624182861844     0.022564374210147609      0.11541273936624617       68.649277254082207       3.0180815166735853       1.0198470515920273     0.056446735606610413      0.06444467303478689    2.045201716855789e-09       2.1045919762829826       2.1045919762829826       2574.3156526198027                                                 2563.7554428004009                                              10.560209819401928
                       4       1289.0994044180361     0.022692454716645088      0.11588053591090104       68.625512375586013       3.0246964920211887       1.0148056743911713     0.057875302646559421     0.056589209336657835   2.0587755214884475e-09       2.1045919762829826       2.1045919762829826       2573.9896248835062                                                 2563.0064665451682                                              10.983158338337825
                       1       1289.6119824139416     0.022764414302360349      0.11608141835016968       68.583814718706293       3.0174495692167609        1.012072599925129     0.053301638358753609     0.054996143928259932   2.0439096651295297e-09       2.1045919762829826       2.1045919762829826       2575.0147808753172                                                 2563.4973810036427                                              11.517399871674391
                       3       1289.5930156106272      0.02256694576858222      0.11673206495895172       68.297704405291469        3.012863995019714       1.0166461850935034     0.051909248540626569     0.054434832631022022   2.0345586220447017e-09       2.1045919762829826       2.1045919762829826       2574.9768472686883                                                 2562.2276432622725                                              12.749204006415898
                       2       1289.6265476761596     0.022362380195013794      0.11677869000298491       68.539686001045951       2.9989963843326808       1.0221002161365502      0.04663466591740266    0.0080945730341630551   2.0065388875784228e-09       2.1045919762829826       2.1045919762829826       2575.0439113997531                                                  2564.254141888543                                              10.789769511210206
                       3       1292.0787058595888     0.022559554787801119      0.11627126580261016       68.049147137901031       3.0139974685217954       1.0162076570793122     0.053240360840139687     0.077084734227145055   2.0368660477871481e-09       2.1045919762829826       2.1045919762829826       2579.9482277666116                                                   2565.14494585598                                              14.803281910631627
                       1       1291.5408945982599     0.022599335481926344      0.11532499417960485       68.228558610170879       3.0151615283521793       1.0177815176239851     0.054887715739790094     0.099678667827599501    2.039238462281565e-09       2.1045919762829826       2.1045919762829826       2578.8726052439538                                                 2566.4828304973548                                              12.389774746599006
                       3       1291.6129980031635     0.022574359446178131      0.11530776432027921       68.209858365316393       3.0149832514631094       1.0184668499029437     0.055051833441426258     0.099857248643121829    2.038874945596712e-09       2.1045919762829826       2.1045919762829826        2579.016812053761                                                 2566.6310142504294                                              12.385797803331707
                       7       1292.8953967817311     0.022938130547114313      0.11487162706873028       68.381388326468553       3.0531123056937242       1.0122059763753395     0.071642295620381741      0.16264697443997495   2.1181164201718607e-09       2.1045919762829826       2.1045919762829826       2581.5816096108961                                                 2569.5243535965815                                              12.057256014314492
                       5       1292.5500818933267     0.022938130547114313      0.11487162706873028       68.381388326468553       3.0342146714118603       1.0374518531197541     0.071642295620381741      0.16264697443997495   2.0784648709599028e-09       2.1045919762829826       2.1045919762829826       2580.8909798340874                                                 2568.8337238197728                                              12.057256014314492
                       1       1292.5940500657371     0.022951603319409861      0.11504574403085394       68.428394581817557       3.0370299042714834       1.0361462480511785     0.072612340615434812      0.14692005399422131    2.084324477770978e-09       2.1045919762829826       2.1045919762829826       2580.9789161789081                                                 2568.9336329110615                                              12.045283267846699
                       3       1292.5857706798379     0.022951603319409861      0.11504574403085394       68.428394581817557       3.0371226593159144       1.0360413892896847     0.072612340615434812      0.14692005399422131   2.0845178183470404e-09       2.1045919762829826       2.1045919762829826       2580.9623574071097                                                 2568.9170741392631                                              12.045283267846699
                       2       1292.6639860046153     0.022559394516813755      0.11587479499950949       67.873589918126243        3.024709459525301       1.0443174866545515     0.068790996829123652      0.13832211306886197   2.0588022188415872e-09       2.1045919762829826       2.1045919762829826       2581.1187880566645                                                 2565.5732955196654                                              15.545492536998861
                       1       1290.2071337182742     0.022398787531011228      0.11496993220868958       68.302768587898612       2.9889016035303477       1.0512179394172652     0.053582958390838112      0.11002083389736318   1.9863852119515976e-09       2.1045919762829826       2.1045919762829826       2576.2050834839824                                                 2565.4102954474438                                               10.79478803653886
                       4       1290.2051869741272     0.022390856157535381      0.11496145618137721        68.30434420855363       2.9891281657427933       1.0514558144568027     0.053779265405192671      0.10957940337085335   1.9868353027648465e-09       2.1045919762829826       2.1045919762829826       2576.2011899956883                                                 2565.4333222064247                                              10.767867789263684
                       2       1289.7314376557986     0.022390856157535381      0.11496145618137721        68.30434420855363       2.9896376576524668       1.0464659091900335     0.053779265405192671      0.10957940337085335   1.9878478371946064e-09       2.1045919762829826       2.1045919762829826       2575.2536913590311                                                 2564.4858235697675                                              10.767867789263684
                       1       1289.7939968416456     0.022419128001372118       0.1148844927397745       68.219848718511429       2.9970903975539773       1.0460895971923165     0.057415258900896042      0.12732389142414913   2.0027180933360759e-09       2.1045919762829826       2.1045919762829826       2575.3788097307252                                                  2564.306391611115                                              11.072418119610328
                       1       1289.7203144006751     0.022423111521869314      0.11502752810973238       68.203261666247016       2.9975046880175671       1.0456105920292798     0.057370427011239643        0.124038821288704   2.0035479722369909e-09       2.1045919762829826       2.1045919762829826       2575.2314448487841                                                 2563.9928004927933                                              11.238644355990873
                       1       1290.2794136760297     0.022385716352368752      0.11626510303685862       67.990274242604301       3.0055372806645639       1.0421619932634933     0.059794365072286783     0.083546066897265625   2.0197064673691045e-09       2.1045919762829826       2.1045919762829826       2576.3496433994933                                                 2562.4701713736531                                               13.87947202584016
                       4       1290.8088075511607     0.022316862379038956      0.11625468637230388       67.901989194691154       3.0008801136392429       1.0439794518244498     0.058122043087570852      0.08612601397969151    2.010322225959659e-09       2.1045919762829826       2.1045919762829826       2577.4084311497554                                                 2563.1144072441994                                               14.29402390555596
                       3       1291.0080517912349     0.022252343639296939      0.11574146945048247       68.162303883101416       2.9969468088361753       1.0457805630451054     0.057355892904995591     0.057182355108208557   2.0024305462576871e-09       2.1045919762829826       2.1045919762829826       2577.8069196299039                                                 2566.1293517848057                                               11.67756784509832
                       3       1292.5372600686089     0.022252343639296939      0.11574146945048247       68.162303883101416       3.0159088840712127       1.0201310587592789     0.057355892904995591     0.057182355108208557   2.0407630684494302e-09       2.1045919762829826       2.1045919762829826       2580.8653361846518                                                 2569.1877683395537                                               11.67756784509832
                       5       1294.8245943543595     0.021827731721897236      0.11638181813002262       67.815647484355679       3.0142868709233368       1.0309104494110846     0.059500554348277522     0.045782704760414336   2.0374556070188094e-09       2.1045919762829826       2.1045919762829826        2585.440004756153                                                 2573.0716470986454                                              12.368357657507694
                       3        1294.303051220061     0.021899529667580631      0.11671366030563905       67.827473509941214       3.0111684147240507       1.0277302195227234     0.056761564444038161     0.032867743216529917    2.031111787552916e-09       2.1045919762829826       2.1045919762829826       2584.3969184875559                                                 2571.3159636414584                                              13.080954846097388
                       3       1293.6114275173243     0.022751406254196329      0.11365245129752725       68.696929885346279        3.011891975144894        1.012345009209042     0.053992509622443806      0.12324466301335935   2.0325819514647663e-09       2.1045919762829826       2.1045919762829826       2583.0136710820825                                                 2572.2926251370318                                              10.721045945050575
                       1        1293.714675521695      0.02318635726904163      0.11476172736851359       68.838422484536721       3.0074303399735145      0.99946282034992007     0.046229700468470608      0.12096261488351387   2.0235335127675574e-09       2.1045919762829826       2.1045919762829826       2583.2201670908239                                                 2572.1436391762472                                              11.076527914576515
                       1       1292.4301513048615      0.02318635726904163      0.11476172736851359       68.838422484536721       2.9981812985871157       1.0107646435055904     0.046229700468470608      0.12096261488351387   2.0049040526890534e-09       2.1045919762829826       2.1045919762829826        2580.651118657157                                                 2569.5745907425803                                              11.076527914576515
                       5       1293.6403876449324      0.02318635726904163      0.11476172736851359       68.838422484536721       2.9963261645475066       1.0087307047282223     0.046229700468470608      0.12096261488351387    2.001188134763377e-09       2.1045919762829826       2.1045919762829826       2583.0715913372987                                                 2571.9950634227221                                              11.076527914576515
                       3       1291.1969495805602      0.02285076566325436      0.11536848397677264       68.786107223360659       3.0051461474736976       1.0145698070801408     0.052591314437931871     0.058240587818320436   2.0189166476063404e-09       2.1045919762829826       2.1045919762829826       2578.1847152085543                                                 2567.2760527781043                                              10.908662430450009
                       2       1290.9883076428218     0.022519141014353643      0.11520437505042985       68.303117194936107       3.0198734713172746       1.0255979751109618     0.063424566793730611       0.1103316638059617   2.0488699112069624e-09       2.1045919762829826       2.1045919762829826       2577.7674313330776                                                 2566.5101771609875                                              11.257254172090127
                       1       1290.2422625529102     0.022509082603610203      0.11533467417310425       68.465674240070868       3.0185817957350163       1.0264631837413762      0.06266133461466436     0.097639676054661381   2.0462251444294824e-09       2.1045919762829826       2.1045919762829826       2576.2753411532544                                                 2565.6370496457798                                              10.638291507474781
                       1       1291.4836580173328     0.022504256245500752      0.11415975081223399       68.762513825043342        2.995378597032075       1.0290221132303436      0.05279015863416589     0.099186743114990622   1.9992927720285047e-09       2.1045919762829826       2.1045919762829826       2578.7581320820996                                                 2567.8674423668249                                               10.89068971527475
                       1       1291.5672784651099     0.022433844801435378      0.11424745092166046       68.846247440670666       2.9934702364124308       1.0316567297425039     0.052351054155262436     0.091808919979800882   1.9954810386729507e-09       2.1045919762829826       2.1045919762829826       2578.9253729776538                                                 2567.5383782758686                                              11.386994701785397
                       3       1291.6887986994711      0.02240680811713042      0.11422954142416296       68.811541040951141       2.9926225764119581       1.0324403471430645     0.052208268645905796     0.093913594361697383   1.9937902659162227e-09       2.1045919762829826       2.1045919762829826       2579.1684134463762                                                 2567.8625791960085                                              11.305834250367795
                       1       1291.8744130399991     0.022580362378486776      0.11486863793270094        68.72753216037151       2.9831797132927211       1.0270500783721954     0.045042303334178822      0.10223059380333718   1.9750517890215426e-09       2.1045919762829826       2.1045919762829826       2579.5396421274322                                                 2569.0437741753553                                              10.495867952076971
                       2       1292.3452824483152     0.022580362378486776      0.11486863793270094        68.72753216037151       2.9765274349357127       1.0335881496165003     0.045042303334178822      0.10223059380333718   1.9619567988022784e-09       2.1045919762829826       2.1045919762829826       2580.4813809440643                                                 2569.9855129919874                                              10.495867952076971
                       1       1291.2041611277741     0.022501632310358937      0.11454227890571353       68.594860799041797       2.9962656597514412       1.0355830883978618      0.05610401345029465      0.11449135896106916    2.001067056946326e-09       2.1045919762829826       2.1045919762829826       2578.1991383029822                                                 2567.7597809045383                                              10.439357398443693
                       9       1290.6812625629454     0.022501632310358937      0.11454227890571353       68.594860799041797        2.994097647521929       1.0396575536183017      0.05610401345029465      0.11449135896106916    1.996733418482827e-09       2.1045919762829826       2.1045919762829826       2577.1533411733249                                                 2566.7139837748809                                              10.439357398443693
                       7       1291.0308146324994     0.022501632310358937      0.11454227890571353       68.594860799041797         3.01721497900831       1.0184625148475075      0.05610401345029465      0.11449135896106916   2.0434302401715313e-09       2.1045919762829826       2.1045919762829826       2577.8524453124328                                                 2567.4130879139889                                              10.439357398443693
                       6       1291.0774598786199     0.022501247943319577      0.11452186385431987       68.594718876994307       3.0163607339103602       1.0185779952600638     0.055715414003427527      0.11570839905764491   2.0416853952745686e-09       2.1045919762829826       2.1045919762829826       2577.9457358046739                                                 2567.5058598782798                                              10.439875926394203
                       4       1290.8698741666508     0.022746316032982817      0.11462283355174011       68.864326730627454       3.0223059470899902       1.0123109491069926       0.0562932888732025      0.11128496410199644   2.0538598040637536e-09       2.1045919762829826       2.1045919762829826       2577.5305643807355                                                   2566.87136480051                                              10.659199580225575
                       1       1292.1677715882934     0.022858678180571586      0.11457096575664732       68.765581306583172       3.0055885888647782       1.0082169564760886     0.046987093881259344      0.11649674886945646   2.0198100975314225e-09       2.1045919762829826       2.1045919762829826       2580.1263592240207                                                 2569.5243581810955                                              10.602001042925114
                       2       1292.9141591785699     0.022858678180571586      0.11457096575664732       68.765581306583172       2.9838464621041054       1.0445516350186836     0.046987093881259344      0.11649674886945646   1.9763690915604449e-09       2.1045919762829826       2.1045919762829826       2581.6191344045737                                                 2571.0171333616486                                              10.602001042925114
                       1       1292.8866249102166     0.023054301598366266      0.11501134598659682       68.986409213878289        2.989873110173217       1.0379445147504829     0.047486531261606839     0.091129158182882503   1.9883159360841106e-09       2.1045919762829826       2.1045919762829826       2581.5640658678672                                                 2570.8390039602673                                              10.725061907599805
                       1       1292.8016950643034     0.023054301598366266      0.11501134598659682       68.986409213878289       2.9893386560550907       1.0382943976671222     0.047486531261606839     0.091129158182882503   1.9872535563658302e-09       2.1045919762829826       2.1045919762829826       2581.3942061760408                                                  2570.669144268441                                              10.725061907599805
                       5       1292.7927558261331     0.023049253985515345      0.11500885706646798       68.988674516808544       2.9891940276030851       1.0384170559090324     0.047460867031364012     0.090308896732676391   1.9869661637433067e-09       2.1045919762829826       2.1045919762829826       2581.3763276997001                                                 2570.6507297353965                                              10.725597964303715
                       3       1290.9469890864625     0.023049253985515345      0.11500885706646798       68.988674516808544       2.9871368601477477       1.0349668666308587     0.047460867031364012     0.090308896732676391   1.9828828430936021e-09       2.1045919762829826       2.1045919762829826        2577.684794220359                                                 2566.9591962560553                                              10.725597964303715
                       3       1291.1800867765003     0.023120354062017762      0.11529584008766076       68.996295553626851       2.9869292209016942       1.0330685040115393      0.04632261189638881     0.093201611819299743   1.9824711615371529e-09       2.1045919762829826       2.1045919762829826       2578.1509896004345                                                  2567.434871414267                                               10.71611818616735
                       8        1289.553182008912     0.023085644387334851      0.11661661065660892       68.932582499510332       2.9991494678637811       1.0290006653230881     0.050611685327784629      0.03067950490817252   2.0068460791490089e-09       2.1045919762829826       2.1045919762829826        2574.897180065258                                                 2563.5532100628866                                              11.343970002371366
                       1       1290.9654664715201     0.023085644387334851      0.11661661065660892       68.932582499510332       3.0137241416227001       1.0004658934971808     0.050611685327784629      0.03067950490817252    2.036309393584183e-09       2.1045919762829826       2.1045919762829826       2577.7217489904742                                                 2566.3777789881028                                              11.343970002371366
                       1       1290.6761875811833     0.023076464824440531      0.11630444660584868       68.980501760174917       3.0169735793382109         1.00169676946652     0.052795747164141781     0.039248067670247549   2.0429370163201162e-09       2.1045919762829826       2.1045919762829826       2577.1431912098005                                                 2566.1228232409294                                              11.020367968871177
                       1       1292.8061796248094      0.02330741161823718      0.11732568339456922       68.857753724323359       3.0429370275587395      0.99229034240567915     0.062147928764112417     0.030921149460044449   2.0966732764616382e-09       2.1045919762829826       2.1045919762829826       2581.4031752970527                                                 2568.2003659147231                                              13.202809382329454
                       1       1291.9998921845795     0.022977032609650016      0.11752803961620539       68.464687586265157       3.0409962093599834       1.0005691461230843     0.063930917598910342     0.036336599265642443    2.092607961104944e-09       2.1045919762829826       2.1045919762829826        2579.790600416593                                                 2564.9410998843791                                              14.849500532213657
                       2       1293.1093868798223     0.022977032609650016      0.11752803961620539       68.464687586265157       3.0472273988957643      0.99306183769251277     0.063930917598910342     0.036336599265642443   2.1056881080493899e-09       2.1045919762829826       2.1045919762829826       2582.0095898070786                                                 2567.1600892748647                                              14.849500532213657
                       3       1293.4574078401351     0.023261779181147538      0.11719359820503247       68.835900334674704       3.0432937998198413      0.98626051956749228     0.059824526234062009     0.032409734713392299   2.0974214447821886e-09       2.1045919762829826       2.1045919762829826       2582.7056317277043                                                 2569.6771788696365                                              13.028452858067716
                       7       1292.0596751103772     0.023261779181147538      0.11719359820503247       68.835900334674704       3.0451921433794267      0.98906854364773644     0.059824526234062009     0.032409734713392299   2.1014068529137027e-09       2.1045919762829826       2.1045919762829826       2579.9101662681883                                                 2566.8817134101205                                              13.028452858067716
                       3       1291.6738917520975     0.023261779181147538      0.11719359820503247       68.835900334674704       3.0452154971301177      0.99533006422352444     0.059824526234062009     0.032409734713392299   2.1014559292185018e-09       2.1045919762829826       2.1045919762829826       2579.1385995516289                                                 2566.1101466935611                                              13.028452858067716
                       7       1291.0244306549334     0.023039482248796886      0.11767003307464617       68.659839128766095       3.0479537109976644       0.9988043042525182     0.062411010394693524   0.00032197494076562083   2.1072180503456385e-09       2.1045919762829826       2.1045919762829826       2577.8396773573008                                                 2563.9267079918072                                               13.91296936549357
                       4       1290.5130429861545     0.022924912973124326      0.11762374549270833       68.560453317022848       3.0410329003880481       1.0023369030639457     0.060095886566935611    0.0057651153499162699   2.0926847424509579e-09       2.1045919762829826       2.1045919762829826       2576.8169020197429                                                 2562.8265290935688                                              13.990372926174297
                      19       1288.9833453207916     0.022924912973124326      0.11762374549270833       68.560453317022848       3.0234732561411644        1.021638492721495     0.060095886566935611    0.0057651153499162699   2.0562586930528989e-09       2.1045919762829826       2.1045919762829826       2573.7575066890172                                                 2559.7671337628431                                              13.990372926174297
                       1       1288.8992952167237     0.022970184130266316      0.11644698220776718       68.768248626764205       3.0146873128803668       1.0237202267856929     0.057073400124720605     0.033538277356407784   2.0382716531080877e-09       2.1045919762829826       2.1045919762829826       2573.5894064808813                                                 2561.8801107991471                                              11.709295681733977
                       7       1288.9876383547034     0.022961749271646799      0.11679695042160443       68.561657857753502       3.0060724316425542       1.0249990261956952     0.052490527526129913     0.062703968554460837   2.0207876045203705e-09       2.1045919762829826       2.1045919762829826       2573.7660927568409                                                 2560.9385354904953                                              12.827557266345744
                       8       1288.9795817099391     0.022983924966776686      0.11679222039601803       68.594140850668609       3.0065352386150215       1.0244593109603493     0.052523354044118911     0.061855061067702874   2.0217230555635536e-09       2.1045919762829826       2.1045919762829826       2573.7499794673122                                                 2561.0576683241238                                              12.692311143188393
                       3       1288.8361034207944     0.022837759788802196      0.11740060698173399       68.407917060362678       3.0074933140538782       1.0268289000547126     0.053420293521371114       0.0466989834060259   2.0236609469420919e-09       2.1045919762829826       2.1045919762829826       2573.4630228890228                                                 2559.4297387078236                                              14.033284181199278
                       3       1289.4494056162553     0.022773783997775673      0.11734484455821294       68.260084130920717       3.0036956875124137       1.0284636652096943      0.05221666175283781     0.055990522892741999   2.0159904125502369e-09       2.1045919762829826       2.1045919762829826       2574.6896272799445                                                 2559.6228061382303                                               15.06682114171422
                       6       1289.5806344139401     0.022845575556756124      0.11710457183365419       68.341968226645392       3.0022928760251686       1.0267677191298152     0.051199912189867379     0.057689139320938256   2.0131643407277916e-09       2.1045919762829826       2.1045919762829826       2574.9520848753141                                                 2560.4352562781437                                               14.51682859717053
                       5       1289.6445762416674     0.022845575556756124      0.11710457183365419       68.341968226645392       3.0043491162856686       1.0198091667735354     0.051199912189867379     0.057689139320938256   2.0173081491690282e-09       2.1045919762829826       2.1045919762829826       2575.0799685307688                                                 2560.5631399335984                                               14.51682859717053
                       1       1289.4506409187334     0.022845575556756124      0.11710457183365419       68.341968226645392       3.0058742606123765       1.0202351467829918     0.051199912189867379     0.057689139320938256   2.0203871826363315e-09       2.1045919762829826       2.1045919762829826       2574.6920978849007                                                 2560.1752692877303                                               14.51682859717053
                       7       1289.4459423796757     0.022845575556756124      0.11710457183365419       68.341968226645392       3.0055533400660086       1.0206492155482207     0.051199912189867379     0.057689139320938256   2.0197389029065116e-09       2.1045919762829826       2.1045919762829826       2574.6827008067853                                                 2560.1658722096149                                               14.51682859717053
                       2       1288.5522988752946     0.023162405083411823      0.11618880869239115       69.387048195624573       3.0247631146382088       1.0146030425358707     0.059040022356554409     0.011696524406850282   2.0589126870706603e-09       2.1045919762829826       2.1045919762829826       2572.8954137980231                                                 2561.8235063708371                                              11.071907427185886
                       6       1289.2646512460001     0.023162405083411823      0.11618880869239115       69.387048195624573       3.0209550858358387       1.0244204320412718     0.059040022356554409     0.011696524406850282   2.0510871975579628e-09       2.1045919762829826       2.1045919762829826       2574.3201185394341                                                 2563.2482111122481                                              11.071907427185886
                       3       1288.8161704017434     0.023162405083411823      0.11618880869239115       69.387048195624573       3.0262680921090914       1.0104888288745608     0.059040022356554409     0.011696524406850282   2.0620136371239072e-09       2.1045919762829826       2.1045919762829826       2573.4231568509208                                                 2562.3512494237348                                              11.071907427185886
                       2       1289.8244794731345     0.023133596342352739      0.11593399424875758       69.365894358144715       3.0284880257904558       1.0126132424474634      0.06049548447909657     0.050125859126199275   2.0665962553206643e-09       2.1045919762829826       2.1045919762829826       2575.4397749937029                                                 2564.3706236175112                                              11.069151376191607
                       1       1289.7504650947735     0.023206732483078259      0.11599818484383785       69.420612262602276       3.0257305850497889       1.0112329506749944     0.058582599101565186     0.043535574232216656   2.0609055880563502e-09       2.1045919762829826       2.1045919762829826        2575.291746236981                                                 2564.1822348782994                                              11.109511358681537
                       2       1288.8959644551876     0.022671427027738677      0.11643318303567274       69.057189756556284       2.9968242881910641       1.0250170803878034     0.048536690918826765     0.022342462560089232   2.0021852222043068e-09       2.1045919762829826       2.1045919762829826       2573.5827449578092                                                 2562.9094292016175                                               10.67331575619153
                       2       1289.2896528848498     0.022671427027738677      0.11643318303567274       69.057189756556284       3.0002103096374864       1.0202761004688867     0.048536690918826765     0.022342462560089232   2.0089761549400933e-09       2.1045919762829826       2.1045919762829826       2574.3701218171336                                                  2563.696806060942                                               10.67331575619153
                       1       1291.4575623275516     0.022671427027738677      0.11643318303567274       69.057189756556284        3.006619905987459       1.0259612914617051     0.048536690918826765     0.022342462560089232   2.0218942367890943e-09       2.1045919762829826       2.1045919762829826       2578.7059407025372                                                 2568.0326249463455                                               10.67331575619153
                      14       1292.1803763433375     0.022671427027738677      0.11643318303567274       69.057189756556284       3.0174346033158135       1.0066270766036951     0.048536690918826765     0.022342462560089232   2.0438790764088303e-09       2.1045919762829826       2.1045919762829826       2580.1515687341089                                                 2569.4782529779172                                               10.67331575619153
                       2        1293.855752584728     0.022868828316107943      0.11523412515656967       68.997850812890363       3.0203062613161746       1.0035890684764799     0.049505375001709151      0.09873037765663438   2.0497568335252906e-09       2.1045919762829826       2.1045919762829826       2583.5023212168899                                                 2572.8603257430568                                              10.641995473833211
                       1       1292.4103933654674     0.022890302629006636      0.11585119811930829       68.749879429861764       3.0363340899194031      0.99810056589297602     0.056027586910121406     0.089099710757445466    2.082874679338725e-09       2.1045919762829826       2.1045919762829826       2580.6116027783687                                                 2569.8293841465156                                              10.782218631852906
                       2       1292.3981694982244     0.022878496373626749      0.11582122356640143       68.792236618347829       3.0388058180441817      0.99840299109146036     0.057359081145422361      0.08665497219289986   2.0880293471083417e-09       2.1045919762829826       2.1045919762829826       2580.5871550438828                                                  2569.940189197981                                              10.646965845901896
                       1       1292.4881058416106     0.022986389984323809      0.11555060514888313       68.959542944861866       3.0399093341665342      0.99675157348759036     0.057459182786512561     0.083268834916148809   2.0903347929712061e-09       2.1045919762829826       2.1045919762829826       2580.7670277306552                                                 2570.1663226601863                                               10.60070507046866
                       2       1291.9332464190368     0.022986389984323809      0.11555060514888313       68.959542944861866       3.0377121933015991       1.0012388725052688     0.057459182786512561     0.083268834916148809   2.0857470747533331e-09       2.1045919762829826       2.1045919762829826       2579.6573088855075                                                 2569.0566038150387                                               10.60070507046866
                       3       1294.5600661070387     0.023165040251441772      0.11575138439660095       68.557300412458432       3.0546087207536838      0.99184193541717436     0.063408327799409386      0.11877933934231295   2.1212883741697176e-09       2.1045919762829826       2.1045919762829826       2584.9109482615113                                                  2571.976658193626                                               12.93429006788506
                       1       1294.7007416019562     0.023103838979281449      0.11518250577710397       68.560236194359447       3.0557981549494597      0.99405327189153248     0.065103672749893135      0.13665715161124881   2.1238130082464638e-09       2.1045919762829826       2.1045919762829826       2585.1922992513464                                                 2573.1054360967182                                              12.086863154628347
                       6       1295.0309180818106     0.022772305925907604      0.11604067684472903       68.521038844361669       3.0703125646235496      0.99776308798064961      0.07375114432308319     0.069141954588870611   2.1548636964098013e-09       2.1045919762829826       2.1045919762829826       2585.8526522110551                                                 2574.1012850948068                                              11.751367116248055
                       5       1294.5238805695092     0.022855794051566156      0.11683057686136478       68.724947668349927       3.0762442858205263      0.99500836594373587     0.075169673028503817     0.026746728145802347    2.167683731922862e-09       2.1045919762829826       2.1045919762829826       2584.8385771864523                                                 2573.2838418966576                                              11.554735289794761
                       5       1292.5061288328509     0.022855794051566156      0.11683057686136478       68.724947668349927       3.0545204101842636       1.0108215394104141     0.075169673028503817     0.026746728145802347   2.1211010502569525e-09       2.1045919762829826       2.1045919762829826       2580.8030737131357                                                  2569.248338423341                                              11.554735289794761
                       1       1293.8209064249968     0.023324312199976872      0.11663237004627032       68.867134860183654        3.054696952359766       1.0018227947889391     0.071673553346499205     0.075160551111747881   2.1214755471070973e-09       2.1045919762829826       2.1045919762829826       2583.4326288974275                                                 2571.1822980659654                                              12.250330831462188
                       3        1293.739806649246     0.023324312199976872      0.11663237004627032       68.867134860183654       3.0543050317545952       1.0024379106028589     0.071673553346499205     0.075160551111747881   2.1206442600367266e-09       2.1045919762829826       2.1045919762829826        2583.270429345926                                                 2571.0200985144638                                              12.250330831462188
                       1       1294.1969003568688     0.023348543708898811      0.11732438236149444       68.752653822400291       3.0538537648160462       1.0002990709551973     0.070388664300469847     0.062441571614834865   2.1196874992872319e-09       2.1045919762829826       2.1045919762829826       2584.1846167611716                                                 2570.2587741068878                                              13.925842654283883
                       2       1290.3139539431099     0.023299754654106421      0.11695303797420663       69.016959620966972       3.0202404627546957       1.0078468530791018     0.055569201574973366     0.047102224584451215   2.0496219669113263e-09       2.1045919762829826       2.1045919762829826       2576.4187239336538                                                 2564.8429367293361                                              11.575787204317558
                       3       1290.5858153034021     0.023327360302045227      0.11682156745272336       68.997995512728707       3.0213244668094701       1.0070015700221877     0.055991054390724881     0.053155560810562386   2.0518449700887609e-09       2.1045919762829826       2.1045919762829826       2576.9624466542382                                                 2565.2370772667873                                              11.725369387450852
                       2       1290.7192440912063     0.023327360302045227      0.11682156745272336       68.997995512728707       3.0206418116568581       1.0073285429867844     0.055991054390724881     0.053155560810562386    2.050444745537199e-09       2.1045919762829826       2.1045919762829826       2577.2293042298465                                                 2565.5039348423957                                              11.725369387450852
                       5       1290.6334922907783     0.023325295908233432      0.11677925125164355       69.015246960638038       3.0197687535392674       1.0076039505569414     0.055661146629109391     0.052048091384456319   2.0486553693358051e-09       2.1045919762829826       2.1045919762829826       2577.0578006289907                                                 2565.4327725730791                                              11.625028055911654
                      17       1290.5009697470559     0.023343116478222622      0.11597730242852458       69.557919415223353       3.0105870942221804       1.0120137387242458     0.052591478564715535     0.020672326289736385   2.0299314037531135e-09       2.1045919762829826       2.1045919762829826       2576.7927555415458                                                 2565.3794307041962                                              11.413324837349505
                       2       1290.2523676625499     0.023319037392959437      0.11609204391607279       69.502819248970155       3.0095767986140247       1.0121452422385839      0.05214221169491999     0.017968391146205537   2.0278816085949189e-09       2.1045919762829826       2.1045919762829826       2576.2955513725337                                                 2565.0609405836403                                              11.234610788893207
                       1       1290.1039961866143     0.023275743750171333       0.1166167295243538       69.071415979232256        3.020881720574355        1.008452665163214     0.056872132638617817     0.034867746023937683    2.050936724529202e-09       2.1045919762829826       2.1045919762829826       2575.9988084206625                                                 2564.6315538375452                                               11.36725458311736
                       5       1289.2417276569215     0.023167039501465387      0.11685595360789221       69.055080222296283       3.0222168626925292       1.0107439235832736     0.058097238110021147     0.026088951288610138   2.0536768453501437e-09       2.1045919762829826       2.1045919762829826        2574.274271361277                                                 2563.1350351506212                                              11.139236210655916
                       3       1289.5018736552213     0.023165426898016164      0.11615813989482482       69.136095074162057       3.0223429735782035       1.0125834928779534     0.058994957838658296     0.051140854279345282   2.0539358526874788e-09       2.1045919762829826       2.1045919762829826       2574.7945633578765                                                 2564.0391417657206                                              10.755421592155969
                       1       1290.9122610565678     0.022389368435151571       0.1150035241339044       68.679413574431024       3.0156755226460024       1.0299798953236055     0.063176551408279324     0.061425051520460808   2.0402868886344214e-09       2.1045919762829826       2.1045919762829826       2577.6153381605695                                                 2567.0428187445195                                              10.572519416050026
                       3       1290.9081364341532     0.022389368435151571       0.1150035241339044       68.679413574431024       3.0157569826801285       1.0299023261962839     0.063176551408279324     0.061425051520460808   2.0404530972435841e-09       2.1045919762829826       2.1045919762829826       2577.6070889157404                                                 2567.0345694996904                                              10.572519416050026
                       1       1290.4480528346976     0.022389368435151571       0.1150035241339044       68.679413574431024        3.016703128939926       1.0301064011715984     0.063176551408279324     0.061425051520460808   2.0423845778973444e-09       2.1045919762829826       2.1045919762829826       2576.6869217168291                                                 2566.1144023007791                                              10.572519416050026
                       1       1290.1985589169467     0.022506890218458711       0.1155943676494324       68.336080637695787       3.0139387670223581       1.0251418015938252     0.059924210917284788     0.085065486754322156   2.0367464842053052e-09       2.1045919762829826       2.1045919762829826       2576.1879338813274                                                  2564.813790731544                                              11.374143149783158
                       1       1290.5007491848346     0.022873226160611104      0.11645244877852096       68.716236420320328       3.0156311460906324       1.0194551940163361     0.056944534941079365     0.089693794977937794   2.0401963497392546e-09       2.1045919762829826       2.1045919762829826       2576.7923144171032                                                 2565.9150178729997                                              10.877296544103542
                       2       1290.6107897179279     0.022873226160611104      0.11645244877852096       68.716236420320328       3.0015747251541938       1.0406016082710714     0.056944534941079365     0.089693794977937794   2.0117191040141986e-09       2.1045919762829826       2.1045919762829826       2577.0123954832898                                                 2566.1350989391863                                              10.877296544103542
                       2       1290.7787535034954     0.022957377709447717      0.11628162004216468         68.7912758063664       3.0001276858333426       1.0394080378055333     0.055828306158857324     0.093944309219554364   2.0088101725448811e-09       2.1045919762829826       2.1045919762829826       2577.3483230544248                                                 2566.5634090522653                                              10.784914002159619
                       1       1290.6106414594624     0.022978832709130891      0.11627952516707682       68.813905548656606       2.9933323068333619       1.0395959024732861     0.052485852007537373     0.087083409013349655   1.9952058217939572e-09       2.1045919762829826       2.1045919762829826       2577.0120989663587                                                 2566.1853352315779                                              10.826763734780858
                       3       1291.3222636605001     0.022978832709130891      0.11627952516707682       68.813905548656606        2.999814046737094       1.0241011113134573     0.052485852007537373     0.087083409013349655   2.0081802299303092e-09       2.1045919762829826       2.1045919762829826       2578.4353433684341                                                 2567.6085796336533                                              10.826763734780858
                       5       1290.3414604168356     0.022978832709130891      0.11627952516707682       68.813905548656606       3.0185086850618328       1.0089453000414284     0.052485852007537373     0.087083409013349655   2.0460755490002665e-09       2.1045919762829826       2.1045919762829826       2576.4737368811052                                                 2565.6469731463244                                              10.826763734780858
                       3       1290.3938312955117     0.023050290026654475      0.11641833569140336       68.979007506989277       3.0195310791216792        1.007886767184984     0.052370734375660692     0.072438691005633354    2.048168514222854e-09       2.1045919762829826       2.1045919762829826       2576.5784786384575                                                 2565.9531530300028                                              10.625325608454665
                       5       1290.4090036242926     0.023175229506214531      0.11691047823316687       68.949401039952321       3.0332191087505165        1.001992232371024     0.057248526984072012     0.060931073865884464   2.0763966586297712e-09       2.1045919762829826       2.1045919762829826       2576.6088232960192                                                 2565.3887633750046                                              11.220059921014734
                       2       1290.6601715288623     0.023175229506214531      0.11691047823316687       68.949401039952321       3.0344314639253005       1.0001692573936507     0.057248526984072012     0.060931073865884464   2.0789155154297841e-09       2.1045919762829826       2.1045919762829826       2577.1111591051585                                                  2565.891099184144                                              11.220059921014734
                       3       1291.9994636726735     0.023175229506214531      0.11691047823316687       68.949401039952321       3.0396588029524816       1.0013134177085778     0.057248526984072012     0.060931073865884464   2.0898111644531294e-09       2.1045919762829826       2.1045919762829826        2579.789743392781                                                 2568.5696834717664                                              11.220059921014734
                       1        1292.047414694458     0.023190393580076969      0.11679976639099959       69.011618556969779       3.0399111099869653        1.001433460838328     0.057421139216736271     0.060340944783725314   2.0903385050337352e-09       2.1045919762829826       2.1045919762829826       2579.8856454363499                                                 2568.8934003857212                                              10.992245050628798
                       2       1292.2292629558899     0.022675390671627917      0.11489676077597422       68.764107845106821        3.038078870173464       1.0152595525405486     0.062689982125129759      0.11710211985546494    2.086512010199703e-09       2.1045919762829826       2.1045919762829826       2580.2493419592138                                                 2569.7846692312446                                               10.46467272796901
                       2       1294.8833984741505     0.023061617384760712      0.11339014041432915       68.687563431425644       3.0440693293741163       1.0070516848887761     0.063941914503671579      0.20775325717256488   2.0990486880064358e-09       2.1045919762829826       2.1045919762829826       2585.5576129957349                                                 2574.9967871408994                                              10.560825854835512
                       6       1294.9063341381088     0.023056012511516677      0.11351789597262754       68.684624292539581       3.0491329348410057       1.0061529983840667     0.066245282872851793      0.19962523167459342   2.1097043978057091e-09       2.1045919762829826       2.1045919762829826       2585.6034843236516                                                 2575.0114464025892                                              10.592037921062275
                       8       1294.6444224872498       0.0225439167136674      0.11519173541735714       67.806460539290711       3.0185505420591214       1.0147745175517267     0.053389952454452057      0.17967986694687363    2.046161193371369e-09       2.1045919762829826       2.1045919762829826       2585.0796610219336                                                 2570.0677995408373                                              15.011861481096174
                       1       1293.8368112718504       0.0225439167136674      0.11519173541735714       67.806460539290711       3.0147242580373379       1.0206674249430194     0.053389952454452057      0.17967986694687363   2.0383469587653426e-09       2.1045919762829826       2.1045919762829826       2583.4644385911347                                                 2568.4525771100384                                              15.011861481096174
                       4       1291.1498769526058     0.023010830124097426      0.11627599601908302       69.009160641511471       3.0142233221317349         1.01451334801962     0.049199927523541027     0.053647051373847177   2.0373261332910344e-09       2.1045919762829826       2.1045919762829826       2578.0905699526456                                                 2567.4354656628407                                              10.655104289804814
                       7       1289.6602989195446     0.023010830124097426      0.11627599601908302       69.009160641511471       3.0061278781465819       1.0218958205522968     0.049199927523541027     0.053647051373847177   2.0208996532347496e-09       2.1045919762829826       2.1045919762829826       2575.1114138865232                                                 2564.4563095967183                                              10.655104289804814
                       1       1288.9611080495756      0.02261984303544599      0.11721772867297912       68.670915299948106       2.9946299245260919       1.0288968671323833     0.045676225225504401     0.012185434085314029   1.9977965166711891e-09       2.1045919762829826       2.1045919762829826       2573.7130321465852                                                 2562.6430211949523                                              11.070010951633027
                       1       1289.3792291209168      0.02261984303544599      0.11721772867297912       68.670915299948106       2.9969082437088734        1.027279099703069     0.045676225225504401     0.012185434085314029   2.0023533237578146e-09       2.1045919762829826       2.1045919762829826       2574.5492742892675                                                 2563.4792633376346                                              11.070010951633027
                       4       1288.9299816026207     0.022512473699182856      0.11678100150154701       68.502502576584547       3.0027123552142805       1.0283469637983638      0.04966148445077341     0.028524938456109716   2.0140089984187647e-09       2.1045919762829826       2.1045919762829826       2573.6507792526754                                                 2562.3546256993395                                               11.29615355333579
                       2       1288.8981301162869     0.022500181663714577      0.11669618686748856       68.518308174702014       3.0026865060180428       1.0288908207238894     0.049856488616024756      0.03002915126058214   2.0139569385777952e-09       2.1045919762829826       2.1045919762829826       2573.5870762800078                                                 2562.4570639730523                                              11.130012306955631
                       1       1289.2656559113718     0.022500181663714577      0.11669618686748856       68.518308174702014       3.0088112023319784       1.0189861646164398     0.049856488616024756      0.03002915126058214   2.0263296641322082e-09       2.1045919762829826       2.1045919762829826       2574.3221278701776                                                 2563.1921155632222                                              11.130012306955631
                       1       1289.8958770131364     0.022500181663714577      0.11669618686748856       68.518308174702014       3.0107103702303495       1.0187058597280099     0.049856488616024756      0.03002915126058214   2.0301816610184666e-09       2.1045919762829826       2.1045919762829826       2575.5825700737068                                                 2564.4525577667514                                              11.130012306955631
                       2       1288.5274053063811     0.022500181663714577      0.11669618686748856       68.518308174702014       2.9855339569980113       1.0448285520674869     0.049856488616024756      0.03002915126058214   1.9797070198873293e-09       2.1045919762829826       2.1045919762829826       2572.8456266601961                                                 2561.7156143532407                                              11.130012306955631
                       1       1288.8502394543696     0.022478284413037682      0.11669950099475326       68.299461910306178       2.9907298446592891       1.0435274109903134     0.052284950207010669     0.050751578262074833   1.9900201248301568e-09       2.1045919762829826       2.1045919762829826       2573.4912949561731                                                 2561.2723604722373                                              12.218934483935689
                       3       1288.9656069289513     0.022427183154213874      0.11675325323543541       68.263791579875601       2.9895767127314685        1.044597745290569      0.05207077023887749     0.048136230393821054   1.9877266916568519e-09       2.1045919762829826       2.1045919762829826       2573.7220299053365                                                 2561.4552814653525                                              12.266748439983903
                       3       1289.0284153137434      0.02244943321676365      0.11700331822961223       68.245829107202738       2.9901654485413514       1.0434301462533619     0.051878082446600325     0.040203408217916313   1.9888972820909326e-09       2.1045919762829826       2.1045919762829826       2573.8476466749207                                                  2561.061272881117                                              12.786373793803865
                       2       1289.9314502142736     0.022371507277522466      0.11732139711076697       68.319983789463848       3.0052242438653138       1.0451851948100483     0.059221937263756713     0.053580212958375187   2.0190743238683858e-09       2.1045919762829826       2.1045919762829826       2575.6537164759811                                                   2564.02567223386                                              11.628044242121303
                       3       1290.5439423852308     0.022797070964969118      0.11607649522625917       68.485595687551978       3.0091371292025424       1.0377412132421324      0.05906664399522224      0.12330527401926496   2.0269902070568667e-09       2.1045919762829826       2.1045919762829826       2576.8787008178956                                                 2565.4856160475319                                              11.393084770363515
                       1       1290.6564620559532      0.02275910793028851       0.1160635673360452        68.47831835040833       3.0081567976591295       1.0388339432985196     0.058918866578128226      0.12341555904698363   2.0250040583198938e-09       2.1045919762829826       2.1045919762829826       2577.1037401593403                                                  2565.837191952885                                              11.266548206455521
                       1       1291.5837107915427     0.022802940274613711      0.11697545596810995       68.454534526682764       3.0200583117547239       1.0350449280016873     0.063127218992101011       0.1002012550396538   2.0492486602206148e-09       2.1045919762829826       2.1045919762829826       2578.9582376305193                                                 2566.7542093367133                                              12.204028293805873
                       1       1291.7199194716379     0.022802940274613711      0.11697545596810995       68.454534526682764        3.033644607170503        1.018061862538935     0.063127218992101011       0.1002012550396538   2.0772803501186167e-09       2.1045919762829826       2.1045919762829826       2579.2306549907098                                                 2567.0266266969038                                              12.204028293805873
                       4       1293.9221849444086     0.022977224734054339      0.11644289526533329       68.522844561817934       3.0357029066500183       1.0154435912352866       0.0632756609710909       0.1384683365877285   2.0815604185022598e-09       2.1045919762829826       2.1045919762829826       2583.6351859362512                                                  2571.691030928439                                              11.944155007812279
                       2       1295.7462345902545     0.023113183258598766      0.11669760183854282       68.722339766552423       3.0659781668257877       1.0084595466785748     0.076382059071039385      0.10944538592546083   2.1455438724527829e-09       2.1045919762829826       2.1045919762829826        2587.283285227943                                                 2575.6341087036294                                              11.649176524313535
                       4        1294.722050335077     0.023030487806316075       0.1169760836857284       68.697962643295483       3.0649533408880529       1.0097491161898882     0.076265318605129237     0.090226911799137582   2.1433461897552077e-09       2.1045919762829826       2.1045919762829826        2585.234916717588                                                 2573.5159610798723                                              11.718955637715673
                       1       1295.7676024860305     0.022830471712367885      0.11397669414873661       68.160554572883782       3.0555687379091987       1.0148074629126116     0.076473382864178291      0.19354658249888879   2.1233258252382225e-09       2.1045919762829826       2.1045919762829826       2587.3260210194949                                                 2574.7921997296712                                              12.533821289823448
                       1       1293.7658734122867     0.022097876797131513      0.11454911808556811       68.527174108996022       3.0244130186575329       1.0358123136063595     0.067596467769314814     0.051938618049415519   2.0581919961772077e-09       2.1045919762829826       2.1045919762829826       2583.3225628720074                                                 2572.6330060801265                                              10.689556791881129
                       1       1291.1944668842561     0.022413069732780566      0.11534497510774068       68.652571943600307       3.0249748110895474        1.027378603382558     0.064521242061931647     0.024834949786341622   2.0593485977188694e-09       2.1045919762829826       2.1045919762829826       2578.1797498159463                                                  2567.539641936572                                              10.640107879374241
                       2       1288.7747492399931      0.02263232959860341      0.11521743328431341       68.832107855964367       3.0009179466620006       1.0279663280915412     0.051565527172572262     0.056790886367439994   2.0103982839649271e-09       2.1045919762829826       2.1045919762829826       2573.3403145274201                                                 2562.7109020938133                                               10.62941243360682
                       1       1288.3201533888086     0.022691134003126341      0.11535167876046504       68.979961613378464       3.0050901630457179       1.0268225282897656     0.053024190436995175     0.045334452047826067   2.0188036228765273e-09       2.1045919762829826       2.1045919762829826       2572.4311228250513                                                 2561.6103307607996                                              10.820792064251544
                       2       1288.5008346754064     0.022695484311237003      0.11522493582046182       68.997815137537543       3.0048075650205268       1.0270096056657252     0.053013543897939448     0.048068948811741896   2.0182331935643489e-09       2.1045919762829826       2.1045919762829826       2572.7924853982468                                                 2561.8861045022791                                              10.906380895967571
                       6       1288.6195063392636     0.022773711082410907       0.1152471002272438       68.969696822626702       3.0046986034210557       1.0249770656661339      0.05226792238332624     0.055507484773294917   2.0180132956279054e-09       2.1045919762829826       2.1045919762829826       2573.0298287259611                                                 2562.2772607526731                                              10.752567973287798
                       1       1287.6488059151502      0.02283559422768703      0.11628561423066457       68.890565927249895        3.009843904484875       1.0215584313983932     0.052921210306131103     0.042089728395408796   2.0284233400245659e-09       2.1045919762829826       2.1045919762829826       2571.0884278777344                                                 2560.4379349852798                                              10.650492892454817
                       2       1287.2496274420548     0.022765233351561824      0.11636251866273097       68.981159474264928       3.0116982717605287       1.0231028479796846      0.05438993815179155     0.020176720760245112   2.0321882715915606e-09       2.1045919762829826       2.1045919762829826       2570.2900709315436                                                 2559.6949198321399                                              10.595151099403857
                       1       1287.2558209964934     0.022765233351561824      0.11636251866273097       68.981159474264928       3.0067199019314819       1.0300822474177214      0.05438993815179155     0.020176720760245112    2.022096428121005e-09       2.1045919762829826       2.1045919762829826       2570.3024580404208                                                 2559.7073069410171                                              10.595151099403857
                       5       1288.1272790768965     0.023074816542456817      0.11678763698713211       69.257229440234497          3.0153689704216       1.0228370783367395     0.055679750935249545    0.0066211000358900162   2.0396615300077279e-09       2.1045919762829826       2.1045919762829826       2572.0453742012269                                                 2561.3070759607954                                              10.738298240431682
                       1       1288.2773644775311     0.023074816542456817      0.11678763698713211       69.257229440234497       3.0228844230432763       1.0096711679555668     0.055679750935249545    0.0066211000358900162   2.0550482562841996e-09       2.1045919762829826       2.1045919762829826       2572.3455450024962                                                 2561.6072467620647                                              10.738298240431682
                       8       1288.1453715379048      0.02288416526436856        0.116126073338158       69.142980298777516       3.0076177813670397       1.0157664690971013     0.050720956086308264     0.013530612542058854   2.0239128422589493e-09       2.1045919762829826       2.1045919762829826       2572.0815591232436                                                  2561.273917220597                                              10.807641902646502
                       3       1288.1234167840867     0.022916366908525217      0.11606919576545764       69.135004225664318       3.0141056318021042        1.014002296616731     0.053587227843041318     0.015034213534321961   2.0370863738158042e-09       2.1045919762829826       2.1045919762829826       2572.0376496156073                                                 2561.2253652700188                                              10.812284345588667
                       1       1288.0253940363016     0.022916366908525217      0.11606919576545764       69.135004225664318       3.0041660911272596       1.0245805522994944     0.053587227843041318     0.015034213534321961   2.0169389648115105e-09       2.1045919762829826       2.1045919762829826       2571.8416041200371                                                 2561.0293197744486                                              10.812284345588667
                      20       1288.1460829911546     0.022835518625893628      0.11678536477765604       68.773709319349805       3.0114329672648923       1.0220556360593942     0.056593301032787945    0.0082980053956186774    2.031649194420088e-09       2.1045919762829826       2.1045919762829826       2572.0829820297431                                                 2560.6449767955205                                              11.438005234222825
                       6       1288.2207745479891     0.023063108564369057      0.11685936568488829       69.040811632119841       3.0197701990755252       1.0173923808967869     0.058784417511979457     0.005397846039599169   2.0486583307435618e-09       2.1045919762829826       2.1045919762829826       2572.2323651434122                                                 2561.1348364846194                                              11.097528658792552
                       3       1290.2029909969292     0.022553653817430533      0.11691023119455206       68.233217699853697       2.9940036837680437       1.0279606747798506     0.050053293961931228      0.03710421759399081   1.9965458067298087e-09       2.1045919762829826       2.1045919762829826       2576.1967980412924                                                 2562.4849592180453                                              13.711838823247039
                       2       1290.8487487007319     0.022553653817430533      0.11691023119455206       68.233217699853697       2.9835965583144346       1.0428893970935906     0.050053293961931228      0.03710421759399081   1.9758752511435414e-09       2.1045919762829826       2.1045919762829826       2577.4883134488978                                                 2563.7764746256507                                              13.711838823247039
                       2       1289.4868198242223     0.022716058366428728       0.1166671975377485       68.478136167833725       2.9887574172970703       1.0407261603605598     0.051600781406659336     0.047323027830012639   1.9860988231972029e-09       2.1045919762829826       2.1045919762829826       2574.7644556958785                                                 2562.5423440747977                                              12.222111621080868
                       2       1291.2856576821375     0.022716058366428728       0.1166671975377485       68.478136167833725       2.9852533976342448       1.0386076803341102     0.051600781406659336     0.047323027830012639   1.9791516724529896e-09       2.1045919762829826       2.1045919762829826        2578.362131411709                                                 2566.1400197906282                                              12.222111621080868
                       5       1291.3181616001748     0.022718363646707384       0.1166783519044733       68.482915611296491       2.9839893752829307       1.0387525020674402     0.050975325051311582     0.047079992545107634   1.9766515609336691e-09       2.1045919762829826       2.1045919762829826       2578.4271392477835                                                 2566.2234984967608                                              12.203640751022515
                       2       1288.8120754628389     0.022718363646707384       0.1166783519044733       68.482915611296491       2.9958535600875855       1.0286599494069948     0.050975325051311582     0.047079992545107634   2.0002425877782072e-09       2.1045919762829826       2.1045919762829826       2573.4149669731119                                                 2561.2113262220892                                              12.203640751022515
                       4       1288.7759374525338     0.022737821681196816      0.11659489395294646       68.513754042889815       2.9960790421569508       1.0284521829846924     0.051042431250529735     0.048468539392900287   2.0006936574682845e-09       2.1045919762829826       2.1045919762829826       2573.3426909525015                                                 2561.3091190275954                                              12.033571924906026
                       6        1288.909736710383     0.022711508959605626      0.11648181504320289       68.497184009718666       2.9948549237914563       1.0291937289538176     0.050799118017272257     0.050089260971233007   1.9982460699924746e-09       2.1045919762829826       2.1045919762829826       2573.6102894681999                                                 2561.6467367195032                                              11.963552748696593
                       5       1288.4472684392551     0.022832933751779461      0.11528035134025216       68.967228513225521       3.0052302650206109       1.0299298066860367     0.056414780123022791     0.070911136075059458   2.0190864810650463e-09       2.1045919762829826       2.1045919762829826       2572.6853529259442                                                  2562.019966419577                                               10.66538650636741
                       3       1289.0020706427815     0.022832933751779461      0.11528035134025216       68.967228513225521       2.9979962718438173       1.0406213061487251     0.056414780123022791     0.070911136075059458   2.0045331261382825e-09       2.1045919762829826       2.1045919762829826        2573.794957332997                                                 2563.1295708266298                                               10.66538650636741
                       4       1290.7250172424037     0.023241578011252016      0.11543127742328456       69.148268132151415       3.0051320874856771       1.0313867714945464     0.056374315568939168     0.089457624309886963   2.0188882618620129e-09       2.1045919762829826       2.1045919762829826       2577.2408505322414                                                 2566.5102097260378                                              10.730640806203658
                       6       1289.9065979288766     0.023241578011252016      0.11543127742328456       69.148268132151415       3.0126999786570869       1.0218453817309114     0.056374315568939168     0.089457624309886963   2.0342249485046704e-09       2.1045919762829826       2.1045919762829826       2575.6040119051872                                                 2564.8733710989836                                              10.730640806203658
                       4       1289.9748667694698       0.0233121701973249      0.11589705193468923       69.195705082459256       3.0174991606852024       1.0190215403829919     0.057591398981372527     0.070620011968514168   2.0440110281245347e-09       2.1045919762829826       2.1045919762829826       2575.7405495863736                                                 2564.9394943296661                                              10.801055256707491
                       6       1290.4507309419894     0.023358126149364309        0.115734502596349       69.178196447194836        3.019845910949257       1.0177769631868678     0.058484740551303961     0.081922095780124854   2.0488134443763162e-09       2.1045919762829826       2.1045919762829826       2576.6922779314127                                                 2565.8500308278817                                              10.842247103530944
                       3         1290.45994184608      0.02337076684097323       0.1158056251860678       69.210064456760904       3.0210285755963975       1.0173286567477933     0.058893027589888632     0.075839395054395936   2.0512379370038314e-09       2.1045919762829826       2.1045919762829826        2576.710699739594                                                 2565.8581309302754                                              10.852568809318788
                       2       1289.5504286562114     0.023129032178642411      0.11540718775947863       69.231833531513956       3.0253602528452155       1.0232800411723586     0.063386453267981493     0.072817760047699132   2.0601425096514829e-09       2.1045919762829826       2.1045919762829826       2574.8916733598567                                                 2564.0003084270697                                                10.8913649327868
                       8       1290.8480147600562     0.023129032178642411      0.11540718775947863       69.231833531513956       3.0146927770867586       1.0349381369847588     0.063386453267981493     0.072817760047699132    2.038282790675512e-09       2.1045919762829826       2.1045919762829826       2577.4868455675464                                                 2566.5954806347595                                                10.8913649327868
                       5       1290.2650355414928     0.023129032178642411      0.11540718775947863       69.231833531513956       3.0289302748094369       1.0264938894339091     0.063386453267981493     0.072817760047699132   2.0675104076137878e-09       2.1045919762829826       2.1045919762829826       2576.3208871304196                                                 2565.4295221976327                                                10.8913649327868
                       6        1289.980242817918     0.023054422035937772      0.11554317554489536       69.198265074913962       3.0326364873224354       1.0273461562310622     0.065573169457556701     0.064643933334019493   2.0751872577888907e-09       2.1045919762829826       2.1045919762829826         2575.75130168327                                                 2564.9002501213931                                              10.851051561876652
                       5        1289.358246782291     0.022927150306892262      0.11613710296377933       68.906954562523069       3.0248670255763446       1.0296827096431953     0.061982242862557324     0.076430862379794545   2.0591266417354357e-09       2.1045919762829826       2.1045919762829826       2574.5073096120159                                                 2563.9636528864989                                              10.543656725517156
                       4       1290.4706654805482     0.022952143288629875      0.11574867501671456        68.56346440527085       3.0100399934525082       1.0299611510339808     0.054880038390679939      0.13069587807007094   2.0288211304631181e-09       2.1045919762829826       2.1045919762829826       2576.7321470085303                                                 2565.2718871722745                                              11.460259836255625
                       1       1290.7105948723022     0.023012720184982585      0.11485017984139054       68.682881831692669       3.0101526634608597       1.0302550498221197     0.055552994775575425      0.15271291801715439   2.0290497306347809e-09       2.1045919762829826       2.1045919762829826       2577.2120057920383                                                 2566.4299319305228                                              10.782073861515562
                       2       1290.7871410619266     0.023012720184982585      0.11485017984139054       68.682881831692669       3.0109613788347427       1.0296287899942642     0.055552994775575425      0.15271291801715439   2.0306913180453373e-09       2.1045919762829826       2.1045919762829826       2577.3650981712872                                                 2566.5830243097716                                              10.782073861515562
                       3       1288.9982615748784     0.022776905635380897       0.1159207797971923       69.206170287561847       3.0302218694390621       1.0322320976699821     0.065988181722916567      0.01045181127725614    2.070182518223341e-09       2.1045919762829826       2.1045919762829826       2573.7873391971907                                                 2562.6163256983787                                              11.171013498812014
                       3       1288.1125349057063      0.02269357492006947      0.11690075670579103       69.021691600098364       3.0148080111944577        1.034602489472616     0.058090324713870684    0.0017022067547410452     2.03851768390773e-09       2.1045919762829826       2.1045919762829826       2572.0158858588466                                                 2561.4919792501619                                              10.523906608684836
                       2       1288.8133955554604     0.022574503963593541      0.11530760139384082       68.675858743381198       3.0094212356936954       1.0388215735423743     0.057966442932985272     0.091041143804381774   2.0275661699457187e-09       2.1045919762829826       2.1045919762829826       2573.4176071583547                                                 2562.9989332990153                                              10.418673859339572
                       3       1288.3665866236163     0.022574503963593541      0.11530760139384082       68.675858743381198       3.0089268022943862       1.0366764744706483     0.057966442932985272     0.091041143804381774   2.0265639213050075e-09       2.1045919762829826       2.1045919762829826       2572.5239892946665                                                 2562.1053154353272                                              10.418673859339572
                      11       1290.3176347676908     0.022574503963593541      0.11530760139384082       68.675858743381198       3.0158504480342878        1.035098990113279     0.057966442932985272     0.091041143804381774   2.0406438178277081e-09       2.1045919762829826       2.1045919762829826       2576.4260855828156                                                 2566.0074117234763                                              10.418673859339572
                       2       1290.3112341094761     0.022573235552956195      0.11531709093376169       68.673942996972457       3.0163884331212545       1.0350522850745145     0.058217527473901312     0.091135589530519187   2.0417419491321571e-09       2.1045919762829826       2.1045919762829826       2576.4132842663862                                                 2565.9964632095134                                              10.416821056872969
                       2       1292.7413359179768     0.022844417548294901      0.11394185443289705       68.838719317370916       3.0405425997948465       1.0282824831871853     0.069069215187353206      0.14446582589945547   2.0916589493743767e-09       2.1045919762829826       2.1045919762829826       2581.2734878833876                                                 2570.5876569765469                                              10.685830906840863
                       6       1293.1990680857778     0.022798766889640394      0.11347854351534732       68.809338680526409       3.0369214442821724       1.0306575530181352     0.068203678230440185        0.167225981857655   2.0840984242195023e-09       2.1045919762829826       2.1045919762829826       2582.1889522189895                                                 2571.3807487727772                                              10.808203446212284
                       1       1291.4739771169945     0.022556206419854629      0.11663795643885329       68.336590267522155       3.0493182172466118       1.0269039409115805     0.072166481183490366     0.064246690325339265   2.1100953251265112e-09       2.1045919762829826       2.1045919762829826       2578.7387702814231                                                 2566.5906540200185                                              12.148116261404319
                       4       1291.7622294893818     0.022459613752711032       0.1163542837077797       68.403789618396289       3.0502063112950104       1.0295358783978152     0.073777761003645387       0.0549864805581824   2.1119701206004382e-09       2.1045919762829826       2.1045919762829826       2579.3152750261975                                                 2568.0623931867412                                              11.252881839456364
                       9       1291.7981421443753     0.022322450112528164      0.11623785601190324       68.314901988109924       3.0452696000229507       1.0332534821064663     0.072616977710310407     0.060660494140887672   2.1015696271390991e-09       2.1045919762829826       2.1045919762829826       2579.3871003361846                                                 2568.2852177549466                                              11.101882581237875
                       4       1292.0767150387142     0.022271742242124901      0.11631392409176242       68.267250127182791       3.0450990942613987       1.0338090819462373     0.072845665727588035     0.052938491578884986   2.1012113279562749e-09       2.1045919762829826       2.1045919762829826       2579.9442461248623                                                 2568.6834593621661                                              11.260786762696151
                       3       1293.1544162261655     0.022271742242124901      0.11631392409176242       68.267250127182791       3.0300376962078404       1.0546918840420783     0.072845665727588035     0.052938491578884986   2.0698012811276523e-09       2.1045919762829826       2.1045919762829826        2582.099648499765                                                 2570.8388617370688                                              11.260786762696151
                       4       1292.9414277324693     0.022275208586684313      0.11685194935216334       67.958914132272341       3.0219022581126529       1.0537268299121276     0.068066509083763466     0.073240930643886148   2.0530308508307558e-09       2.1045919762829826       2.1045919762829826       2581.6736715123725                                                 2567.8300631183852                                              13.843608393987422
                       1       1293.7854101105297     0.022303137058575305      0.11765780911140811       67.882385483947075       3.0288690152634015       1.0503985410602033     0.070172889518807069     0.049515200005472944   2.0673837567441209e-09       2.1045919762829826       2.1045919762829826       2583.3616362684934                                                  2567.276053315853                                              16.085582952640454
                       4       1293.7737338626753     0.022181027564199624      0.11779546684383382       67.856449362312546        3.025895500099125       1.0532477255850856     0.069604569915212591      0.03623698991929318   2.0612454904298197e-09       2.1045919762829826       2.1045919762829826       2583.3382837727845                                                 2567.6912687690433                                              15.647015003741155
                       4       1293.4608433894471     0.022074255533775376      0.11704011524093462       67.903364451045661       3.0203572979309743       1.0578595886866888     0.068749913065705784     0.052050895123560273   2.0498614488448194e-09       2.1045919762829826       2.1045919762829826       2582.7125028263281                                                 2569.3234107597091                                              13.389092066618984
                       1       1294.1236823268766     0.022908921091350311      0.11703700376800773       68.500256457555778       3.0225018222813027       1.0399390345162607     0.063499769459851474     0.032756426994444705   2.0542621436486886e-09       2.1045919762829826       2.1045919762829826       2584.0381807011872                                                 2570.2946440126493                                              13.743536688537697
                       3       1294.2892844918244     0.022866795606940628      0.11565654450190516       68.880656676697683       3.0276288624254768       1.0443356697343213     0.068145165219254386     0.043846765271923549   2.0648214740505869e-09       2.1045919762829826       2.1045919762829826       2584.3693850310829                                                 2573.5556209445222                                               10.81376408656074
                       2       1294.1045691803045     0.022866795606940628      0.11565654450190516       68.880656676697683       3.0271643291244477       1.0444984490978386     0.068145165219254386     0.043846765271923549   2.0638625184658567e-09       2.1045919762829826       2.1045919762829826       2583.9999544080429                                                 2573.1861903214822                                               10.81376408656074
                       3       1292.7997041879171     0.022866795606940628      0.11565654450190516       68.880656676697683       3.0300303760821956       1.0395604310779663     0.068145165219254386     0.043846765271923549   2.0697861299776691e-09       2.1045919762829826       2.1045919762829826       2581.3902244232681                                                 2570.5764603367074                                               10.81376408656074
                       3       1292.6263534310776     0.022681735809038057      0.11602592523856696       68.365074568363212       3.0394946909421567       1.0416697114766802     0.073115601244389344      0.11217283288012185   2.0894682294823752e-09       2.1045919762829826       2.1045919762829826       2581.0435229095892                                                  2569.270126608124                                              11.773396301465356
                       1       1292.1152460217816     0.022652450349697248      0.11572539095311378        68.29090959102453       3.0310246647134607       1.0435374134442525     0.069621737251814628      0.12903897360448649   2.0718451182405391e-09       2.1045919762829826       2.1045919762829826       2580.0213080909971                                                 2568.1599429017378                                              11.861365189259102
                       1       1292.4772351310244     0.022262591781918431        0.117383781433798       68.561299945889218       3.0149710369195306       1.0544925154337197      0.06362266054311555     0.023557547850265176   2.0388500418219319e-09       2.1045919762829826       2.1045919762829826       2580.7452863094827                                                  2570.326201200457                                              10.419085109025843
                       1       1293.3135130952985     0.022003621806098279      0.11780763650124346       67.752313295010424       3.0124831273112695       1.0550841892211875     0.063432649358222515     0.051085451892290162   2.0337838719126468e-09       2.1045919762829826       2.1045919762829826        2582.417842238031                                                 2567.3157786728098                                              15.102063565221064
                       1       1293.5678797434678     0.022003621806098279      0.11780763650124346       67.752313295010424       3.0271780750323454       1.0363322435408295     0.063432649358222515     0.051085451892290162   2.0638908883249332e-09       2.1045919762829826       2.1045919762829826       2582.9265755343695                                                 2567.8245119691483                                              15.102063565221064
                       2        1293.141847088659     0.022128013895919431      0.11738599285897953       67.754938593867649       3.0238588582788029       1.0346609168978316     0.061297049249777608     0.079735570077568901   2.0570517436916623e-09       2.1045919762829826       2.1045919762829826        2582.074510224752                                                 2566.7372276393476                                              15.337282585404274
                       1       1291.2773049068448     0.022205969106379821      0.11684218556528347       67.956766782141699       3.0165834126430653        1.034316806559004     0.058090657629620603     0.059676456728312996   2.0421400858140483e-09       2.1045919762829826       2.1045919762829826       2578.3454258611237                                                 2564.7752719242326                                              13.570153936890877
                       8       1292.4026434486218     0.022514179581826364      0.11687701007203735       68.046711338787247       3.0453239096039222       1.0234067884501017     0.069183078057460962     0.066539428532370451   2.1016837656043095e-09       2.1045919762829826       2.1045919762829826       2580.5961029446776                                                 2565.6235557731202                                              14.972547171557215
                       2       1291.8727890851462     0.022681739340641577      0.11693304066371808       68.234085148692614        3.043836154184393       1.0203063618179389      0.06722409466037696     0.053203061888796942   2.0985592989892771e-09       2.1045919762829826       2.1045919762829826       2579.5363942177264                                                 2565.1054318993774                                              14.430962318348751
                       1       1292.1545757290851     0.022443103957086652      0.11643242512153398       68.320988294508126       3.0385506181115156       1.0269603396050524     0.067385777648694439     0.028485007100270587   2.0874965501473207e-09       2.1045919762829826       2.1045919762829826       2580.0999675056041                                                 2567.9718434055467                                              12.128124100057249
                       6       1291.1753385842633     0.022443103957086652      0.11643242512153398       68.320988294508126       3.0248409365379043       1.0308218081577867     0.067385777648694439     0.028485007100270587   2.0590729218020802e-09       2.1045919762829826       2.1045919762829826       2578.1414932159605                                                 2566.0133691159031                                              12.128124100057249
                       2       1290.8970925506458     0.022514604078739741      0.11702541642082993        68.19033531531386       3.0197381400835361        1.028336518782839     0.063603277403325012     0.026572491894055014   2.0485926538753208e-09       2.1045919762829826       2.1045919762829826       2577.5850011487255                                                 2563.4292341205487                                              14.155767028176722
                       2       1290.8033548169144     0.022686966270351074      0.11712372931060151       68.233830054858942       3.0265246921944011       1.0240137810963434     0.065282550155778593     0.042127281828892089   2.0625428178901141e-09       2.1045919762829826       2.1045919762829826       2577.3975256812628                                                 2562.5722182043201                                              14.825307476942541
                       1       1290.6045827816185     0.022565765528032949      0.11572989266671074       68.144452596138137       3.0128011751283825       1.0306484887769427     0.061240012923210047      0.10218186374468553    2.034430815307602e-09       2.1045919762829826       2.1045919762829826       2576.9999816106711                                                 2563.9789089375331                                              13.021072673137811
                       3       1290.1066109321287     0.022565765528032949      0.11572989266671074       68.144452596138137       3.0096223270913276       1.0388831049327232     0.061240012923210047      0.10218186374468553   2.0279739370584801e-09       2.1045919762829826       2.1045919762829826       2576.0040379116913                                                 2562.9829652385533                                              13.021072673137811
                       4       1290.3083766710172     0.022565765528032949      0.11572989266671074       68.144452596138137       3.0097321970766053       1.0421181746328849     0.061240012923210047      0.10218186374468553   2.0281967627657927e-09       2.1045919762829826       2.1045919762829826       2576.4075693894683                                                 2563.3864967163304                                              13.021072673137811
                       1       1290.8522602666528     0.022606242898721051      0.11495985280128805       68.260692436920095       3.0112434284633744       1.0424383514623152     0.062597534585739509      0.11704389594652492   2.0312641545578226e-09       2.1045919762829826       2.1045919762829826       2577.4953365807396                                                   2565.67356562844                                              11.821770952299792
                       1       1291.5162320512334     0.022693836625741103      0.11496153300415031       68.140775071981665       2.9939628633942408       1.0423132895599452      0.05358353039261083      0.14169934360093017   1.9964643086470658e-09       2.1045919762829826       2.1045919762829826       2578.8232801499007                                                 2565.8351701747297                                              12.988109975170941
                       3       1291.4679065315356     0.022478650613147626      0.11590436892254552       67.893918357703512       2.9985467537272421       1.0459432879107078     0.056133877476362733      0.15127868372435299   2.0056368890818255e-09       2.1045919762829826       2.1045919762829826       2578.7266291105052                                                 2564.4221852661658                                              14.304443844339183
                       3       1291.9660741196697     0.022447185300750763      0.11614117017825709       67.767654766485904        2.999693017916683       1.0453684843964897     0.056566040824250242      0.14976685297728856   2.0079371969532022e-09       2.1045919762829826       2.1045919762829826       2579.7229642867733                                                 2563.8455023048527                                              15.877461981920417
                       2       1291.1367865205607     0.022491572348105674      0.11630805684297177       67.889536278168819       2.9996855432724114       1.0445449800722493     0.056134216982464534      0.13111661443342418    2.007922188393027e-09       2.1045919762829826       2.1045919762829826       2578.0643890885553                                                 2562.9507066405909                                               15.11368244796434
                      17       1290.7355877260168     0.022495547773718833      0.11648134691820292       67.989521531325238        3.008723547517806       1.0437981414981832     0.060252308431888828      0.11992771402728716   2.0261520543663365e-09       2.1045919762829826       2.1045919762829826       2577.2619914994675                                                 2563.0576161717804                                              14.204375327687169
                       4       1288.8106616772084     0.022522162959690204      0.11815937455450548       68.399298874907558       3.0099594738288737       1.0418008776678551     0.059188550193465465   1.8717943653281943e-05   2.0286577771259344e-09       2.1045919762829826       2.1045919762829826       2573.4121394018507                                                 2560.5144140445768                                              12.897725357273673
                       2       1289.0305510222004     0.022573652119818002      0.11740647385521497        68.30888195807556       3.0085241412174115       1.0418494957454432     0.058809879326472664      0.04994070549648446   2.0257480671612736e-09       2.1045919762829826       2.1045919762829826       2573.8519180918347                                                 2560.8361520336989                                              13.015766058135611
                       1       1288.5374054012389     0.022573652119818002      0.11740647385521497        68.30888195807556       3.0122787110161826       1.0328419955489756     0.058809879326472664      0.04994070549648446    2.033368175837516e-09       2.1045919762829826       2.1045919762829826       2572.8656268499117                                                 2559.8498607917759                                              13.015766058135611
                       3       1289.1226552489225     0.022573652119818002      0.11740647385521497        68.30888195807556       3.0253656531491391       1.0221981223997474     0.058809879326472664      0.04994070549648446   2.0601536350772011e-09       2.1045919762829826       2.1045919762829826       2574.0361265452789                                                 2561.0203604871431                                              13.015766058135611
                       2       1288.6522994100396     0.022616767689580288      0.11734030540386389       68.605945653591775       3.0388905943278597       1.0207931378512842     0.065204328266607256     0.020251316130200106    2.088206369980165e-09       2.1045919762829826       2.1045919762829826       2573.0954148675132                                                 2561.7660351105205                                              11.329379756992484
                       3       1290.1750051459685     0.022616767689580288      0.11734030540386389       68.605945653591775       3.0452522617294835        1.006584136584566     0.065204328266607256     0.020251316130200106   2.1015331898240432e-09       2.1045919762829826       2.1045919762829826        2576.140826339371                                                 2564.8114465823783                                              11.329379756992484
                       2       1290.4628673393463     0.022616767689580288      0.11734030540386389       68.605945653591775       3.0472366754381039       1.0050857670262212     0.065204328266607256     0.020251316130200106   2.1057076416448801e-09       2.1045919762829826       2.1045919762829826       2576.7165507261266                                                 2565.3871709691339                                              11.329379756992484
                       5       1290.4918694963822     0.022616767689580288      0.11734030540386389       68.605945653591775       3.0419017834553346       1.0226602426406628     0.065204328266607256     0.020251316130200106   2.0945038309619999e-09       2.1045919762829826       2.1045919762829826       2576.7745550401983                                                 2565.4451752832056                                              11.329379756992484
                       1       1289.4514696767708     0.022616767689580288      0.11734030540386389       68.605945653591775       3.0160320272535412       1.0477554147448997     0.065204328266607256     0.020251316130200106   2.0410143899820068e-09       2.1045919762829826       2.1045919762829826       2574.6937554009755                                                 2563.3643756439828                                              11.329379756992484
                       2       1288.5942188684828     0.022616767689580288      0.11734030540386389       68.605945653591775       3.0263937120305968       1.0372434605881513     0.065204328266607256     0.020251316130200106   2.0622726833854907e-09       2.1045919762829826       2.1045919762829826       2572.9792537843996                                                 2561.6498740274069                                              11.329379756992484
                       1       1288.8009708055042     0.022643641805865779       0.1174497638745491       68.601802910797645       3.0271485326433623       1.0365494041770356     0.065199881363976489     0.022917596515699516    2.063829916958116e-09       2.1045919762829826       2.1045919762829826       2573.3927576584424                                                 2561.9314032627562                                              11.461354395686167
                       8       1289.4745962786446     0.022442197060785693       0.1176491734801182       68.458782134928285       3.0314169410852805       1.0396171273653245     0.068529473475251693     0.013281729542872572   2.0726580135558834e-09       2.1045919762829826       2.1045919762829826       2574.7400086047232                                                 2563.1361272341665                                              11.603881370556632
                       6       1289.9511739940283     0.022360512379780609      0.11775633202552808       68.401858447383248       3.0326884341161002       1.0408901786274392     0.069634402799041539    0.0083177887964270766   2.0752950599131497e-09       2.1045919762829826       2.1045919762829826       2575.6931640354906                                                 2564.0111692658061                                              11.681994769684282
                       3       1289.7287355430249     0.022360512379780609      0.11775633202552808       68.401858447383248       3.0361695433345224       1.0352755208241335     0.069634402799041539    0.0083177887964270766   2.0825319776194776e-09       2.1045919762829826       2.1045919762829826       2575.2482871334837                                                 2563.5662923637992                                              11.681994769684282
                       3        1290.020923005681     0.022438281868050268      0.11798342516947256       68.440681460716633       3.0386913124800419       1.0332452176160321     0.069950849927772368    0.0068758069383297168   2.0877902698181117e-09       2.1045919762829826       2.1045919762829826       2575.8326620587959                                                 2563.9448301075709                                               11.88783195122511
                       3       1289.9662914598498      0.02259402380632522      0.11812593893754311       68.567018669546613       3.0408715234104116       1.0297654533147556     0.069652277369567916   0.00089162620152525868   2.0923470585600107e-09       2.1045919762829826       2.1045919762829826       2575.7233989671336                                                 2563.8431450937537                                              11.880253873379859
                       2       1291.6139632902277      0.02259402380632522      0.11812593893754311       68.567018669546613       3.0545528212602377       1.0159494342662465     0.069652277369567916   0.00089162620152525868   2.1211697985383383e-09       2.1045919762829826       2.1045919762829826       2579.0187426278894                                                 2567.1384887545096                                              11.880253873379859
                       5       1291.8343129930217      0.02259402380632522      0.11812593893754311       68.567018669546613       3.0536249357788736       1.0187292230563691     0.069652277369567916   0.00089162620152525868   2.1192025087297402e-09       2.1045919762829826       2.1045919762829826       2579.4594420334774                                                 2567.5791881600976                                              11.880253873379859
                       3       1290.4108867834705      0.02259402380632522      0.11812593893754311       68.567018669546613        3.045261210738337       1.0265493677988224     0.069652277369567916   0.00089162620152525868   2.1015519965473153e-09       2.1045919762829826       2.1045919762829826       2576.6125896143749                                                  2564.732335740995                                              11.880253873379859
                       1        1290.810942702496     0.022647993971477157      0.11809315861666277       68.628539268361422        3.047755439291842       1.0256399162529066     0.070457529826174647    0.0061940927900132371   2.1068002900446488e-09       2.1045919762829826       2.1045919762829826       2577.4127014524261                                                 2565.7581696145148                                              11.654531837911101
                       2       1289.7014956323194     0.022831393966598567      0.11733118412763478       68.863213644057296       3.0424804533026735       1.0242331694263811     0.067522417278555902     0.022289421990181493   2.0957162079232776e-09       2.1045919762829826       2.1045919762829826       2575.1938073120727                                                 2564.3496520333706                                              10.844155278701956
                       4       1290.1722765614688     0.022528319267332845      0.11675903294994773       69.029526884797008       3.0291978366643719        1.035095922640578      0.06452037921720935     0.009345648313202717   2.0680636685460063e-09       2.1045919762829826       2.1045919762829826       2576.1353691703716                                                 2565.4389768948467                                              10.696392275524806
                       6        1291.328251579467     0.022528319267332845      0.11675903294994773       69.029526884797008       3.0062005692430094       1.0547846566101708      0.06452037921720935     0.009345648313202717   2.0210465599856552e-09       2.1045919762829826       2.1045919762829826       2578.4473192063679                                                  2567.750926930843                                              10.696392275524806
                      10       1291.4962476468388      0.02228104063436635      0.11539119672310559       69.032744383106191        2.991530784594215       1.0628489006380608      0.06126140643428335    0.0081179486340010182   1.9916146498935983e-09       2.1045919762829826       2.1045919762829826       2578.7833113411116                                                 2566.6827300714294                                              12.100581269682044
                       2       1291.7254419211165      0.02228104063436635      0.11539119672310559       69.032744383106191       2.9919500027889798       1.0587308370049495      0.06126140643428335    0.0081179486340010182   1.9924497460233094e-09       2.1045919762829826       2.1045919762829826        2579.241699889667                                                 2567.1411186199848                                              12.100581269682044
                       1       1290.6130536920566     0.022710106227776458      0.11498182368392493       68.923657942299826       2.9928003020246821       1.0493575306567553     0.058425504173332934     0.082846842054354844   1.9941446450030629e-09       2.1045919762829826       2.1045919762829826       2577.0169234315472                                                 2566.2707876058612                                              10.746135825686183
                       4       1290.4296851601937     0.022744508725495809        0.115154069388092       68.922023166638397       2.9944926933412956       1.0479611890624612     0.058754882428513393     0.077136849438118035   1.9975223754990135e-09       2.1045919762829826       2.1045919762829826       2576.6501863678213                                                 2565.9884377507205                                              10.661748617100571
                       1       1293.2359412191686     0.022744508725495809        0.115154069388092       68.922023166638397        2.988494090083389       1.0500816646591598     0.058754882428513393     0.077136849438118035   1.9855758981812094e-09       2.1045919762829826       2.1045919762829826       2582.2626984857711                                                 2571.6009498686703                                              10.661748617100571
                       1        1293.681269327393     0.022692055621827009      0.11473891740178878       68.851980502387931       2.9819134364151325       1.0524478547821827      0.05647454499000535     0.096340958209814379   1.9725524093963488e-09       2.1045919762829826       2.1045919762829826         2583.15335470222                                                 2572.4846825701397                                              10.668672132080291
                       2       1294.8118035117061     0.022610538249669423      0.11409081422893935       69.111871556000224        2.979160891663331       1.0570174235489846     0.056806296651271154     0.087647615520859229    1.967130336287014e-09       2.1045919762829826       2.1045919762829826       2585.4144230708462                                                 2572.9034297301564                                              12.510993340689684
                       3        1293.285679384903      0.02240576920386635      0.11608052976796501       68.608099357746624       2.9767285134977661       1.0556566890570414     0.054737253137587177     0.030258847142927654   1.9623513459203464e-09       2.1045919762829826       2.1045919762829826         2582.36217481724                                                  2571.825116634092                                              10.537058183148025
                       5       1293.6602996109114      0.02240576920386635      0.11608052976796501       68.608099357746624       2.9792886821046576       1.0503978818937427     0.054737253137587177     0.030258847142927654   1.9673817328035289e-09       2.1045919762829826       2.1045919762829826       2583.1114152692567                                                 2572.5743570861086                                              10.537058183148025
                       1       1290.9589736735584      0.02240576920386635      0.11608052976796501       68.608099357746624       2.9950776478682237       1.0326241652856096     0.054737253137587177     0.030258847142927654   1.9986911770697591e-09       2.1045919762829826       2.1045919762829826       2577.7087633945507                                                 2567.1717052114027                                              10.537058183148025
                       2        1288.923823813745      0.02240576920386635      0.11608052976796501       68.608099357746624        2.994447255286711       1.0383172673917249     0.054737253137587177     0.030258847142927654   1.9974316140303095e-09       2.1045919762829826       2.1045919762829826        2573.638463674924                                                 2563.1014054917759                                              10.537058183148025
                       2       1289.2701723154985     0.022385707464588987      0.11591742907491388       68.525260876729462       3.0023297193655609       1.0378573787529117     0.058710948759829004     0.049052567362460962   2.0132385137932461e-09       2.1045919762829826       2.1045919762829826       2574.3311606784309                                                 2563.7756903829054                                               10.55547029552546
                       4       1288.9086283417678     0.022471878409571301      0.11603360044465157         68.8325983998092       3.0128701667721791       1.0357243776024383     0.063141222278360207     0.016868701145666895   2.0345711788756413e-09       2.1045919762829826       2.1045919762829826       2573.6080727309695                                                 2563.0460745856799                                              10.561998145289612
                       1       1289.3238029059676     0.022462441622238528      0.11581156595134358       68.834186201486347       3.0137695529973034       1.0358696007510475     0.063910113343710828       0.0185586196956961   2.0364018672925266e-09       2.1045919762829826       2.1045919762829826       2574.4384218593691                                                 2563.8139988807839                                              10.624422978585185
                       4        1289.636408585757     0.022494970543224222      0.11576811153194586        68.67517975333476       3.0163149696920351       1.0340590232305045     0.064742138747245534     0.039910138069619697   2.0415919612763713e-09       2.1045919762829826       2.1045919762829826       2575.0636332189479                                                 2564.5240087760012                                              10.539624442946508
                       2       1289.4683063474477     0.022861818374530191      0.11629921404911826       68.765228455919981       3.0209846886317568       1.0242736129629131     0.063429053449203285     0.034127478056452824   2.0511479163724008e-09       2.1045919762829826       2.1045919762829826       2574.7274287423293                                                 2563.4898449222956                                              11.237583820033558
                       1       1289.3849443678127     0.022861818374530191      0.11629921404911826       68.765228455919981       3.0204811180883344       1.0348160962974209     0.063429053449203285     0.034127478056452824   2.0501152787262854e-09       2.1045919762829826       2.1045919762829826       2574.5607047830595                                                 2563.3231209630258                                              11.237583820033558
                       1       1289.6939238013711     0.022855861240434112      0.11633743143282495       68.649695373820009       3.0235594752312993       1.0339464582688005     0.064779809580031891     0.045039918433904869   2.0564359894495532e-09       2.1045919762829826       2.1045919762829826       2575.1786636501761                                                 2563.4629417910496                                              11.715721859126491
                       6       1289.1005859652507     0.022853484395202527      0.11740763569594914       68.634182338607545       3.0270829746635406       1.0320959930727052     0.065248917220710481      0.01041434940671164   2.0636946208729823e-09       2.1045919762829826       2.1045919762829826       2573.9919879779354                                                 2561.4178722277402                                              12.574115750195046
                       3       1289.2575349259932     0.023041695829068419      0.11656847442323061       69.142083524994334       3.0252540192943007       1.0324643986775226     0.064187467978364984     0.017664168353582296   2.0599236650218187e-09       2.1045919762829826       2.1045919762829826       2574.3058858994204                                                 2563.5617653235504                                              10.744120575870111
                       1       1289.8096077218522     0.022940801366967536      0.11613636173849352       69.414624902689226       3.0244569123455105       1.0371435048194255     0.065364347666458336    0.0012792597536919678   2.0582823397972288e-09       2.1045919762829826       2.1045919762829826       2575.4100314911384                                                 2563.8318034040049                                              11.578228087133537
                       6       1288.7438873824651     0.022940801366967536      0.11613636173849352       69.414624902689226        3.028704402064887        1.027437326302495     0.065364347666458336    0.0012792597536919678   2.0670434661003003e-09       2.1045919762829826       2.1045919762829826       2573.2785908123642                                                 2561.7003627252307                                              11.578228087133537
                       1        1288.746659601662     0.023000240877172076      0.11669191375763213       69.074696965118576       3.0283725713252343       1.0245732167718302     0.063719706844852869     0.040776214876941629   2.0663576713282362e-09       2.1045919762829826       2.1045919762829826        2573.284135250758                                                 2562.7106427397525                                              10.573492511005512
                       2       1288.4830984636433     0.022950696277575226      0.11578760261829384       68.737612269465018       3.0186941061691335       1.0257143834588078      0.06030570855316604     0.088308063075036192   2.0464549697694053e-09       2.1045919762829826       2.1045919762829826       2572.7570129747205                                                 2561.7274367130026                                              11.029576261717876
                       4       1288.5828280856201     0.022950696277575226      0.11578760261829384       68.737612269465018       3.0176488911371511       1.0288819695798008      0.06030570855316604     0.088308063075036192   2.0443171017332616e-09       2.1045919762829826       2.1045919762829826       2572.9564722186742                                                 2561.9268959569563                                              11.029576261717876
                       1       1288.9141328258484     0.022862510619335374      0.11530809376184302       68.982249750514384       3.0272057235701357       1.0314228104854617      0.06631967410693923     0.069540041234328498   2.0639479526790236e-09       2.1045919762829826       2.1045919762829826       2573.6190816991307                                                 2562.9458795944415                                              10.673202104689009
                       2       1288.8613176057602     0.022862510619335374      0.11530809376184302       68.982249750514384       3.0285483423820296       1.0269984671819983      0.06631967410693923     0.069540041234328498   2.0667209091222528e-09       2.1045919762829826       2.1045919762829826       2573.5134512589543                                                 2562.8402491542652                                              10.673202104689009
                       2        1288.964573345615     0.022862510619335374      0.11530809376184302       68.982249750514384       3.0351076259910785       1.0206348805992906      0.06631967410693923     0.069540041234328498   2.0803216745814394e-09       2.1045919762829826       2.1045919762829826        2573.719962738664                                                 2563.0467606339748                                              10.673202104689009
                       8       1288.6198912944637     0.022836606969233831      0.11568896912370177       68.942285048857968       3.0346292728816802       1.0200531769373393     0.065879234301176481     0.047835105444249522   2.0793267842132761e-09       2.1045919762829826       2.1045919762829826       2573.0305986363614                                                 2562.3716754695492                                              10.658923166811975
                       1       1288.5900749365285     0.022836606969233831      0.11568896912370177       68.942285048857968       3.0301166861977533       1.0232823263126209     0.065879234301176481     0.047835105444249522   2.0699647811673189e-09       2.1045919762829826       2.1045919762829826       2572.9709659204909                                                 2562.3120427536787                                              10.658923166811975
                       1        1290.005999482486     0.022836606969233831      0.11568896912370177       68.942285048857968       3.0333793902731339       1.0143115166500487     0.065879234301176481     0.047835105444249522   2.0767294933206869e-09       2.1045919762829826       2.1045919762829826        2575.802815012406                                                 2565.1438918455938                                              10.658923166811975
                       1       1290.2448681859312     0.022953198429193737      0.11607011663345561       69.164943511158398       3.0410729027905559       1.0110819391029551     0.068337495984222216     0.018160638089869778   2.0927684565427182e-09       2.1045919762829826       2.1045919762829826       2576.2805524192963                                                 2565.4555463820407                                              10.825006037255685
                       3       1290.3074037956642     0.022953198429193737      0.11607011663345561       69.164943511158398       3.0473822640155079       1.0054286670398154     0.068337495984222216     0.018160638089869778   2.1060142309422641e-09       2.1045919762829826       2.1045919762829826       2576.4056236387623                                                 2565.5806176015067                                              10.825006037255685
                       3       1291.2369100918543     0.023171362008454682      0.11530271083100135       69.795913185361783       3.0194252057376074       1.0094102360345678     0.054701934721828882     0.019449435634434763   2.0479516791698368e-09       2.1045919762829826       2.1045919762829826       2578.2646362311425                                                 2564.1384077015164                                              14.126228529626331
                       1       1290.8119935697769     0.023104596104299636      0.11514176334966655       69.689640597062635       3.0182978180558551       1.0106922687855786     0.054808674319261966     0.028910324156042583   2.0456441446613139e-09       2.1045919762829826       2.1045919762829826       2577.4148031869877                                                 2563.7179321738518                                              13.696871013135882
                       3       1290.5574246142178     0.023121627824027734      0.11531047969018308       69.666713148585202       3.0185051871655477       1.0098579877978329     0.054560346343901271     0.025449831836608983   2.0460683920527217e-09       2.1045919762829826       2.1045919762829826       2576.9056652758695                                                 2563.6710516547646                                              13.234613621105057
                       4        1291.038964126639     0.023214408811198812      0.11519110834049404       69.655732523247607       3.0201798777510969       1.0077696432730123     0.054695455713084921     0.041930250031275214   2.0494977943186213e-09       2.1045919762829826       2.1045919762829826        2577.868744300712                                                 2564.9932296647312                                              12.875514635980748
                       1       1290.5623577814474     0.023103461926317816      0.11534727838441147       69.691610212053362       3.0143621748062759       1.0107128208794491     0.052748114845872329     0.016399709973728589   2.0376090411143535e-09       2.1045919762829826       2.1045919762829826       2576.9155316103288                                                 2563.4533421410106                                              13.462189469318153
                       1       1289.9792170118185     0.023022076062125099      0.11555724655023898       69.447842607607157       3.0060251050157407       1.0123117405218749     0.049014701388700649     0.030538117106809044   2.0206919697225962e-09       2.1045919762829826       2.1045919762829826       2575.7492500710709                                                 2563.8350520722902                                              11.914197998780899
                       2       1289.7935296163855     0.022808738221354857      0.11500490181152641       69.297579874915328       3.0080621770176754        1.016780848958301     0.052230849578502346     0.044257626904289332     2.02481246020166e-09       2.1045919762829826       2.1045919762829826        2575.377875280205                                                  2563.232456332003                                              12.145418948201836
                       1       1289.8833569199364     0.022808738221354857      0.11500490181152641       69.297579874915328       2.9888094456045762         1.04287412779971     0.052230849578502346     0.044257626904289332   1.9862021592456896e-09       2.1045919762829826       2.1045919762829826       2575.5575298873068                                                 2563.4121109391049                                              12.145418948201836
                       3       1289.7884187476923     0.022808738221354857      0.11500490181152641       69.297579874915328       3.0056375701031186       1.0185182502891406     0.052230849578502346     0.044257626904289332   2.0199090327541768e-09       2.1045919762829826       2.1045919762829826       2575.3676535428185                                                 2563.2222345946166                                              12.145418948201836
                      13        1289.415917203374     0.022911533589589129      0.11535136373363994       69.182142352560817       3.0081616349194022       1.0149104215529425     0.052068102141872477     0.055786519729691231    2.025013853815269e-09       2.1045919762829826       2.1045919762829826       2574.6226504541819                                                 2563.5362516635764                                              11.086398790605589
                       1       1289.3984279866293     0.022920366971525996      0.11538895815212738       69.178428650482033       3.0081846810945807       1.0146297928161652     0.051960687642986857     0.055520500097453677   2.0250605231770563e-09       2.1045919762829826       2.1045919762829826       2574.5876720206925                                                 2563.5456613265414                                              11.042010694151145
                       4       1290.1852210303539      0.02254813456200868       0.1162398157557621       68.531515337457293       3.0176350852155434       1.0181301686652822     0.057917152949323758     0.073145641172248019   2.0442888782464397e-09       2.1045919762829826       2.1045919762829826       2576.1612581081417                                                 2565.4044734921822                                              10.756784615959553
                       3       1289.5038847236128     0.022761572185890824      0.11733977605846133       68.673409834163408       3.0142095738883365       1.0127902490765908     0.053442413754259475     0.035788634304027032   2.0372981238280127e-09       2.1045919762829826       2.1045919762829826       2574.7985854946596                                                 2563.4254668155099                                               11.37311867914954
                       4       1288.7063060737155     0.022761572185890824      0.11733977605846133       68.673409834163408        2.999647609253477       1.0330386767351314     0.053442413754259475     0.035788634304027032   2.0078460212793853e-09       2.1045919762829826       2.1045919762829826        2573.203428194865                                                 2561.8303095157153                                               11.37311867914954
                       1        1288.385963223122     0.022761572185890824      0.11733977605846133       68.673409834163408        3.001730699933387       1.0316591500431447     0.053442413754259475     0.035788634304027032   2.0120329059292019e-09       2.1045919762829826       2.1045919762829826       2572.5627424936779                                                 2561.1896238145282                                               11.37311867914954
                       5       1289.7109377265481     0.022986237367996327      0.11811290300546207       68.558285476291033       3.0149211163355161       1.0227802285830385     0.056862227998849511     0.033078520066340239   2.0387482637775572e-09       2.1045919762829826       2.1045919762829826       2575.2126915005301                                                  2561.098863158627                                              14.113828341903359
                       9        1289.478532258441     0.022863729317401462      0.11800565627467405       68.471153946519451        3.018990966914993       1.0248424031377699     0.059832954417040306     0.036876777666063995   2.0470625721002776e-09       2.1045919762829826       2.1045919762829826       2574.7478805643159                                                 2560.7601676727018                                              13.987712891614315
                       4       1288.7072574631457     0.022884273048946864      0.11793985028066624       68.556387441542896       3.0202596067013214       1.0236104189243329     0.060485318303365711     0.010179095714704524   2.0496612051404499e-09       2.1045919762829826       2.1045919762829826       2573.2053309737253                                                 2559.4794379201599                                              13.725893053565409
                       6       1289.1259725868454     0.022884273048946864      0.11793985028066624       68.556387441542896       3.0155197385892665       1.0330016438923206     0.060485318303365711     0.010179095714704524   2.0399690692222465e-09       2.1045919762829826       2.1045919762829826       2574.0427612211247                                                 2560.3168681675593                                              13.725893053565409
                       4       1289.1500138725874     0.022884273048946864      0.11793985028066624       68.556387441542896       3.0150812131660953       1.0328658660348693     0.060485318303365711     0.010179095714704524   2.0390746870419046e-09       2.1045919762829826       2.1045919762829826       2574.0908437926087                                                 2560.3649507390433                                              13.725893053565409
                       3       1290.5114839821631     0.023013676627943545      0.11816117502063792       68.491011123113026       3.0059645925900651       1.0307105211077321     0.054784154372131202       0.0254309370414929   2.0205696964495287e-09       2.1045919762829826       2.1045919762829826       2576.8137840117602                                                 2561.4006928741801                                              15.413091137579917
                       6       1290.5846345200123     0.023013676627943545      0.11816117502063792       68.491011123113026       3.0050984420139017       1.0300517814572057     0.054784154372131202       0.0254309370414929   2.0188203365566768e-09       2.1045919762829826       2.1045919762829826       2576.9600850874585                                                 2561.5469939498785                                              15.413091137579917
                       3        1290.299717984494     0.023013676627943545      0.11816117502063792       68.491011123113026       3.0140423437365125       1.0149959183783479     0.054784154372131202       0.0254309370414929   2.0369574546393281e-09       2.1045919762829826       2.1045919762829826        2576.390252016422                                                 2560.9771608788419                                              15.413091137579917
                       3       1289.5423804253264     0.023013676627943545      0.11816117502063792       68.491011123113026       3.0183970115002334       1.0137566919977785     0.054784154372131202       0.0254309370414929   2.0458470692142213e-09       2.1045919762829826       2.1045919762829826       2574.8755768980868                                                 2559.4624857605068                                              15.413091137579917
                       6       1290.5993802838166     0.023289964189495561      0.11667753124375203        68.78830555001224       3.0346144744069208       1.0087036299302494     0.062091502939284109      0.06865578918629886   2.0792960135760232e-09       2.1045919762829826       2.1045919762829826       2576.9895766150671                                                 2564.1617434310042                                              12.827833184063081
                       2       1289.7828079970971     0.022869851676155982      0.11435400136114107       68.831377792982479       3.0261889566125082       1.0238137445590394     0.064164776473244589      0.12896458952604989   2.0618504651072061e-09       2.1045919762829826       2.1045919762829826       2575.3564320416281                                                 2564.7683911484655                                              10.588040893162558
                       1       1289.5086761196567     0.022923120950512604      0.11453936708543337       68.858982456854335        3.015455367680886       1.0242987625970765     0.058447361350477907       0.1322642231520767   2.0398377587865238e-09       2.1045919762829826       2.1045919762829826       2574.8081682867473                                                 2564.2585936386436                                              10.549574648103945
                       1       1290.1579778143328     0.022923120950512604      0.11453936708543337       68.858982456854335        3.013505366920239       1.0227860844579271     0.058447361350477907       0.1322642231520767   2.0358639493302265e-09       2.1045919762829826       2.1045919762829826       2576.1067716760995                                                 2565.5571970279957                                              10.549574648103945
                       7       1289.8622676238515     0.022890447496213946      0.11445690787866351       68.953540437603451       3.0108148180944161       1.0242728693767511     0.057640712417198502      0.11835984413015725   2.0303937202310002e-09       2.1045919762829826       2.1045919762829826        2575.515351295137                                                 2564.7603117392732                                               10.75503955586394
                       2        1289.142694572686     0.022774744451592142      0.11508491403321719       68.783299455133303       3.0024498651565552       1.0260837888301104     0.053804760913847539      0.09950603893108044   2.0134804104580876e-09       2.1045919762829826       2.1045919762829826       2574.0762051928059                                                 2563.5653623756843                                              10.510842817121516
                       5       1289.1306920956433     0.022776138799129601       0.1150966490233046       68.779871953717347       3.0029598050865665        1.025952598638884     0.054017661338733092     0.099591277876268952   2.0145074263536272e-09       2.1045919762829826       2.1045919762829826       2574.0522002387206                                                 2563.5410927430007                                              10.511107495719749
                       4       1289.0595476182218      0.02278288583627688      0.11518284176283609        68.85565652922557       3.0036963052452434       1.0261752057512303     0.054270639066144419     0.093258095156184093   2.0159916578940843e-09       2.1045919762829826       2.1045919762829826       2573.9099112838776                                                 2563.3870089811462                                              10.522902302731238
                       4       1289.1575817613552     0.022742893341208152       0.1152341422719295       68.784931718692221       3.0077282570977544       1.0262797005195365     0.056373911583716366     0.098178325921821241   2.0241364478603692e-09       2.1045919762829826       2.1045919762829826       2574.1059795701444                                                 2563.6372442352172                                              10.468735334927196
                       1       1289.3620340430375     0.022403613775423777      0.11594294154568166       68.602229179608116       2.9978548176664086       1.0335323357979131     0.053558623701280235      0.06388088651783333   2.0042495966075274e-09       2.1045919762829826       2.1045919762829826        2574.514884133509                                                 2564.1412718427596                                              10.373612290749461
                       5       1287.8335337685796     0.022733500751200054      0.11659829215114902       68.984696930570834       3.0117143992784721       1.0247578247568636     0.057021166913160636     0.020915400453706566   2.0322210460086593e-09       2.1045919762829826       2.1045919762829826       2571.4578835845932                                                 2560.9362515997027                                              10.521631984890703
                       3       1288.2982608838031     0.022827925766182002      0.11635828857722232       69.132723952115285       3.0048777487626186       1.0248328248536649     0.053398584970498937     0.027411030015848457   2.0183748456930668e-09       2.1045919762829826       2.1045919762829826       2572.3873378150402                                                 2561.6895270966511                                              10.697810718389086
                       1       1288.8141869315684     0.022994238354704134      0.11696135347977821       68.836876022537808       3.0075325708837752       1.0180429296458238     0.052345329280832353     0.045600963993774252   2.0237403910150066e-09       2.1045919762829826       2.1045919762829826       2573.4191899105708                                                 2562.1457256996928                                              11.273464210878073
                       1       1291.0371116943381     0.022994238354704134      0.11696135347977821       68.836876022537808       3.0040569180340886        1.016350820121354     0.052345329280832353     0.045600963993774252   2.0167187813652574e-09       2.1045919762829826       2.1045919762829826       2577.8650394361102                                                 2566.5915752252322                                              11.273464210878073
                       5       1290.9136529813929     0.022956385654383484      0.11698884211365801       68.801950535736978       3.0062635791642296         1.01668212224631     0.053640051222730488     0.044323627383219662   2.0211739099822965e-09       2.1045919762829826       2.1045919762829826       2577.6181220102198                                                  2566.293824151373                                               11.32429785884705
                       7       1290.6549939519798     0.022887249576302993      0.11664845436593049       68.744009668379647         3.00308486655929       1.0184785997860382     0.053061861856003069     0.049014409641997332   2.0147593793736592e-09       2.1045919762829826       2.1045919762829826       2577.1008039513936                                                 2565.8363628063007                                               11.26444114509291
                       5        1290.883315910366     0.022855068411925923      0.11559665577625421       68.903927809403456       3.0025960830960381       1.0220029645073498     0.054389562136939913     0.076065046600197916   2.0137748389397325e-09       2.1045919762829826       2.1045919762829826        2577.557447868166                                                 2567.0118980987331                                              10.545549769432881
                       4       1290.6493885527661     0.022855125552801499      0.11649579484585436       69.068827619525507       3.0137387192732525       1.0204613265459299     0.058781204997374333     0.033045838809693265   2.0363390784073064e-09       2.1045919762829826       2.1045919762829826       2577.0895931529662                                                 2566.5356421409983                                              10.553951011967827
                       3       1287.9962617173026     0.022855125552801499      0.11649579484585436       69.068827619525507       3.0221660253426328       1.0191897858211945     0.058781204997374333     0.033045838809693265   2.0535724445155356e-09       2.1045919762829826       2.1045919762829826       2571.7833394820391                                                 2561.2293884700712                                              10.553951011967827
                      13        1288.024498899013     0.022855125552801499      0.11649579484585436       69.068827619525507        3.013715723114927       1.0328670298350928     0.058781204997374333     0.033045838809693265   2.0362922509698822e-09       2.1045919762829826       2.1045919762829826         2571.83981384546                                                  2561.285862833492                                              10.553951011967827
                       5        1288.236108087719     0.022829866356776155      0.11630031371080723         69.1663139401781       3.0293515718268615       1.0311308906174892     0.066747943523454228    0.0074096771684739257   2.0683816270902072e-09       2.1045919762829826       2.1045919762829826        2572.263032222872                                                 2561.4365497630574                                              10.826482459814429
                       2        1288.701476650381     0.022621142965741969      0.11577463919677655        68.97922731074793       3.0285088075629893       1.0361558995295863     0.068469735648088059     0.034396547374342334   2.0666392033002273e-09       2.1045919762829826       2.1045919762829826       2573.1937693481959                                                 2562.4362445670263                                              10.757524781169728
                       2       1289.2586041482837     0.022539581131222022      0.11719595365006306       68.486497462640884       3.0369541694980335       1.0316217284469751     0.071144799211254911     0.011615487670193967   2.0841666279062954e-09       2.1045919762829826       2.1045919762829826       2574.3080243440013                                                 2562.4751922178461                                              11.832832126155148
                       7       1289.5253896584934     0.022519295966443482      0.11718541255181486       68.534096151814069       3.0398940642822034       1.0321343845249218     0.072745939601361928    0.0087032999392116176   2.0903028740444048e-09       2.1045919762829826       2.1045919762829826       2574.8415953644208                                                 2563.3937979513394                                              11.447797413081355
                       1       1289.5149498442895     0.022519295966443482      0.11718541255181486       68.534096151814069       3.0393136326288541       1.0335978751913322     0.072745939601361928    0.0087032999392116176   2.0890899481355703e-09       2.1045919762829826       2.1045919762829826        2574.820715736013                                                 2563.3729183229316                                              11.447797413081355
                       2       1289.3742573512964     0.022710627063945488      0.11693257830690071       68.707309131949501       3.0404356532943018       1.0298355440156546     0.072161599964855772    0.0074372984779677879   2.0914352657307126e-09       2.1045919762829826       2.1045919762829826       2574.5393307500267                                                 2563.2582633146317                                              11.281067435394943
                       5       1289.3596155123823     0.022705288513137144       0.1168825777436127       68.748653717662123       3.0409595470870459       1.0302129402411622     0.072544539422857726    0.0053106439128031034   2.0925312427470657e-09       2.1045919762829826       2.1045919762829826       2574.5100470721986                                                 2563.4302322577323                                              11.079814814466198
                       1       1288.4085937013522      0.02247120689833421      0.11605799485444929       69.019720244807701       3.0168306352573468       1.0425459166709345     0.064179893758130171     0.011197144516276722   2.0426450114367371e-09       2.1045919762829826       2.1045919762829826       2572.6080034501383                                                 2561.5687407508981                                              11.039262699240098
                       1       1288.4450156131973      0.02247120689833421      0.11605799485444929       69.019720244807701       3.0163569714643703       1.0431861859672131     0.064179893758130171     0.011197144516276722   2.0416777135579915e-09       2.1045919762829826       2.1045919762829826       2572.6808472738285                                                 2561.6415845745883                                              11.039262699240098
                       4       1290.2989430431046      0.02247120689833421      0.11605799485444929       69.019720244807701       3.0126158013453361        1.037645612026584     0.064179893758130171     0.011197144516276722   2.0340537201238823e-09       2.1045919762829826       2.1045919762829826       2576.3887021336432                                                 2565.3494394344029                                              11.039262699240098
                      13       1289.5169822835676     0.022897355088646695      0.11720763467519053       68.934274819345646        3.020496268569778       1.0239913204706008     0.063060792288599538   0.00011553932499744519   2.0501463391950629e-09       2.1045919762829826       2.1045919762829826       2574.8247806145691                                                 2563.8413342495023                                              10.983446365067014
                       1       1288.2002441331408     0.022897355088646695      0.11720763467519053       68.934274819345646       3.0342848004735998       1.0114942026187697     0.063060792288599538   0.00011553932499744519   2.0786106368623154e-09       2.1045919762829826       2.1045919762829826       2572.1913043137156                                                 2561.2078579486488                                              10.983446365067014
                       2       1287.9377795569069     0.022897355088646695      0.11720763467519053       68.934274819345646       3.0376885230435953       1.0110096926313439     0.063060792288599538   0.00011553932499744519   2.0856977051662409e-09       2.1045919762829826       2.1045919762829826       2571.6663751612477                                                 2560.6829287961809                                              10.983446365067014
                       4       1287.6026479183579     0.022897355088646695      0.11720763467519053       68.934274819345646       3.0301669680231886       1.0231568381149805     0.063060792288599538   0.00011553932499744519   2.0700688653918531e-09       2.1045919762829826       2.1045919762829826       2570.9961118841497                                                 2560.0126655190829                                              10.983446365067014
                       1       1288.3601029003216     0.022838701775182099      0.11535656365047457       69.035783142929134       3.0185235106046466       1.0297383251680801     0.060165627132095105     0.063079591254316864     2.04610588340578e-09       2.1045919762829826       2.1045919762829826       2572.5110218480772                                                 2561.7438140294489                                              10.767207818628476
                       3       1288.3404086486719     0.022816326312310474      0.11549223595835947       69.129281633261385       3.0194823161452837       1.0305296468786704     0.060732095666582407     0.048777271852199433   2.0480686418649975e-09       2.1045919762829826       2.1045919762829826       2572.4716333447777                                                  2561.459015861351                                               11.01261748342681
                       2        1290.261310081579     0.022816326312310474      0.11549223595835947       69.129281633261385       3.0050697940575235       1.0368315153775263     0.060732095666582407     0.048777271852199433     2.01876250230816e-09       2.1045919762829826       2.1045919762829826        2576.313436210592                                                 2565.3008187271653                                               11.01261748342681
                       1       1290.2769152529438      0.02279448956706431      0.11544110406175655       69.114360892303239       3.0022737628055336       1.0378299002446119      0.05962724282235439     0.052926332797335197   2.0131258630433032e-09       2.1045919762829826       2.1045919762829826       2576.3446465533216                                                 2565.3218608953762                                               11.02278565794543
                       6        1290.214723084069     0.022987769917235997      0.11599980541057538       69.290644702791354       2.9919057726919798       1.0343752969505544     0.052702458170260889     0.021536980347206303   1.9923616217266627e-09       2.1045919762829826       2.1045919762829826       2576.2202622155719                                                 2565.1599235992435                                              11.060338616328419
                       1       1290.1554120230453     0.022987769917235997      0.11599980541057538       69.290644702791354       2.9928044842053976       1.0329350569368498     0.052702458170260889     0.021536980347206303   1.9941529848937811e-09       2.1045919762829826       2.1045919762829826       2576.1016400935246                                                 2565.0413014771962                                              11.060338616328419
                       1       1288.7667221863928     0.022987769917235997      0.11599980541057538       69.290644702791354        3.002260209239894       1.0318802684119435     0.052702458170260889     0.021536980347206303   2.0130985781946815e-09       2.1045919762829826       2.1045919762829826       2573.3242604202196                                                 2562.2639218038912                                              11.060338616328419
                       5       1289.9447451718654     0.022926582317945799      0.11571604368828663       69.435916959803194       3.0027760477248293        1.035547117546747     0.053828079784011024     0.034711125408850185   2.0141372797933803e-09       2.1045919762829826       2.1045919762829826       2575.6803063911648                                                 2563.5700588622544                                               12.11024752891031
                       1       1290.7423430983888     0.022926582317945799      0.11571604368828663       69.435916959803194       2.9932260116605596       1.0439078250137188     0.053828079784011024     0.034711125408850185   1.9949937523175337e-09       2.1045919762829826       2.1045919762829826       2577.2755022442116                                                 2565.1652547153012                                               12.11024752891031
                       5       1289.7663978217415     0.022902329792271598       0.1156073381758522       69.081650120449751       3.0066482205266798       1.0410943182738648     0.060156827072280664     0.074274153507323332   2.0219514866032596e-09       2.1045919762829826       2.1045919762829826        2575.323611690917                                                 2564.6257967237102                                              10.697814967206837
                       1        1293.142530868352      0.02305711389482528      0.11648849533581546       69.451996930910099       2.9886666483438464       1.0414193895906081     0.049690458620186909     0.034346582201062105    1.985918555267511e-09       2.1045919762829826       2.1045919762829826       2582.0758777841379                                                  2570.757505015466                                              11.318372768671946
                       2        1291.768426138424      0.02305711389482528      0.11648849533581546       69.451996930910099       2.9983017835554464       1.0282486022316735     0.049690458620186909     0.034346582201062105    2.005145628043155e-09       2.1045919762829826       2.1045919762829826       2579.3276683242821                                                 2568.0092955556102                                              11.318372768671946
                       3       1291.4016573210013     0.022830418170500921        0.114320597372999       69.396243351162909       2.9988816749061611       1.0357097756969338      0.05423139112174729     0.090541165192494555   2.0063087318541069e-09       2.1045919762829826       2.1045919762829826       2578.5941306894365                                                 2564.8976395966647                                              13.696491092771852
                       1        1290.471919700432     0.022216704624262267      0.11668657373978614       68.036477838960408       3.0223363624519317       1.0433453748135046      0.06753131034007008      0.06883197785359696   2.0539222739030876e-09       2.1045919762829826       2.1045919762829826       2576.7346554482979                                                 2564.1211730332143                                               12.61348241508359
                       5       1290.5768300322266     0.022216704624262267      0.11668657373978614       68.036477838960408        3.020116462702251       1.0471908570025508      0.06753131034007008      0.06883197785359696   2.0493678294367934e-09       2.1045919762829826       2.1045919762829826       2576.9444761118871                                                 2564.3309936968035                                               12.61348241508359
                       2        1291.057067464588     0.022216704624262267      0.11668657373978614       68.036477838960408       3.0238621704219737        1.047173932198141      0.06753131034007008      0.06883197785359696   2.0570585569528301e-09       2.1045919762829826       2.1045919762829826       2577.9049509766101                                                 2565.2914685615265                                               12.61348241508359
                       1       1290.3507731968712     0.022406446042881098      0.11601221871586541       68.118120903995163       3.0215321560383277        1.043717433120442     0.065880207367991814     0.097747987925083255   2.0522711604443753e-09       2.1045919762829826       2.1045919762829826       2576.4923624411763                                                 2564.1121842001012                                              12.380178241075281
                       1        1290.433752280783     0.022417505337811033      0.11597206737783052       68.108793008248398       3.0211345442131106       1.0437934379557139     0.065519400513329745      0.10626915928474787   2.0514553153680037e-09       2.1045919762829826       2.1045919762829826       2576.6583206089999                                                 2564.2702275618376                                              12.388093047162291
                       2       1290.4732725070623      0.02241646971905193      0.11594255108725808        68.11595132129645       3.0218706091734968       1.0437882268928604     0.065878508018120951      0.10672495737488796   2.0529658756104764e-09       2.1045919762829826       2.1045919762829826       2576.7373610615587                                                 2564.4352888128583                                              12.302072248700265
                       3       1290.7223622726035     0.022431992445721635      0.11592872679547353       68.094900917776627       3.0242168489153718       1.0431300947330209     0.066860009274235507         0.10944664883498   2.0577882807836667e-09       2.1045919762829826       2.1045919762829826        2577.235540592641                                                 2564.6961273585939                                              12.539413234047178
                       3       1292.0250785786432     0.022248831739420584      0.11598527435114497       67.814430831691553       3.0190360814600705       1.0476516850048356     0.066039854873202936      0.11473176376357065   2.0471549264802106e-09       2.1045919762829826       2.1045919762829826       2579.8409732047203                                                 2565.7715657178019                                              14.069407486918447
                       3       1292.0080383170525     0.022256270204791321      0.11608200445332273       67.814599456966008       3.0195842502594896       1.0472763930160693     0.066134726158809651      0.11162376312476271   2.0482774205684939e-09       2.1045919762829826       2.1045919762829826        2579.806892681539                                                 2565.5648709346078                                               14.24202174693133
                       2       1292.5000514346718     0.022353619712231137      0.11592390421827753       67.841923088485856       3.0280000454255109       1.0443717824442877     0.069274341017178734      0.12456890338598375   2.0655880429397288e-09       2.1045919762829826       2.1045919762829826       2580.7909189167776                                                 2566.3953877127606                                              14.395531204016896
                       1       1292.5058550823167     0.022356690827577515      0.11591168650827904       67.841658283594469       3.0279184463778774       1.0442556276397748     0.069270033280688412      0.12380707250398891   2.0654194997991952e-09       2.1045919762829826       2.1045919762829826       2580.8025262120673                                                  2566.368867421535                                              14.433658790532142
                       1       1292.9948085300102     0.022230792652271097      0.11580998825074094       68.027877992031065       3.0363445653467043       1.0464040510915049     0.074061144195311776     0.096631307980208594   2.0828964984552878e-09       2.1045919762829826       2.1045919762829826       2581.7804331074544                                                 2569.7413649716059                                              12.039068135848378
                       5       1292.0351209716193     0.022279462521279186      0.11507273330425348       68.132511590914575       3.0276819682321081         1.04699947568898      0.07071750237723233      0.11264351863908606   2.0649311309721999e-09       2.1045919762829826       2.1045919762829826       2579.8610579906726                                                 2568.6857848725822                                              11.175273118090306
                       1       1292.2199545266039     0.022725241709117362      0.11445751744665175       68.392459398842945       3.0366165963990013       1.0374942118622608     0.071340120499071596      0.17039980476885649   2.0834631880566782e-09       2.1045919762829826       2.1045919762829826       2580.2307251006418                                                 2569.3609939339694                                              10.869731166672565
                       2       1290.2444888542527     0.023048725621455556      0.11575544218146414        68.71519849729475       3.0242914494891098       1.0293348216580978      0.06216213867120772      0.11531239674611198   2.0579417986962357e-09       2.1045919762829826       2.1045919762829826       2576.2797937559394                                                 2565.0897282862497                                              11.190065469689635
                      12       1290.2820532709272     0.022156741243162678      0.11757704804345682       68.334272606425884        3.019621235539832       1.0482071721144079      0.06490808362245791     0.008833500567750549   2.0483531780840607e-09       2.1045919762829826       2.1045919762829826       2576.3549225892884                                                 2565.2169113246555                                              11.138011264632729
                       3       1291.0003250744473     0.022549584784790279      0.11768563279497436       68.405152440319796         3.01449992610919       1.0403895782601431     0.058991876413461125     0.053275017490541428   2.0378897437477291e-09       2.1045919762829826       2.1045919762829826       2577.7914661963287                                                 2565.7397845310088                                              12.051681665319933
                       5       1289.5327862254919     0.022729981681642662      0.11654954214502442       68.642661389048428       3.0106061809217541       1.0377326629798527     0.057306700616489549      0.07748745026260534   2.0299701488137289e-09       2.1045919762829826       2.1045919762829826       2574.8563884984178                                                 2564.0043879757845                                              10.852000522633436
                       1       1291.6522238472671     0.022547939358072273      0.11657638744380028       68.738752088528145       3.0188732860164276       1.0418972710052339     0.061800734879823176     0.068509310760001177    2.046821686111491e-09       2.1045919762829826       2.1045919762829826       2579.0952637419682                                                   2568.77137864104                                              10.323885100928344
                       8       1292.9975785515437     0.022677967162712632      0.11621082221395584       69.157838067984173       2.9989450677302556       1.0417506207880376     0.052146975621994628     0.055666068698918186   2.0064359214620363e-09       2.1045919762829826       2.1045919762829826       2581.7859731505214                                                  2570.588906534816                                              11.197066615705312
                       1       1293.4102102084491     0.022677967162712632      0.11621082221395584       69.157838067984173       2.9996099060824988       1.0423164758640908     0.052146975621994628     0.055666068698918186   2.0077703205446349e-09       2.1045919762829826       2.1045919762829826       2582.6112364643323                                                 2571.4141698486269                                              11.197066615705312
                       5        1296.101927248219     0.022841944228295632      0.11854458222357642       68.134739855310627       3.0048474623981214        1.034413675464164     0.051145060375953372     0.083351324313394259   2.0183137173824803e-09       2.1045919762829826       2.1045919762829826        2587.994670543872                                                 2570.2347628897073                                              17.759907654164586
                       1       1296.1499017755264     0.022755386860730441      0.11918572646262916        68.04678132492927       3.0068257813445776       1.0351721984764011     0.052127310748723642     0.057496404587748802   2.0223105378387426e-09       2.1045919762829826       2.1045919762829826       2588.0906195984867                                                 2568.5816404333709                                              19.508979165115882
                       2       1294.9701417916854     0.022755386860730441      0.11918572646262916        68.04678132492927       3.0137194044140929        1.017668311381722     0.052127310748723642     0.057496404587748802   2.0362997471846453e-09       2.1045919762829826       2.1045919762829826       2585.7310996308047                                                 2566.2221204656889                                              19.508979165115882
                       1       1295.0739645349931     0.022755386860730441      0.11918572646262916        68.04678132492927       3.0172478717071685       1.0147817357203543     0.052127310748723642     0.057496404587748802   2.0434974552124958e-09       2.1045919762829826       2.1045919762829826       2585.9387451174202                                                 2566.4297659523045                                              19.508979165115882
                       3       1294.0450669894437     0.023118362696084988      0.11927272040233243       68.797658054734597       3.0346502751055904       1.0040648777285139      0.05713633430941524     0.004254362965237013   2.0793704551585727e-09       2.1045919762829826       2.1045919762829826       2583.8809500263214                                                 2570.3291697176414                                              13.551780308679893
                       1       1293.7049228884571     0.023213371354784535      0.11816457332961097       69.316827366229148       3.0285878505777482       1.0040512892961266     0.054792999246505859   0.00066365419333544191   2.0668025631494171e-09       2.1045919762829826       2.1045919762829826       2583.2006618243481                                                 2572.6081451486025                                              10.592516675745852
                       3       1293.7206857057986     0.023213371354784535      0.11816457332961097       69.316827366229148       3.0155360169439738       1.0255035159734569     0.054792999246505859   0.00066365419333544191   2.0400022768326289e-09       2.1045919762829826       2.1045919762829826       2583.2321874590311                                                 2572.6396707832855                                              10.592516675745852
                       2        1294.663801934995     0.023576562896169363      0.11753710704058487        69.37078943882598       3.0111111513077566       1.0179352851898065     0.051000943812386748     0.041406076087411023   2.0309954824831303e-09       2.1045919762829826       2.1045919762829826        2585.118419917424                                                 2574.1039281086901                                               11.01449180873407
                       2        1293.893739283342     0.022971718634625365      0.11672974197669451       67.902283139313084       3.0164344122756592        1.031467252897919     0.059558458028061291      0.14352182003091776   2.0418358288587297e-09       2.1045919762829826       2.1045919762829826        2583.578294614118                                                 2563.2640405686984                                               20.31425404541983
                       6       1292.7078019492524     0.022284998908862586      0.11769599614258629       67.924572073010808       3.0307952335945196        1.043400218344142     0.070841200296118845     0.017871338331399894   2.0713698270221712e-09       2.1045919762829826       2.1045919762829826       2581.2064199459387                                                 2565.1275251581101                                              16.078894787828521
                       2       1292.6680170480895     0.022283836265866067      0.11769300803139278       67.929107895248208        3.030604612019812       1.0434387345256939     0.070775740975892426     0.017124211065646076   2.0709750168748041e-09       2.1045919762829826       2.1045919762829826        2581.126850143613                                                 2565.1093311524774                                              16.017518991135589
                       2       1290.3475360617579     0.022436672442375794      0.11715645638357641       68.336497655378636       3.0343696617786766       1.0406837156808217     0.071522798557864226     0.019007674761290703   2.0787870379584137e-09       2.1045919762829826       2.1045919762829826       2576.4858881709497                                                 2564.1887689339724                                              12.297119236977508
                       4       1291.8319134870189     0.022128599468310549      0.11600070206603623       68.167089265798566       3.0259923510674045       1.0506839617399764     0.071112580006752732     0.058083893736385686   2.0614451337190964e-09       2.1045919762829826       2.1045919762829826       2579.4546430214718                                                 2568.3329974056196                                              11.121645615852209
                       1       1291.4302799219063     0.022211882328253864      0.11590873643281605        68.32168798383475       3.0298037998857787       1.0485057209306403     0.072232601471676622      0.05410844960034196   2.0693172188330004e-09       2.1045919762829826       2.1045919762829826       2578.6513758912465                                                 2567.9319918261467                                              10.719384065099741
                       3        1293.771267862579      0.02233415659581342      0.11732090073406103        68.15502506087708       3.0455587506710358       1.0408032182046598     0.077629528807019829    0.0042578700130731229   2.1021773852213694e-09       2.1045919762829826       2.1045919762829826       2583.3333517725919                                                 2569.6683633392358                                              13.664988433356145
                       1       1293.6968486332926     0.022449039541432063      0.11608197338723439       68.384706148774868       3.0284828629744807        1.040740937916804     0.070977048902170048     0.016469734619583624   2.0665855858920453e-09       2.1045919762829826       2.1045919762829826       2583.1845133140191                                                 2571.3571014092663                                              11.827411904752836
                       1       1294.6523728592031     0.022493272946594676      0.11591638269824411       68.410857267250307       3.0182793781506945       1.0404656927704716     0.066618120212059428     0.011525645967421925    2.045606423525082e-09       2.1045919762829826       2.1045919762829826       2585.0955617658401                                                 2573.1476829258195                                              11.947878840020499
                       3       1292.4579320872851     0.022588731734483846      0.11701975954943367       68.153877734040577       2.9999542078560073        1.039458096420973     0.056182557113985315     0.022493299523148654   2.0084617184447277e-09       2.1045919762829826       2.1045919762829826       2580.7066802220043                                                 2565.3169893898325                                              15.389690832171837
                       4       1291.8965796577006     0.022588731734483846      0.11701975954943367       68.153877734040577       3.0057659801343548       1.0331341620594738     0.056182557113985315     0.022493299523148654   2.0201684259901575e-09       2.1045919762829826       2.1045919762829826       2579.5839753628352                                                 2564.1942845306635                                              15.389690832171837
                       8       1289.6463904198683     0.022495070559597749      0.11712034067164551        68.26672931363079       3.0182702351996991        1.034472612653567     0.061946783629136692     0.012572773815422714   2.0455877207312954e-09       2.1045919762829826       2.1045919762829826       2575.0835968871706                                                 2561.6089795375342                                               13.47461734963632
                       1       1289.7753536028301     0.022495070559597749      0.11712034067164551        68.26672931363079       3.0166018004356197       1.0367304124143315     0.061946783629136692     0.012572773815422714   2.0421776366075506e-09       2.1045919762829826       2.1045919762829826       2575.3415232530942                                                 2561.8669059034578                                               13.47461734963632
                       1       1289.6715207094646     0.022495070559597749      0.11712034067164551        68.26672931363079       3.0155654198604331       1.0367463241275245     0.061946783629136692     0.012572773815422714   2.0400622597309833e-09       2.1045919762829826       2.1045919762829826       2575.1338574663632                                                 2561.6592401167268                                               13.47461734963632
                       1       1289.6680279800757     0.022582266471359011      0.11682462032939624       68.233653191059531       3.0178221703699895       1.0353640240139115     0.062307102575813018     0.045207418612458111   2.0446713701251196e-09       2.1045919762829826       2.1045919762829826       2575.1268720075855                                                 2561.3951235036652                                              13.731748503920448
                       3       1289.6928543346214     0.022557996969017485      0.11676239375694077       68.223269162089935       3.0177823558184769       1.0360380672438751      0.06252531125403786     0.046765415920739552    2.044589964072111e-09       2.1045919762829826       2.1045919762829826       2575.1765247166768                                                 2561.5789999439344                                              13.597524772742217
                       2       1289.3815231398485     0.022582952879998147      0.11508442711764029        68.82425200851894       2.9991002725097462       1.0396660249406222     0.055750324746116166     0.046451791477761011   2.0067473540740787e-09       2.1045919762829826       2.1045919762829826       2574.5538623271309                                                 2563.8456134244116                                                10.7082489027195
                       2       1289.1600278363637     0.022568215587249658      0.11511202927748436       68.854979317345084       3.0015035789820428       1.0398113071927872     0.056839143117756216      0.04307840363390493   2.0115759829918214e-09       2.1045919762829826       2.1045919762829826       2574.1108717201614                                                  2563.350355043071                                               10.76051667709034
                       2       1290.2657492474571     0.022568215587249658      0.11511202927748436       68.854979317345084       2.9917319359500767        1.046927457501224     0.056839143117756216      0.04307840363390493   1.9920153061757049e-09       2.1045919762829826       2.1045919762829826       2576.3223145423481                                                 2565.5617978652576                                               10.76051667709034
                       3       1288.9885047924486     0.022714198469262592      0.11556090839826993       69.097191834572087       2.9957298734182385       1.0430606685051267     0.056682820103269187     0.027501078156413911   1.9999951997342557e-09       2.1045919762829826       2.1045919762829826       2573.7678256323311                                                 2562.7087323248861                                              11.059093307444913
                      10       1288.8672558571463     0.022714198469262592      0.11556090839826993       69.097191834572087       2.9964724498886133       1.0421734856527289     0.056682820103269187     0.027501078156413911   2.0014809006654472e-09       2.1045919762829826       2.1045919762829826       2573.5253277617267                                                 2562.4662344542817                                              11.059093307444913
                       6       1288.4832360038356     0.022714198469262592      0.11556090839826993       69.097191834572087       2.9987187475872021       1.0412303168533548     0.056682820103269187     0.027501078156413911   2.0059818759790207e-09       2.1045919762829826       2.1045919762829826       2572.7572880551052                                                 2561.6981947476602                                              11.059093307444913
                       1       1289.3060886136345     0.022565405001672201      0.11519797383832751       69.093145343017682       2.9995121021079538       1.0464093213858647     0.057739565146661127      0.05580359332297434   2.0075739622297805e-09       2.1045919762829826       2.1045919762829826        2574.402993274703                                                 2562.6921320749416                                              11.710861199761517
                       3       1289.3202104586521     0.022565405001672201      0.11519797383832751       69.093145343017682       3.0005032453190554       1.0465036082447634     0.057739565146661127      0.05580359332297434   2.0095647419441555e-09       2.1045919762829826       2.1045919762829826       2574.4312369647382                                                 2562.7203757649768                                              11.710861199761517
                       1       1289.3569474081287     0.022565405001672201      0.11519797383832751       69.093145343017682       3.0151849629486223       1.0270213913810287     0.057739565146661127      0.05580359332297434   2.0392862515719384e-09       2.1045919762829826       2.1045919762829826       2574.5047108636913                                                 2562.7938496639299                                              11.710861199761517
                      11       1289.5553480677586     0.022440834536549301      0.11588465881175231       68.906263572938656       3.0016867024401965       1.0308106704210502     0.051757579685491759     0.046675356577104907   2.0119443834725216e-09       2.1045919762829826       2.1045919762829826       2574.9015121829511                                                 2564.0872517027315                                              10.814260480219488
                       6       1290.5406572099712     0.022440834536549301      0.11588465881175231       68.906263572938656       2.9874819582480292       1.0414193498197106     0.051757579685491759     0.046675356577104907   1.9835672502828527e-09       2.1045919762829826       2.1045919762829826       2576.8721304673763                                                 2566.0578699871567                                              10.814260480219488
                       6       1291.3470004262508     0.022200220745912692       0.1158675402811894       68.766815084443195       2.9927982565900786       1.0467278851581161      0.05581123715473589     0.045283001941288162   1.9941405661147734e-09       2.1045919762829826       2.1045919762829826       2578.4848168999356                                                 2567.6296970737858                                              10.855119826150016
                       3       1291.3866997006326     0.022200220745912692       0.1158675402811894       68.766815084443195        2.993425090614557        1.045774890754136      0.05581123715473589     0.045283001941288162   1.9953909531228247e-09       2.1045919762829826       2.1045919762829826       2578.5642154486991                                                 2567.7090956225493                                              10.855119826150016
                       3       1291.0200056746266     0.022200220745912692       0.1158675402811894       68.766815084443195       2.9918110308959127       1.0582171545779129      0.05581123715473589     0.045283001941288162   1.9921728707496501e-09       2.1045919762829826       2.1045919762829826       2577.8308273966873                                                 2566.9757075705375                                              10.855119826150016
                       6       1291.0923567292364      0.02208079131407947      0.11624659270036153       68.602981312100283       2.9956780269737999       1.0599616053152261     0.058118904310669947     0.035231108465417535    1.999891509782256e-09       2.1045919762829826       2.1045919762829826       2577.9755295059067                                                 2567.5303524685978                                              10.445177037308882
                       8       1292.2390434180086     0.022186394678805878      0.11530889021949388       68.988357849988219        2.969507218005182       1.0609707208945272     0.046989713415645368     0.025800461865575757   1.9482316695272379e-09       2.1045919762829826       2.1045919762829826       2580.2689028834511                                                 2567.8531178224221                                              12.415785061029171
                       1       1292.5601881715577     0.022107131508752709      0.11530931688900335       68.947912475307888       2.9666039252345944       1.0627416212244545     0.046532821781018412     0.014387855424305672   1.9425835855936546e-09       2.1045919762829826       2.1045919762829826       2580.9111923905493                                                 2568.5123614475588                                              12.398830942990648
                       6       1292.0331097081214     0.022107131508752709      0.11530931688900335       68.947912475307888       2.9708233611033021       1.0573353140309751     0.046532821781018412     0.014387855424305672   1.9507975093284119e-09       2.1045919762829826       2.1045919762829826       2579.8570354636768                                                 2567.4582045206862                                              12.398830942990648
                       1       1292.0558560283571     0.022106409234057274      0.11529359874225219       68.944775541975531       2.9706465505751161       1.0573867409324955     0.046479680547264188     0.015090864048770801   1.9504526182814857e-09       2.1045919762829826       2.1045919762829826       2579.9025281041481                                                 2567.5096956126736                                              12.392832491474575
                       3       1291.6683697546989     0.022093122963088418      0.11490003908797214       68.996460338724717       2.9851206683826463        1.056317915803862     0.053635712028390591     0.015236715010543545    1.978888998565345e-09       2.1045919762829826       2.1045919762829826       2579.1275555568318                                                 2565.9402312484012                                              13.187324308430478
                       1       1290.0315089209475     0.022334339384064414      0.11608842759783529       68.638114780017347       2.9757189363789647       1.0508521540500608     0.045987954945677964      0.04704494201379178   1.9603712006253352e-09       2.1045919762829826       2.1045919762829826       2575.8538338893291                                                 2565.4911483366022                                               10.36268555272699
                       1       1290.1775102717095     0.022294238086802996       0.1162964258653912       68.614115791852711       2.9735879253743285       1.0516615598372776     0.045172213272577366     0.036769559079580211   1.9561980760900368e-09       2.1045919762829826       2.1045919762829826       2576.1458365908529                                                 2565.7897304343142                                              10.356106156538642
                       5       1291.0082716749241     0.022294238086802996       0.1162964258653912       68.614115791852711       2.9723861951513459       1.0561517411388408     0.045172213272577366     0.036769559079580211   1.9538486657013371e-09       2.1045919762829826       2.1045919762829826       2577.8073593972822                                                 2567.4512532407434                                              10.356106156538642
                       1       1290.9024224710022     0.022369423032484789      0.11598402007475266       68.737244738955113       2.9773168522322075       1.0545767251238523     0.046939469703976576     0.048394244619504728   1.9635062129209173e-09       2.1045919762829826       2.1045919762829826       2577.5956609894383                                                 2567.1455839128671                                              10.450077076571368
                       3       1290.6176313998576     0.022450220819775501      0.11530989126263906       68.717691033009643       2.9773312357090118       1.0531064510875883     0.047341980325064398     0.071379048724674293   1.9635344551700963e-09       2.1045919762829826       2.1045919762829826       2577.0260788471492                                                 2566.5296187910649                                              10.496460056084139
                       1       1291.0709220882875     0.022450220819775501      0.11530989126263906       68.717691033009643       2.9734399347741318       1.0573552379338342     0.047341980325064398     0.071379048724674293   1.9559085985831559e-09       2.1045919762829826       2.1045919762829826       2577.9326602240089                                                 2567.4362001679247                                              10.496460056084139
                       1       1292.1340868226475     0.022450220819775501      0.11530989126263906       68.717691033009643       2.9710651406545208        1.046444180372496     0.047341980325064398     0.071379048724674293   1.9512692292985588e-09       2.1045919762829826       2.1045919762829826        2580.058989692729                                                 2569.5625296366447                                              10.496460056084139
                       6       1292.5007680027179     0.022652075813262767       0.1153574500753238       69.088340312275889       2.9706414053398054       1.0412716266847766     0.045821955586332071     0.040102492422227888   1.9504425827696199e-09       2.1045919762829826       2.1045919762829826       2580.7923520528698                                                 2569.5298943928574                                                11.2624576600123
                       1       1293.5816990290523     0.023023774201697596      0.11610058839155908       68.748672436589032       2.9800408510353451       1.0297606499283827     0.046977338460990184     0.063769393740473079   1.9688620928883833e-09       2.1045919762829826       2.1045919762829826       2582.9542141055385                                                 2571.3471348096682                                              11.607079295870387
                       3       1294.1524286401548      0.02303669981609267      0.11614304026078591       68.734394249578813       2.9779794420298167       1.0295058618357245     0.045992072034121333     0.062316467667749335    1.964807643214745e-09       2.1045919762829826       2.1045919762829826       2584.0956733277435                                                 2572.3087064104734                                              11.786966917270215
                       2       1294.0623490583037      0.02303669981609267      0.11614304026078591       68.734394249578813       2.9838400760359542       1.0210039390518399     0.045992072034121333     0.062316467667749335   1.9763564703730342e-09       2.1045919762829826       2.1045919762829826       2583.9155141640413                                                 2572.1285472467712                                              11.786966917270215
                       2       1293.6998787415484     0.022854697602168326      0.11663821032933613       68.545192533256795       2.9776671899414136       1.0254984538667722     0.043962442524368588     0.052941838644297405   1.9641942237005866e-09       2.1045919762829826       2.1045919762829826       2583.1905735305309                                                 2570.7790880247876                                              12.411485505743398
                       2       1294.2973991303409     0.022904692167190016      0.11638498181006232        68.52266398525741       2.9775235519647234       1.0246660288958942       0.0438032871861695     0.068401805054872117    1.963912111077996e-09       2.1045919762829826       2.1045919762829826       2584.3856143081157                                                 2571.7947557729694                                              12.590858535146426
                       1       1294.6141206465084     0.022664377871717181      0.11589055168135193        68.32753367265704       2.9710426836416599       1.0317065674072483     0.043214584478392805     0.086214673921074694   1.9512254101124073e-09       2.1045919762829826       2.1045919762829826       2585.0190573404507                                                 2572.6974079232314                                              12.321649417219518
                       4       1290.9527037590003     0.022579556755384374      0.11495034139090636       68.543561045319265        3.006583908162757        1.032066778296667     0.060048979454443187      0.11068928199285334   2.0218214543048059e-09       2.1045919762829826       2.1045919762829826       2577.6962235654346                                                 2567.1897801330592                                              10.506443432375582
                       3       1291.5451201022588     0.022764711639012558      0.11441817402848685       68.702838055872917       3.0173358165833433       1.0274035154690544     0.063922748982674485      0.13227657758939118   2.0436771782459019e-09       2.1045919762829826       2.1045919762829826       2578.8810562519516                                                 2568.3844400001008                                              10.496616251850879
                       2        1291.783236909584     0.022739049749112988      0.11460170014567582       68.623074806638229       3.0210772135912722       1.0268536257499508     0.065898887672986919      0.12078460314864149   2.0513377075303977e-09       2.1045919762829826       2.1045919762829826       2579.3572898666021                                                  2568.765403559179                                              10.591886307423016
                       1       1292.2129854325469     0.022739049749112988      0.11460170014567582       68.623074806638229       3.0431484706803098       1.0155141243929426     0.065898887672986919      0.12078460314864149    2.097116650476667e-09       2.1045919762829826       2.1045919762829826       2580.2167869125278                                                 2569.6249006051048                                              10.591886307423016
                       6       1293.6150658667304     0.022739049749112988      0.11460170014567582       68.623074806638229       3.0282123580665026       1.0402921916272414     0.065898887672986919      0.12078460314864149   2.0660266399505235e-09       2.1045919762829826       2.1045919762829826       2583.0209477808949                                                 2572.4290614734718                                              10.591886307423016
                       6       1293.5378838163417     0.022739049749112988      0.11460170014567582       68.623074806638229       3.0345524845005434        1.009518459189632     0.065898887672986919      0.12078460314864149   2.0791671222058342e-09       2.1045919762829826       2.1045919762829826       2582.8665836801174                                                 2572.2746973726944                                              10.591886307423016
                       1       1294.0737348797345     0.023241210133316922      0.11556107907483883       69.612811873611975       3.0256877689234511      0.99713610669014252     0.057288617440728683      0.02244516819132783   2.0608173499513422e-09       2.1045919762829826       2.1045919762829826        2583.938285806903                                                 2571.7874009803281                                              12.150884826574741
                       3       1291.1720022152879     0.023241210133316922      0.11556107907483883       69.612811873611975       3.0331532177593932       0.9988622353037071     0.057288617440728683      0.02244516819132783   2.0762598473033353e-09       2.1045919762829826       2.1045919762829826       2578.1348204780097                                                 2565.9839356514349                                              12.150884826574741
                       1       1290.8377634084356     0.023241210133316922      0.11556107907483883       69.612811873611975       3.0311751801813758       1.0057810558421414     0.057288617440728683      0.02244516819132783   2.0721569864478644e-09       2.1045919762829826       2.1045919762829826       2577.4663428643053                                                 2565.3154580377304                                              12.150884826574741
                       8       1290.8256503872158     0.023264574940238984      0.11559160692610071       69.610919496833347       3.0285396462341994       1.0052857196121772     0.056026181550971867     0.019470446231673773   2.0667029366898488e-09       2.1045919762829826       2.1045919762829826       2577.4421168218655                                                 2565.3958263323075                                               12.04629048955794
                       1       1289.0756362238951     0.023093851217710445      0.11627458006447729       69.326342680345164       3.0335379036934844       1.0076912708513561     0.058920296159531926    0.0061554999335608658   2.0770587089076709e-09       2.1045919762829826       2.1045919762829826       2573.9420884952242                                                 2562.9607790530049                                              10.981309442219302
                       3       1289.6247399564982     0.022962592627129942      0.11548211831973661       69.178777091593091       3.0322177752765604       1.0119315473252168     0.060176840033801013     0.037445207888721868   2.0743185337719057e-09       2.1045919762829826       2.1045919762829826       2575.0402959604303                                                 2564.0495548142708                                              10.990741146159433
